CAR,MAKE,MODEL,YEAR,VERSION,CONST,BACKSIZE
212 T01,212,T01,2024-2026,,SUV,YL
212 T10,212,T10,2026,,SUV,YM+
AC 378 GT Zagato,AC,378 GT Zagato,2012,,Coupe,3M-0
AC Ace,AC,Ace,1992-2000,,Roadster,3M-0
AC Aceca,AC,Aceca,1998-2000,,Coupe,3L-0
AC Cobra,AC,Cobra,1965-1967,,Roadster,3S-0
AC Cobra,AC,Cobra,1990-2001,,Roadster,3S-0
AC Cobra,AC,Cobra,1999-2007,,Roadster,3M-0
AC Cobra,AC,Cobra,2013-2015,,Roadster,3S-0
AC Cobra GT,AC,Cobra GT,2023-2026,,Coupe/Roadster,3M-0
AM General HMMWV (Humvee),AM General,HMMWV (Humvee),1984-2006,,SUV,YXL
AMC Eagle,AMC,Eagle,1979-1987,,Hatchback,2L+
AMC Eagle,AMC,Eagle,1979-1987,,Wagon,2XL
AMC Eagle,AMC,Eagle,1979-1987,,Sedan,3L
AMC Gremlin,AMC,Gremlin,1970-1978,,Hatchback,2L+
AMC Hornet,AMC,Hornet,1974-1975,,Hatchback,2XL
AMC Matador,AMC,Matador,1974-1978,,Coupe,3XXXL-0
AMC Rambler Ambassador,AMC,Rambler Ambassador,1965-1972,,Sedan,3XXL
AMC Rambler Classic,AMC,Rambler Classic,1961-1966,,Sedan,3XL
Abarth 124 Spider,Abarth,124 Spider,2016-2020,,Roadster,3S-0
Abarth 500,Abarth,500,2008-2016,,Hatchback,2S
Abarth 500,Abarth,500,2008-2016,,Convertible,无可用尺码
Abarth 500,Abarth,500,2023-2026,,Hatchback,2M
Abarth 500,Abarth,500,2023-2026,,Convertible,3S-0
Abarth 595,Abarth,595,2012-2016,,Hatchback,2M
Abarth 595,Abarth,595,2012-2024,,Convertible,3S-0
Abarth 595,Abarth,595,2016-2024,,Hatchback,2S
Abarth 600e,Abarth,600e,2024-2026,,SUV,YM+
Abarth 695,Abarth,695,2010-2024,,Hatchback,2S
Abarth 695,Abarth,695,2010-2024,,Convertible,3S-0
Abarth Fastback,Abarth,Fastback,2023-2026,,SUV,YM+
Abarth Pulse,Abarth,Pulse,2022-2026,,SUV,YM+
Acura ADX,Acura,ADX,2024-2026,,SUV,YL
Acura CDX,Acura,CDX,2016-2021,,SUV,YM+
Acura CL,Acura,CL,1996-2003,,Coupe,3XL-0
Acura CSX,Acura,CSX,2005-2011,,Sedan,3L
Acura EL,Acura,EL,1997-2005,,Sedan,3M
Acura ILX,Acura,ILX,2012-2022,,Sedan,3L
Acura Integra,Acura,Integra,1986-1993,Incl: L168.7 W65.6 H50.8/L171.5 W65.6 H50.8,Hatchback,2L+
Acura Integra,Acura,Integra,1989-1993,,Sedan,3M
Acura Integra,Acura,Integra,1993-2001,,Sedan,3L
Acura Integra,Acura,Integra,1993-2001,,Coupe,3M-0
Acura Integra,Acura,Integra,2022-2026,,Hatchback,2XL
Acura Legend,Acura,Legend,1986-1990,,Sedan,3XL
Acura Legend,Acura,Legend,1986-1996,,Coupe,3XL-0
Acura Legend,Acura,Legend,1990-1996,,Sedan,3XXL
Acura MDX,Acura,MDX,2000-2006,,SUV,YL
Acura MDX,Acura,MDX,2006-2026,,SUV,YXL
Acura NSX,Acura,NSX,1990-2022,,Coupe,3M-0
Acura RDX,Acura,RDX,2006-2009,,SUV,YM+
Acura RDX,Acura,RDX,2009-2026,,SUV,YL
Acura RL,Acura,RL,1995-2012,,Sedan,3XXL
Acura RLX,Acura,RLX,2013-2020,,Sedan,3XXL
Acura RSX,Acura,RSX,2001-2006,,Coupe,3M-0
Acura SLX,Acura,SLX,1995-1999,,SUV,YL
Acura TL,Acura,TL,1995-1998,,Sedan,3XL
Acura TL,Acura,TL,1998-2003,,Sedan,3XXL
Acura TL,Acura,TL,2003-2008,,Sedan,3XL
Acura TL,Acura,TL,2008-2014,,Sedan,3XXL
Acura TLX,Acura,TLX,2014-2020,,Sedan,3XL
Acura TLX,Acura,TLX,2020-2025,,Sedan,3XXL
Acura TSX,Acura,TSX,2003-2014,,Sedan,3L
Acura TSX,Acura,TSX,2008-2014,,Wagon,2XL
Acura ZDX,Acura,ZDX,2009-2025,,SUV,YXL
Adam Revo,Adam,Revo,2005-2006,,Hatchback,2S
Adler Diplomat,Adler,Diplomat,1934-1940,Incl: Pullman,Sedan,3XXL
Adler Trumpf Junior,Adler,Trumpf Junior,1934-1941,,Sedan,3M
Aion Hyptec A800,Aion,Hyptec A800,2026,,Sedan,3XXL
Aion Hyptec GT (Hyper GT),Aion,Hyptec GT (Hyper GT),2023-2026,,Sedan,3XXL
Aion Hyptec HL,Aion,Hyptec HL,2025-2026,,SUV,YXXL
Aion Hyptec HT (Hyper HT),Aion,Hyptec HT (Hyper HT),2023-2026,,SUV,YXL
Aion Hyptec S600,Aion,Hyptec S600,2026,,SUV,YXL
Aion Hyptec SSR (Hyper SSR),Aion,Hyptec SSR (Hyper SSR),2023-2026,,Coupe,3L-0
Aion I60,Aion,I60,2025-2026,,SUV,YL
Aion LX,Aion,LX,2019-2022,,SUV,YL
Aion LX Plus,Aion,LX Plus,2022-2026,,SUV,YXL
Aion N60,Aion,N60,2026,,SUV,YL
Aion RT,Aion,RT,2024-2026,,Sedan,3XL
Aion S,Aion,S,2019-2026,,Sedan,3XL
Aion S Plus,Aion,S Plus,2021-2023,,Sedan,3XL
Aion UT,Aion,UT,2025-2026,,Hatchback,2L+
Aion V,Aion,V,2020-2024,,SUV,YM+
Aion V,Aion,V,2024-2026,,SUV,YL
Aion V,Aion,V,2025-2026,Home,SUV,YM+
Aion V Plus,Aion,V Plus,2021-2026,,SUV,YL
Aion Y,Aion,Y,2021-2022,,Hatchback,2L+
Aion Y Plus,Aion,Y Plus,2022-2026,,SUV,YM+
Aistaland GT7,Aistaland,GT7,2026,,Wagon,2XL+
Aito M5,Aito,M5,2022-2026,,SUV,YL
Aito M6,Aito,M6,2026,,SUV,YXL
Aito M7,Aito,M7,2022-2026,,SUV,YXL
Aito M8,Aito,M8,2025-2026,,SUV,YXXL
Aito M9,Aito,M9,2023-2026,,SUV,YXXL
Aito M9,Aito,M9,2026,,SUV,YXXL-545
Aiways U5,Aiways,U5,2019-2023,,SUV,YL
Aiways U6,Aiways,U6,2021-2023,,SUV,YL
Aixam 500,Aixam,500,2000-2004,,Hatchback,无可用尺码
Alfa Romeo 105/115,Alfa Romeo,105/115,1965-1977,Berlina,Sedan,3M
Alfa Romeo 105/115,Alfa Romeo,105/115,1965-1977,Incl: Junior Z,Coupe,3S-0
Alfa Romeo 145,Alfa Romeo,145,1994-2001,,Hatchback,2M
Alfa Romeo 146,Alfa Romeo,146,1995-2001,,Hatchback,2L+
Alfa Romeo 147,Alfa Romeo,147,2000-2010,,Hatchback,2L+
Alfa Romeo 155,Alfa Romeo,155,1992-1997,,Sedan,3M
Alfa Romeo 156,Alfa Romeo,156,1997-2007,Incl: Crosswagon Q4,Wagon,2L+
Alfa Romeo 156,Alfa Romeo,156,1997-2007,,Sedan,3M
Alfa Romeo 159,Alfa Romeo,159,2005-2011,,Wagon,2XL
Alfa Romeo 159,Alfa Romeo,159,2005-2011,,Sedan,3L
Alfa Romeo 164,Alfa Romeo,164,1987-1998,,Sedan,3L
Alfa Romeo 166,Alfa Romeo,166,1998-2007,,Sedan,3XL
Alfa Romeo 1900,Alfa Romeo,1900,1950-1959,Berlina,Sedan,3M
Alfa Romeo 1900,Alfa Romeo,1900,1950-1959,Sprint,Coupe,3M-0
Alfa Romeo 2600,Alfa Romeo,2600,1962-1968,Spider/Sprint,Convertible/Coupe,3M-0
Alfa Romeo 2600,Alfa Romeo,2600,1962-1968,Berlina,Sedan,3XL
Alfa Romeo 33,Alfa Romeo,33,1983-1994,,Wagon,2L+
Alfa Romeo 33,Alfa Romeo,33,1983-1989,,Sedan,3S
Alfa Romeo 33,Alfa Romeo,33,1990-1994,,Hatchback,2M
Alfa Romeo 33 Stradale,Alfa Romeo,33 Stradale,2024,,Coupe,3L-0
Alfa Romeo 4C,Alfa Romeo,4C,2013-2020,Incl: Spyder,Coupe/Targa,3S-0
Alfa Romeo 6,Alfa Romeo,6,1979-1988,,Sedan,3XL
Alfa Romeo 6C,Alfa Romeo,6C,1927-1933,,Convertible,3M-0
Alfa Romeo 75,Alfa Romeo,75,1985-1992,,Sedan,3M
Alfa Romeo 8C Competizione,Alfa Romeo,8C Competizione,2007-2010,,Coupe/Roadster,3M-0
Alfa Romeo 90,Alfa Romeo,90,1984-1987,,Sedan,3M
Alfa Romeo Alfasud,Alfa Romeo,Alfasud,1971-1983,,Wagon,2L+
Alfa Romeo Alfasud,Alfa Romeo,Alfasud,1971-1983,Incl: Sprint,Hatchback,2M
Alfa Romeo Alfetta,Alfa Romeo,Alfetta,1972-1987,,Sedan,3M
Alfa Romeo Alfetta,Alfa Romeo,Alfetta,1972-1987,,Coupe,3M-0
Alfa Romeo Arna,Alfa Romeo,Arna,1983-1987,,Hatchback,2M
Alfa Romeo Brera,Alfa Romeo,Brera,2005-2010,,Hatchback,2L+
Alfa Romeo Disco Volante,Alfa Romeo,Disco Volante,2013,,Coupe,3L-0
Alfa Romeo GT,Alfa Romeo,GT,2003-2010,,Coupe,3M-0
Alfa Romeo GTA Coupe,Alfa Romeo,GTA Coupe,1965-1975,,Coupe,3M-0
Alfa Romeo GTV,Alfa Romeo,GTV,1995-2006,,Coupe,3M-0
Alfa Romeo Giulia,Alfa Romeo,Giulia,1962-1978,,Sedan,3S
Alfa Romeo Giulia,Alfa Romeo,Giulia,2015-2025,,Sedan,3L
Alfa Romeo Giulietta,Alfa Romeo,Giulietta,1954-1985,Incl: Berlina,Sedan,3S
Alfa Romeo Giulietta,Alfa Romeo,Giulietta,1954-1963,Sprint,Coupe,3S-0
Alfa Romeo Giulietta,Alfa Romeo,Giulietta,2010-2020,,Hatchback,2L+
Alfa Romeo Junior,Alfa Romeo,Junior,2024-2026,,SUV,YM+
Alfa Romeo MiTo,Alfa Romeo,MiTo,2008-2018,,Hatchback,2M
Alfa Romeo Montreal,Alfa Romeo,Montreal,1970-1979,,Coupe,3S-0
Alfa Romeo RZ,Alfa Romeo,RZ,1992-1994,,Convertible,3S-0
Alfa Romeo SZ,Alfa Romeo,SZ,1989-1991,,Coupe,3S-0
Alfa Romeo Spider,Alfa Romeo,Spider,1966-1993,,Convertible,3S-0
Alfa Romeo Spider,Alfa Romeo,Spider,1995-2010,,Convertible,3M-0
Alfa Romeo Sprint,Alfa Romeo,Sprint,1983-1989,,Hatchback,2M
Alfa Romeo Stelvio,Alfa Romeo,Stelvio,2016-2026,,SUV,YL
Alfa Romeo Tonale,Alfa Romeo,Tonale,2022-2026,,SUV,YM+
Alpina B10,Alpina,B10,1984-1987,,Sedan,3L
Alpina B10,Alpina,B10,1988-2004,,Wagon,2XL
Alpina B10,Alpina,B10,1988-2004,,Sedan,3XL
Alpina B11,Alpina,B11,1987-1994,,Sedan,3XXL
Alpina B12,Alpina,B12,1988-2001,,Sedan,3XXL
Alpina B12,Alpina,B12,1990-1996,,Coupe,3XL-0
Alpina B3,Alpina,B3,1987-2006,,Wagon,2L+
Alpina B3,Alpina,B3,1987-2006,,Sedan,3M
Alpina B3,Alpina,B3,1987-2006,,Convertible/Coupe,3M-0
Alpina B3,Alpina,B3,2007-2026,,Wagon,2XL
Alpina B3,Alpina,B3,2007-2019,,Sedan,3L
Alpina B3,Alpina,B3,2007-2013,,Convertible/Coupe,3L-0
Alpina B3,Alpina,B3,2019-2026,,Sedan,3XL
Alpina B4,Alpina,B4,2013-2019,,Convertible/Coupe,3L-0
Alpina B4,Alpina,B4,2022-2025,Gran Coupe,Liftback,3XL
Alpina B5,Alpina,B5,2005-2024,,Wagon,2XL+
Alpina B5,Alpina,B5,2005-2010,,Sedan,3XL
Alpina B5,Alpina,B5,2010-2024,,Sedan,3XXL
Alpina B6,Alpina,B6,1978-1993,,Sedan,3M
Alpina B6,Alpina,B6,1984-1993,,Coupe,3M-0
Alpina B6,Alpina,B6,2005-2017,,Convertible/Coupe,3XL-0
Alpina B6,Alpina,B6,2011-2017,,Sedan,3XXL
Alpina B7,Alpina,B7,1978-1987,,Sedan,3L
Alpina B7,Alpina,B7,1978-1988,,Coupe,3XL-0
Alpina B7,Alpina,B7,2004-2022,Incl: L/LWB,Sedan,3XXL
Alpina B8,Alpina,B8,1979-1986,,Sedan,3XL
Alpina B8,Alpina,B8,1995-1998,,Wagon,2L+
Alpina B8,Alpina,B8,1995-1998,,Sedan,3M
Alpina B8,Alpina,B8,1995-1998,,Convertible/Coupe,3M-0
Alpina B8,Alpina,B8,2021-2026,Gran Coupe,Sedan,3XXL
Alpina B9,Alpina,B9,1981-1985,,Sedan,3L
Alpina C1,Alpina,C1,1980-1987,,Sedan,3M
Alpina C1,Alpina,C1,1983-1987,,Coupe,3M-0
Alpina C2,Alpina,C2,1985-1987,,Sedan,3M
Alpina C2,Alpina,C2,1985-1987,,Convertible/Coupe,3M-0
Alpina D10,Alpina,D10,1999-2003,,Wagon,2XL
Alpina D10,Alpina,D10,1999-2003,,Sedan,3XL
Alpina D3,Alpina,D3,2005-2025,,Wagon,2XL
Alpina D3,Alpina,D3,2005-2019,,Sedan,3L
Alpina D3,Alpina,D3,2005-2013,,Coupe,3L-0
Alpina D3,Alpina,D3,2020-2025,,Sedan,3XL
Alpina D4,Alpina,D4,2014-2018,,Convertible/Coupe,3L-0
Alpina D4,Alpina,D4,2022-2024,Gran Coupe,Liftback,3XL
Alpina D5,Alpina,D5,2011-2024,,Wagon,2XL+
Alpina D5,Alpina,D5,2011-2024,,Sedan,3XXL
Alpina Roadster,Alpina,Roadster,1990-1991,,Roadster,3S-0
Alpina Roadster,Alpina,Roadster,2002-2003,,Roadster,3M-0
Alpina Roadster,Alpina,Roadster,2003-2005,,Roadster,3S-0
Alpina XB7,Alpina,XB7,2020-2026,,SUV,YXXL
Alpina XD3,Alpina,XD3,2012-2024,,SUV,YL
Alpina XD4,Alpina,XD4,2018-2025,,SUV,YL
Alpine A110,Alpine,A110,1961-2026,,Coupe,3S-0
Alpine A290,Alpine,A290,2024-2026,,Hatchback,2M
Alpine A310,Alpine,A310,1971-1985,,Coupe,3M-0
Alpine A390,Alpine,A390,2025-2026,,SUV,YL
Alpine A610,Alpine,A610,1991-1995,,Coupe,3M-0
Alpine GTA,Alpine,GTA,1985-1990,,Coupe,3M-0
Apal 21541 Stalker,Apal,21541 Stalker,2018-2020,,SUV,无可用尺码
Arcfox Alpha S,Arcfox,Alpha S,2021-2025,,Liftback,3XXL
Arcfox Alpha S5,Arcfox,Alpha S5,2024-2026,,Sedan,3XL
Arcfox Alpha S5,Arcfox,Alpha S5,2026,,Sedan,3XXL
Arcfox Alpha S6,Arcfox,Alpha S6,2025-2026,,Liftback,3XXL
Arcfox Alpha T,Arcfox,Alpha T,2020-2025,,SUV,YL
Arcfox Alpha T5,Arcfox,Alpha T5,2023-2026,,SUV,YL
Arcfox Alpha T6,Arcfox,Alpha T6,2025-2026,,SUV,YL
Arcfox Beta T1,Arcfox,Beta T1,2026,,Hatchback,2L+
Arcfox Kaola,Arcfox,Kaola,2023-2026,,MPV,2L+
Arcfox Lite,Arcfox,Lite,2017-2020,,Coupe,无可用尺码
Arcfox S3,Arcfox,S3,2026,,Sedan,3XXL
Arcfox T1,Arcfox,T1,2025-2026,,Hatchback,2L+
Arcfox Wendao V9,Arcfox,Wendao V9,2026,,MPV,2XXL-545
Ariel Atom,Ariel,Atom,2000-2013,,Roadster,无可用尺码
Ariel Nomad,Ariel,Nomad,2015-2026,,Roadster,无可用尺码
Aro 10,Aro,10,1984-2006,Incl: Открытый,SUV,YS-410
Aro 24,Aro,24,1972-2006,L163.6 W69.9 H71.3,SUV,YM+
Aro 24,Aro,24,1972-2006,L155.9 W69.9 H79.3,SUV,YS-410
Asia Retona,Asia,Retona,1998-2003,,SUV,YM+
Asia Rocsta,Asia,Rocsta,1990-1998,Жёсткий верх/Открытый,SUV,YS-410
Asia Topic,Asia,Topic,1987-1999,,MPV,2XXL-545
Asia Towner,Asia,Towner,1992-1999,,MPV,无可用尺码
Aston Martin Bulldog,Aston Martin,Bulldog,1980-1982,,Coupe,3M-0
Aston Martin Cygnet,Aston Martin,Cygnet,2011-2013,,Hatchback,2S
Aston Martin DB AR1,Aston Martin,DB AR1,2003-2004,,Convertible,3M-0
Aston Martin DB11,Aston Martin,DB11,2016-2023,Incl: Volante,Convertible/Coupe,3XL-0
Aston Martin DB12,Aston Martin,DB12,2023-2026,Incl: Volante,Convertible/Coupe,3XL-0
Aston Martin DB5,Aston Martin,DB5,1963-1965,,Coupe,3L-0
Aston Martin DB6,Aston Martin,DB6,1965-1970,Incl: Volante,Convertible/Fastback,3L-0
Aston Martin DB7,Aston Martin,DB7,1994-2003,Incl: Volante,Convertible/Coupe,3L-0
Aston Martin DB9,Aston Martin,DB9,2003-2008,Volante,Convertible,3L-0
Aston Martin DB9,Aston Martin,DB9,2003-2008,,Coupe,3L-0
Aston Martin DB9,Aston Martin,DB9,2008-2016,Volante,Convertible,3XL-0
Aston Martin DB9,Aston Martin,DB9,2008-2016,,Coupe,3XL-0
Aston Martin DBS,Aston Martin,DBS,1967-1972,,Coupe,3L-0
Aston Martin DBS,Aston Martin,DBS,2007-2024,Incl: Volante,Convertible/Coupe,3XL-0
Aston Martin DBX,Aston Martin,DBX,2020-2026,,SUV,YXL
Aston Martin Lagonda,Aston Martin,Lagonda,1976-1997,,Wagon,2XXL-545
Aston Martin Lagonda,Aston Martin,Lagonda,1976-1997,,Sedan,3XXXL
Aston Martin Lagonda Taraf,Aston Martin,Lagonda Taraf,2015-2016,,Sedan,3XXXL
Aston Martin One-77,Aston Martin,One-77,2009-2012,,Coupe,3L-0
Aston Martin Rapide,Aston Martin,Rapide,2009-2020,,Liftback,3XXL
Aston Martin Tickford Capri,Aston Martin,Tickford Capri,1982-1985,,Coupe,3M-0
Aston Martin V12 Speedster,Aston Martin,V12 Speedster,2020-2022,,Speedster,3L-0
Aston Martin V12 Vantage,Aston Martin,V12 Vantage,2009-2026,,Coupe/Roadster,3M-0
Aston Martin V12 Zagato,Aston Martin,V12 Zagato,2011-2012,,Coupe,3M-0
Aston Martin V8 Vantage,Aston Martin,V8 Vantage,1969-1989,,Convertible/Coupe,3L-0
Aston Martin V8 Vantage,Aston Martin,V8 Vantage,1993-2000,,Coupe,3XL-0
Aston Martin V8 Vantage,Aston Martin,V8 Vantage,2005-2026,,Coupe/Roadster,3M-0
Aston Martin V8 Zagato,Aston Martin,V8 Zagato,1986-1989,,Convertible/Coupe,3M-0
Aston Martin Valhalla,Aston Martin,Valhalla,2025-2026,,Coupe,3XL-0
Aston Martin Valiant,Aston Martin,Valiant,2024-2026,,Coupe,3L-0
Aston Martin Valkyrie,Aston Martin,Valkyrie,2021-2024,Incl: Spider,Coupe/Roadster,3M-0
Aston Martin Valour,Aston Martin,Valour,2023-2024,,Coupe,3L-0
Aston Martin Vanquish,Aston Martin,Vanquish,2001-2007,Incl: S,Coupe,3L-0
Aston Martin Vanquish,Aston Martin,Vanquish,2012-2018,,Coupe,3L-0
Aston Martin Vanquish,Aston Martin,Vanquish,2012-2026,S/Volante/Volante S,Coupe/Roadster,3XL-0
Aston Martin Vanquish,Aston Martin,Vanquish,2024-2026,,Coupe,3XL-0
Aston Martin Vanquish Zagato,Aston Martin,Vanquish Zagato,2004,,Roadster,3L-0
Aston Martin Vanquish Zagato,Aston Martin,Vanquish Zagato,2016-2018,Shooting Brake,Hatchback,2XL
Aston Martin Vanquish Zagato,Aston Martin,Vanquish Zagato,2016-2018,Incl: Speedster/Volante,Convertible/Coupe/Speedster,3XL-0
Aston Martin Virage,Aston Martin,Virage,1988-2000,,Wagon,2XL+
Aston Martin Virage,Aston Martin,Virage,1988-2012,Incl: Volante,Convertible/Coupe,3XL-0
Aston Martin Virage,Aston Martin,Virage,1988-2000,,Sedan,3XXL
Aston Martin Vulcan,Aston Martin,Vulcan,2015-2016,,Coupe,3XL-0
Auburn Speedster,Auburn,Speedster,1935-1937,,Speedster,3XL+0
Audi 100,Audi,100,1968-1976,,Sedan,3M
Audi 100,Audi,100,1968-1976,,Coupe,3M-0
Audi 100,Audi,100,1976-1994,,Wagon,2XL
Audi 100,Audi,100,1976-1983,,Sedan,3L
Audi 100,Audi,100,1982-1994,,Sedan,3XL
Audi 200,Audi,200,1979-1982,,Sedan,3L
Audi 200,Audi,200,1983-1991,,Wagon,2XL
Audi 200,Audi,200,1983-1991,,Sedan,3XL
Audi 50,Audi,50,1974-1978,,Hatchback,2S
Audi 60,Audi,60,1969-1973,,Sedan,3M
Audi 80,Audi,80,1972-1996,Incl: II (B1) L4220 W1600 H1362/III (B2) L4383 W1682 H1365/III (B2) L4410 W1680 H1360,Sedan,3M
Audi 80,Audi,80,1972-1978,II (B1) L4175 W1600 H1362,Sedan,3S
Audi 80,Audi,80,1991-1996,,Wagon,2L+
Audi 90,Audi,90,1984-1991,,Sedan,3M
Audi 90,Audi,90,1992-1995,,Sedan,3L
Audi 920,Audi,920,1938-1940,,Sedan,3XXL
Audi A1,Audi,A1,2010-2026,Incl: citycarver/Sportback,Hatchback,2M
Audi A2,Audi,A2,2000-2007,,Hatchback,2M
Audi A3,Audi,A3,2020-2026,L,Sedan,3L
Audi A3/S3,Audi,A3/S3,1996-2026,Incl: Allstreet/L165.9 W69.5 H55.1/L168.7 W69.5 H56.0/Sportback,Hatchback,2L+
Audi A3/S3,Audi,A3/S3,2008-2020,,Convertible,3M-0
Audi A3/S3,Audi,A3/S3,2012-2026,,Sedan,3M
Audi A4,Audi,A4,1994-2001,,Wagon,2L+
Audi A4,Audi,A4,1994-2001,,Sedan,3M
Audi A4,Audi,A4,2000-2025,,Wagon,2XL
Audi A4,Audi,A4,2000-2009,,Sedan,3L
Audi A4,Audi,A4,2007-2025,,Sedan,3XL
Audi A4,Audi,A4,2011-2025,Long,Sedan,3XL
Audi A4 allroad,Audi,A4 allroad,2009-2025,,Wagon,2XL
Audi A4/S4,Audi,A4/S4,2000-2009,,Convertible,3L-0
Audi A5,Audi,A5,2007-2025,,Convertible/Coupe,3L-0
Audi A5,Audi,A5,2024-2026,L Sportback,Liftback,3XXL
Audi A5,Audi,A5,2024-2026,L,Sedan,3XXL
Audi A5/S5,Audi,A5/S5,2007-2026,Incl: Sportback,Liftback,3XL
Audi A5/S5,Audi,A5/S5,2024-2026,,Wagon,2XL
Audi A6,Audi,A6,1994-2005,,Wagon,2XL
Audi A6,Audi,A6,1994-2005,,Sedan,3XL
Audi A6,Audi,A6,2004-2026,,Wagon,2XL+
Audi A6,Audi,A6,2004-2026,,Sedan,3XXL
Audi A6,Audi,A6,2018-2026,L,Sedan,3XXL
Audi A6 allroad,Audi,A6 allroad,2000-2006,,Wagon,2XL
Audi A6 allroad,Audi,A6 allroad,2006-2026,,Wagon,2XL+
Audi A6 e-tron,Audi,A6 e-tron,2024-2026,,Wagon,2XL+
Audi A6 e-tron,Audi,A6 e-tron,2024-2026,Incl: L,Liftback/Sedan,3XXL
Audi A7/S7,Audi,A7/S7,2010-2026,Incl: L/Sportback,Liftback/Sedan,3XXL
Audi A8,Audi,A8,1999-2017,Long,Sedan,3XXL
Audi A8,Audi,A8,2017-2026,Long,Sedan,3XXXL
Audi A8,Audi,A8,2021-2026,Horch,Sedan,3XXXL
Audi A8/S8,Audi,A8/S8,1994-2026,,Sedan,3XXL
Audi Cabriolet,Audi,Cabriolet,1991-2000,,Convertible,3M-0
Audi Coupe,Audi,Coupe,1980-1996,,Coupe,3M-0
Audi E5,Audi,E5,2025-2026,,Wagon,2XL+
Audi E7X,Audi,E7X,2026,,SUV,YXL
Audi Front,Audi,Front,1935-1938,,Convertible,3M-0
Audi NSU RO 80,Audi,NSU RO 80,1967-1977,,Sedan,3XL
Audi Nuvolari,Audi,Nuvolari,2026,,Coupe,3XL-0
Audi Q2,Audi,Q2,2016-2026,Incl: L,SUV,YM+
Audi Q3 Sportback,Audi,Q3 Sportback,2019-2026,,SUV,YM+
Audi Q3/RS Q3,Audi,Q3/RS Q3,2011-2026,,SUV,YM+
Audi Q4 Sportback e-tron,Audi,Q4 Sportback e-tron,2021-2026,,SUV,YM+
Audi Q4 Sportback e-tron,Audi,Q4 Sportback e-tron,2026,,SUV,YL
Audi Q4 e-tron,Audi,Q4 e-tron,2021-2025,,SUV,YM+
Audi Q4 e-tron,Audi,Q4 e-tron,2026,,SUV,YL
Audi Q5,Audi,Q5,2017-2026,L,SUV,YL
Audi Q5,Audi,Q5,2024-2026,L,SUV,YXL
Audi Q5 Sportback,Audi,Q5 Sportback,2020-2026,Incl: L,SUV,YL
Audi Q5 e-tron,Audi,Q5 e-tron,2022-2026,,SUV,YXL
Audi Q5/SQ5,Audi,Q5/SQ5,2008-2026,,SUV,YL
Audi Q6,Audi,Q6,2022-2026,,SUV,YXL
Audi Q6 Sportback e-tron,Audi,Q6 Sportback e-tron,2024-2026,,SUV,YL
Audi Q6 Sportback e-tron,Audi,Q6 Sportback e-tron,2024-2026,L,SUV,YXL
Audi Q6 e-tron,Audi,Q6 e-tron,2024-2026,,SUV,YL
Audi Q6 e-tron,Audi,Q6 e-tron,2024-2026,L,SUV,YXL
Audi Q7/SQ7,Audi,Q7/SQ7,2005-2026,,SUV,YXL
Audi Q8 Sportback e-tron,Audi,Q8 Sportback e-tron,2022-2025,,SUV,YXL
Audi Q8 e-tron/SQ8 e-tron,Audi,Q8 e-tron/SQ8 e-tron,2022-2025,,SUV,YXL
Audi Q8/SQ8/RS Q8,Audi,Q8/SQ8/RS Q8,2018-2026,,SUV,YXL
Audi Quattro,Audi,Quattro,1980-1991,,Coupe,3M-0
Audi R8,Audi,R8,2007-2012,Incl: GT Spyder,Convertible,3M-0
Audi R8,Audi,R8,2007-2012,,Coupe,3M-0
Audi R8,Audi,R8,2007-2012,GT,Coupe,3M-0
Audi R8,Audi,R8,2012-2015,,Coupe,3L-0
Audi R8,Audi,R8,2012-2015,,Roadster,3L-0
Audi R8,Audi,R8,2015-2023,,Coupe,3M-0
Audi R8,Audi,R8,2015-2023,,Roadster,3M-0
Audi R8 LMP,Audi,R8 LMP,2000-2005,,Roadster,3L-0
Audi RS 2,Audi,RS 2,1993-1995,,Wagon,2XL
Audi RS 3,Audi,RS 3,2011-2026,Sportback,Hatchback,2L+
Audi RS 3,Audi,RS 3,2017-2021,,Sedan,3M
Audi RS 3,Audi,RS 3,2021-2026,,Sedan,3L
Audi RS 4,Audi,RS 4,1999-2025,,Wagon,2XL
Audi RS 4,Audi,RS 4,2005-2009,,Sedan,3L
Audi RS 4,Audi,RS 4,2005-2009,,Convertible,3L-0
Audi RS 5,Audi,RS 5,2010-2015,,Convertible/Coupe,3L-0
Audi RS 5,Audi,RS 5,2017-2025,Sportback,Liftback,3XL
Audi RS 5,Audi,RS 5,2017-2025,,Coupe,3XL-0
Audi RS 5,Audi,RS 5,2026,,Wagon,2XL+
Audi RS 5,Audi,RS 5,2026,,Liftback,3XXL
Audi RS 6,Audi,RS 6,2002-2025,,Wagon,2XL+
Audi RS 6,Audi,RS 6,2002-2006,,Sedan,3XL
Audi RS 6,Audi,RS 6,2007-2012,,Sedan,3XXL
Audi RS 7,Audi,RS 7,2013-2025,Incl: Sportback,Liftback,3XXL
Audi RS Q3 Sportback,Audi,RS Q3 Sportback,2019-2023,,SUV,YM+
Audi RS e-tron GT,Audi,RS e-tron GT,2020-2026,,Sedan,3XXL
Audi S e-tron GT,Audi,S e-tron GT,2024-2026,,Sedan,3XXL
Audi S1,Audi,S1,2014-2018,L156.5 W68.5 H55.8/L156.5 W68.7 H56.0,Hatchback,2M
Audi S2,Audi,S2,1990-1995,,Hatchback/Wagon,2L+
Audi S2,Audi,S2,1990-1995,,Sedan,3M
Audi S4,Audi,S4,1997-2001,,Wagon,2L+
Audi S4,Audi,S4,1997-2001,,Sedan,3M
Audi S4,Audi,S4,2002-2026,,Wagon,2XL
Audi S4,Audi,S4,2002-2008,,Sedan,3L
Audi S4,Audi,S4,2008-2026,,Sedan,3XL
Audi S5,Audi,S5,2007-2019,,Convertible,3L-0
Audi S5,Audi,S5,2007-2019,,Coupe,3L-0
Audi S5,Audi,S5,2019-2024,,Convertible,3XL-0
Audi S5,Audi,S5,2019-2024,,Coupe,3XL-0
Audi S6,Audi,S6,1994-1997,,Wagon,2XL
Audi S6,Audi,S6,1994-2004,,Sedan,3XL
Audi S6,Audi,S6,1999-2025,,Wagon,2XL+
Audi S6,Audi,S6,2006-2025,,Sedan,3XXL
Audi S6 e-tron,Audi,S6 e-tron,2024-2026,,Liftback,3XXL
Audi S8,Audi,S8,2019-2026,Long,Sedan,3XXXL
Audi SQ2,Audi,SQ2,2018-2026,,SUV,YM+
Audi SQ5 Sportback,Audi,SQ5 Sportback,2020-2026,,SUV,YL
Audi SQ6 Sportback e-tron,Audi,SQ6 Sportback e-tron,2024-2026,,SUV,YL
Audi SQ6 e-tron,Audi,SQ6 e-tron,2024-2026,,SUV,YL
Audi SQ8 Sportback e-tron,Audi,SQ8 Sportback e-tron,2022-2025,,SUV,YXL
Audi TT,Audi,TT,1998-2023,Incl: Roadster,Convertible/Coupe/Roadster,3S-0
Audi TT RS,Audi,TT RS,2009-2018,,Coupe/Roadster,3S-0
Audi TT RS,Audi,TT RS,2019-2023,,Coupe/Roadster,3M-0
Audi TTS,Audi,TTS,2007-2023,,Coupe/Roadster,3S-0
Audi Typ R,Audi,Typ R,1927-1929,,Wagon,2XXL-525
Audi Typ R,Audi,Typ R,1927-1929,Phaeton,Convertible,无可用尺码
Audi V8,Audi,V8,1988-1994,,Sedan,3XL
Audi V8,Audi,V8,1988-1994,Long,Sedan,3XXL
Audi e-tron,Audi,e-tron,2018-2023,,SUV,YXL
Audi e-tron GT,Audi,e-tron GT,2020-2026,,Sedan,3XXL
Audi e-tron S,Audi,e-tron S,2019-2022,,SUV,YXL
Audi e-tron S Sportback,Audi,e-tron S Sportback,2019-2022,,SUV,YXL
Audi e-tron Sportback,Audi,e-tron Sportback,2019-2022,,SUV,YXL
Aurus Lafet,Aurus,Lafet,2021-2026,,Wagon,无可用尺码
Aurus Senat,Aurus,Senat,2018-2026,Incl: Limousine/Long,Sedan,无可用尺码
Austin Allegro,Austin,Allegro,1973-1983,,Hatchback,2M
Austin Ambassador,Austin,Ambassador,1982-1984,,Hatchback,2XL
Austin FL2,Austin,FL2,1958-1978,,Sedan,3L
Austin FX4,Austin,FX4,1958-1982,,Sedan,3L
Austin Maestro,Austin,Maestro,1983-1997,,Hatchback,2M
Austin Maxi,Austin,Maxi,1969-1982,,Hatchback,2M
Austin Metro,Austin,Metro,1980-1990,L142.9 W64.0 H58.3,Hatchback,2M
Austin Metro,Austin,Metro,1980-1990,L134.1 W61.0 H53.6,Hatchback,2S
Austin Mini,Austin,Mini,1967-1993,,Sedan,无可用尺码
Austin Montego,Austin,Montego,1984-1994,,Wagon,2L+
Austin Montego,Austin,Montego,1984-1994,,Sedan,3M
Austin Princess,Austin,Princess,1972-1982,,Hatchback,2M
Austin Sprite,Austin,Sprite,1958-1971,,Convertible,无可用尺码
Austin Healey 100,Austin Healey,100,1956-1959,,Roadster,3S-0
Austin Healey 3000,Austin Healey,3000,1959-1967,Incl: 2+2,Convertible/Roadster,3S-0
Auto Union 1000 Sp,Auto Union,1000 Sp,1958-1965,,Coupe,3S-0
Autobianchi A 112,Autobianchi,A 112,1969-1986,,Hatchback,2S
Avatr 06,Avatr,06,2025-2026,T,Wagon,2XL+
Avatr 06,Avatr,06,2025-2026,,Sedan,3XL
Avatr 07,Avatr,07,2024-2026,,SUV,YL
Avatr 07,Avatr,07,2024-2026,L,SUV,YXL
Avatr 11,Avatr,11,2022-2026,,SUV,YXL
Avatr 12,Avatr,12,2023-2026,,Fastback,3XXL
BAIC A1,BAIC,A1,2012-2018,,Hatchback,2M
BAIC A1,BAIC,A1,2012-2018,,Sedan,3S
BAIC BJ2020,BAIC,BJ2020,1989-2005,,SUV,YM+
BAIC BJ2021,BAIC,BJ2021,1984-2005,,SUV,YM+
BAIC BJ2025F,BAIC,BJ2025F,1985-2005,,SUV,YM+
BAIC BJ2026,BAIC,BJ2026,2011-2015,,SUV,YM+
BAIC BJ2030,BAIC,BJ2030,1993-2012,,SUV,YM+
BAIC BJ212,BAIC,BJ212,1964-1987,,SUV,YS-410
BAIC BJ212,BAIC,BJ212,2020-2024,,SUV,YM+
BAIC BJ30,BAIC,BJ30,2020-2024,,SUV,YM+
BAIC BJ30,BAIC,BJ30,2024-2026,,SUV,YL
BAIC BJ40,BAIC,BJ40,2013-2026,Incl: L182.3 W72.6 H73.3/L182.9 W75.8 H73.7,SUV,YL
BAIC BJ40,BAIC,BJ40,2013-2026,L171.3 W75.8 H73.4,SUV,YM+
BAIC BJ41,BAIC,BJ41,2025-2026,,SUV,YL
BAIC BJ60,BAIC,BJ60,2022-2026,Incl: Thunder,SUV,YXL
BAIC BJ80,BAIC,BJ80,2016-2026,,SUV,YL
BAIC BJ90,BAIC,BJ90,2016-2023,,SUV,YXXL
BAIC EC3,BAIC,EC3,2018-2020,,Hatchback,2M
BAIC EU,BAIC,EU,2015-2017,,Sedan,3L
BAIC EU5,BAIC,EU5,2018-2026,,Sedan,3L
BAIC EU5 Plus,BAIC,EU5 Plus,2021-2026,,Sedan,3L
BAIC EU7,BAIC,EU7,2019-2026,,Sedan,3XL
BAIC EU8,BAIC,EU8,2026,,Sedan,3XL
BAIC EX3,BAIC,EX3,2019-2022,,SUV,YM+
BAIC EX5,BAIC,EX5,2019-2022,,SUV,YM+
BAIC Jeep 2500,BAIC,Jeep 2500,2003-2005,,SUV,YM+
BAIC Kenbo 600,BAIC,Kenbo 600,2015-2020,,SUV,YL
BAIC Luba (XB624),BAIC,Luba (XB624),2000-2017,,SUV,YL
BAIC Ruixiang X3,BAIC,Ruixiang X3,2022-2026,,SUV,YM+
BAIC Ruixiang X5,BAIC,Ruixiang X5,2021-2026,,SUV,YL
BAIC U5,BAIC,U5,2014-2022,,Sedan,3L
BAIC U5 Plus,BAIC,U5 Plus,2021-2026,,Sedan,3L
BAIC U7,BAIC,U7,2018-2021,,Sedan,3XL
BAIC X3,BAIC,X3,2019-2025,,SUV,YM+
BAIC X35,BAIC,X35,2019-2025,,SUV,YM+
BAIC X5,BAIC,X5,2015-2022,,SUV,YM+
BAIC X55,BAIC,X55,2022-2026,,SUV,YL
BAIC X7,BAIC,X7,2020-2026,,SUV,YL
BAIC X75,BAIC,X75,2024-2026,,SUV,YL
BAW 212,BAW,212,2020-2023,,SUV,YM+
BAW Ace M7,BAW,Ace M7,2022-2026,Incl: LWB,MPV,2XXL-525
BAW Jiabao,BAW,Jiabao,2023-2026,,Hatchback,2S
BAW M8,BAW,M8,2025-2026,,MPV,2XXL-545
BAW MPV,BAW,MPV,2025-2026,,MPV,2XXL-525
BAW Pony (Yuanbao),BAW,Pony (Yuanbao),2022-2026,,Hatchback,2S
BMW 02 (E10),BMW,02 (E10),1966-1977,,Hatchback,2M
BMW 02 (E10),BMW,02 (E10),1966-1977,,Sedan,3M
BMW 02 (E10),BMW,02 (E10),1966-1977,,Convertible,3M-0
BMW 1 серии,BMW,1 серии,2004-2026,,Hatchback,2L+
BMW 1 серии,BMW,1 серии,2007-2014,,Convertible/Coupe,3M-0
BMW 1 серии,BMW,1 серии,2017-2024,,Sedan,3M
BMW 1M,BMW,1M,2010-2012,,Coupe,3M-0
BMW 2 серии,BMW,2 серии,2013-2021,,Convertible,3M-0
BMW 2 серии,BMW,2 серии,2013-2021,,Coupe,3M-0
BMW 2 серии,BMW,2 серии,2019-2026,Gran Coupe/Gran Coupe L,Sedan,3L
BMW 2 серии,BMW,2 серии,2021-2026,,Coupe,3L-0
BMW 2 серии Active Tourer,BMW,2 серии Active Tourer,2014-2026,,MPV,2L+
BMW 2 серии Gran Tourer,BMW,2 серии Gran Tourer,2015-2022,Gran Tourer,MPV,2XL
BMW 3 серии,BMW,3 серии,1975-2007,,Sedan,3M
BMW 3 серии,BMW,3 серии,1982-2007,,Wagon,2L+
BMW 3 серии,BMW,3 серии,1982-2007,,Convertible,3M-0
BMW 3 серии,BMW,3 серии,1982-2007,,Coupe,3M-0
BMW 3 серии,BMW,3 серии,1990-2007,Compact,Hatchback,2L+
BMW 3 серии,BMW,3 серии,2004-2026,,Wagon,2XL
BMW 3 серии,BMW,3 серии,2004-2020,,Sedan,3L
BMW 3 серии,BMW,3 серии,2004-2013,,Convertible,3L-0
BMW 3 серии,BMW,3 серии,2004-2013,,Coupe,3L-0
BMW 3 серии,BMW,3 серии,2011-2026,Gran Turismo/Long,Liftback/Sedan,3XL
BMW 3 серии,BMW,3 серии,2018-2026,,Sedan,3XL
BMW 3-15,BMW,3-15,1927-1932,,Convertible/Sedan,无可用尺码
BMW 315,BMW,315,1934-1937,,Sedan,3S
BMW 315,BMW,315,1934-1937,,Roadster,3S-0
BMW 320,BMW,320,1937-1938,,Sedan,3M
BMW 320,BMW,320,1937-1938,,Convertible,3M-0
BMW 3200,BMW,3200,1962-1965,,Coupe,3XL-0
BMW 321,BMW,321,1937-1950,,Sedan,3M
BMW 321,BMW,321,1937-1950,,Convertible,3M-0
BMW 326,BMW,326,1936-1946,,Sedan,3L
BMW 327,BMW,327,1937-1941,,Convertible/Coupe,3M-0
BMW 340,BMW,340,1949-1953,,Sedan,3L
BMW 4 серии,BMW,4 серии,2013-2021,Gran Coupe,Liftback,3L
BMW 4 серии,BMW,4 серии,2013-2021,,Convertible,3L-0
BMW 4 серии,BMW,4 серии,2013-2021,,Coupe,3L-0
BMW 4 серии,BMW,4 серии,2020-2026,Gran Coupe,Liftback,3XL
BMW 4 серии,BMW,4 серии,2020-2026,,Convertible,3XL-0
BMW 4 серии,BMW,4 серии,2020-2026,,Coupe,3XL-0
BMW 5 серии,BMW,5 серии,1972-1988,,Sedan,3L
BMW 5 серии,BMW,5 серии,1987-2004,,Wagon,2XL
BMW 5 серии,BMW,5 серии,1987-2010,,Sedan,3XL
BMW 5 серии,BMW,5 серии,2003-2026,,Wagon,2XL+
BMW 5 серии,BMW,5 серии,2009-2026,Gran Turismo/Long,Liftback/Sedan,3XXL
BMW 5 серии,BMW,5 серии,2009-2026,,Sedan,3XXL
BMW 501,BMW,501,1952-1958,,Sedan,3XL
BMW 502,BMW,502,1954-1961,,Sedan,3XL
BMW 503,BMW,503,1956-1959,,Convertible/Coupe,3XL-0
BMW 507,BMW,507,1956-1959,,Roadster,3M-0
BMW 6 серии,BMW,6 серии,1976-1989,,Coupe,3XL+0
BMW 6 серии,BMW,6 серии,2003-2018,,Convertible/Coupe,3XL-0
BMW 6 серии,BMW,6 серии,2011-2024,Gran Coupe/Gran Turismo,Liftback/Sedan,3XXL
BMW 600,BMW,600,1957-1959,,Hatchback,无可用尺码
BMW 7 серии,BMW,7 серии,1977-1986,,Sedan,3XL
BMW 7 серии,BMW,7 серии,1986-2022,,Sedan,3XXL
BMW 7 серии,BMW,7 серии,1994-2022,Long,Sedan,3XXL
BMW 7 серии,BMW,7 серии,2022-2026,,Sedan,3XXXL
BMW 700,BMW,700,1959-1965,,Coupe,无可用尺码
BMW 8 серии,BMW,8 серии,1989-2026,,Convertible/Coupe,3XL-0
BMW 8 серии,BMW,8 серии,2018-2026,Gran Coupe,Sedan,3XXL
BMW E3,BMW,E3,1968-1977,,Sedan,3L
BMW E9,BMW,E9,1968-1975,,Coupe,3L-0
BMW Isetta,BMW,Isetta,1955-1962,,Coupe,无可用尺码
BMW M1,BMW,M1,1978-1981,,Coupe,3M-0
BMW M2,BMW,M2,2015-2021,,Coupe,3M-0
BMW M2,BMW,M2,2022-2026,,Coupe,3L-0
BMW M3,BMW,M3,1986-2006,,Convertible/Coupe,3M-0
BMW M3,BMW,M3,1992-1999,,Sedan,3M
BMW M3,BMW,M3,2007-2018,,Sedan,3L
BMW M3,BMW,M3,2007-2013,,Convertible/Coupe,3L-0
BMW M3,BMW,M3,2020-2026,,Wagon,2XL
BMW M3,BMW,M3,2020-2026,,Sedan,3XL
BMW M4,BMW,M4,2014-2020,,Convertible,3L-0
BMW M4,BMW,M4,2014-2020,,Coupe,3L-0
BMW M4,BMW,M4,2020-2026,,Convertible,3XL-0
BMW M4,BMW,M4,2020-2026,,Coupe,3XL-0
BMW M5,BMW,M5,1985-1988,,Sedan,3L
BMW M5,BMW,M5,1988-1995,,Wagon,2XL
BMW M5,BMW,M5,1988-1995,,Sedan,3XL
BMW M5,BMW,M5,1998-2010,,Sedan,3XL
BMW M5,BMW,M5,2004-2010,,Wagon,2XL+
BMW M5,BMW,M5,2011-2026,,Sedan,3XXL
BMW M5,BMW,M5,2024-2026,Touring,Wagon,2XXL-525
BMW M6,BMW,M6,1984-2018,,Convertible/Coupe,3XL-0
BMW M6,BMW,M6,2012-2018,Gran Coupe,Sedan,3XXL
BMW M8,BMW,M8,2019-2026,,Convertible/Coupe,3XL-0
BMW M8,BMW,M8,2019-2026,Gran Coupe,Sedan,3XXL
BMW Nazca,BMW,Nazca,1991-1992,,Coupe,3M-0
BMW Nazca,BMW,Nazca,1992-1993,,Coupe,3XL-0
BMW Nazca,BMW,Nazca,1992-1993,Spider,Roadster,3XL-0
BMW New Class,BMW,New Class,1962-1971,,Sedan,3M
BMW New Class,BMW,New Class,1965-1969,,Coupe,3L-0
BMW X1,BMW,X1,2009-2026,,SUV,YM+
BMW X1,BMW,X1,2019-2022,Long,SUV,YM+
BMW X1,BMW,X1,2022-2026,Long,SUV,YL
BMW X2,BMW,X2,2017-2026,,SUV,YM+
BMW X3,BMW,X3,2003-2010,,SUV,YM+
BMW X3,BMW,X3,2010-2026,,SUV,YL
BMW X3,BMW,X3,2024-2026,Long,SUV,YXL
BMW X3 M,BMW,X3 M,2019-2026,,SUV,YL
BMW X4,BMW,X4,2014-2026,,SUV,YL
BMW X4 M,BMW,X4 M,2019-2026,,SUV,YL
BMW X5,BMW,X5,1999-2006,,SUV,YL
BMW X5,BMW,X5,2006-2026,,SUV,YXL
BMW X5,BMW,X5,2018-2026,Long,SUV,YXL
BMW X5 M,BMW,X5 M,2009-2026,,SUV,YXL
BMW X6,BMW,X6,2007-2026,,SUV,YXL
BMW X6 M,BMW,X6 M,2009-2026,,SUV,YXL
BMW X7,BMW,X7,2019-2026,,SUV,YXXL
BMW XM,BMW,XM,2022-2026,,SUV,YXXL
BMW Z1,BMW,Z1,1988-1991,,Roadster,3S-0
BMW Z3,BMW,Z3,1995-2002,,Coupe/Roadster,3S-0
BMW Z3 M,BMW,Z3 M,1997-2002,,Convertible/Coupe/Roadster,3S-0
BMW Z4,BMW,Z4,2002-2009,,Roadster,3S-0
BMW Z4,BMW,Z4,2005-2009,,Coupe,3S-0
BMW Z4,BMW,Z4,2009-2026,,Roadster,3M-0
BMW Z4 M,BMW,Z4 M,2006-2009,,Coupe/Roadster,3S-0
BMW i3,BMW,i3,2013-2022,,Hatchback,2M
BMW i3,BMW,i3,2022-2026,,Sedan,3XL
BMW i4,BMW,i4,2021-2026,,Liftback,3XL
BMW i5,BMW,i5,2023-2026,,Wagon,2XL+
BMW i5,BMW,i5,2023-2026,Incl: Long,Sedan,3XXL
BMW i7,BMW,i7,2022-2026,,Sedan,3XXXL
BMW i8,BMW,i8,2014-2020,,Coupe/Roadster,3L-0
BMW iX,BMW,iX,2021-2026,,SUV,YXL
BMW iX1,BMW,iX1,2022-2026,L,SUV,YL
BMW iX1,BMW,iX1,2022-2026,,SUV,YM+
BMW iX2,BMW,iX2,2023-2026,,SUV,YM+
BMW iX3,BMW,iX3,2020-2026,,SUV,YL
BMW iX3,BMW,iX3,2025-2026,Long,SUV,YXL
BMW iX5,BMW,iX5,2022-2026,,SUV,YXL
BYD Atto 2,BYD,Atto 2,2025-2026,,SUV,YM+
BYD Chazor,BYD,Chazor,2024-2026,,Sedan,3XL
BYD D1,BYD,D1,2020-2026,,MPV,2L+
BYD Datang,BYD,Datang,2026,,SUV,YXXL-545
BYD Destroyer 05,BYD,Destroyer 05,2022-2026,,Sedan,3XL
BYD Dolphin,BYD,Dolphin,2021-2026,,Hatchback,2M
BYD Dolphin,BYD,Dolphin,2025-2026,,Hatchback,2L+
BYD Dolphin G,BYD,Dolphin G,2026,DM-i,Hatchback,2L+
BYD E1,BYD,E1,2019-2021,,Hatchback,2S
BYD E2,BYD,E2,2019-2026,,Hatchback,2L+
BYD E3,BYD,E3,2019-2023,,Sedan,3M
BYD E5,BYD,E5,2015-2020,,Sedan,3L
BYD E6,BYD,E6,2009-2021,,Hatchback,2XL
BYD E7,BYD,E7,2025-2026,,Sedan,3XL
BYD E9,BYD,E9,2021-2026,,Sedan,3XXL
BYD F0,BYD,F0,2008-2015,,Hatchback,2S
BYD F3,BYD,F3,2005-2013,,Hatchback,2L+
BYD F3,BYD,F3,2005-2021,,Sedan,3L
BYD F5,BYD,F5,2014-2018,,Sedan,3L
BYD F6,BYD,F6,2007-2012,,Sedan,3XL
BYD F8 (S8),BYD,F8 (S8),2009-2010,,Convertible,3M-0
BYD FangChengBao Leopard 5,BYD,FangChengBao Leopard 5,2023-2026,,SUV,YXL
BYD FangChengBao Leopard 8,BYD,FangChengBao Leopard 8,2024-2026,,SUV,YXXL
BYD FangChengBao Titanium 3,BYD,FangChengBao Titanium 3,2024-2026,,SUV,YL
BYD FangChengBao Titanium 7,BYD,FangChengBao Titanium 7,2025-2026,,SUV,YXL
BYD Flyer,BYD,Flyer,2005-2008,,Hatchback,2M
BYD Frigate 07,BYD,Frigate 07,2022-2025,,SUV,YL
BYD G3,BYD,G3,2009-2014,,Hatchback,2L+
BYD G3,BYD,G3,2009-2014,,Sedan,3L
BYD G6,BYD,G6,2011-2013,,Sedan,3XL
BYD Han,BYD,Han,2020-2026,DM/EV,Sedan,3XXL
BYD Han L,BYD,Han L,2025-2026,,Sedan,3XXL
BYD L3,BYD,L3,2010-2015,,Sedan,3L
BYD M6,BYD,M6,2010-2015,,MPV,2XL
BYD Qin Max,BYD,Qin Max,2026,,Sedan,3XL
BYD Racco,BYD,Racco,2026,,MPV,无可用尺码
BYD S6,BYD,S6,2011-2015,,SUV,YL
BYD Sea Lion 05,BYD,Sea Lion 05,2024-2026,Incl: DM,SUV,YL
BYD Sea Lion 05,BYD,Sea Lion 05,2025-2026,EV,SUV,YM+
BYD Sea Lion 06,BYD,Sea Lion 06,2025-2026,DM-i/EV,SUV,YL
BYD Sea Lion 07,BYD,Sea Lion 07,2024-2026,DM-i/EV,SUV,YXL
BYD Sea Lion 08,BYD,Sea Lion 08,2026,DM-i/EV,SUV,YXXL
BYD Seagull,BYD,Seagull,2023-2026,,Hatchback,2M
BYD Seal,BYD,Seal,2022-2026,,Sedan,3XL
BYD Seal 05,BYD,Seal 05,2025-2026,,Sedan,3XL
BYD Seal 06,BYD,Seal 06,2024-2026,DM-i Travel Edition,Wagon,2XL+
BYD Seal 06,BYD,Seal 06,2024-2026,DM-i/EV,Sedan,3XL
BYD Seal 06 GT,BYD,Seal 06 GT,2024-2026,,Hatchback,2XL
BYD Seal 07,BYD,Seal 07,2024-2026,,Sedan,3XXL
BYD Seal 08,BYD,Seal 08,2026,,Sedan,3XXL
BYD Song,BYD,Song,2015-2022,,SUV,YM+
BYD Song EV,BYD,Song EV,2016-2019,,SUV,YM+
BYD Song L,BYD,Song L,2023-2026,DM-i,SUV,YL
BYD Song L,BYD,Song L,2023-2026,EV,SUV,YXL
BYD Song Max,BYD,Song Max,2017-2026,,MPV,2XL
BYD Song Plus,BYD,Song Plus,2020-2025,Incl: DM/DM-i/EV,SUV,YL
BYD Song Pro,BYD,Song Pro,2019-2026,,SUV,YL
BYD Song Ultra,BYD,Song Ultra,2026,DM-i/EV,SUV,YXL
BYD Tang,BYD,Tang,2015-2018,,SUV,YL
BYD Tang,BYD,Tang,2018-2022,,SUV,YXL
BYD Tang,BYD,Tang,2018-2026,DM/EV,SUV,YXL
BYD Tang L,BYD,Tang L,2025-2026,,SUV,YXL
BYD Xia (M9),BYD,Xia (M9),2024-2026,,MPV,2XXL-525
BYD Yangwang U7,BYD,Yangwang U7,2024-2026,,Sedan,3XXL
BYD Yangwang U8,BYD,Yangwang U8,2023-2026,Incl: L,SUV,YXXL-545
BYD Yangwang U9,BYD,Yangwang U9,2024-2026,,Coupe,3XL+0
BYD Yuan,BYD,Yuan,2016-2024,,SUV,YM+
BYD Yuan Plus,BYD,Yuan Plus,2021-2026,,SUV,YM+
BYD Yuan Plus,BYD,Yuan Plus,2026,,SUV,YL
BYD Yuan Up,BYD,Yuan Up,2024-2026,,SUV,YM+
Bajaj Qute,Bajaj,Qute,2016-2026,,Hatchback 4dr,2S-280
Baojun 310,Baojun,310,2016-2021,,Hatchback,2M
Baojun 310,Baojun,310,2016-2021,W,Wagon,2XL
Baojun 360,Baojun,360,2018-2021,,MPV,2XL
Baojun 510,Baojun,510,2017-2023,,SUV,YM+
Baojun 530,Baojun,530,2018-2021,,SUV,YL
Baojun 730,Baojun,730,2014-2021,,MPV,2XL
Baojun E100,Baojun,E100,2017-2021,,Hatchback,2S-280
Baojun E200,Baojun,E200,2018-2022,,Hatchback,2S-280
Baojun E300,Baojun,E300,2020-2021,,Hatchback,2S-280
Baojun E300,Baojun,E300,2020-2021,Plus,Hatchback,无可用尺码
Baojun Kiwi EV,Baojun,Kiwi EV,2021-2025,,Hatchback,无可用尺码
Baojun RC-5,Baojun,RC-5,2020-2021,,Liftback,3L
Baojun RC-6,Baojun,RC-6,2019-2021,,Liftback,3XXL
Baojun RM-5,Baojun,RM-5,2019-2021,,MPV,2XL
Baojun RS-3,Baojun,RS-3,2019-2021,,SUV,YM+
Baojun RS-5,Baojun,RS-5,2019-2021,,SUV,YM+
Baojun RS-7,Baojun,RS-7,2020-2022,,SUV,YXL
Baojun Valli,Baojun,Valli,2021-2022,,Wagon,2XL
Baojun Xiangjing,Baojun,Xiangjing,2025-2026,EV/PHEV,Hatchback,2XL+
Baojun Yep,Baojun,Yep,2023-2026,,SUV,YS-380
Baojun Yep Plus,Baojun,Yep Plus,2024-2026,,SUV,YM+
Baojun Yunduo,Baojun,Yunduo,2023-2026,,Hatchback,2L+
Baojun Yunhai,Baojun,Yunhai,2024-2026,,SUV,YM+
Batmobile 1989,Batmobile,1989,1989-1992,,Speedster,无可用尺码
Batmobile 2018,Batmobile,2018,2018,,Coupe,无可用尺码
Belgee S50,Belgee,S50,2024-2026,,Sedan,3L
Belgee X50,Belgee,X50,2023-2026,,SUV,YM+
Belgee X50+,Belgee,X50+,2026,,SUV,YM+
Belgee X70,Belgee,X70,2024-2026,,SUV,YM+
Belgee X80,Belgee,X80,2025-2026,,SUV,YL
Bentley Arnage,Bentley,Arnage,1998-2002,,Sedan,3XXXL
Bentley Arnage,Bentley,Arnage,2002-2009,,Sedan,无可用尺码
Bentley Arnage,Bentley,Arnage,2002-2009,Long,Sedan,无可用尺码
Bentley Azure,Bentley,Azure,1995-2009,,Convertible,3XXXL-0
Bentley Bentayga,Bentley,Bentayga,2015-2026,,SUV,YXXL
Bentley Bentayga,Bentley,Bentayga,2020-2026,EWB,SUV,YXXL-545
Bentley Brooklands,Bentley,Brooklands,1992-1998,,Sedan,3XXXL
Bentley Brooklands,Bentley,Brooklands,2007-2011,,Coupe,3XXXL-0
Bentley Continental,Bentley,Continental,1984-2003,,Convertible,3XXL-0
Bentley Continental,Bentley,Continental,1984-2003,,Coupe,3XXXL-0
Bentley Continental Flying Spur,Bentley,Continental Flying Spur,2005-2012,,Sedan,3XXXL
Bentley Continental GT,Bentley,Continental GT,2003-2026,,Convertible/Coupe,3XL-0
Bentley Eight,Bentley,Eight,1984-1992,,Sedan,3XXXL
Bentley Flying Spur,Bentley,Flying Spur,2013-2026,,Sedan,3XXXL
Bentley Mark VI,Bentley,Mark VI,1946-1952,,Sedan,3XL
Bentley Mark VI,Bentley,Mark VI,1946-1952,,Coupe,3XL-0
Bentley Mulliner Bacalar,Bentley,Mulliner Bacalar,2021,,Convertible,3XL-0
Bentley Mulliner Batur,Bentley,Mulliner Batur,2022-2025,,Convertible/Coupe,3XL-0
Bentley Mulsanne,Bentley,Mulsanne,1980-1993,,Sedan,3XXL
Bentley Mulsanne,Bentley,Mulsanne,2010-2020,Incl: EWB,Sedan,无可用尺码
Bentley R Type,Bentley,R Type,1952-1955,Continental/Drophead Coupe,Convertible/Coupe,3XL+0
Bentley R Type,Bentley,R Type,1952-1955,Standard Saloon,Sedan,3XXL
Bentley S,Bentley,S,1955-1965,,Sedan,3XXXL
Bentley S,Bentley,S,1955-1965,Incl: Continental,Convertible/Coupe,3XXXL-0
Bentley T-Series,Bentley,T-Series,1965-1980,,Sedan,3XXL
Bentley T-Series,Bentley,T-Series,1965-1980,,Coupe,3XXL-0
Bentley Turbo R,Bentley,Turbo R,1985-1999,,Sedan,3XXXL
Bertone Freeclimber,Bertone,Freeclimber,1989-1995,,SUV,YM+
Bestune B70,Bestune,B70,2020-2026,,Liftback,3XL
Bestune T55,Bestune,T55,2022-2026,,SUV,YM+
Bestune T77,Bestune,T77,2020-2025,,SUV,YM+
Bestune T90,Bestune,T90,2024-2026,,SUV,YL
Bilenkin Vintage,Bilenkin,Vintage,2015-2016,,Coupe,3L-0
Bio Auto evA-4,Bio Auto,evA-4,2009-2020,,Hatchback,2S
Bitter CD,Bitter,CD,1973-1979,,Hatchback,2XL+
Bitter Type 3,Bitter,Type 3,1987-1988,,Convertible,3M-0
Bizzarrini 5300 GT,Bizzarrini,5300 GT,1964-1968,Strada,Coupe,3M-0
Borgward 2000,Borgward,2000,1939-1942,,Sedan,3M
Borgward BX5,Borgward,BX5,2017-2021,,SUV,YM+
Borgward Hansa 1100,Borgward,Hansa 1100,1934-1939,,Roadster,3S-0
Brabus 7.3S,Brabus,7.3S,1991-1998,,Sedan,3XXL
Brabus Bodo,Brabus,Bodo,2026,,Coupe,3XL+0
Brabus Crawler,Brabus,Crawler,2022,,SUV,无可用尺码
Brabus E V12,Brabus,E V12,1996-1999,,Wagon,2XL+
Brabus E V12,Brabus,E V12,1996-1999,,Sedan,3XL
Brabus E V12,Brabus,E V12,2009-2013,,Convertible/Coupe,3L-0
Brabus E V12,Brabus,E V12,2009-2013,,Sedan,3XXL
Brabus G V12,Brabus,G V12,2004-2006,,SUV,YL
Brabus M V12,Brabus,M V12,1997-2001,,SUV,YM+
Brabus ML 63 Biturbo,Brabus,ML 63 Biturbo,2009-2011,,SUV,YL
Brabus Rocket GTS,Brabus,Rocket GTS,2024-2026,,Hatchback,2XL
Brabus SV12,Brabus,SV12,2009-2013,,Sedan,3XXL
Brilliance FRV (BS2),Brilliance,FRV (BS2),2008-2013,Incl: Cross,Hatchback,2L+
Brilliance H230,Brilliance,H230,2012-2017,,Hatchback,2L+
Brilliance H230,Brilliance,H230,2012-2017,,Sedan,3M
Brilliance H530,Brilliance,H530,2011-2020,,Sedan,3XL
Brilliance M1 (BS6),Brilliance,M1 (BS6),2004-2012,,Sedan,3XL
Brilliance M2 (BS4),Brilliance,M2 (BS4),2006-2010,,Wagon,2XL
Brilliance M2 (BS4),Brilliance,M2 (BS4),2006-2012,,Sedan,3L
Brilliance M3 (BC3),Brilliance,M3 (BC3),2007-2011,,Coupe,3M-0
Brilliance V3,Brilliance,V3,2015-2020,,SUV,YM+
Brilliance V5,Brilliance,V5,2011-2020,,SUV,YM+
Bristol Blenheim,Bristol,Blenheim,1993-2011,,Coupe,3XL-0
Bristol Blenheim Speedster,Bristol,Blenheim Speedster,2003-2011,,Speedster,3L-0
Bristol Fighter,Bristol,Fighter,2004-2011,,Coupe,3M-0
Bugatti Bolide,Bugatti,Bolide,2024-2025,,Coupe,3XL+0
Bugatti Centodieci,Bugatti,Centodieci,2022,,Coupe,3L-0
Bugatti Chiron,Bugatti,Chiron,2016-2023,,Coupe,3L-0
Bugatti Divo,Bugatti,Divo,2018-2021,,Coupe,3L-0
Bugatti EB 110,Bugatti,EB 110,1991-1995,,Coupe,3M-0
Bugatti EB 112,Bugatti,EB 112,1993-1998,,Fastback,3XXL
Bugatti EB Veyron 16.4,Bugatti,EB Veyron 16.4,2003-2015,Incl: Grand Sport,Coupe/Targa,3M-0
Bugatti F.K.P. Hommage,Bugatti,F.K.P. Hommage,2026,,Coupe,3L-0
Bugatti Tourbillon,Bugatti,Tourbillon,2024-2026,,Coupe,3L-0
Bugatti Type 55,Bugatti,Type 55,1932-1935,,Roadster,无可用尺码
Bugatti W16 Mistral,Bugatti,W16 Mistral,2024-2025,,Roadster,3L-0
Buick Electra,Buick,Electra,1959-1960,,Convertible,3XXXXL-0
Buick Electra,Buick,Electra,1959-1984,Incl: I L5611 W2050 H1420/I L5725 W2050 H1420,Sedan,无可用尺码
Buick Electra,Buick,Electra,1985-1990,,Sedan,3XXL
Buick Electra E4,Buick,Electra E4,2023-2025,,SUV,YL
Buick Electra E5,Buick,Electra E5,2022-2026,,SUV,YXL
Buick Electra E7,Buick,Electra E7,2026,,SUV,YXL
Buick Electra L7,Buick,Electra L7,2025-2026,,Sedan,3XXL
Buick Enclave,Buick,Enclave,2007-2024,,SUV,YXXL
Buick Enclave,Buick,Enclave,2019-2025,,SUV,YXL
Buick Enclave,Buick,Enclave,2024-2026,,SUV,YXXL-545
Buick Encore,Buick,Encore,2012-2022,,SUV,YM+
Buick Encore GX,Buick,Encore GX,2019-2026,,SUV,YM+
Buick Encore Plus,Buick,Encore Plus,2023-2025,,SUV,YM+
Buick Envision,Buick,Envision,2014-2026,Incl: S,SUV,YL
Buick Envision,Buick,Envision,2020-2024,Plus,SUV,YXL
Buick Envision,Buick,Envision,2024-2026,Plus,SUV,YL
Buick Envista,Buick,Envista,2022-2026,,SUV,YL
Buick Estate Wagon,Buick,Estate Wagon,1977-1990,,Wagon,无可用尺码
Buick Excelle,Buick,Excelle,2004-2015,Incl: XT,Hatchback,2L+
Buick Excelle,Buick,Excelle,2004-2007,,Sedan,3M
Buick Excelle,Buick,Excelle,2009-2023,GT,Sedan,3L
Buick Excelle,Buick,Excelle,2017-2023,GX,Wagon,2XL
Buick GL6,Buick,GL6,2017-2023,,MPV,2XL
Buick GS,Buick,GS,1970-1972,Incl: GSX,Coupe,3XL+0
Buick LaCrosse,Buick,LaCrosse,2004-2026,,Sedan,3XXL
Buick LeSabre,Buick,LeSabre,1959-1964,Incl: I L5522 W1979 H1433/I L5522 W2050 H1453,Sedan,3XXXL
Buick LeSabre,Buick,LeSabre,1961-1964,,Convertible,3XXXL-0
Buick LeSabre,Buick,LeSabre,1965-1970,,Sedan,无可用尺码
Buick LeSabre,Buick,LeSabre,1977-1986,,Sedan,无可用尺码
Buick LeSabre,Buick,LeSabre,1977-1986,,Wagon,无可用尺码
Buick LeSabre,Buick,LeSabre,1986-2005,,Sedan,3XXL
Buick Limited,Buick,Limited,1958-1959,,Convertible,3XXXXL-0
Buick Lucerne,Buick,Lucerne,2005-2011,,Sedan,3XXL
Buick Park Avenue,Buick,Park Avenue,1991-2012,,Sedan,3XXL
Buick Rainier,Buick,Rainier,2003-2007,,SUV,YXL
Buick Reatta,Buick,Reatta,1988-1991,,Convertible/Coupe,3L-0
Buick Regal,Buick,Regal,1973-1977,,Sedan,3XXXL
Buick Regal,Buick,Regal,1973-1977,,Coupe,3XXXL-0
Buick Regal,Buick,Regal,1978-2021,,Wagon,2XL+
Buick Regal,Buick,Regal,1978-1997,,Coupe,3XL+0
Buick Regal,Buick,Regal,1978-2008,,Sedan,3XXL
Buick Regal,Buick,Regal,1982-1996,,Sedan,3XL
Buick Regal,Buick,Regal,2009-2017,,Sedan,3XL
Buick Regal,Buick,Regal,2017-2021,,Liftback,3XXL
Buick Regal,Buick,Regal,2021-2026,,Sedan,3XXL
Buick Rendezvous,Buick,Rendezvous,2001-2007,,SUV,YL
Buick Riviera,Buick,Riviera,1966-1970,,Coupe,3XXXL-0
Buick Riviera,Buick,Riviera,1971-1973,,Coupe,3XXXXL-0
Buick Riviera,Buick,Riviera,1979-1985,,Coupe,3XXL-0
Buick Riviera,Buick,Riviera,1985-1993,,Coupe,3XL-0
Buick Riviera,Buick,Riviera,1994-1999,,Coupe,3XXL-0
Buick Roadmaster,Buick,Roadmaster,1938-1996,,Sedan,3XXXL
Buick Roadmaster,Buick,Roadmaster,1938-1939,,Convertible,3XXXL-0
Buick Roadmaster,Buick,Roadmaster,1991-1996,,Wagon,无可用尺码
Buick Skyhawk,Buick,Skyhawk,1974-1979,,Hatchback,2XL
Buick Skyhawk,Buick,Skyhawk,1981-1989,,Hatchback,2L+
Buick Skyhawk,Buick,Skyhawk,1981-1989,,Wagon,2XL
Buick Skyhawk,Buick,Skyhawk,1981-1989,,Sedan,3M
Buick Skyhawk,Buick,Skyhawk,1981-1989,,Coupe,3M-0
Buick Skylark,Buick,Skylark,1975-1979,,Coupe,3XL+0
Buick Skylark,Buick,Skylark,1980-1985,,Sedan,3L
Buick Skylark,Buick,Skylark,1992-1998,,Sedan,3XL
Buick Skylark,Buick,Skylark,1992-1998,,Coupe,3XL-0
Buick Special,Buick,Special,1936-1954,,Sedan,3XXL
Buick Special,Buick,Special,1949-1955,,Convertible/Coupe,3XXL-0
Buick Special,Buick,Special,1954-1955,,Wagon,2XXL-525
Buick Special,Buick,Special,1956-1957,,Sedan,3XXXL
Buick Special,Buick,Special,1956-1958,,Convertible/Coupe,3XXXL-0
Buick Special,Buick,Special,1961-1963,,Wagon,2XL
Buick Special,Buick,Special,1961-1963,,Sedan,3XL
Buick Special,Buick,Special,1961-1963,,Convertible,3XL-0
Buick Special,Buick,Special,1964-1967,,Wagon,2XXL-525
Buick Special,Buick,Special,1964-1969,,Sedan,3XXL
Buick Special,Buick,Special,1964-1967,,Convertible/Coupe,3XXL-0
Buick Special,Buick,Special,1968-1969,,Wagon,2XXL-545
Buick Special,Buick,Special,1968-1969,,Coupe,3XL+0
Buick Super,Buick,Super,1942-1953,,Sedan,3XXXL
Buick Terraza,Buick,Terraza,2005-2007,,MPV,2XXL-525
Buick Velite 5,Buick,Velite 5,2017-2019,,Hatchback,2XL
Buick Velite 6,Buick,Velite 6,2019-2026,,Wagon,2XL
Buick Velite 7,Buick,Velite 7,2020-2022,,SUV,YM+
Buick Verano,Buick,Verano,2011-2017,,Sedan,3L
Buick Verano,Buick,Verano,2015-2021,,Sedan,3XL
Buick Verano,Buick,Verano,2021-2026,,Sedan,3L
Buick Verano,Buick,Verano,2021-2026,GS,Sedan,3L
Buick Wildcat,Buick,Wildcat,1963-1970,,Convertible/Coupe,3XXXXL-0
Buick Wildcat,Buick,Wildcat,1963-1970,,Sedan,无可用尺码
Byvin BD132J (CoCo),Byvin,BD132J (CoCo),2011-2016,,Hatchback,2S-280
Byvin BD326J (Moca),Byvin,BD326J (Moca),2011-2016,,Hatchback,2S-280
Cadillac ATS,Cadillac,ATS,2012-2019,,Sedan,3L
Cadillac ATS,Cadillac,ATS,2014-2019,,Coupe,3L-0
Cadillac ATS-V,Cadillac,ATS-V,2015-2019,,Sedan,3L
Cadillac ATS-V,Cadillac,ATS-V,2015-2019,,Coupe,3L-0
Cadillac Allante,Cadillac,Allante,1989-1996,,Convertible,3L-0
Cadillac BLS,Cadillac,BLS,2006-2009,,Wagon,2XL
Cadillac BLS,Cadillac,BLS,2006-2009,,Sedan,3L
Cadillac Brougham,Cadillac,Brougham,1987-1992,,Sedan,无可用尺码
Cadillac CT4,Cadillac,CT4,2019-2026,,Sedan,3XL
Cadillac CT4-V,Cadillac,CT4-V,2019-2026,,Sedan,3XL
Cadillac CT5,Cadillac,CT5,2019-2026,,Sedan,3XXL
Cadillac CT5-V,Cadillac,CT5-V,2019-2024,,Sedan,3XXL
Cadillac CT5-V,Cadillac,CT5-V,2024-2026,,Sedan,3M
Cadillac CT6,Cadillac,CT6,2016-2026,,Sedan,3XXL
Cadillac CTS,Cadillac,CTS,2002-2014,,Sedan,3XL
Cadillac CTS,Cadillac,CTS,2007-2014,,Wagon,2XL+
Cadillac CTS,Cadillac,CTS,2007-2014,,Coupe,3XL-0
Cadillac CTS,Cadillac,CTS,2013-2019,,Sedan,3XXL
Cadillac CTS-V,Cadillac,CTS-V,2004-2013,,Sedan,3XL
Cadillac CTS-V,Cadillac,CTS-V,2008-2013,,Wagon,2XL+
Cadillac CTS-V,Cadillac,CTS-V,2008-2013,,Coupe,3XL-0
Cadillac CTS-V,Cadillac,CTS-V,2015-2019,,Sedan,3XXL
Cadillac Catera,Cadillac,Catera,1996-2001,,Sedan,3XXL
Cadillac Celestiq,Cadillac,Celestiq,2024-2026,,Liftback,3XXXL
Cadillac DTS,Cadillac,DTS,2005-2011,,Sedan,3XXL
Cadillac DeVille,Cadillac,DeVille,1958-1976,,Convertible/Coupe,3XXXXL-0
Cadillac DeVille,Cadillac,DeVille,1958-1984,Incl: 4-window/6-window,Sedan,无可用尺码
Cadillac DeVille,Cadillac,DeVille,1985-1993,,Sedan,3XXL
Cadillac DeVille,Cadillac,DeVille,1994-1999,,Sedan,3XXXL
Cadillac DeVille,Cadillac,DeVille,1999-2005,,Sedan,3XXL
Cadillac ELR,Cadillac,ELR,2013-2016,,Coupe/Fastback,3XL-0
Cadillac Eldorado,Cadillac,Eldorado,1953-1978,,Convertible/Coupe,3XXXXL-0
Cadillac Eldorado,Cadillac,Eldorado,1957-1959,Brougham,Sedan,无可用尺码
Cadillac Eldorado,Cadillac,Eldorado,1979-1985,,Coupe,3XXL-0
Cadillac Eldorado,Cadillac,Eldorado,1986-1991,,Coupe,3XL-0
Cadillac Eldorado,Cadillac,Eldorado,1992-2002,,Coupe,3XL+0
Cadillac Escalade,Cadillac,Escalade,1998-2000,,SUV,YXXL
Cadillac Escalade,Cadillac,Escalade,2001-2006,,SUV,YXL
Cadillac Escalade,Cadillac,Escalade,2006-2020,,SUV,YXXL
Cadillac Escalade,Cadillac,Escalade,2006-2026,ESV,SUV,YXXL-585
Cadillac Escalade,Cadillac,Escalade,2020-2026,,SUV,YXXL-545
Cadillac Escalade iQ,Cadillac,Escalade iQ,2024-2026,Incl: L,SUV,YXXL-585
Cadillac Escalade-V,Cadillac,Escalade-V,2022-2026,,SUV,YXXL-545
Cadillac Escalade-V,Cadillac,Escalade-V,2022-2026,ESV,SUV,YXXL-585
Cadillac Fleetwood,Cadillac,Fleetwood,1956-1986,,Sedan,无可用尺码
Cadillac Fleetwood,Cadillac,Fleetwood,1984-1992,,Sedan,3XXL
Cadillac Fleetwood,Cadillac,Fleetwood,1993-1996,,Sedan,无可用尺码
Cadillac GT4,Cadillac,GT4,2023-2026,,SUV,YL
Cadillac LSE,Cadillac,LSE,1993-1996,,Sedan,3XXL
Cadillac Lyriq,Cadillac,Lyriq,2022-2026,,SUV,YXL
Cadillac Lyriq-V,Cadillac,Lyriq-V,2025-2026,,SUV,YXL
Cadillac Model 30,Cadillac,Model 30,1909-1914,,Convertible,无可用尺码
Cadillac Optiq,Cadillac,Optiq,2024-2026,,SUV,YL
Cadillac Optiq-V,Cadillac,Optiq-V,2025-2026,,SUV,YL
Cadillac SRX,Cadillac,SRX,2003-2016,,SUV,YXL
Cadillac STS,Cadillac,STS,2004-2011,,Sedan,3XXL
Cadillac STS-V,Cadillac,STS-V,2005-2009,,Sedan,3XXL
Cadillac Series 314,Cadillac,Series 314,1925-1927,,Convertible,3XXXL-0
Cadillac Series 341,Cadillac,Series 341,1927-1929,,Sedan,3XXXL
Cadillac Series 62,Cadillac,Series 62,1940-1941,,Convertible,3XXXL-0
Cadillac Series 62,Cadillac,Series 62,1954-1956,,Coupe,3XXXXL-0
Cadillac Seville,Cadillac,Seville,1975-1985,,Sedan,3XXL
Cadillac Seville,Cadillac,Seville,1986-1991,,Sedan,3XL
Cadillac Seville,Cadillac,Seville,1992-2004,,Sedan,3XXL
Cadillac Sixty Special,Cadillac,Sixty Special,1971-1976,,Sedan,无可用尺码
Cadillac V12,Cadillac,V12,1931-1935,,Convertible,3XXXL-0
Cadillac Vistiq,Cadillac,Vistiq,2025-2026,,SUV,YXXL
Cadillac XLR,Cadillac,XLR,2003-2009,,Roadster,3M-0
Cadillac XT4,Cadillac,XT4,2018-2026,,SUV,YM+
Cadillac XT5,Cadillac,XT5,2016-2026,,SUV,YL
Cadillac XT5,Cadillac,XT5,2024-2026,,SUV,YXL
Cadillac XT6,Cadillac,XT6,2019-2026,,SUV,YXL
Cadillac XTS,Cadillac,XTS,2012-2019,,Sedan,3XXL
Callaway C12,Callaway,C12,1998-2003,,Coupe/Roadster,3L-0
Carbodies FX4,Carbodies,FX4,1982-1995,,Sedan,3L
Caterham 21,Caterham,21,1994-2000,,Roadster,3S-0
Caterham CSR,Caterham,CSR,2005-2026,,Roadster,无可用尺码
Caterham Seven,Caterham,Seven,1992-2026,,Roadster,无可用尺码
Chana Benni,Chana,Benni,2006-2011,,Hatchback,2S
Chana SC6390,Chana,SC6390,2006-2011,,MPV,2L-200
Chana Taurustar,Chana,Taurustar,2010-2015,,MPV,2L-200
Changan Alsvin,Changan,Alsvin,2018-2026,,Sedan,3M
Changan Alsvin V7,Changan,Alsvin V7,2014-2018,,Sedan,3L
Changan Auchan A600,Changan,Auchan A600,2015-2022,,MPV,2L+
Changan Auchan A600 EV,Changan,Auchan A600 EV,2018-2022,,MPV,2L+
Changan Auchan Changxing,Changan,Auchan Changxing,2019-2022,,MPV,2XL
Changan Benben E-Star,Changan,Benben E-Star,2020-2024,,Hatchback,2M
Changan Benni,Changan,Benni,2006-2014,,Hatchback,2S
Changan Benni EC/EV,Changan,Benni EC/EV,2018-2020,,Hatchback,2M
Changan CM-8,Changan,CM-8,2008-2015,,MPV,2L-200
Changan CS15,Changan,CS15,2016-2023,,SUV,YM+
Changan CS35,Changan,CS35,2013-2022,,SUV,YM+
Changan CS35 Max,Changan,CS35 Max,2025-2026,,SUV,YM+
Changan CS35 Plus,Changan,CS35 Plus,2018-2026,,SUV,YM+
Changan CS55,Changan,CS55,2017-2023,Incl: E-Rock,SUV,YM+
Changan CS55 Plus,Changan,CS55 Plus,2019-2026,,SUV,YM+
Changan CS75,Changan,CS75,2014-2025,,SUV,YL
Changan CS75 Plus,Changan,CS75 Plus,2019-2026,,SUV,YL
Changan CS75 Pro,Changan,CS75 Pro,2025-2026,,SUV,YL
Changan CS85,Changan,CS85,2019-2025,,SUV,YL
Changan CS95,Changan,CS95,2017-2026,,SUV,YXL
Changan CS95 Plus,Changan,CS95 Plus,2023-2025,,SUV,YXL
Changan CX20,Changan,CX20,2011-2016,,Hatchback,2M
Changan Deepal G318,Changan,Deepal G318,2024-2026,,SUV,YXL
Changan Deepal L06,Changan,Deepal L06,2025-2026,,Sedan,3XL
Changan Deepal L07,Changan,Deepal L07,2024-2026,,Liftback,3XL
Changan Deepal S05,Changan,Deepal S05,2024-2026,,SUV,YL
Changan Deepal S07,Changan,Deepal S07,2023-2026,,SUV,YL
Changan Deepal S09,Changan,Deepal S09,2024-2026,,SUV,YXXL
Changan Deepal SL03,Changan,Deepal SL03,2022-2026,,Sedan,3XL
Changan Eado,Changan,Eado,2013-2018,,Sedan,3L
Changan Eado,Changan,Eado,2018-2023,XT,Hatchback,2L+
Changan Eado,Changan,Eado,2018-2026,,Sedan,3XL
Changan Eado,Changan,Eado,2025-2026,III Рестайлинг/IV,Sedan,3XL
Changan Eado DT,Changan,Eado DT,2018-2022,,Sedan,3L
Changan Eado Plus,Changan,Eado Plus,2020-2026,,Sedan,3XL
Changan Lamore,Changan,Lamore,2023-2026,,Sedan,3XL
Changan Linmax,Changan,Linmax,2017-2020,,MPV,2XL
Changan Lumin,Changan,Lumin,2022-2026,,Hatchback,2S
Changan Oshan CX70,Changan,Oshan CX70,2016-2019,,SUV,YL
Changan Oushan Changxing,Changan,Oushan Changxing,2018-2022,,MPV,2XL
Changan Qiyuan A05,Changan,Qiyuan A05,2023-2026,,Sedan,3XL
Changan Qiyuan A06,Changan,Qiyuan A06,2023-2026,,Hatchback,2XL+
Changan Qiyuan A07,Changan,Qiyuan A07,2023-2026,,Liftback,3XXL
Changan Qiyuan E07,Changan,Qiyuan E07,2024-2026,,SUV,YXL
Changan Qiyuan Q06,Changan,Qiyuan Q06,2026,,SUV,YXL
Changan Qiyuan Q07,Changan,Qiyuan Q07,2025-2026,,SUV,YXL
Changan Raeton,Changan,Raeton,2013-2019,,Sedan,3XXL
Changan Raeton CC,Changan,Raeton CC,2017-2022,,Sedan,3XL
Changan Raeton Plus,Changan,Raeton Plus,2022-2026,,Sedan,3XL
Changan UNI-K,Changan,UNI-K,2020-2026,,SUV,YXL
Changan UNI-L,Changan,UNI-L,2024-2026,,Sedan,3XL
Changan UNI-S,Changan,UNI-S,2024-2026,,SUV,YM+
Changan UNI-T,Changan,UNI-T,2020-2026,,SUV,YM+
Changan UNI-V,Changan,UNI-V,2022-2026,,Liftback,3L
Changan UNI-V,Changan,UNI-V,2024-2026,,Liftback,3XL
Changan UNI-Z,Changan,UNI-Z,2024-2026,,SUV,YL
Changan X5 Plus,Changan,X5 Plus,2024-2026,,SUV,YM+
Changan X7 Plus,Changan,X7 Plus,2024-2026,,SUV,YL
Changan Yida,Changan,Yida,2023-2026,,Sedan,3XL
Changan Z-Shine,Changan,Z-Shine,2008-2010,,Hatchback,2XL
Changfeng Liebao Leopard,Changfeng,Liebao Leopard,1999-2014,,SUV,YL
Changfeng SUV (CS6),Changfeng,SUV (CS6),2007-2009,,SUV,YXL
Changhe Freedom,Changhe,Freedom,2007-2014,,MPV,2L-200
Changhe Ideal,Changhe,Ideal,2003-2016,,Hatchback,2S
Chery Amulet (A15),Chery,Amulet (A15),2003-2012,,Liftback,3M
Chery Arrizo 3,Chery,Arrizo 3,2014-2018,,Sedan,3M
Chery Arrizo 5,Chery,Arrizo 5,2016-2026,,Sedan,3L
Chery Arrizo 5 GT,Chery,Arrizo 5 GT,2022-2023,,Sedan,3XL
Chery Arrizo 5 Plus,Chery,Arrizo 5 Plus,2020-2026,,Sedan,3L
Chery Arrizo 6,Chery,Arrizo 6,2018-2021,,Sedan,3XL
Chery Arrizo 6,Chery,Arrizo 6,2025-2026,,Sedan,3L
Chery Arrizo 7,Chery,Arrizo 7,2013-2018,,Sedan,3L
Chery Arrizo 8,Chery,Arrizo 8,2022-2026,,Sedan,3XL
Chery Arrizo 8 Pro,Chery,Arrizo 8 Pro,2025-2026,,Sedan,3XL
Chery B13,Chery,B13,2006-2008,,MPV,2XL+
Chery Bonus (A13),Chery,Bonus (A13),2011-2014,,Liftback,3M
Chery Bonus 3 (E3/A19),Chery,Bonus 3 (E3/A19),2014-2017,,Sedan,3M
Chery CrossEastar (B14),Chery,CrossEastar (B14),2006-2015,,MPV,2XL
Chery Domi,Chery,Domi,2025-2026,,Hatchback,2M
Chery E5,Chery,E5,2011-2016,,Sedan,3L
Chery Explore 06,Chery,Explore 06,2023-2026,,SUV,YM+
Chery Face,Chery,Face,2007-2015,,Hatchback,2M
Chery Fora (A21),Chery,Fora (A21),2006-2011,,Sedan,3L
Chery Fulwin A8,Chery,Fulwin A8,2023-2026,Incl: L,Sedan,3XL
Chery Fulwin A9L,Chery,Fulwin A9L,2025-2026,,Sedan,3XXL
Chery Fulwin T10,Chery,Fulwin T10,2024-2026,,SUV,YXL
Chery Fulwin T11,Chery,Fulwin T11,2025-2026,,SUV,YXXL
Chery Fulwin T6,Chery,Fulwin T6,2024-2025,,SUV,YM+
Chery Fulwin T8,Chery,Fulwin T8,2025-2026,,SUV,YL
Chery Fulwin T9,Chery,Fulwin T9,2024-2026,,SUV,YL
Chery Fulwin T9L,Chery,Fulwin T9L,2026,,SUV,YXL
Chery Fulwin X3,Chery,Fulwin X3,2025-2026,Incl: L/Plus,SUV,YM+
Chery IndiS (S18D),Chery,IndiS (S18D),2010-2015,,Hatchback,2M
Chery Karry,Chery,Karry,2007-2010,,MPV,2XL
Chery Kimo (A1),Chery,Kimo (A1),2007-2014,,Hatchback,2M
Chery M11 (A3),Chery,M11 (A3),2010-2015,,Hatchback,2L+
Chery M11 (A3),Chery,M11 (A3),2010-2015,,Sedan,3M
Chery Omoda 5,Chery,Omoda 5,2022-2026,,SUV,YM+
Chery Oriental Son (B11),Chery,Oriental Son (B11),2003-2012,,Sedan,3XL
Chery Q22,Chery,Q22,2009-2022,,MPV/Van,2L-200
Chery QQ Ice Cream,Chery,QQ Ice Cream,2021-2026,,Hatchback,2S
Chery QQ3,Chery,QQ3,2026,,Hatchback,2L+
Chery QQ6 (S21),Chery,QQ6 (S21),2006-2010,,Liftback,3S
Chery QQme,Chery,QQme,2009-2011,,Hatchback,2M
Chery Sweet (QQ),Chery,Sweet (QQ),2003-2015,,Hatchback,2S
Chery Tiggo (T11),Chery,Tiggo (T11),2005-2016,,SUV,YM+
Chery Tiggo 2,Chery,Tiggo 2,2016-2021,,SUV,YM+
Chery Tiggo 2 Pro,Chery,Tiggo 2 Pro,2021-2026,,SUV,YM+
Chery Tiggo 3,Chery,Tiggo 3,2014-2020,,SUV,YM+
Chery Tiggo 3x,Chery,Tiggo 3x,2016-2026,,SUV,YM+
Chery Tiggo 3xe,Chery,Tiggo 3xe,2018-2021,,SUV,YM+
Chery Tiggo 4,Chery,Tiggo 4,2017-2026,,SUV,YM+
Chery Tiggo 4 Pro,Chery,Tiggo 4 Pro,2020-2026,,SUV,YM+
Chery Tiggo 5,Chery,Tiggo 5,2014-2020,,SUV,YM+
Chery Tiggo 5x,Chery,Tiggo 5x,2017-2026,,SUV,YM+
Chery Tiggo 7,Chery,Tiggo 7,2016-2026,Incl: II Рестайлинг/III,SUV,YM+
Chery Tiggo 7 Plus,Chery,Tiggo 7 Plus,2021-2026,,SUV,YM+
Chery Tiggo 7 Pro,Chery,Tiggo 7 Pro,2020-2024,,SUV,YM+
Chery Tiggo 7 Pro Max,Chery,Tiggo 7 Pro Max,2022-2026,,SUV,YM+
Chery Tiggo 7 Pro Plug-in Hybrid,Chery,Tiggo 7 Pro Plug-in Hybrid,2023-2025,,SUV,YM+
Chery Tiggo 7L,Chery,Tiggo 7L,2024-2026,,SUV,YM+
Chery Tiggo 7L,Chery,Tiggo 7L,2026,,SUV,YL
Chery Tiggo 8,Chery,Tiggo 8,2018-2026,Incl: Leopard/Tiger,SUV,YL
Chery Tiggo 8 Plus,Chery,Tiggo 8 Plus,2020-2026,,SUV,YL
Chery Tiggo 8 Pro,Chery,Tiggo 8 Pro,2021-2026,,SUV,YL
Chery Tiggo 8 Pro Max,Chery,Tiggo 8 Pro Max,2022-2026,,SUV,YL
Chery Tiggo 8 Pro Plug-in Hybrid,Chery,Tiggo 8 Pro Plug-in Hybrid,2023-2025,,SUV,YL
Chery Tiggo 8 Pro e+,Chery,Tiggo 8 Pro e+,2021-2024,,SUV,YL
Chery Tiggo 8L,Chery,Tiggo 8L,2024-2026,,SUV,YL
Chery Tiggo 9,Chery,Tiggo 9,2023-2024,,SUV,YL
Chery Tiggo 9,Chery,Tiggo 9,2024-2026,I,SUV,YL
Chery Tiggo 9,Chery,Tiggo 9,2024-2026,I (China Market) Рестайлинг,SUV,YL
Chery Tiggo 9,Chery,Tiggo 9,2026,,SUV,YXL
Chery Tiggo E,Chery,Tiggo E,2019-2022,,SUV,YM+
Chery Very (A13),Chery,Very (A13),2011-2014,,Hatchback,2M
Chery Windcloud (A11),Chery,Windcloud (A11),1999-2006,,Sedan,3M
Chery eQ1,Chery,eQ1,2017-2026,,Hatchback,2S
Chery eQ5,Chery,eQ5,2020-2022,,SUV,YL
Chery eQ7,Chery,eQ7,2023-2026,,SUV,YL
Chevrolet Alero,Chevrolet,Alero,1999-2004,,Sedan,3XL
Chevrolet Astra,Chevrolet,Astra,1998-2011,,Hatchback,2M
Chevrolet Astra,Chevrolet,Astra,1998-2011,,Sedan,3M
Chevrolet Astro,Chevrolet,Astro,1985-2005,,MPV,2XL-200
Chevrolet Aveo,Chevrolet,Aveo,2002-2020,,Hatchback,2M
Chevrolet Aveo,Chevrolet,Aveo,2002-2026,,Sedan,3M
Chevrolet Aveo,Chevrolet,Aveo,2023-2026,,Hatchback,2L+
Chevrolet Bel Air,Chevrolet,Bel Air,1949-1957,,Convertible/Coupe,3XL+0
Chevrolet Bel Air,Chevrolet,Bel Air,1955-1957,,Wagon,2XL+
Chevrolet Bel Air,Chevrolet,Bel Air,1955-1957,,Sedan,3XXL
Chevrolet Beretta,Chevrolet,Beretta,1987-1996,,Coupe,3XL-0
Chevrolet Blazer,Chevrolet,Blazer,1982-1998,Incl: L170.3 W65.4 H64.3/L174.0 W67.8 H62.7/L176.8 W65.4 H64.3,SUV,YM+
Chevrolet Blazer,Chevrolet,Blazer,1994-2005,L181.2 W67.8 H65.9/L182.6 W68.3 H66.5/L186.0 W72.2 H67.3,SUV,YL
Chevrolet Blazer,Chevrolet,Blazer,2018-2026,,SUV,YXL
Chevrolet Blazer EV,Chevrolet,Blazer EV,2023-2026,,SUV,YXL
Chevrolet Blazer K5,Chevrolet,Blazer K5,1972-1994,,SUV,YL
Chevrolet Bolt,Chevrolet,Bolt,2016-2023,,Hatchback,2L+
Chevrolet Bolt,Chevrolet,Bolt,2026,,SUV,YM+
Chevrolet Bolt EUV,Chevrolet,Bolt EUV,2021-2023,,SUV,YM+
Chevrolet CSV CR8,Chevrolet,CSV CR8,2008-2009,,Sedan,3XXL
Chevrolet Caprice,Chevrolet,Caprice,1965-1970,,Sedan,3XXXL
Chevrolet Caprice,Chevrolet,Caprice,1970-1976,,Sedan,无可用尺码
Chevrolet Caprice,Chevrolet,Caprice,1976-1996,,Sedan,3XXXL
Chevrolet Caprice,Chevrolet,Caprice,1990-1996,,Wagon,无可用尺码
Chevrolet Caprice,Chevrolet,Caprice,1999-2017,,Sedan,3XXL
Chevrolet Captiva,Chevrolet,Captiva,2006-2026,,SUV,YL
Chevrolet Captiva Sport,Chevrolet,Captiva Sport,2008-2016,,SUV,YM+
Chevrolet Cavalier,Chevrolet,Cavalier,1982-1987,,Sedan,3M
Chevrolet Cavalier,Chevrolet,Cavalier,1988-1994,,Wagon,2L+
Chevrolet Cavalier,Chevrolet,Cavalier,1988-2005,,Sedan,3L
Chevrolet Cavalier,Chevrolet,Cavalier,1988-2005,,Convertible/Coupe,3L-0
Chevrolet Celebrity,Chevrolet,Celebrity,1982-1990,,Wagon,2XL+
Chevrolet Celebrity,Chevrolet,Celebrity,1982-1990,,Sedan,3XL
Chevrolet Celta,Chevrolet,Celta,2000-2006,,Hatchback,2M
Chevrolet Chevelle,Chevrolet,Chevelle,1963-1977,,Convertible/Coupe,3XL+0
Chevrolet Chevelle,Chevrolet,Chevelle,1963-1967,,Sedan,3XXL
Chevrolet Chevette,Chevrolet,Chevette,1975-1987,,Hatchback,2L+
Chevrolet Citation,Chevrolet,Citation,1980-1985,,Hatchback,2L+
Chevrolet Classic,Chevrolet,Classic,2004-2008,,Sedan,3XL
Chevrolet Cobalt,Chevrolet,Cobalt,2004-2010,,Sedan,3L
Chevrolet Cobalt,Chevrolet,Cobalt,2004-2010,,Coupe,3L-0
Chevrolet Cobalt,Chevrolet,Cobalt,2011-2026,,Sedan,3M
Chevrolet Corsa,Chevrolet,Corsa,1994-2001,,Hatchback/Wagon,2M
Chevrolet Corsa,Chevrolet,Corsa,1994-2001,,Sedan,3S
Chevrolet Corsica,Chevrolet,Corsica,1987-1996,,Sedan,3L
Chevrolet Corvair,Chevrolet,Corvair,1959-1964,,Wagon,2XL
Chevrolet Corvair,Chevrolet,Corvair,1959-1969,,Sedan,3L
Chevrolet Corvair,Chevrolet,Corvair,1959-1964,,Convertible/Coupe,3L-0
Chevrolet Corvette,Chevrolet,Corvette,1953-1967,,Convertible/Coupe,3M-0
Chevrolet Corvette,Chevrolet,Corvette,1968-1982,,Convertible/Coupe,3L-0
Chevrolet Corvette,Chevrolet,Corvette,1984-1998,,Convertible,3L-0
Chevrolet Corvette,Chevrolet,Corvette,1984-2004,Incl: FRC,Coupe/Roadster,3L-0
Chevrolet Corvette,Chevrolet,Corvette,2004-2019,,Convertible,3M-0
Chevrolet Corvette,Chevrolet,Corvette,2004-2014,,Targa,3M-0
Chevrolet Corvette,Chevrolet,Corvette,2013-2019,,Coupe,3M-0
Chevrolet Corvette,Chevrolet,Corvette,2019-2026,,Convertible,3L-0
Chevrolet Corvette,Chevrolet,Corvette,2019-2026,,Targa,3L-0
Chevrolet Cruze,Chevrolet,Cruze,2008-2023,,Hatchback,2L+
Chevrolet Cruze,Chevrolet,Cruze,2008-2023,,Sedan,3L
Chevrolet Cruze,Chevrolet,Cruze,2012-2016,,Wagon,2XL
Chevrolet Cruze (HR),Chevrolet,Cruze (HR),2001-2008,,Hatchback,2M
Chevrolet Damas,Chevrolet,Damas,2019-2026,,MPV,无可用尺码
Chevrolet Damas,Chevrolet,Damas,2026,Max/Move,MPV/Van,2XL
Chevrolet Deluxe,Chevrolet,Deluxe,1949-1952,Incl: Styleline,Sedan,3XXL
Chevrolet Epica,Chevrolet,Epica,2003-2012,,Sedan,3XL
Chevrolet Equinox,Chevrolet,Equinox,2004-2026,,SUV,YL
Chevrolet Equinox EV,Chevrolet,Equinox EV,2024-2026,,SUV,YXL
Chevrolet Evanda,Chevrolet,Evanda,2000-2006,,Sedan,3XL
Chevrolet Express,Chevrolet,Express,1996-2026,,MPV/Van,无可用尺码
Chevrolet Fleetmaster,Chevrolet,Fleetmaster,1946-1948,,Convertible,3XL+0
Chevrolet Fleetmaster,Chevrolet,Fleetmaster,1946-1948,,Sedan,3XXL
Chevrolet Groove,Chevrolet,Groove,2020-2026,,SUV,YM+
Chevrolet HHR,Chevrolet,HHR,2005-2011,,Van/Wagon,2L+
Chevrolet Impala,Chevrolet,Impala,1958-1996,,Sedan,3XXXL
Chevrolet Impala,Chevrolet,Impala,1958-1960,,Convertible/Coupe,3XXXL-0
Chevrolet Impala,Chevrolet,Impala,1964-1970,,Wagon,2XXL-545
Chevrolet Impala,Chevrolet,Impala,1964-1976,,Convertible,3XXXL-0
Chevrolet Impala,Chevrolet,Impala,1964-1970,,Coupe,3XXXL-0
Chevrolet Impala,Chevrolet,Impala,1970-1976,,Coupe,3XXXXL-0
Chevrolet Impala,Chevrolet,Impala,1999-2020,,Sedan,3XXL
Chevrolet Kalos,Chevrolet,Kalos,2003-2008,,Hatchback,2M
Chevrolet Kalos,Chevrolet,Kalos,2003-2008,,Sedan,3M
Chevrolet Lacetti,Chevrolet,Lacetti,2004-2013,,Hatchback,2L+
Chevrolet Lacetti,Chevrolet,Lacetti,2004-2013,,Wagon,2XL
Chevrolet Lacetti,Chevrolet,Lacetti,2004-2024,,Sedan,3M
Chevrolet Lanos,Chevrolet,Lanos,2002-2009,,Sedan,3M
Chevrolet Lumina,Chevrolet,Lumina,1989-1994,,Coupe,3XL+0
Chevrolet Lumina,Chevrolet,Lumina,1989-2001,,Sedan,3XXL
Chevrolet Lumina APV,Chevrolet,Lumina APV,1989-1996,,MPV,2XL+
Chevrolet MW,Chevrolet,MW,2001-2010,,Hatchback,2S
Chevrolet Malibu,Chevrolet,Malibu,1978-1983,,Sedan,3XXXL
Chevrolet Malibu,Chevrolet,Malibu,1996-2016,,Sedan,3XL
Chevrolet Malibu,Chevrolet,Malibu,2003-2008,Incl: Maxx,Hatchback,2XL
Chevrolet Malibu,Chevrolet,Malibu,2015-2026,,Sedan,3XXL
Chevrolet Master,Chevrolet,Master,1933-1940,AG-1500/CA,Sedan,3M
Chevrolet Master,Chevrolet,Master,1933-1940,DA/EA/ED/FD,Convertible/Coupe,3M-0
Chevrolet Matiz,Chevrolet,Matiz,2004-2010,,Hatchback,2S
Chevrolet Menlo,Chevrolet,Menlo,2020-2026,,Wagon,2XL
Chevrolet Metro,Chevrolet,Metro,1997-2001,,Hatchback,2M
Chevrolet Metro,Chevrolet,Metro,1997-2001,,Sedan,3S
Chevrolet Monte Carlo,Chevrolet,Monte Carlo,1970-1972,,Coupe,3XXL-0
Chevrolet Monte Carlo,Chevrolet,Monte Carlo,1973-1977,,Coupe,3XXXL-0
Chevrolet Monte Carlo,Chevrolet,Monte Carlo,1978-2007,,Coupe,3XL+0
Chevrolet Monza,Chevrolet,Monza,1975-1980,2+2,Coupe,3L-0
Chevrolet Monza,Chevrolet,Monza,1975-1977,,Coupe,3M-0
Chevrolet Monza,Chevrolet,Monza,1978-1980,,Wagon,2XL
Chevrolet Monza,Chevrolet,Monza,1978-1980,,Coupe,3L-0
Chevrolet Monza,Chevrolet,Monza,1982-1996,,Sedan,3M
Chevrolet Monza,Chevrolet,Monza,2019-2026,,Sedan,3L
Chevrolet Nexia,Chevrolet,Nexia,2017-2023,,Sedan,3M
Chevrolet Niva,Chevrolet,Niva,2002-2020,,SUV,YM+
Chevrolet Nova,Chevrolet,Nova,1967-1974,,Coupe,3XL-0
Chevrolet Nova,Chevrolet,Nova,1985-1988,,Hatchback,2L+
Chevrolet Nova,Chevrolet,Nova,1985-1988,,Sedan,3M
Chevrolet Nubira,Chevrolet,Nubira,2003-2010,,Wagon,2XL
Chevrolet Nubira,Chevrolet,Nubira,2003-2010,,Sedan,3M
Chevrolet Omega,Chevrolet,Omega,1992-1998,,Wagon,2XL
Chevrolet Omega,Chevrolet,Omega,1992-2007,,Sedan,3XL
Chevrolet Onix,Chevrolet,Onix,2012-2019,,Hatchback,2M
Chevrolet Onix,Chevrolet,Onix,2019-2026,,Hatchback,2L+
Chevrolet Onix,Chevrolet,Onix,2019-2026,,Sedan,3M
Chevrolet Orlando,Chevrolet,Orlando,2010-2023,,MPV,2XL
Chevrolet Prizm,Chevrolet,Prizm,1997-2002,,Sedan,3M
Chevrolet Rezzo,Chevrolet,Rezzo,2000-2008,,MPV,2L+
Chevrolet SS,Chevrolet,SS,2013-2017,,Sedan,3XXL
Chevrolet Sail,Chevrolet,Sail,2010-2014,,Sedan,3S
Chevrolet Seeker,Chevrolet,Seeker,2022-2026,,SUV,YM+
Chevrolet Sonic,Chevrolet,Sonic,2011-2020,,Hatchback,2M
Chevrolet Sonic,Chevrolet,Sonic,2011-2020,,Sedan,3M
Chevrolet Spark,Chevrolet,Spark,2005-2009,,Hatchback,2S
Chevrolet Spark,Chevrolet,Spark,2009-2023,,Hatchback,2M
Chevrolet Spark,Chevrolet,Spark,2015-2022,Activ,Hatchback,2M
Chevrolet Spark EUV,Chevrolet,Spark EUV,2025-2026,,SUV,YM+
Chevrolet Special DeLuxe,Chevrolet,Special DeLuxe,1941-1948,,Sedan,3M
Chevrolet Spin,Chevrolet,Spin,2012-2026,,MPV,2L+
Chevrolet Standard,Chevrolet,Standard,1934-1936,,Sedan,3M
Chevrolet Starcraft,Chevrolet,Starcraft,1992-1996,,MPV,无可用尺码
Chevrolet Suburban,Chevrolet,Suburban,1941-1947,,SUV,YXL
Chevrolet Suburban,Chevrolet,Suburban,1967-2026,,SUV,YXXL-585
Chevrolet Tacuma,Chevrolet,Tacuma,2000-2008,,MPV,2L+
Chevrolet Tahoe,Chevrolet,Tahoe,1994-1999,L188.5 W77.1 H72.4,SUV,YL
Chevrolet Tahoe,Chevrolet,Tahoe,1994-1999,L199.1 W76.4 H72.0,SUV,YXL
Chevrolet Tahoe,Chevrolet,Tahoe,1999-2006,,SUV,YXL
Chevrolet Tahoe,Chevrolet,Tahoe,2006-2021,,SUV,YXXL
Chevrolet Tahoe,Chevrolet,Tahoe,2020-2026,,SUV,YXXL-545
Chevrolet Tavera,Chevrolet,Tavera,2002-2017,,MPV,2L+
Chevrolet Tracker,Chevrolet,Tracker,1989-2026,Incl: L158.7 W64.4 H66.9/L159.8 W66.7 H66.5,SUV,YM+
Chevrolet Tracker,Chevrolet,Tracker,1989-2004,L143.0 W64.2 H65.4/L148.8 W66.7 H66.5,SUV,YS-380
Chevrolet TrailBlazer,Chevrolet,TrailBlazer,2001-2009,,SUV,YXL
Chevrolet TrailBlazer,Chevrolet,TrailBlazer,2001-2009,EXT,SUV,YXXL-545
Chevrolet TrailBlazer,Chevrolet,TrailBlazer,2012-2022,,SUV,YXL
Chevrolet TrailBlazer,Chevrolet,TrailBlazer,2019-2026,,SUV,YM+
Chevrolet Trans Sport,Chevrolet,Trans Sport,1996-2005,,MPV,2XXL-525
Chevrolet Traverse,Chevrolet,Traverse,2008-2026,,SUV,YXXL
Chevrolet Trax,Chevrolet,Trax,2013-2026,,SUV,YM+
Chevrolet Uplander,Chevrolet,Uplander,2004-2008,,MPV,2XL+
Chevrolet Van,Chevrolet,Van,1971-1996,,MPV,无可用尺码
Chevrolet Vectra,Chevrolet,Vectra,1993-2002,,Sedan,3M
Chevrolet Venture,Chevrolet,Venture,1996-2005,,MPV,2XL
Chevrolet Viva,Chevrolet,Viva,2004-2008,,Sedan,3M
Chevrolet Volt,Chevrolet,Volt,2010-2019,,Hatchback,2L+
Chevrolet Zafira,Chevrolet,Zafira,2001-2012,,MPV,2L+
Chrysler 180,Chrysler,180,1970-1982,,Sedan,3M
Chrysler 200,Chrysler,200,2010-2014,,Sedan,3XL
Chrysler 200,Chrysler,200,2010-2014,,Convertible,3XL+0
Chrysler 200,Chrysler,200,2014-2017,,Sedan,3XXL
Chrysler 300,Chrysler,300,1969-1971,,Coupe,3XXXXL-0
Chrysler 300 Letter Series,Chrysler,300 Letter Series,1955-1961,,Coupe,3XXXXL-0
Chrysler 300 Letter Series,Chrysler,300 Letter Series,1956-1961,,Convertible,3XXXXL-0
Chrysler 300 Letter Series,Chrysler,300 Letter Series,1961-1962,,Convertible,3XXXL-0
Chrysler 300 Letter Series,Chrysler,300 Letter Series,1961-1964,,Coupe,3XXXL-0
Chrysler 300 Letter Series,Chrysler,300 Letter Series,1964,,Convertible,3XXXL-0
Chrysler 300 Letter Series,Chrysler,300 Letter Series,1965,,Convertible/Coupe,3XXXXL-0
Chrysler 300C,Chrysler,300C,2004-2011,Incl: SRT8,Wagon,2XL+
Chrysler 300C,Chrysler,300C,2004-2023,Incl: SRT8,Sedan,3XXL
Chrysler 300M,Chrysler,300M,1998-2004,,Sedan,3XXL
Chrysler Aspen,Chrysler,Aspen,2006-2008,,SUV,YXL
Chrysler Cirrus,Chrysler,Cirrus,1994-2000,,Sedan,3XL
Chrysler Concorde,Chrysler,Concorde,1992-1997,,Sedan,3XXL
Chrysler Concorde,Chrysler,Concorde,1997-2004,,Sedan,3XXXL
Chrysler Cordoba,Chrysler,Cordoba,1975-1983,,Coupe,3XXXL-0
Chrysler Crossfire,Chrysler,Crossfire,2003-2007,,Convertible/Coupe,3S-0
Chrysler Daytona,Chrysler,Daytona,1986-1993,,Hatchback,2XL
Chrysler Imperial,Chrysler,Imperial,1926-1930,Incl: Phaeton,Convertible/Phaeton,3XXL-0
Chrysler Imperial,Chrysler,Imperial,1931-1936,,Sedan,3XXXL
Chrysler Imperial,Chrysler,Imperial,1931-1936,,Convertible/Coupe,3XXXL-0
Chrysler Imperial,Chrysler,Imperial,1937-1939,,Convertible/Coupe,3XXL-0
Chrysler Imperial,Chrysler,Imperial,1937-1975,,Sedan,无可用尺码
Chrysler Imperial,Chrysler,Imperial,1949-1954,Custom,Sedan,3XXXL
Chrysler Imperial,Chrysler,Imperial,1949-1954,Custom,Convertible/Coupe,3XXXL-0
Chrysler Imperial,Chrysler,Imperial,1957-1975,,Coupe,3XXXXL-0
Chrysler Imperial,Chrysler,Imperial,1990-1993,,Sedan,3XXL
Chrysler Imperial Crown,Chrysler,Imperial Crown,1963-1975,,Coupe,3XXXXL-0
Chrysler Intrepid,Chrysler,Intrepid,1993-2004,,Sedan,3XXL
Chrysler LHS,Chrysler,LHS,1993-2001,,Sedan,3XXL
Chrysler LeBaron,Chrysler,LeBaron,1977-1981,,Wagon,2XXL-525
Chrysler LeBaron,Chrysler,LeBaron,1977-1981,,Coupe,3XL+0
Chrysler LeBaron,Chrysler,LeBaron,1977-1981,,Sedan,3XXL
Chrysler LeBaron,Chrysler,LeBaron,1981-1995,,Sedan,3L
Chrysler LeBaron,Chrysler,LeBaron,1981-1995,,Convertible,3L-0
Chrysler LeBaron,Chrysler,LeBaron,1981-1995,,Coupe,3L-0
Chrysler Nassau,Chrysler,Nassau,2007,,Hatchback,2XL+
Chrysler Neon,Chrysler,Neon,1994-2004,,Sedan,3M
Chrysler New Yorker,Chrysler,New Yorker,1949-1954,,Sedan,3XXXL
Chrysler New Yorker,Chrysler,New Yorker,1955-1978,,Convertible/Coupe,3XXXXL-0
Chrysler New Yorker,Chrysler,New Yorker,1960-1964,,Sedan,无可用尺码
Chrysler New Yorker,Chrysler,New Yorker,1983-1988,,Sedan,3XL
Chrysler New Yorker,Chrysler,New Yorker,1988-1996,,Sedan,3XXL
Chrysler Newport,Chrysler,Newport,1968-1973,,Convertible/Coupe,3XXXXL-0
Chrysler Newport,Chrysler,Newport,1968-1978,Incl: Hardtop,Sedan,无可用尺码
Chrysler PT Cruiser,Chrysler,PT Cruiser,2000-2010,,Wagon,2L+
Chrysler PT Cruiser,Chrysler,PT Cruiser,2000-2010,,Convertible,3M-0
Chrysler Pacifica,Chrysler,Pacifica,2003-2008,,SUV,YXL
Chrysler Pacifica,Chrysler,Pacifica,2016-2026,,MPV,2XXL-525
Chrysler Prowler,Chrysler,Prowler,2001-2002,,Convertible,3S-0
Chrysler Saratoga,Chrysler,Saratoga,1989-1995,,Sedan,3L
Chrysler Sebring,Chrysler,Sebring,1994-2000,,Convertible,3XL+0
Chrysler Sebring,Chrysler,Sebring,1994-2006,,Coupe,3XL-0
Chrysler Sebring,Chrysler,Sebring,2000-2010,,Sedan,3XL
Chrysler Sebring,Chrysler,Sebring,2000-2003,,Convertible,无可用尺码
Chrysler Sebring,Chrysler,Sebring,2003-2010,,Convertible,3XL+0
Chrysler Six,Chrysler,Six,1924-1935,,Sedan,3S
Chrysler Six,Chrysler,Six,1924-1935,,Convertible/Roadster,3S-0
Chrysler Stratus,Chrysler,Stratus,1994-2000,,Sedan,3XL
Chrysler Stratus,Chrysler,Stratus,1994-2000,,Convertible,3XL-0
Chrysler TC by Maserati,Chrysler,TC by Maserati,1989-1991,,Convertible,3M-0
Chrysler Town & Country,Chrysler,Town & Country,1941-1988,,Convertible,3XXXL-0
Chrysler Town & Country,Chrysler,Town & Country,1990-2000,,MPV,2XL+
Chrysler Town & Country,Chrysler,Town & Country,2000-2005,SWB,MPV,2XL
Chrysler Town & Country,Chrysler,Town & Country,2000-2016,,MPV,2XXL-525
Chrysler Viper,Chrysler,Viper,1992-2002,,Convertible/Coupe,3M-0
Chrysler Vision,Chrysler,Vision,1992-1997,,Sedan,3XXL
Chrysler Voyager,Chrysler,Voyager,1984-1990,,MPV,2L+
Chrysler Voyager,Chrysler,Voyager,1991-1995,,MPV,2XL
Chrysler Voyager,Chrysler,Voyager,1991-1995,Grand,MPV,2XL+
Chrysler Voyager,Chrysler,Voyager,1995-2001,Grand,MPV,2XL
Chrysler Voyager,Chrysler,Voyager,1995-2001,,MPV,2XL+
Chrysler Voyager,Chrysler,Voyager,2000-2008,,MPV,2XL
Chrysler Voyager,Chrysler,Voyager,2000-2016,Grand,MPV,2XXL-525
Chrysler Voyager,Chrysler,Voyager,2019-2026,,MPV,2XXL-525
Chrysler Windsor,Chrysler,Windsor,1953-1954,,Sedan,3XXXL
Ciimo (Dongfeng-Honda) M-NV,Ciimo (Dongfeng-Honda),M-NV,2020-2023,,SUV,YM+
Ciimo (Dongfeng-Honda) X-NV,Ciimo (Dongfeng-Honda),X-NV,2019-2021,,SUV,YM+
Citroen 2 CV,Citroen,2 CV,1963-1990,,Hatchback,2M
Citroen AX,Citroen,AX,1986-1998,L138.8 W61.2 H53.3/L138.8 W62.8 H50.8,Hatchback,2S
Citroen Ami,Citroen,Ami,1961-1978,,Wagon,2M
Citroen Ami,Citroen,Ami,1961-1978,,Sedan,3S
Citroen Ami EV,Citroen,Ami EV,2020-2026,,Hatchback,2S-280
Citroen BX,Citroen,BX,1982-1994,,Hatchback/Wagon,2L+
Citroen Basalt,Citroen,Basalt,2024-2026,,SUV,YM+
Citroen Berlingo,Citroen,Berlingo,1996-2012,,MPV,2L-200
Citroen Berlingo,Citroen,Berlingo,1996-2012,,Van,2L-200
Citroen Berlingo,Citroen,Berlingo,2008-2026,,MPV,2XL
Citroen Berlingo,Citroen,Berlingo,2008-2026,,Van,2XL
Citroen Berlingo,Citroen,Berlingo,2015-2024,Long/XL,MPV/Van,2XL
Citroen C-Crosser,Citroen,C-Crosser,2007-2013,,SUV,YL
Citroen C-Elysee,Citroen,C-Elysee,2012-2022,,Sedan,3M
Citroen C-Quatre,Citroen,C-Quatre,2008-2016,,Sedan,3L
Citroen C-Quatre,Citroen,C-Quatre,2013-2016,Incl: Cross,Hatchback,2L+
Citroen C-Triomphe,Citroen,C-Triomphe,2006-2010,,Sedan,3XL
Citroen C-ZERO,Citroen,C-ZERO,2010-2012,,Hatchback,2S
Citroen C1,Citroen,C1,2005-2022,Incl: L136.5 W63.6 H57.5/L136.5 W63.6 H58.3,Hatchback,2S
Citroen C2,Citroen,C2,2003-2009,,Hatchback,2M
Citroen C3,Citroen,C3,2002-2026,,Hatchback,2M
Citroen C3,Citroen,C3,2002-2010,Pluriel,Convertible,3S-0
Citroen C3 Aircross,Citroen,C3 Aircross,2017-2026,,SUV,YM+
Citroen C3 Picasso,Citroen,C3 Picasso,2008-2017,,MPV,2M
Citroen C3-XR,Citroen,C3-XR,2014-2023,,Hatchback,2L+
Citroen C3L,Citroen,C3L,2020-2021,,Sedan,3M
Citroen C4,Citroen,C4,2004-2026,Incl: L167.7 W69.8 H57.4/L168.3 W69.6 H57.4,Hatchback,2L+
Citroen C4,Citroen,C4,2004-2014,,Sedan,3XL
Citroen C4,Citroen,C4,2010-2022,,Sedan,3L
Citroen C4,Citroen,C4,2020-2026,X,Sedan,3L
Citroen C4 Aircross,Citroen,C4 Aircross,2012-2017,,SUV,YM+
Citroen C4 Cactus,Citroen,C4 Cactus,2014-2024,,SUV,YM+
Citroen C4 Picasso,Citroen,C4 Picasso,2006-2018,,MPV,2L+
Citroen C4 Picasso,Citroen,C4 Picasso,2006-2018,Grand,MPV,2XL
Citroen C4 SpaceTourer,Citroen,C4 SpaceTourer,2018-2022,,MPV,2L+
Citroen C4 SpaceTourer,Citroen,C4 SpaceTourer,2018-2022,Grand,MPV,2XL
Citroen C5,Citroen,C5,2000-2008,,Wagon,2XL+
Citroen C5,Citroen,C5,2000-2017,,Liftback/Sedan,3XL
Citroen C5,Citroen,C5,2007-2017,,Wagon,2XL
Citroen C5,Citroen,C5,2007-2017,CrossTourer,Wagon,2XL
Citroen C5 Aircross,Citroen,C5 Aircross,2018-2026,,SUV,YM+
Citroen C5 Aircross,Citroen,C5 Aircross,2025-2026,,SUV,YL
Citroen C5 X,Citroen,C5 X,2021-2026,,SUV,YL
Citroen C6,Citroen,C6,2004-2023,,Sedan,3XXL
Citroen C8,Citroen,C8,2002-2014,,MPV,2XL
Citroen CX,Citroen,CX,1974-1991,,Hatchback/Wagon,2XL
Citroen DS,Citroen,DS,1955-1976,,Wagon,2XL+
Citroen DS,Citroen,DS,1955-1976,,Sedan,3XL
Citroen DS,Citroen,DS,1955-1976,,Convertible,3XL-0
Citroen DS3,Citroen,DS3,2009-2015,,Hatchback,2M
Citroen DS3,Citroen,DS3,2009-2014,,Convertible,3S-0
Citroen DS4,Citroen,DS4,2010-2015,,Hatchback,2L+
Citroen SM,Citroen,SM,1970-1975,,Coupe,3XL-0
Citroen SpaceTourer,Citroen,SpaceTourer,2016-2024,XS,MPV,2XL-200
Citroen SpaceTourer,Citroen,SpaceTourer,2016-2026,M,MPV,2XXL-525
Citroen SpaceTourer,Citroen,SpaceTourer,2016-2026,XL,MPV,2XXL-545
Citroen Traction Avant,Citroen,Traction Avant,1934-1957,,Wagon,2XL+
Citroen Traction Avant,Citroen,Traction Avant,1934-1957,,Sedan,3M
Citroen Traction Avant,Citroen,Traction Avant,1934-1957,,Convertible,3M-0
Citroen Visa,Citroen,Visa,1978-1991,,Hatchback,2M
Citroen XM,Citroen,XM,1989-2000,,Wagon,2XL+
Citroen XM,Citroen,XM,1989-2000,,Liftback,3XL
Citroen Xantia,Citroen,Xantia,1992-2002,,Wagon,2XL
Citroen Xantia,Citroen,Xantia,1992-1998,,Liftback,3M
Citroen Xantia,Citroen,Xantia,1998-2002,,Liftback,3L
Citroen Xsara,Citroen,Xsara,1997-2006,,Hatchback/Wagon,2L+
Citroen Xsara Picasso,Citroen,Xsara Picasso,1999-2012,,MPV,2L+
Citroen ZX,Citroen,ZX,1991-1998,,Wagon,2L+
Citroen ZX,Citroen,ZX,1991-1998,L160.2 W66.5 H54.7/L160.2 W66.5 H55.1,Hatchback,2M
Cizeta V16t,Cizeta,V16t,1991-1995,,Coupe,3L-0
Coda EV,Coda,EV,2012-2013,,Sedan,3M
Coggiola T Rex,Coggiola,T Rex,2000-2016,,SUV,无可用尺码
Cord L-29,Cord,L-29,1929-1932,,Sedan,3M
Cord L-29,Cord,L-29,1929-1932,,Convertible,3M-0
Cowin Showjet,Cowin,Showjet,2020-2022,,SUV,YM+
Cupra Ateca,Cupra,Ateca,2018-2026,,SUV,YM+
Cupra Born,Cupra,Born,2021-2026,,Hatchback,2L+
Cupra Formentor,Cupra,Formentor,2020-2026,,SUV,YM+
Cupra Leon,Cupra,Leon,2020-2026,,Hatchback,2L+
Cupra Leon,Cupra,Leon,2020-2026,Sportstourer,Wagon,2XL
Cupra Raval,Cupra,Raval,2026,,Hatchback,2M
Cupra Tavascan,Cupra,Tavascan,2023-2026,,SUV,YL
Cupra Terramar,Cupra,Terramar,2024-2026,,SUV,YM+
Czinger 21C,Czinger,21C,2020-2026,,Coupe,3XL-0
DKW 3=6,DKW,3=6,1953-1955,,Sedan,3M
DR 1,DR,1,2023-2026,EV,Hatchback,2S
DR 3,DR,3,2022-2026,,SUV,YM+
DR 5,DR,5,2022-2026,,SUV,YM+
DR 6,DR,6,2022-2026,Incl: PHEV/T-GDI,SUV,YM+
DR 7,DR,7,2023-2026,,SUV,YL
DS 3,DS,3,2015-2019,,Hatchback,2M
DS 3,DS,3,2015-2019,,Convertible,3S-0
DS 3 Crossback,DS,3 Crossback,2018-2022,,SUV,YM+
DS 4,DS,4,2015-2025,Incl: Crossback,Hatchback,2L+
DS 5,DS,5,2015-2018,,Hatchback,2XL
DS 7 Crossback,DS,7 Crossback,2017-2026,,SUV,YM+
DS 9,DS,9,2020-2024,,Sedan,3XXL
DS No4,DS,No4,2025-2026,,Hatchback,2L+
DS No7,DS,No7,2026,,SUV,YL
DS No8,DS,No8,2025-2026,,SUV,YXL
DW Hower H3,DW Hower,H3,2017-2019,,SUV,YL
DW Hower H5,DW Hower,H5,2017-2019,,SUV,YL
Dacia 1300,Dacia,1300,1969-1978,,Wagon,2L+
Dacia 1300,Dacia,1300,1969-1978,,Sedan,3M
Dacia 1310,Dacia,1310,1979-2004,,Hatchback/Wagon,2L+
Dacia 1310,Dacia,1310,1979-2004,,Sedan,3M
Dacia 1410,Dacia,1410,1984-2004,,Coupe,3M-0
Dacia Bigster,Dacia,Bigster,2024-2026,,SUV,YM+
Dacia Dokker,Dacia,Dokker,2012-2021,Incl: Stepway,MPV/Van,2XL
Dacia Duster,Dacia,Duster,2010-2026,,SUV,YM+
Dacia Jogger,Dacia,Jogger,2021-2026,,Wagon,2XL
Dacia Lodgy,Dacia,Lodgy,2012-2022,,MPV,2L+
Dacia Lodgy,Dacia,Lodgy,2012-2017,Stepway,MPV,2L+
Dacia Lodgy,Dacia,Lodgy,2017-2022,Stepway,MPV,2XL
Dacia Logan,Dacia,Logan,2004-2020,Incl: Stepway,Van/Wagon,2L+
Dacia Logan,Dacia,Logan,2004-2026,,Sedan,3M
Dacia Nova,Dacia,Nova,1995-2000,,Liftback,3S
Dacia Sandero,Dacia,Sandero,2007-2026,Incl: Stepway,Hatchback,2M
Dacia Solenza,Dacia,Solenza,2003-2005,,Liftback,3S
Dacia Spring,Dacia,Spring,2021-2026,,Hatchback,2M
Dacia SuperNova,Dacia,SuperNova,2000-2003,,Liftback,3S
Dadi City Leading,Dadi,City Leading,2004-2007,,SUV,YXL
Dadi Shuttle,Dadi,Shuttle,2005-2007,,SUV,YXL
Daewoo Alpheon,Daewoo,Alpheon,2010-2015,,Sedan,3XXL
Daewoo Arcadia,Daewoo,Arcadia,1994-1999,,Sedan,3XXL
Daewoo Chairman,Daewoo,Chairman,1999-2002,,Sedan,3XXL
Daewoo Damas,Daewoo,Damas,1991-2011,Incl: Coach,MPV/Van,无可用尺码
Daewoo Espero,Daewoo,Espero,1990-1999,,Sedan,3L
Daewoo Evanda,Daewoo,Evanda,2002-2005,,Sedan,3XL
Daewoo G2X,Daewoo,G2X,2007-2008,,Roadster,3S-0
Daewoo Gentra,Daewoo,Gentra,2005-2011,,Hatchback,2M
Daewoo Gentra,Daewoo,Gentra,2005-2015,,Sedan,3M
Daewoo Kalos,Daewoo,Kalos,2002-2007,,Hatchback,2M
Daewoo Kalos,Daewoo,Kalos,2002-2007,,Sedan,3M
Daewoo Korando,Daewoo,Korando,1999-2001,Incl: Soft Top,SUV,YM+
Daewoo Lacetti,Daewoo,Lacetti,2002-2010,,Hatchback,2L+
Daewoo Lacetti,Daewoo,Lacetti,2002-2010,,Sedan,3M
Daewoo Lacetti Premiere,Daewoo,Lacetti Premiere,2008-2011,,Sedan,3L
Daewoo Lanos,Daewoo,Lanos,1997-2008,,Hatchback,2M
Daewoo Lanos,Daewoo,Lanos,1997-2008,,Sedan,3M
Daewoo Lanos,Daewoo,Lanos,1997-2008,,Convertible,3S-0
Daewoo LeMans,Daewoo,LeMans,1986-1994,,Sedan,3M
Daewoo Leganza,Daewoo,Leganza,1997-2008,,Sedan,3L
Daewoo Magnus,Daewoo,Magnus,2000-2006,,Sedan,3XL
Daewoo Matiz,Daewoo,Matiz,1998-2016,Incl: Best,Hatchback,2S
Daewoo Matiz Creative,Daewoo,Matiz Creative,2009-2011,,Hatchback,2S
Daewoo Musso,Daewoo,Musso,1999-2002,,SUV,YL
Daewoo Nexia,Daewoo,Nexia,1994-2008,L167.6 W65.4 H54.8/L167.6 W65.4 H54.9,Hatchback,2L+
Daewoo Nexia,Daewoo,Nexia,1994-2016,,Sedan,3M
Daewoo Nubira,Daewoo,Nubira,1997-2003,,Hatchback,2L+
Daewoo Nubira,Daewoo,Nubira,1997-2000,,Wagon,2L+
Daewoo Nubira,Daewoo,Nubira,1997-2005,,Sedan,3M
Daewoo Nubira,Daewoo,Nubira,1999-2005,,Wagon,2XL
Daewoo Prince,Daewoo,Prince,1991-1999,,Sedan,3XL
Daewoo Racer,Daewoo,Racer,1986-1997,,Hatchback,2L+
Daewoo Racer,Daewoo,Racer,1986-1997,,Sedan,3M
Daewoo Rezzo,Daewoo,Rezzo,2000-2008,,MPV,2L+
Daewoo Royale,Daewoo,Royale,1981-1992,Salon,Sedan,3XL
Daewoo Sens,Daewoo,Sens,2002-2009,,Sedan,3M
Daewoo Tacuma,Daewoo,Tacuma,2000-2011,,MPV,2L+
Daewoo Tico,Daewoo,Tico,1991-2001,,Hatchback,2S
Daewoo Tosca,Daewoo,Tosca,2006-2011,,Sedan,3XL
Daewoo Winstorm,Daewoo,Winstorm,2006-2011,,SUV,YL
Daihatsu Altis,Daihatsu,Altis,2000-2010,,Sedan,3XL
Daihatsu Altis,Daihatsu,Altis,2012-2017,,Sedan,3XL
Daihatsu Altis,Daihatsu,Altis,2017-2021,,Sedan,3XXL
Daihatsu Applause,Daihatsu,Applause,1989-2000,,Liftback,3M
Daihatsu Atrai,Daihatsu,Atrai,1981-1986,,MPV,2S
Daihatsu Atrai,Daihatsu,Atrai,1999-2005,Atrai7,MPV,2L-200
Daihatsu Atrai,Daihatsu,Atrai,1999-2026,,MPV,无可用尺码
Daihatsu Be-go,Daihatsu,Be-go,2006-2016,,SUV,YM+
Daihatsu Bee,Daihatsu,Bee,1951-1952,,Coupe,3S-0
Daihatsu Boon,Daihatsu,Boon,2004-2010,,Hatchback,2S
Daihatsu Boon,Daihatsu,Boon,2010-2023,,Hatchback,2M
Daihatsu Boon Luminas,Daihatsu,Boon Luminas,2008-2012,,MPV,2L+
Daihatsu Cast,Daihatsu,Cast,2015-2023,,Hatchback,2S
Daihatsu Ceria,Daihatsu,Ceria,2001-2006,,Hatchback,2S
Daihatsu Charade,Daihatsu,Charade,1977-1987,,Hatchback,2S
Daihatsu Charade,Daihatsu,Charade,1987-1993,,Hatchback,2M
Daihatsu Charade,Daihatsu,Charade,1987-2000,,Sedan,3S
Daihatsu Charade,Daihatsu,Charade,1993-2000,L147.6 W63.8 H54.5/L148.8 W63.8 H54.5/L148.8 W63.8 H54.7,Hatchback,2M
Daihatsu Charmant,Daihatsu,Charmant,1981-1987,,Sedan,3M
Daihatsu Coo,Daihatsu,Coo,2006-2013,,MPV,2M
Daihatsu Copen,Daihatsu,Copen,2002-2026,Incl: Cero,Roadster,无可用尺码
Daihatsu Cuore,Daihatsu,Cuore,1980-1985,,Hatchback,无可用尺码
Daihatsu Cuore,Daihatsu,Cuore,1985-2013,,Hatchback,2S
Daihatsu Delta Wagon,Daihatsu,Delta Wagon,1986-2001,,MPV,2XL-200
Daihatsu Esse,Daihatsu,Esse,2005-2011,,Hatchback,2S
Daihatsu Extol,Daihatsu,Extol,1999-2004,,MPV,2L-200
Daihatsu Fellow,Daihatsu,Fellow,1966-1976,Incl: II (Max) L2995 W1295 H1305/II (Max) L2995 W1295 H1310,Coupe/Sedan,无可用尺码
Daihatsu Feroza,Daihatsu,Feroza,1989-1999,Incl: Открытый,SUV,YS-380
Daihatsu Gran Move,Daihatsu,Gran Move,1996-2002,,MPV,2M
Daihatsu Hijet,Daihatsu,Hijet,1981-1986,,MPV,2S
Daihatsu Hijet,Daihatsu,Hijet,1986-2026,,MPV,无可用尺码
Daihatsu Hijet,Daihatsu,Hijet,1990-2004,,Van,无可用尺码
Daihatsu Hijet,Daihatsu,Hijet,2004-2021,,Van,2S
Daihatsu Hijet Caddie,Daihatsu,Hijet Caddie,2016-2021,,Van,无可用尺码
Daihatsu Leeza,Daihatsu,Leeza,1986-1993,,Hatchback,2S
Daihatsu Leeza,Daihatsu,Leeza,1986-1993,,Convertible,无可用尺码
Daihatsu MAX,Daihatsu,MAX,2001-2005,,Hatchback,2S
Daihatsu Materia,Daihatsu,Materia,2006-2013,,Hatchback,2M
Daihatsu Mebius,Daihatsu,Mebius,2013-2021,,Wagon,2XL
Daihatsu Midget,Daihatsu,Midget,1996-2002,,MPV,无可用尺码
Daihatsu Mira,Daihatsu,Mira,1990-2018,Incl: L125.8 W54.9 H55.1/L129.7 W54.9 H55.1/L133.7 W58.1 H56.1/L133.7 W58.1 H59.1/L134.3 W58.1 H55.9/L134.3 W58.1 H59.1/Moderno,Hatchback,2S
Daihatsu Mira Cocoa,Daihatsu,Mira Cocoa,2009-2018,,Hatchback,2S
Daihatsu Mira Gino,Daihatsu,Mira Gino,1999-2009,Incl: L133.7 W58.1 H59.6/L134.4 W58.9 H56.1,Hatchback,2S
Daihatsu Mira Tocot,Daihatsu,Mira Tocot,2018-2023,,Hatchback,2S
Daihatsu Mira e:S,Daihatsu,Mira e:S,2011-2023,,Hatchback,2S
Daihatsu Move,Daihatsu,Move,1995-2026,,MPV,2S
Daihatsu Move Canbus,Daihatsu,Move Canbus,2016-2026,,MPV,2S
Daihatsu Move Conte,Daihatsu,Move Conte,2008-2017,,Hatchback,2S
Daihatsu Move Latte,Daihatsu,Move Latte,2004-2009,Latte,MPV,2S
Daihatsu Naked,Daihatsu,Naked,2000-2004,,MPV,2S
Daihatsu Opti,Daihatsu,Opti,1992-1998,,Hatchback,2S
Daihatsu Opti,Daihatsu,Opti,1998-2002,,Sedan,无可用尺码
Daihatsu Pyzar,Daihatsu,Pyzar,1996-2002,,MPV,2M
Daihatsu Rocky,Daihatsu,Rocky,1989-2026,Incl: L164.0 W66.5 H76.0,SUV,YM+
Daihatsu Rocky,Daihatsu,Rocky,1989-1998,L145.9 W64.4 H67.9,SUV,YS-380
Daihatsu Rugger,Daihatsu,Rugger,1984-1992,,SUV,YS-410
Daihatsu Rugger,Daihatsu,Rugger,1993-2002,,SUV,YM+
Daihatsu Sirion,Daihatsu,Sirion,1998-2004,,Hatchback,2M
Daihatsu Sirion,Daihatsu,Sirion,2004-2007,,Hatchback,2S
Daihatsu Sirion,Daihatsu,Sirion,2007-2015,,Hatchback,2M
Daihatsu Sonica,Daihatsu,Sonica,2006-2009,,Hatchback,2S
Daihatsu Storia,Daihatsu,Storia,1998-2004,,Hatchback,2M
Daihatsu Taft,Daihatsu,Taft,1974-1984,,SUV,无可用尺码
Daihatsu Taft,Daihatsu,Taft,2020-2026,,Hatchback,2S
Daihatsu Tanto,Daihatsu,Tanto,2003-2026,,MPV,2S
Daihatsu Tanto Exe,Daihatsu,Tanto Exe,2009-2014,,Hatchback,2S
Daihatsu Terios,Daihatsu,Terios,1997-2012,Kid,SUV,YS-380
Daihatsu Terios,Daihatsu,Terios,1997-2012,,SUV,YS-410
Daihatsu Terios,Daihatsu,Terios,2006-2023,,SUV,YM+
Daihatsu Thor,Daihatsu,Thor,2016-2026,,MPV,2M
Daihatsu Trevis,Daihatsu,Trevis,2006-2011,,Hatchback,2S
Daihatsu Wake,Daihatsu,Wake,2014-2022,,MPV,无可用尺码
Daihatsu Wildcat,Daihatsu,Wildcat,1985-1987,,SUV,YS-380
Daihatsu Xenia,Daihatsu,Xenia,2003-2011,,MPV,2M
Daihatsu YRV,Daihatsu,YRV,2000-2005,,MPV,2M
Daimler DS420,Daimler,DS420,1968-1992,,Sedan,无可用尺码
Daimler Regency,Daimler,Regency,1951-1958,,Sedan,3XL
Daimler SP250,Daimler,SP250,1959-1964,,Convertible,3S-0
Daimler Sovereign (XJ6),Daimler,Sovereign (XJ6),1969-1993,,Sedan,3XL
Daimler X300,Daimler,X300,1993-1997,,Sedan,3XXL
Daimler X308,Daimler,X308,1997-2003,,Sedan,3XXL
Daimler X350,Daimler,X350,2005-2009,,Sedan,3XXL
Daimler XJ40,Daimler,XJ40,1986-1994,,Sedan,3XXL
Daimler XJS,Daimler,XJS,1973-1977,,Coupe,3XL-0
Dallara Stradale,Dallara,Stradale,2017-2026,,Speedster,3S-0
Datsun 200/220/260/280C,Datsun,200/220/260/280C,1975-1979,,Sedan,3XL
Datsun 240Z,Datsun,240Z,1970-1973,,Coupe,3S-0
Datsun 280Z,Datsun,280Z,1975-1979,,Coupe,3M-0
Datsun 280ZX,Datsun,280ZX,1978-1983,,Coupe,3L-0
Datsun Bluebird,Datsun,Bluebird,1976-1981,,Sedan,3M
Datsun Bluebird,Datsun,Bluebird,1976-1981,,Coupe,3M-0
Datsun Cherry,Datsun,Cherry,1970-1982,Incl: L153.1 W63.0 H53.5/L153.1 W63.8 H53.5,Hatchback/Wagon,2M
Datsun Cherry,Datsun,Cherry,1970-1982,,Coupe,3S-0
Datsun Cherry,Datsun,Cherry,1974-1978,,Sedan,3S
Datsun GO,Datsun,GO,2014-2020,,Hatchback,2M
Datsun GO+,Datsun,GO+,2014-2022,,MPV,2M
Datsun Laurel,Datsun,Laurel,1977-1984,,Sedan,3L
Datsun Laurel,Datsun,Laurel,1977-1981,,Coupe,3L-0
Datsun Stanza,Datsun,Stanza,1977-1981,,Hatchback,2M
Datsun Stanza,Datsun,Stanza,1977-1986,,Sedan,3M
Datsun Stanza,Datsun,Stanza,1982-1986,L167.3 W65.6 H54.5/L173.4 W65.6 H54.5,Hatchback,2L+
Datsun Urvan,Datsun,Urvan,1982-1988,,MPV,2L-200
Datsun Violet,Datsun,Violet,1973-1979,,Sedan,3S
Datsun mi-DO,Datsun,mi-DO,2015-2020,,Hatchback,2M
Datsun on-DO,Datsun,on-DO,2014-2020,,Sedan,3M
Dayun Yuanzhi M1,Dayun,Yuanzhi M1,2020-2026,,MPV,2XL+
Dayun Yuehu,Dayun,Yuehu,2020-2026,,SUV,YS-380
De Tomaso Bigua,De Tomaso,Bigua,2000-2002,,Convertible,3S-0
De Tomaso Guara,De Tomaso,Guara,1993-2001,,Coupe/Speedster,3L-0
De Tomaso Longchamp,De Tomaso,Longchamp,1972-1989,,Coupe,3L-0
De Tomaso Mangusta,De Tomaso,Mangusta,1967-1971,,Coupe,3M-0
De Tomaso Mangusta,De Tomaso,Mangusta,1996-2001,,Coupe,3S-0
De Tomaso Pantera,De Tomaso,Pantera,1970-1991,,Coupe,3S-0
De Tomaso Vallelunga,De Tomaso,Vallelunga,1964-1968,,Coupe,3M-0
DeLorean DMC-12,DeLorean,DMC-12,1981-1982,,Coupe,3M-0
DeSoto Custom,DeSoto,Custom,1949-1952,,Sedan,3XXL
DeSoto Deluxe,DeSoto,Deluxe,1946-1952,,Sedan,3XXL
DeSoto Deluxe,DeSoto,Deluxe,1946-1952,Business Coupe/Club Coupe,Coupe,3XXL-0
DeSoto Firedome,DeSoto,Firedome,1952-1959,,Sedan,3XXXL
DeSoto Firedome,DeSoto,Firedome,1952-1959,,Coupe,3XXXXL-0
DeSoto Fireflite,DeSoto,Fireflite,1955-1960,,Sedan,3XXXL
DeSoto Fireflite,DeSoto,Fireflite,1955-1960,,Convertible/Coupe,3XXXL-0
Deco Rides Zephyr,Deco Rides,Zephyr,1999-2026,,Coupe,3XXXL-0
Delage D12,Delage,D12,2020-2026,,Coupe,3XL-0
Delage D6,Delage,D6,1930-1940,,Coupe,3M-0
Delage D6,Delage,D6,1930-1940,,Sedan,3XXL
Delage DI,Delage,DI,1923-1927,,Sedan,3M
Delage DI,Delage,DI,1923-1927,Incl: Torpedo,Convertible/Phaeton,3M-0
Delage DI,Delage,DI,1923-1927,Incl: Sports Special,Coupe/Roadster,3S-0
Denza 500,Denza,500,2014-2019,,Sedan,3L
Denza D9,Denza,D9,2022-2026,,MPV,2XXL-525
Denza N7,Denza,N7,2023-2026,,SUV,YXL
Denza N8,Denza,N8,2023-2024,,SUV,YXL
Denza N8L,Denza,N8L,2025-2026,,SUV,YXXL
Denza N9,Denza,N9,2024-2026,,SUV,YXXL
Denza X,Denza,X,2019-2022,,SUV,YXL
Denza Z9,Denza,Z9,2024-2026,GT,Hatchback,2XXL-525
Denza Z9,Denza,Z9,2024-2026,,Sedan,3XXL
Derways Aurora,Derways,Aurora,2006-2008,,SUV,YL
Derways Cowboy,Derways,Cowboy,2004-2006,,SUV,YM+
Derways Land Crown,Derways,Land Crown,2006-2007,,SUV,YL
Derways Saladin,Derways,Saladin,2006-2008,,SUV,YM+
Derways Shuttle,Derways,Shuttle,2005-2008,,SUV,YXL
Dodge 600,Dodge,600,1983-1988,,Sedan,3XL
Dodge Aries,Dodge,Aries,1981-1989,,Wagon,2L+
Dodge Aries,Dodge,Aries,1981-1989,,Sedan,3L
Dodge Avenger,Dodge,Avenger,1994-2000,,Coupe,3XL-0
Dodge Avenger,Dodge,Avenger,2007-2010,,Sedan,3XL
Dodge Avenger,Dodge,Avenger,2011-2014,,Sedan,3XXL
Dodge Caliber,Dodge,Caliber,2006-2012,Incl: SRT4,Hatchback,2L+
Dodge Caravan,Dodge,Caravan,1984-1990,,MPV,2L+
Dodge Caravan,Dodge,Caravan,1984-2000,Grand,MPV,2XL+
Dodge Caravan,Dodge,Caravan,1990-2007,,MPV,2XL
Dodge Caravan,Dodge,Caravan,2000-2020,Grand,MPV,2XXL-525
Dodge Challenger,Dodge,Challenger,1969-1974,,Coupe,3XL-0
Dodge Challenger,Dodge,Challenger,1977-1983,,Coupe,3L-0
Dodge Challenger,Dodge,Challenger,2008-2023,Incl: SRT/SRT8,Coupe,3XL+0
Dodge Charger,Dodge,Charger,1966-1967,,Fastback,3XXL-0
Dodge Charger,Dodge,Charger,1968-1970,,Coupe,3XXXL-0
Dodge Charger,Dodge,Charger,1971-1974,,Coupe,3XXL-0
Dodge Charger,Dodge,Charger,1975-1978,,Coupe,3XXXL-0
Dodge Charger,Dodge,Charger,1982-1987,,Hatchback,2L+
Dodge Charger,Dodge,Charger,2005-2026,Incl: SRT,Liftback/Sedan,3XXL
Dodge Charger,Dodge,Charger,2024-2026,,Coupe,3XXL-0
Dodge Charger Daytona,Dodge,Charger Daytona,1969-1970,,Coupe,3XXXXL-0
Dodge Colt,Dodge,Colt,1992-1994,,Sedan,3M
Dodge Colt,Dodge,Colt,1992-1994,,Coupe,3M-0
Dodge Coronet,Dodge,Coronet,1970-1976,,Wagon,2XXL-545
Dodge Coronet,Dodge,Coronet,1970-1976,,Sedan,3XXXL
Dodge Custom Royal,Dodge,Custom Royal,1955-1959,,Sedan,3XXXL
Dodge Custom Royal,Dodge,Custom Royal,1955-1959,,Convertible/Coupe,3XXXL-0
Dodge D8,Dodge,D8,1937-1938,,Sedan,3L
Dodge Dart,Dodge,Dart,1967-1969,,Coupe,3XL+0
Dodge Dart,Dodge,Dart,1973-1976,,Sedan,3XXL
Dodge Dart,Dodge,Dart,2012-2016,,Sedan,3L
Dodge Daytona,Dodge,Daytona,1984-1993,,Hatchback,2XL
Dodge Diplomat,Dodge,Diplomat,1977-1989,,Wagon,2XXL-525
Dodge Diplomat,Dodge,Diplomat,1977-1989,,Sedan,3XXL
Dodge Diplomat,Dodge,Diplomat,1977-1989,,Coupe,3XXL-0
Dodge Durango,Dodge,Durango,1997-2013,,SUV,YXL
Dodge Durango,Dodge,Durango,2013-2020,,SUV,YXXL
Dodge Durango,Dodge,Durango,2013-2020,SRT,SUV,YXXL
Dodge Durango,Dodge,Durango,2020-2026,,SUV,YXL
Dodge Durango,Dodge,Durango,2020-2026,SRT,SUV,YXL
Dodge Dynasty,Dodge,Dynasty,1987-1993,,Sedan,3XL
Dodge Hornet,Dodge,Hornet,2022-2026,,SUV,YM+
Dodge Intrepid,Dodge,Intrepid,1992-2004,,Sedan,3XXL
Dodge Journey,Dodge,Journey,2007-2020,,SUV,YXL
Dodge Magnum,Dodge,Magnum,1977-1979,,Coupe,3XXXL-0
Dodge Magnum,Dodge,Magnum,2003-2008,,Wagon,2XL+
Dodge Mayfair,Dodge,Mayfair,1953-1959,,Convertible,3XL-0
Dodge Mirada,Dodge,Mirada,1980-1983,,Convertible/Coupe,3XXXL-0
Dodge Monaco,Dodge,Monaco,1965-1968,,Sedan,3XXXL
Dodge Monaco,Dodge,Monaco,1969-1978,,Sedan,无可用尺码
Dodge Monaco,Dodge,Monaco,1990-1993,,Sedan,3XXL
Dodge Neon,Dodge,Neon,1994-2005,,Sedan,3M
Dodge Neon,Dodge,Neon,1994-1999,,Coupe,3M-0
Dodge Neon,Dodge,Neon,2016-2021,,Sedan,3L
Dodge Nitro,Dodge,Nitro,2006-2011,,SUV,YM+
Dodge Omni,Dodge,Omni,1978-1990,,Hatchback,2L+
Dodge Polara,Dodge,Polara,1965-1973,,Sedan/Wagon,无可用尺码
Dodge RAM Van,Dodge,RAM Van,1979-1993,,MPV,无可用尺码
Dodge RAM Van,Dodge,RAM Van,1979-1993,,Van,无可用尺码
Dodge RAM Van,Dodge,RAM Van,1993-2003,,MPV,2XXL-525
Dodge Raider,Dodge,Raider,1987-1989,,SUV,YM+
Dodge Ramcharger,Dodge,Ramcharger,1974-2001,,SUV,YL
Dodge Shadow,Dodge,Shadow,1986-1994,,Liftback,2L+
Dodge Shadow,Dodge,Shadow,1986-1994,,Convertible,3M-0
Dodge Spirit,Dodge,Spirit,1988-1995,,Sedan,3L
Dodge Stealth,Dodge,Stealth,1990-1996,,Coupe,3L-0
Dodge Stratus,Dodge,Stratus,1995-2006,,Sedan,3XL
Dodge Stratus,Dodge,Stratus,2000-2006,,Coupe,3XL-0
Dodge Super Bee,Dodge,Super Bee,1968-1970,,Coupe,3XXL-0
Dodge Viper,Dodge,Viper,1992-2002,,Roadster,3M-0
Dodge Viper,Dodge,Viper,1995-2017,,Coupe,3M-0
Dodge Viper,Dodge,Viper,2002-2007,,Roadster,无可用尺码
Dodge Viper,Dodge,Viper,2007-2010,,Roadster,3M-0
Dodge WC series,Dodge,WC series,1941-1942,WC-4/WC-6,SUV,YXXL-545
Dodge WC series,Dodge,WC series,1942-1945,WC-51/WC-52,SUV,YL
Dodge WC series,Dodge,WC series,1942-1945,WC-57,SUV,无可用尺码
Dongfeng 370,Dongfeng,370,2016-2020,,SUV,YM+
Dongfeng 580,Dongfeng,580,2016-2026,,SUV,YL
Dongfeng A30,Dongfeng,A30,2014-2019,,Sedan,3L
Dongfeng A9,Dongfeng,A9,2016-2019,,Sedan,3XXL
Dongfeng AX4,Dongfeng,AX4,2017-2021,,SUV,YM+
Dongfeng AX7,Dongfeng,AX7,2015-2019,,SUV,YL
Dongfeng Aeolus AX7 Plus,Dongfeng,Aeolus AX7 Plus,2021-2026,,SUV,YL
Dongfeng Aeolus E70,Dongfeng,Aeolus E70,2017-2026,,Sedan,3L
Dongfeng Aeolus Haohan,Dongfeng,Aeolus Haohan,2023-2026,,SUV,YL
Dongfeng Aeolus Haoji,Dongfeng,Aeolus Haoji,2022-2026,,SUV,YL
Dongfeng Aeolus L7,Dongfeng,Aeolus L7,2024-2026,,SUV,YL
Dongfeng Aeolus L8,Dongfeng,Aeolus L8,2025-2026,,SUV,YL
Dongfeng Aeolus Yixuan,Dongfeng,Aeolus Yixuan,2019-2026,,Sedan,3L
Dongfeng Aeolus Yixuan GS,Dongfeng,Aeolus Yixuan GS,2020-2026,,SUV,YL
Dongfeng Aeolus Yixuan Max,Dongfeng,Aeolus Yixuan Max,2021-2026,,Sedan,3XL
Dongfeng Box,Dongfeng,Box,2024-2026,,Hatchback,2M
Dongfeng C36,Dongfeng,C36,2012-2026,,MPV,2XL-200
Dongfeng DFSK 500,Dongfeng,DFSK 500,2024-2026,,SUV,YM+
Dongfeng DFSK ix5,Dongfeng,DFSK ix5,2023-2026,,SUV,YL
Dongfeng DFSK ix7,Dongfeng,DFSK ix7,2023-2026,,SUV,YXL
Dongfeng E11K,Dongfeng,E11K,2018-2021,,Sedan,3L
Dongfeng EC36,Dongfeng,EC36,2017-2023,,MPV,2XL-200
Dongfeng Fengon 500,Dongfeng,Fengon 500,2020-2026,,SUV,YM+
Dongfeng Fengon 560,Dongfeng,Fengon 560,2017-2026,,SUV,YM+
Dongfeng Fengon E5,Dongfeng,Fengon E5,2023-2026,,SUV,YL
Dongfeng Fengon Mini EV,Dongfeng,Fengon Mini EV,2022-2026,,Hatchback,2S
Dongfeng Fengon ix5,Dongfeng,Fengon ix5,2018-2026,,SUV,YL
Dongfeng Fengon ix7,Dongfeng,Fengon ix7,2019-2024,,SUV,YXL
Dongfeng Fukang ES600,Dongfeng,Fukang ES600,2022-2026,,Sedan,3XL
Dongfeng H30 Cross,Dongfeng,H30 Cross,2011-2018,,Hatchback,2L+
Dongfeng Huge,Dongfeng,Huge,2022-2026,,SUV,YL
Dongfeng MPV,Dongfeng,MPV,2006-2009,,MPV,2XL+
Dongfeng Mage,Dongfeng,Mage,2024-2026,,SUV,YL
Dongfeng Mengshi M-Hero 800,Dongfeng,Mengshi M-Hero 800,2024-2026,,SUV,YXXL
Dongfeng Mengshi M-Hero 817,Dongfeng,Mengshi M-Hero 817,2025-2026,,SUV,YXL
Dongfeng Mengshi M-Hero 917,Dongfeng,Mengshi M-Hero 917,2023-2026,Incl: Dragon Armor,SUV,YXL
Dongfeng Nammi 06,Dongfeng,Nammi 06,2024-2026,,SUV,YM+
Dongfeng Nano EX1,Dongfeng,Nano EX1,2020-2023,,Hatchback,2M
Dongfeng Oting,Dongfeng,Oting,2007-2013,,SUV,YM+
Dongfeng Paladin,Dongfeng,Paladin,2023-2026,,SUV,YXL
Dongfeng Rich,Dongfeng,Rich,2007-2009,,SUV,YXL
Dongfeng S30,Dongfeng,S30,2013-2017,,Sedan,3L
Dongfeng Shine,Dongfeng,Shine,2019-2026,,Sedan,3L
Dongfeng Shine GS,Dongfeng,Shine GS,2024-2026,,SUV,YL
Dongfeng Shine Max,Dongfeng,Shine Max,2023-2026,,Sedan,3XL
Dongfeng Sky EV01,Dongfeng,Sky EV01,2023-2026,,SUV,YL
Doninvest Assol,Doninvest,Assol,1998-2002,,Hatchback,2L+
Doninvest Assol,Doninvest,Assol,1998-2002,,Sedan,3M
Doninvest Kondor,Doninvest,Kondor,1998-2002,,Sedan,3L
Doninvest Orion,Doninvest,Orion,1998-2002,,Wagon,2L+
Doninvest Orion,Doninvest,Orion,1998-2002,,Sedan,3M
Doninvest Orion M,Doninvest,Orion M,1999-2002,,MPV,2L-200
Donkervoort D8,Donkervoort,D8,2001-2007,,Roadster,无可用尺码
Donkervoort D8 Cosworth,Donkervoort,D8 Cosworth,1994-1998,,Convertible,无可用尺码
Donkervoort D8 GT,Donkervoort,D8 GT,2007-2012,,Coupe,3S-0
Donkervoort D8 GTO,Donkervoort,D8 GTO,2013-2022,,Roadster,3S-0
Donkervoort D8 Zetec,Donkervoort,D8 Zetec,1993-1998,,Convertible,3S-0
Donkervoort F22,Donkervoort,F22,2022-2025,,Targa,3S-0
Donkervoort P24 RS,Donkervoort,P24 RS,2026,,Targa,3S-0
E-Car GD04B,E-Car,GD04B,2012-2014,,Hatchback,2S
Eagle Premier,Eagle,Premier,1987-1992,,Sedan,3XXL
Eagle Summit,Eagle,Summit,1989-1996,,MPV,2L+
Eagle Summit,Eagle,Summit,1989-1996,,Hatchback,2M
Eagle Summit,Eagle,Summit,1989-1996,,Sedan,3M
Eagle Summit,Eagle,Summit,1989-1996,,Coupe,3M-0
Eagle Talon,Eagle,Talon,1989-1999,,Coupe,3M-0
Eagle Vision,Eagle,Vision,1992-1997,,Sedan,3XXL
Eagle Vista,Eagle,Vista,1988-1992,,MPV,2L+
Eagle Cars SS,Eagle Cars,SS,1982-1998,,Coupe,3M-0
Edsel Ranger,Edsel,Ranger,1958-1960,Incl: II L5486 W2070 H1397/II L5486 W2070 H1444,Sedan,3XXXL
Edsel Ranger,Edsel,Ranger,1958-1960,,Convertible/Coupe,3XXXL-0
Enovate (Enoreve) ME5,Enovate (Enoreve),ME5,2021-2023,,SUV,YM+
Enovate (Enoreve) ME7,Enovate (Enoreve),ME7,2020-2023,,SUV,YL
Eonyx City (M2),Eonyx,City (M2),2025-2026,,Hatchback,无可用尺码
Esteo Exlantix ES,Esteo,Exlantix ES,2025-2026,,Sedan,3XXL
Esteo Exlantix ET,Esteo,Exlantix ET,2025-2026,,SUV,YXL
Esteo Exlantix ET8,Esteo,Exlantix ET8,2026,,SUV,YXXL
Esteo MX,Esteo,MX,2026,,SUV,YL
Esteo V27,Esteo,V27,2026,,SUV,YXL
Everus VE-1,Everus,VE-1,2018-2023,,SUV,YM+
Evolute i-Jet,Evolute,i-Jet,2022-2026,,SUV,YL
Evolute i-Joy,Evolute,i-Joy,2022-2026,,SUV,YM+
Evolute i-Pro,Evolute,i-Pro,2022-2025,,Sedan,3L
Evolute i-Sky,Evolute,i-Sky,2023-2026,,SUV,YM+
Evolute i-Sky,Evolute,i-Sky,2026,,SUV,YL
Evolute i-Space,Evolute,i-Space,2023-2026,,SUV,YL
Evolute i-Van,Evolute,i-Van,2022-2026,,MPV,2XXL-525
Excalibur Series IV,Excalibur,Series IV,1980-1985,,Roadster,3XL+0
Excalibur Series IV,Excalibur,Series IV,1980-1985,,Phaeton,3XXL-0
Excalibur Series V,Excalibur,Series V,1985-1997,,Phaeton/Roadster,3XXL-0
Excalibur Series V,Excalibur,Series V,1985-1997,,Sedan,无可用尺码
Exeed ET5,Exeed,ET5,2025-2026,,SUV,YL
Exeed EX7,Exeed,EX7,2026,,SUV,YXL
Exeed Exlantix ES,Exeed,Exlantix ES,2024-2026,,Sedan,3XXL
Exeed Exlantix ET,Exeed,Exlantix ET,2025-2026,,SUV,YXL
Exeed LX,Exeed,LX,2019-2026,,SUV,YM+
Exeed RX,Exeed,RX,2023-2026,,SUV,YL
Exeed Sterra ES,Exeed,Sterra ES,2023-2026,,Sedan,3XXL
Exeed Sterra ET,Exeed,Sterra ET,2024-2026,,SUV,YXL
Exeed TX,Exeed,TX,2019-2023,,SUV,YL
Exeed TXL,Exeed,TXL,2019-2026,,SUV,YL
Exeed VX,Exeed,VX,2021-2026,,SUV,YXL
Exeed Yaoguang,Exeed,Yaoguang,2023-2026,,SUV,YL
FAW Bestune B70,FAW,Bestune B70,2020-2026,,Liftback,3XL
FAW Bestune B70S,FAW,Bestune B70S,2022-2026,,SUV,YM+
FAW Bestune E01,FAW,Bestune E01,2020-2024,,SUV,YL
FAW Bestune Joyee 03,FAW,Bestune Joyee 03,2025-2026,,SUV,YM+
FAW Bestune Joyee 07,FAW,Bestune Joyee 07,2025-2026,,SUV,YL
FAW Bestune Joyee 08,FAW,Bestune Joyee 08,2026,,Liftback,3XXL
FAW Bestune M9,FAW,Bestune M9,2023-2024,,MPV,2XXL-545
FAW Bestune NAT,FAW,Bestune NAT,2021-2026,,MPV,2L+
FAW Bestune Pony,FAW,Bestune Pony,2024-2026,,Hatchback,2S
FAW Bestune T33,FAW,Bestune T33,2019-2021,,SUV,YM+
FAW Bestune T55,FAW,Bestune T55,2021-2026,,SUV,YM+
FAW Bestune T77,FAW,Bestune T77,2018-2026,,SUV,YM+
FAW Bestune T90,FAW,Bestune T90,2023-2026,,SUV,YL
FAW Besturn B30,FAW,Besturn B30,2015-2020,,Sedan,3L
FAW Besturn B50,FAW,Besturn B50,2009-2016,,Sedan,3L
FAW Besturn B70,FAW,Besturn B70,2006-2018,,Sedan,3XL
FAW Besturn X40,FAW,Besturn X40,2016-2023,,SUV,YM+
FAW Besturn X80,FAW,Besturn X80,2013-2018,,SUV,YM+
FAW Besturn X80,FAW,Besturn X80,2018-2022,,SUV,YL
FAW CA6420,FAW,CA6420,2013-2025,,MPV,2L-200
FAW D60,FAW,D60,2014-2017,,Hatchback,2L+
FAW Jinn,FAW,Jinn,2005-2009,,Hatchback,2S
FAW Oley,FAW,Oley,2012-2015,,Hatchback,2L+
FAW Oley,FAW,Oley,2012-2015,,Sedan,3M
FAW V5,FAW,V5,2012-2017,,Sedan,3M
FAW Vita,FAW,Vita,2007-2010,,Hatchback,2M
FAW Vita,FAW,Vita,2007-2010,,Sedan,3M
FSO 125p,FSO,125p,1967-1992,,Wagon,2L+
FSO 125p,FSO,125p,1967-1992,,Sedan,3M
FSO 126p,FSO,126p,1973-1991,,Hatchback,2S
FSO 127p,FSO,127p,1971-1976,,Hatchback,2S
FSO 132p,FSO,132p,1974-1978,,Sedan,3M
FSO Lanos,FSO,Lanos,2004-2008,,Sedan,3M
FSO Polonez,FSO,Polonez,1977-2002,,Hatchback,2L+
FSO Warszawa,FSO,Warszawa,1964-1973,,Sedan,3XL
Facel Vega FV,Facel Vega,FV,1954-1958,,Coupe,3L-0
Ferrari 12Cilindri,Ferrari,12Cilindri,2024-2026,Incl: Spider,Convertible/Coupe,3XL+0
Ferrari 208/308,Ferrari,208/308,1974-1989,,Coupe/Targa,3M-0
Ferrari 250 GT Berlinetta,Ferrari,250 GT Berlinetta,1955-1959,Interim/LWB,Coupe,3M-0
Ferrari 250 GT/E 2+2,Ferrari,250 GT/E 2+2,1960-1963,,Coupe,3L-0
Ferrari 250 GTO,Ferrari,250 GTO,1962-1964,,Coupe,3M-0
Ferrari 288 GTO,Ferrari,288 GTO,1984-1987,,Coupe,3M-0
Ferrari 296,Ferrari,296,2021-2026,GTB/GTS/Speciale/Speciale A,Coupe/Roadster,3L-0
Ferrari 328,Ferrari,328,1985-1989,,Coupe/Targa,3M-0
Ferrari 330 GT 2+2,Ferrari,330 GT 2+2,1965-1967,,Coupe,3XL-0
Ferrari 348,Ferrari,348,1989-1995,,Coupe/Roadster/Targa,3M-0
Ferrari 360,Ferrari,360,1999-2005,Barchetta/Modena/Spider,Coupe/Roadster,3M-0
Ferrari 365 GTB/4 Daytona,Ferrari,365 GTB/4 Daytona,1968-1974,,Coupe,3M-0
Ferrari 365 GTC,Ferrari,365 GTC,1968-1970,,Coupe,3M-0
Ferrari 400,Ferrari,400,1976-1985,,Coupe,3XL-0
Ferrari 412,Ferrari,412,1985-1988,,Coupe,3XL-0
Ferrari 456,Ferrari,456,1992-2003,,Coupe,3XL-0
Ferrari 458,Ferrari,458,2009-2015,Italia/Speciale/Speciale A/Spider,Coupe/Roadster,3L-0
Ferrari 488,Ferrari,488,2015-2019,GTB/Pista/Pista Spider/Spider,Coupe/Roadster,3L-0
Ferrari 512 BB,Ferrari,512 BB,1976-1984,,Coupe,3M-0
Ferrari 512 M,Ferrari,512 M,1994-1996,,Coupe,3M-0
Ferrari 512 TR,Ferrari,512 TR,1991-1994,,Coupe,3M-0
Ferrari 550,Ferrari,550,1996-2001,Barchetta/Maranello,Coupe/Roadster,3L-0
Ferrari 575M,Ferrari,575M,2002-2006,Maranello/Superamerica,Coupe/Roadster,3L-0
Ferrari 599,Ferrari,599,2006-2012,,Coupe/Targa,3L-0
Ferrari 612,Ferrari,612,2004-2011,,Coupe,3XL+0
Ferrari 812,Ferrari,812,2017-2024,Competizione/Competizione A/GTS/Superfast,Coupe/Roadster,3L-0
Ferrari 849 Testarossa,Ferrari,849 Testarossa,2025-2026,Incl: Spider,Coupe/Roadster,3XL-0
Ferrari Amalfi,Ferrari,Amalfi,2025-2026,Incl: Spider,Convertible/Coupe,3L-0
Ferrari California,Ferrari,California,2008-2017,Incl: T,Convertible,3L-0
Ferrari Daytona SP3,Ferrari,Daytona SP3,2022-2026,,Targa,3L-0
Ferrari Dino 206 GT,Ferrari,Dino 206 GT,1967-1969,,Coupe,3S-0
Ferrari Dino 208/308 GT4,Ferrari,Dino 208/308 GT4,1973-1978,,Coupe,3M-0
Ferrari Dino 246 GT,Ferrari,Dino 246 GT,1969-1974,,Coupe,3M-0
Ferrari Enzo,Ferrari,Enzo,2002-2004,,Coupe,3XL-0
Ferrari F12,Ferrari,F12,2012-2017,berlinetta/tdf,Coupe,3L-0
Ferrari F355,Ferrari,F355,1994-1999,Berlinetta/GTS/Spider,Convertible/Coupe,3M-0
Ferrari F40,Ferrari,F40,1987-1992,,Coupe,3M-0
Ferrari F430,Ferrari,F430,2004-2009,Incl: Scuderia/Scuderia Spider 16M/Spider,Convertible/Coupe,3M-0
Ferrari F50,Ferrari,F50,1995-1997,,Coupe/Roadster,3M-0
Ferrari F8,Ferrari,F8,2019-2023,Spider/Tributo,Coupe/Roadster,3L-0
Ferrari F80,Ferrari,F80,2024-2026,,Coupe,3XL-0
Ferrari FF,Ferrari,FF,2011-2016,,Hatchback,2XL+
Ferrari FXX K,Ferrari,FXX K,2015-2017,,Coupe,3XL-0
Ferrari GTC4Lusso,Ferrari,GTC4Lusso,2016-2020,,Hatchback,2XL+
Ferrari LaFerrari,Ferrari,LaFerrari,2013-2017,,Coupe,3XL-0
Ferrari Luce,Ferrari,Luce,2026,,Liftback,3XXL
Ferrari Mondial,Ferrari,Mondial,1980-1993,,Convertible/Coupe,3L-0
Ferrari Monza SP,Ferrari,Monza SP,2019-2022,SP1/SP2,Roadster,3L-0
Ferrari Portofino,Ferrari,Portofino,2017-2023,,Convertible,3L-0
Ferrari Purosangue,Ferrari,Purosangue,2022-2026,,SUV,YXL
Ferrari Roma,Ferrari,Roma,2020-2026,Incl: Spider,Convertible/Coupe,3L-0
Ferrari SC40,Ferrari,SC40,2025,,Coupe,3L-0
Ferrari SF90,Ferrari,SF90,2019-2026,Spider/Spider XX/Stradale/Stradale XX,Convertible/Coupe,3XL-0
Ferrari Testarossa,Ferrari,Testarossa,1984-1991,,Coupe,3M-0
Fiat 1100,Fiat,1100,1939-1948,,Sedan,3S
Fiat 124,Fiat,124,1966-1976,,Wagon,2M
Fiat 124,Fiat,124,1966-1976,,Sedan,3S
Fiat 124,Fiat,124,1966-1976,,Coupe,3S-0
Fiat 124 Spider,Fiat,124 Spider,2016-2020,,Roadster,3S-0
Fiat 124 Sport Spider,Fiat,124 Sport Spider,1966-1985,,Convertible,3S-0
Fiat 125,Fiat,125,1967-1982,,Sedan,3M
Fiat 126,Fiat,126,1972-1996,,Hatchback,2S
Fiat 127,Fiat,127,1971-1987,,Wagon,2M
Fiat 127,Fiat,127,1971-1987,,Hatchback,2S
Fiat 128,Fiat,128,1969-1985,,Wagon,2M
Fiat 128,Fiat,128,1969-1985,,Sedan,3S
Fiat 128,Fiat,128,1969-1985,,Coupe,3S-0
Fiat 130,Fiat,130,1969-1978,,Sedan,3XL
Fiat 130,Fiat,130,1969-1978,,Coupe,3XL-0
Fiat 131,Fiat,131,1974-1985,,Wagon,2L+
Fiat 131,Fiat,131,1974-1985,,Sedan,3M
Fiat 132,Fiat,132,1972-1982,,Sedan,3M
Fiat 1500,Fiat,1500,1935-1950,,Sedan,3M
Fiat 2300,Fiat,2300,1961-1969,,Sedan,3M
Fiat 238,Fiat,238,1966-1982,,MPV,2XL-200
Fiat 500,Fiat,500,1936-1955,,Sedan,无可用尺码
Fiat 500,Fiat,500,1957-1975,,Hatchback,2S
Fiat 500,Fiat,500,2007-2024,,Hatchback,2S
Fiat 500,Fiat,500,2007-2015,,Convertible,无可用尺码
Fiat 500,Fiat,500,2015-2026,,Convertible,3S-0
Fiat 500,Fiat,500,2020-2026,,Hatchback,2M
Fiat 500L,Fiat,500L,2012-2022,Cross/Living/Trekking/Wagon,MPV,2L+
Fiat 500L,Fiat,500L,2012-2017,,MPV,2M
Fiat 500L,Fiat,500L,2017-2022,,MPV,2L+
Fiat 500X,Fiat,500X,2014-2023,,SUV,YM+
Fiat 508,Fiat,508,1932-1939,,Sedan,无可用尺码
Fiat 600,Fiat,600,2005-2010,,Hatchback,2S
Fiat 600e,Fiat,600e,2023-2026,,SUV,YM+
Fiat 850,Fiat,850,1964-1971,,Sedan,3S
Fiat 850,Fiat,850,1964-1971,Incl: Spider,Fastback/Roadster,3S-0
Fiat 900T,Fiat,900T,1976-1985,,MPV,无可用尺码
Fiat Albea,Fiat,Albea,2002-2012,,Sedan,3S
Fiat Argenta,Fiat,Argenta,1981-1986,,Sedan,3S
Fiat Barchetta,Fiat,Barchetta,1995-2005,,Convertible,3S-0
Fiat Brava,Fiat,Brava,1995-2001,,Hatchback,2L+
Fiat Bravo,Fiat,Bravo,1995-2001,,Hatchback,2M
Fiat Bravo,Fiat,Bravo,2007-2014,,Hatchback,2L+
Fiat Cinquecento,Fiat,Cinquecento,1991-1998,,Hatchback,2S
Fiat Coupe,Fiat,Coupe,1993-2001,,Coupe,3M-0
Fiat Croma,Fiat,Croma,1985-1996,,Liftback,3L
Fiat Croma,Fiat,Croma,2005-2011,,Wagon,2XL
Fiat Doblo,Fiat,Doblo,2000-2005,,MPV,2L-200
Fiat Doblo,Fiat,Doblo,2000-2005,,Van,2L-200
Fiat Doblo,Fiat,Doblo,2005-2015,,MPV,2XL
Fiat Doblo,Fiat,Doblo,2005-2026,,Van,2XL
Fiat Doblo,Fiat,Doblo,2009-2022,Long/Maxi,MPV,2XL-200
Fiat Doblo,Fiat,Doblo,2015-2022,,MPV,2XL-200
Fiat Doblo,Fiat,Doblo,2022-2026,,MPV,2XL
Fiat Doblo,Fiat,Doblo,2022-2024,Long,Van,2XL
Fiat Duna,Fiat,Duna,1987-1991,,Wagon,2L+
Fiat Duna,Fiat,Duna,1987-1991,,Sedan,3M
Fiat Egea,Fiat,Egea,2015-2026,Incl: Cross,Hatchback,2L+
Fiat Egea,Fiat,Egea,2015-2026,Incl: Cross Wagon,Wagon,2XL
Fiat Egea,Fiat,Egea,2015-2026,,Sedan,3L
Fiat Fastback,Fiat,Fastback,2022-2026,,SUV,YM+
Fiat Fiorino,Fiat,Fiorino,1977-2024,,MPV,2L-200
Fiat Fiorino,Fiat,Fiorino,1977-2013,,Van,2L-200
Fiat Fiorino,Fiat,Fiorino,2007-2024,,Van,2M
Fiat Fiorino,Fiat,Fiorino,2016-2024,,MPV,2M
Fiat Freemont,Fiat,Freemont,2011-2016,,Wagon,2XL+
Fiat Grande Panda,Fiat,Grande Panda,2024-2026,,Hatchback,2M
Fiat Idea,Fiat,Idea,2003-2016,,MPV,2M
Fiat Linea,Fiat,Linea,2007-2018,,Sedan,3L
Fiat Marea,Fiat,Marea,1996-2002,,Wagon,2L+
Fiat Marea,Fiat,Marea,1996-2002,,Sedan,3M
Fiat Multipla,Fiat,Multipla,1998-2010,,MPV,2M
Fiat Palio,Fiat,Palio,1996-2017,Incl: L147.2 W63.5 H56.9/L148.1 W63.8 H56.7,Hatchback/Wagon,2M
Fiat Panda,Fiat,Panda,1981-2012,,Hatchback,2S
Fiat Panda,Fiat,Panda,1981-2003,,Van,2S
Fiat Panda,Fiat,Panda,2003-2012,Cross,Hatchback,2S
Fiat Panda,Fiat,Panda,2011-2026,,Hatchback,2M
Fiat Panda,Fiat,Panda,2011-2026,4x4,Hatchback,2M
Fiat Panda,Fiat,Panda,2011-2026,Cross,Hatchback,2M
Fiat Pulse,Fiat,Pulse,2021-2026,,SUV,YM+
Fiat Punto,Fiat,Punto,1993-2018,Incl: L149.6 W65.4 H58.3/L151.0 W65.4 H58.3/L151.2 W65.4 H58.3/L152.2 W65.4 H58.3,Hatchback,2M
Fiat Punto,Fiat,Punto,1993-1999,,Convertible,3S-0
Fiat Qubo,Fiat,Qubo,2007-2019,,MPV,2M
Fiat Regata,Fiat,Regata,1983-1990,,Wagon,2L+
Fiat Regata,Fiat,Regata,1983-1990,,Sedan,3M
Fiat Ritmo,Fiat,Ritmo,1978-1989,,Hatchback,2M
Fiat Ritmo,Fiat,Ritmo,1978-1989,,Convertible,3S-0
Fiat Scudo,Fiat,Scudo,1995-2007,,MPV,2XL-200
Fiat Scudo,Fiat,Scudo,1995-2007,,Van,2XL-200
Fiat Scudo,Fiat,Scudo,2007-2016,,MPV,2XXL-525
Fiat Scudo,Fiat,Scudo,2007-2016,Long,MPV,2XXL-525
Fiat Scudo,Fiat,Scudo,2007-2016,,Van,2XXL-525
Fiat Scudo,Fiat,Scudo,2021-2026,,MPV/Van,2XXL-525
Fiat Scudo,Fiat,Scudo,2021-2026,Long,MPV/Van,2XXL-545
Fiat Sedici,Fiat,Sedici,2005-2014,,Hatchback,2M
Fiat Seicento,Fiat,Seicento,1998-2010,,Hatchback,2S
Fiat Siena,Fiat,Siena,1996-2017,,Sedan,3S
Fiat Stilo,Fiat,Stilo,2001-2007,Incl: L164.6 W70.2 H58.1/L167.3 W69.3 H58.3,Hatchback/Wagon,2L+
Fiat Tempra,Fiat,Tempra,1990-1999,,Wagon,2L+
Fiat Tempra,Fiat,Tempra,1990-1999,,Sedan,3M
Fiat Tipo,Fiat,Tipo,1988-1995,,Hatchback,2M
Fiat Tipo,Fiat,Tipo,2015-2026,Incl: Cross,Hatchback,2L+
Fiat Tipo,Fiat,Tipo,2015-2026,,Wagon,2XL
Fiat Tipo,Fiat,Tipo,2015-2026,,Sedan,3L
Fiat Topolino,Fiat,Topolino,2023-2026,,Hatchback,2S-280
Fiat Uno,Fiat,Uno,1983-2002,,Hatchback,2M
Fiat X 1/9,Fiat,X 1/9,1972-1989,,Targa,3S-0
Fisker Karma,Fisker,Karma,2009-2012,,Sedan,3XXL
Fisker Ocean,Fisker,Ocean,2023-2024,,SUV,YL
Flanker F,Flanker,F,2018,,Coupe,3M-0
Ford 300,Ford,300,1963,,Sedan,3XXXL
Ford 300,Ford,300,1963,,Coupe,3XXXL-0
Ford Aerostar,Ford,Aerostar,1986-1997,,Van,2XL
Ford Aerostar,Ford,Aerostar,1986-1997,,MPV,2XL+
Ford Anglia,Ford,Anglia,1948-1968,,Sedan,3S
Ford Anglia,Ford,Anglia,1959-1968,,Van/Wagon,2M
Ford Aspire,Ford,Aspire,1993-1997,L174.8 W66.1 H53.5,Hatchback,2L+
Ford Aspire,Ford,Aspire,1993-1997,L152.8 W65.7 H55.6,Hatchback,2M
Ford B-MAX,Ford,B-MAX,2012-2018,,MPV,2M
Ford Bronco,Ford,Bronco,1966-1977,,SUV,YS-410
Ford Bronco,Ford,Bronco,1978-1986,,SUV,YM+
Ford Bronco,Ford,Bronco,1987-1991,,SUV,YS-410
Ford Bronco,Ford,Bronco,1992-2026,Incl: L189.5 W79.3 H78.7,SUV,YL
Ford Bronco,Ford,Bronco,2020-2026,L173.7 W79.3 H71.9,SUV,YM+
Ford Bronco,Ford,Bronco,2020-2026,Raptor,SUV,YXL
Ford Bronco Basecamp,Ford,Bronco Basecamp,2025-2026,,SUV,YXL
Ford Bronco Sport,Ford,Bronco Sport,2020-2026,,SUV,YM+
Ford Bronco-II,Ford,Bronco-II,1984-1990,,SUV,YM+
Ford C-MAX,Ford,C-MAX,2003-2019,,MPV,2L+
Ford C-MAX,Ford,C-MAX,2010-2015,Grand,MPV,2XL
Ford C-MAX,Ford,C-MAX,2015-2019,Grand,MPV,2L+
Ford Capri,Ford,Capri,1969-1987,,Coupe,3M-0
Ford Capri,Ford,Capri,2024-2026,,SUV,YL
Ford Consul,Ford,Consul,1972-1976,,Wagon,2XL
Ford Consul,Ford,Consul,1972-1976,,Sedan,3L
Ford Consul,Ford,Consul,1972-1976,,Coupe,3L-0
Ford Contour,Ford,Contour,1994-2000,,Sedan,3L
Ford Cortina,Ford,Cortina,1970-1976,,Sedan,3M
Ford Cougar,Ford,Cougar,1998-2002,,Coupe,3L-0
Ford Country Squire,Ford,Country Squire,1950-1951,,Wagon,2XXL-545
Ford Country Squire,Ford,Country Squire,1952-1956,,Wagon,2XL+
Ford Country Squire,Ford,Country Squire,1957-1959,,Wagon,2XXL-525
Ford Country Squire,Ford,Country Squire,1960-1968,,Wagon,2XXL-545
Ford Crestline,Ford,Crestline,1952-1955,Fordor,Sedan,3XXL
Ford Crown Victoria,Ford,Crown Victoria,1992-2011,,Sedan,3XXXL
Ford Custom,Ford,Custom,1949-1955,,Coupe,3XL+0
Ford EcoSport,Ford,EcoSport,2003-2023,,SUV,YM+
Ford Econoline,Ford,Econoline,1968-1974,,MPV/Van,无可用尺码
Ford Econoline,Ford,Econoline,1975-2013,,MPV/Van,2XXL-545
Ford Econovan,Ford,Econovan,1979-1996,,MPV,2L-200
Ford Edge,Ford,Edge,2006-2018,,SUV,YL
Ford Edge,Ford,Edge,2018-2026,,SUV,YXL
Ford Equator,Ford,Equator,2021-2026,,SUV,YXL
Ford Equator Sport,Ford,Equator Sport,2021-2026,,SUV,YL
Ford Escape,Ford,Escape,2000-2026,Incl: I Рестайлинг 2/II,SUV,YM+
Ford Escort,Ford,Escort,1968-1986,,Wagon,2L+
Ford Escort,Ford,Escort,1968-1981,Incl: I L3900 W1640 H1400/I L3978 W1570 H1346,Sedan,3S
Ford Escort,Ford,Escort,1980-2002,,Van,2L+
Ford Escort,Ford,Escort,1980-1986,,Hatchback,2M
Ford Escort,Ford,Escort,1980-2002,,Convertible,3S-0
Ford Escort,Ford,Escort,1986-1990,L158.2 W64.6 H54.0/L159.9 W72.2 H53.1,Hatchback,2M
Ford Escort,Ford,Escort,1986-1990,,Wagon,2M
Ford Escort,Ford,Escort,1990-1992,,Hatchback,2L+
Ford Escort,Ford,Escort,1990-2002,,Wagon,2L+
Ford Escort,Ford,Escort,1990-1992,,Convertible,3M-0
Ford Escort,Ford,Escort,1991-2002,,Hatchback,2M
Ford Escort,Ford,Escort,1991-2002,,Sedan,3M
Ford Escort,Ford,Escort,2015-2023,,Sedan,3L
Ford Escort (North America),Ford,Escort (North America),1990-2003,,Hatchback/Wagon,2L+
Ford Escort (North America),Ford,Escort (North America),1990-2003,,Sedan,3M
Ford Escort (North America),Ford,Escort (North America),1996-2003,,Coupe,3M-0
Ford Everest,Ford,Everest,2003-2026,,SUV,YXL
Ford Evos,Ford,Evos,2021-2024,,SUV,YXL
Ford Excursion,Ford,Excursion,1999-2005,,SUV,YXXL-585
Ford Expedition,Ford,Expedition,1996-2017,,SUV,YXXL
Ford Expedition,Ford,Expedition,2017-2026,,SUV,YXXL-545
Ford Expedition,Ford,Expedition,2017-2026,MAX,SUV,YXXL-585
Ford Explorer,Ford,Explorer,1990-2001,L189.4 W72.0 H72.0/L189.5 W73.8 H70.9,SUV,YL
Ford Explorer,Ford,Explorer,1990-2003,L178.3 W70.5 H70.9/Sport,SUV,YM+
Ford Explorer,Ford,Explorer,2001-2006,,SUV,YL
Ford Explorer,Ford,Explorer,2005-2026,,SUV,YXL
Ford Explorer EV,Ford,Explorer EV,2024-2026,,SUV,YM+
Ford Fairmont,Ford,Fairmont,1978-1983,,Sedan,3XXL
Ford Falcon,Ford,Falcon,1960-1979,,Sedan,3L
Ford Falcon,Ford,Falcon,1960-1966,Futura,Convertible,3L-0
Ford Festiva,Ford,Festiva,1986-1993,,Hatchback,2S
Ford Festiva,Ford,Festiva,1993-2000,L174.8 W66.1 H53.5,Hatchback,2L+
Ford Festiva,Ford,Festiva,1993-2000,L150.6 W65.2 H56.7,Hatchback,2M
Ford Festiva,Ford,Festiva,1996-2003,,Hatchback,2M
Ford Fiesta,Ford,Fiesta,1976-2023,Incl: Active/L156.3 W67.3 H58.9/L156.3 W67.8 H58.9,Hatchback,2M
Ford Fiesta,Ford,Fiesta,2012-2019,,Sedan,3M
Ford Fiesta ST,Ford,Fiesta ST,2004-2023,Incl: L156.5 W67.3 H57.3/L159.7 W67.8 H58.9,Hatchback,2M
Ford Figo,Ford,Figo,2010-2021,Incl: Freestyle,Hatchback,2M
Ford Figo,Ford,Figo,2015-2021,,Sedan,3M
Ford Figo,Ford,Figo,2015-2021,Aspire,Sedan,3S
Ford Five Hundred,Ford,Five Hundred,2004-2007,,Sedan,3XXL
Ford Flex,Ford,Flex,2008-2019,,SUV,YXXL
Ford Focus,Ford,Focus,1998-2025,Incl: Active/L163.5 W66.9 H56.3/L163.5 W67.0 H57.5,Hatchback,2L+
Ford Focus,Ford,Focus,1998-2011,,Wagon,2L+
Ford Focus,Ford,Focus,1998-2011,,Sedan,3M
Ford Focus,Ford,Focus,1999-2007,,Wagon,2XL
Ford Focus,Ford,Focus,2004-2011,,Convertible/Coupe,3M-0
Ford Focus,Ford,Focus,2011-2022,,Wagon,2XL
Ford Focus,Ford,Focus,2011-2025,,Sedan,3L
Ford Focus,Ford,Focus,2018-2025,Active/Shooting Brake,Wagon,2XL
Ford Focus RS,Ford,Focus RS,2002-2018,,Hatchback,2L+
Ford Focus ST,Ford,Focus ST,2001-2025,Incl: L164.2 W66.9 H58.3/L168.1 W66.9 H56.3,Hatchback,2L+
Ford Focus ST,Ford,Focus ST,2001-2005,,Wagon,2L+
Ford Focus ST,Ford,Focus ST,2012-2025,,Wagon,2XL
Ford Freda,Ford,Freda,1995-1999,,MPV,2XL
Ford Freestar,Ford,Freestar,2003-2007,,MPV,2XXL-525
Ford Freestyle,Ford,Freestyle,2004-2009,,SUV,YXL
Ford Fusion,Ford,Fusion,2002-2012,,Hatchback,2M
Ford Fusion (North America),Ford,Fusion (North America),2005-2020,,Sedan,3XL
Ford GPA,Ford,GPA,1942-1943,,SUV,YL
Ford GT,Ford,GT,2005-2006,,Coupe,3L-0
Ford GT,Ford,GT,2016-2022,,Coupe,3XL-0
Ford GT40,Ford,GT40,1964-1969,,Coupe,3S-0
Ford Galaxie,Ford,Galaxie,1960-1974,,Sedan,3XXXL
Ford Galaxie,Ford,Galaxie,1960-1974,,Convertible/Coupe,3XXXL-0
Ford Galaxy,Ford,Galaxy,1995-2015,,MPV,2XL
Ford Galaxy,Ford,Galaxy,2015-2023,,MPV,2XL+
Ford Granada,Ford,Granada,1972-1985,,Wagon,2XL
Ford Granada,Ford,Granada,1972-1985,,Sedan,3L
Ford Granada,Ford,Granada,1972-1977,,Coupe,3XL-0
Ford Granada,Ford,Granada,1977-1985,,Coupe,3L-0
Ford Granada (North America),Ford,Granada (North America),1975-1982,,Sedan,3XXL
Ford Ikon,Ford,Ikon,1999-2015,,Sedan,3S
Ford Ixion,Ford,Ixion,1999-2005,,MPV,2L+
Ford KA,Ford,KA,1996-2021,Incl: Active/SportKa,Hatchback,2M
Ford KA,Ford,KA,1996-2008,StreetKa,Convertible,3S-0
Ford Kuga,Ford,Kuga,2008-2020,,SUV,YM+
Ford Kuga,Ford,Kuga,2019-2026,,SUV,YL
Ford LTD,Ford,LTD,1967-1968,,Sedan,3XXXL
Ford LTD,Ford,LTD,1967-1968,,Coupe,3XXXL-0
Ford LTD Country Squire,Ford,LTD Country Squire,1969-1991,,Wagon,无可用尺码
Ford LTD Crown Victoria,Ford,LTD Crown Victoria,1983-1991,,Sedan,3XXXL
Ford Laser,Ford,Laser,1981-1985,,Hatchback,2M
Ford Laser,Ford,Laser,1981-1994,,Sedan,3S
Ford Laser,Ford,Laser,1985-1994,,Wagon,2L+
Ford Laser,Ford,Laser,1985-1994,,Convertible,3S-0
Ford Laser,Ford,Laser,1989-2003,,Sedan,3M
Ford Laser,Ford,Laser,1989-1994,,Coupe,3M-0
Ford Laser,Ford,Laser,1994-2003,,Hatchback,2L+
Ford M151,Ford,M151,1959-1982,,SUV,无可用尺码
Ford Mainline,Ford,Mainline,1952-1956,,Sedan,3XXL
Ford Maverick,Ford,Maverick,1969-1977,I L4557 W1793 H1335,Sedan,3L
Ford Maverick,Ford,Maverick,1969-1977,I L4925 W1791 H1356,Sedan,3XXL
Ford Maverick,Ford,Maverick,1993-1998,L183.7 W69.1 H72.8,SUV,YL
Ford Maverick,Ford,Maverick,1993-2007,Incl: L161.6 W68.3 H71.1,SUV,YM+
Ford Model A,Ford,Model A,1927-1931,,Hatchback,2L+
Ford Model T,Ford,Model T,1908-1927,,Convertible,无可用尺码
Ford Mondeo,Ford,Mondeo,1993-2007,,Wagon,2XL
Ford Mondeo,Ford,Mondeo,1993-1996,,Liftback,3M
Ford Mondeo,Ford,Mondeo,1993-1996,,Sedan,3M
Ford Mondeo,Ford,Mondeo,1996-2000,,Liftback,3L
Ford Mondeo,Ford,Mondeo,1996-2000,,Sedan,3L
Ford Mondeo,Ford,Mondeo,2000-2022,,Liftback,3XL
Ford Mondeo,Ford,Mondeo,2000-2022,,Sedan,3XL
Ford Mondeo,Ford,Mondeo,2006-2022,,Wagon,2XL+
Ford Mondeo,Ford,Mondeo,2022-2026,,Sedan,3XXL
Ford Mondeo,Ford,Mondeo,2022-2025,Sport,SUV,YXL
Ford Mondeo ST,Ford,Mondeo ST,1999-2007,,Hatchback/Wagon,2XL
Ford Mondeo ST,Ford,Mondeo ST,1999-2001,,Sedan,3L
Ford Mondeo ST,Ford,Mondeo ST,2002-2007,,Sedan,3XL
Ford Mustang,Ford,Mustang,1964-1973,,Hatchback,2XL
Ford Mustang,Ford,Mustang,1964-1973,,Convertible/Coupe,3L-0
Ford Mustang,Ford,Mustang,1974-1978,,Hatchback,2L+
Ford Mustang,Ford,Mustang,1974-1978,,Coupe,3M-0
Ford Mustang,Ford,Mustang,1978-1986,,Hatchback,2XL
Ford Mustang,Ford,Mustang,1978-2004,,Convertible,3L-0
Ford Mustang,Ford,Mustang,1978-2004,,Coupe,3L-0
Ford Mustang,Ford,Mustang,2004-2026,,Convertible,3XL-0
Ford Mustang,Ford,Mustang,2004-2026,,Coupe,3XL-0
Ford Mustang Mach-E,Ford,Mustang Mach-E,2020-2026,,SUV,YL
Ford Orion,Ford,Orion,1983-1986,,Sedan,3S
Ford Orion,Ford,Orion,1985-1993,,Sedan,3M
Ford Probe,Ford,Probe,1988-1992,,Hatchback,2L+
Ford Probe,Ford,Probe,1992-1997,,Coupe,3L-0
Ford Puma,Ford,Puma,1997-2003,,Hatchback,2M
Ford Puma,Ford,Puma,2019-2026,,SUV,YM+
Ford Puma ST,Ford,Puma ST,2020-2026,,SUV,YM+
Ford S-MAX,Ford,S-MAX,2006-2023,,MPV,2XL
Ford Scorpio,Ford,Scorpio,1985-1994,,Hatchback,2L+
Ford Scorpio,Ford,Scorpio,1985-1998,,Wagon,2XL
Ford Scorpio,Ford,Scorpio,1985-1998,,Sedan,3XL
Ford Sierra,Ford,Sierra,1982-1993,,Hatchback/Wagon,2L+
Ford Sierra,Ford,Sierra,1987-1993,,Sedan,3M
Ford Spectron,Ford,Spectron,1983-1995,,MPV,2XL
Ford Taunus,Ford,Taunus,1964-1967,,Wagon,2XL
Ford Taunus,Ford,Taunus,1964-1967,P5 L4585 W1715 H1480/P5 L4635 W1715 H1480,Sedan,3L
Ford Taunus,Ford,Taunus,1964-1976,,Convertible/Coupe,3L-0
Ford Taunus,Ford,Taunus,1970-1979,,Wagon,2XL
Ford Taunus,Ford,Taunus,1970-1976,,Sedan,3M
Ford Taunus,Ford,Taunus,1975-1979,,Sedan,3XL
Ford Taunus,Ford,Taunus,1979-1982,,Wagon,2L+
Ford Taunus,Ford,Taunus,1979-1982,,Sedan,3M
Ford Taurus,Ford,Taurus,1985-2006,,Wagon,2XL+
Ford Taurus,Ford,Taurus,1985-1995,,Sedan,3XL
Ford Taurus,Ford,Taurus,1995-2019,,Sedan,3XXL
Ford Taurus,Ford,Taurus,2022-2026,,Sedan,3XXL
Ford Taurus X,Ford,Taurus X,2007-2009,,SUV,YXL
Ford Telstar,Ford,Telstar,1987-1999,,Wagon,2XL
Ford Telstar,Ford,Telstar,1987-1999,,Sedan,3L
Ford Tempo,Ford,Tempo,1983-1994,,Sedan,3M
Ford Tempo,Ford,Tempo,1983-1994,,Coupe,3M-0
Ford Territory,Ford,Territory,2004-2016,,SUV,YXL
Ford Territory,Ford,Territory,2018-2023,,SUV,YM+
Ford Territory,Ford,Territory,2022-2025,,SUV,YL
Ford Thunderbird,Ford,Thunderbird,1955-1957,,Coupe,3XL+0
Ford Thunderbird,Ford,Thunderbird,1961-1971,,Convertible/Coupe,3XXL-0
Ford Thunderbird,Ford,Thunderbird,1967-1971,,Sedan,3XXXL
Ford Thunderbird,Ford,Thunderbird,1972-1976,,Coupe,3XXXXL-0
Ford Thunderbird,Ford,Thunderbird,1983-1997,,Coupe,3XL+0
Ford Thunderbird,Ford,Thunderbird,2000-2005,,Convertible,3XL-0
Ford Torino,Ford,Torino,1968-1969,,Wagon,2XXL-525
Ford Torino,Ford,Torino,1968-1969,,Convertible/Coupe/Fastback,3XL+0
Ford Torino,Ford,Torino,1968-1971,,Sedan,3XXL
Ford Torino,Ford,Torino,1970-1971,,Wagon,2XXL-545
Ford Torino,Ford,Torino,1970-1976,,Convertible/Coupe/Fastback,3XXL-0
Ford Torino,Ford,Torino,1972-1976,,Sedan,3XXXL
Ford Torino,Ford,Torino,1972-1976,,Wagon,无可用尺码
Ford Tourneo Connect,Ford,Tourneo Connect,2002-2009,SWB,MPV,2L+
Ford Tourneo Connect,Ford,Tourneo Connect,2002-2013,LWB,MPV,2XL-200
Ford Tourneo Connect,Ford,Tourneo Connect,2009-2013,SWB,MPV,2XL
Ford Tourneo Connect,Ford,Tourneo Connect,2012-2026,,MPV,2XL
Ford Tourneo Connect,Ford,Tourneo Connect,2012-2022,Grand,MPV,2XL
Ford Tourneo Connect,Ford,Tourneo Connect,2021-2026,Grand,MPV,2XL+
Ford Tourneo Courier,Ford,Tourneo Courier,2014-2023,,MPV,2L+
Ford Tourneo Courier,Ford,Tourneo Courier,2023-2026,,MPV,2XL
Ford Tourneo Custom,Ford,Tourneo Custom,2012-2026,Incl: SWB,MPV,2XXL-525
Ford Tourneo Custom,Ford,Tourneo Custom,2012-2023,LWB,MPV,2XXL-545
Ford Tourneo Custom,Ford,Tourneo Custom,2023-2026,LWB,MPV,无可用尺码
Ford Transit,Ford,Transit,1978-1985,,MPV/Van,2XL-200
Ford Transit,Ford,Transit,2000-2006,,MPV,2XXL-525
Ford Transit Connect,Ford,Transit Connect,2002-2024,SWB,Van,2XL
Ford Transit Connect,Ford,Transit Connect,2002-2013,LWB,Van,2XL-200
Ford Transit Connect,Ford,Transit Connect,2012-2024,LWB,Van,2XL
Ford Transit Connect,Ford,Transit Connect,2018-2024,LWB,MPV,2XL
Ford Transit Custom,Ford,Transit Custom,2012-2026,SWB/SWB Van,MPV/Van,2XXL-525
Ford Transit Custom,Ford,Transit Custom,2012-2023,LWB Van,Van,2XXL-545
Ford Transit Custom,Ford,Transit Custom,2017-2026,Incl: LWB,MPV/Van,2XXL-545
Ford Transit Custom,Ford,Transit Custom,2023-2026,LWB Van,Van,无可用尺码
Ford V8,Ford,V8,1932,,Sedan,3M
Ford V8,Ford,V8,1938-1939,,Fastback,3L
Ford Windstar,Ford,Windstar,1994-2003,,MPV,2XXL-525
Ford Zephyr,Ford,Zephyr,1951-1956,,Sedan,3M
Ford Zephyr,Ford,Zephyr,1956-1962,,Sedan,3L
Forthing CM7,Forthing,CM7,2013-2020,,MPV,2XXL-525
Forthing Friday,Forthing,Friday,2023-2026,,SUV,YM+
Forthing Lingzhi M5,Forthing,Lingzhi M5,2020-2026,,MPV,2XXL-525
Forthing Lingzhi Plus,Forthing,Lingzhi Plus,2023-2026,,MPV,2XXL-525
Forthing M7,Forthing,M7,2020-2026,,MPV,2XXL-525
Forthing T5,Forthing,T5,2018-2026,,SUV,YM+
Forthing T5,Forthing,T5,2022-2026,7-seater,SUV,YL
Forthing T5 EVO,Forthing,T5 EVO,2020-2026,,SUV,YM+
Forthing T5L,Forthing,T5L,2019-2022,,SUV,YL
Forthing Thunder,Forthing,Thunder,2023-2026,,SUV,YM+
Forthing U-Tour M4,Forthing,U-Tour M4,2024-2026,,MPV,2XL+
Forthing V9,Forthing,V9,2024-2026,,MPV,2XXL-525
Forthing Xinghai S7,Forthing,Xinghai S7,2024-2026,,Liftback,3XXL
Forthing Yacht,Forthing,Yacht,2022-2026,,MPV,2XL+
Foton Midi,Foton,Midi,2007-2014,,MPV,2L+
Foton Sauvana,Foton,Sauvana,2015-2020,,SUV,YXL
Franklin Series 15,Franklin,Series 15,1930-1934,,Sedan,3M
Franklin Series 15,Franklin,Series 15,1930-1934,,Convertible,3M-0
Fuqi 6500 (Land King),Fuqi,6500 (Land King),2005-2007,,SUV,YXXL
GAC Aion V,GAC,Aion V,2026,,SUV,YL
GAC Empow,GAC,Empow,2024-2026,,Sedan,3L
GAC GN8,GAC,GN8,2019-2023,,MPV,2XL+
GAC GS3,GAC,GS3,2023-2026,,SUV,YM+
GAC GS4,GAC,GS4,2024-2026,,SUV,YL
GAC GS5,GAC,GS5,2020-2024,,SUV,YL
GAC GS8,GAC,GS8,2016-2026,Incl: Dragon,SUV,YXL
GAC GS8,GAC,GS8,2021-2026,Traveller,SUV,YXXL
GAC Hyptec HT,GAC,Hyptec HT,2026,,SUV,YXL
GAC M8,GAC,M8,2023-2026,,MPV,2XXL-525
GAC S7,GAC,S7,2025-2026,,SUV,YXL
GAC S9,GAC,S9,2026,,SUV,YXL
GAC iA5,GAC,iA5,2019-2022,,Sedan,3XL
GAC Trumpchi E8,GAC Trumpchi,E8,2023-2026,,MPV,2XL+
GAC Trumpchi E9,GAC Trumpchi,E9,2023-2026,Incl: Master Edition,MPV,2XXL-525
GAC Trumpchi ES9,GAC Trumpchi,ES9,2023-2026,,SUV,YXL
GAC Trumpchi Emkoo,GAC Trumpchi,Emkoo,2022-2026,,SUV,YL
GAC Trumpchi Empow,GAC Trumpchi,Empow,2021-2026,,Sedan,3L
GAC Trumpchi GA4,GAC Trumpchi,GA4,2018-2021,,Sedan,3L
GAC Trumpchi GA4 Plus,GAC Trumpchi,GA4 Plus,2021-2022,,Sedan,3XL
GAC Trumpchi GA6,GAC Trumpchi,GA6,2019-2023,,Sedan,3XXL
GAC Trumpchi GA8,GAC Trumpchi,GA8,2020-2023,,Sedan,3XXL
GAC Trumpchi GE3,GAC Trumpchi,GE3,2017-2020,,SUV,YM+
GAC Trumpchi GM6,GAC Trumpchi,GM6,2018-2020,,MPV,2XL
GAC Trumpchi GM8,GAC Trumpchi,GM8,2017-2020,,MPV,2XL+
GAC Trumpchi GS3,GAC Trumpchi,GS3,2017-2026,,SUV,YM+
GAC Trumpchi GS3 Power,GAC Trumpchi,GS3 Power,2020-2022,,SUV,YM+
GAC Trumpchi GS4,GAC Trumpchi,GS4,2019-2024,Incl: Coupe,SUV,YM+
GAC Trumpchi GS4,GAC Trumpchi,GS4,2026,,SUV,YL
GAC Trumpchi GS4 Max,GAC Trumpchi,GS4 Max,2024-2026,,SUV,YL
GAC Trumpchi GS4 Plus,GAC Trumpchi,GS4 Plus,2021-2025,,SUV,YL
GAC Trumpchi GS5,GAC Trumpchi,GS5,2011-2021,,SUV,YL
GAC Trumpchi GS8,GAC Trumpchi,GS8,2016-2019,,SUV,YL
GAC Trumpchi GS8,GAC Trumpchi,GS8,2019-2021,S,SUV,YL
GAC Trumpchi GS8,GAC Trumpchi,GS8,2019-2026,,SUV,YXL
GAC Trumpchi GS8,GAC Trumpchi,GS8,2021-2026,Hybrid,SUV,YXL
GAC Trumpchi M6,GAC Trumpchi,M6,2020-2021,,MPV,2XL
GAC Trumpchi M6 Max,GAC Trumpchi,M6 Max,2024-2026,,MPV,2XL
GAC Trumpchi M6 Pro,GAC Trumpchi,M6 Pro,2021-2026,,MPV,2XL
GAC Trumpchi M8,GAC Trumpchi,M8,2019-2026,Incl: Master Edition,MPV,2XXL-525
GAC Trumpchi S7,GAC Trumpchi,S7,2025-2026,,SUV,YXL
GAC Trumpchi S9,GAC Trumpchi,S9,2025-2026,,SUV,YXL
GMA T.33,GMA,T.33,2022-2026,Incl: Spider,Coupe/Roadster,3M-0
GMA T.50,GMA,T.50,2022-2026,Incl: s,Coupe,3M-0
GMC Acadia,GMC,Acadia,2006-2013,,SUV,YXXL
GMC Acadia,GMC,Acadia,2013-2023,,SUV,YXL
GMC Acadia,GMC,Acadia,2024-2026,,SUV,YXXL
GMC Envoy,GMC,Envoy,1997-2000,,SUV,YL
GMC Envoy,GMC,Envoy,2001-2009,,SUV,YXL
GMC Envoy,GMC,Envoy,2001-2009,XL/XUV,SUV,YXXL-545
GMC Hummer EV,GMC,Hummer EV,2021-2026,,SUV,YXXL
GMC Jimmy,GMC,Jimmy,1982-2005,L170.3 W65.4 H64.3/L176.8 W65.4 H64.3/L177.3 W67.8 H64.9,SUV,YM+
GMC Jimmy,GMC,Jimmy,1994-2005,L183.8 W67.8 H64.3,SUV,YL
GMC Safari,GMC,Safari,1985-2005,,MPV,2XL
GMC Savana,GMC,Savana,1996-2002,,MPV,2XXL-525
GMC Savana,GMC,Savana,2003-2026,,MPV,无可用尺码
GMC Suburban,GMC,Suburban,1992-1999,,SUV,YXXL-585
GMC Terrain,GMC,Terrain,2009-2024,,SUV,YL
GMC Terrain,GMC,Terrain,2024-2026,,SUV,YM+
GMC Typhoon,GMC,Typhoon,1991-1993,,SUV,YM+
GMC Vandura,GMC,Vandura,1970-1996,,MPV,2XXL-545
GMC Yukon,GMC,Yukon,1991-1999,L188.0 W77.0 H72.0,SUV,YL
GMC Yukon,GMC,Yukon,1991-1999,L199.6 W76.8 H72.8,SUV,YXL
GMC Yukon,GMC,Yukon,1999-2006,,SUV,YXL
GMC Yukon,GMC,Yukon,1999-2026,XL,SUV,YXXL-585
GMC Yukon,GMC,Yukon,2006-2020,,SUV,YXXL
GMC Yukon,GMC,Yukon,2020-2026,,SUV,YXXL-545
GP Madison,GP,Madison,1980-1999,,Coupe/Roadster,3S-0
Geely Atlas,Geely,Atlas,2016-2022,,SUV,YM+
Geely Atlas,Geely,Atlas,2023-2026,,SUV,YL
Geely Atlas Pro,Geely,Atlas Pro,2019-2025,,SUV,YM+
Geely Azkarra,Geely,Azkarra,2019-2023,,SUV,YM+
Geely Beauty Leopard,Geely,Beauty Leopard,2005-2006,,Coupe,3S-0
Geely Binrui,Geely,Binrui,2018-2022,,Sedan,3L
Geely Binrui Cool,Geely,Binrui Cool,2022-2026,,Sedan,3XL
Geely Binyue,Geely,Binyue,2018-2026,,SUV,YM+
Geely Binyue Cool,Geely,Binyue Cool,2022-2024,,SUV,YM+
Geely Binyue L,Geely,Binyue L,2024-2026,,SUV,YM+
Geely Boyue,Geely,Boyue,2016-2026,,SUV,YM+
Geely Boyue Cool,Geely,Boyue Cool,2023-2025,,SUV,YM+
Geely Boyue L,Geely,Boyue L,2022-2026,,SUV,YL
Geely Boyue Pro,Geely,Boyue Pro,2019-2023,,SUV,YM+
Geely Boyue REV,Geely,Boyue REV,2026,,SUV,YL
Geely CK (Otaka),Geely,CK (Otaka),2005-2016,,Sedan,3S
Geely Cityray,Geely,Cityray,2024-2026,,SUV,YM+
Geely Coolray,Geely,Coolray,2019-2026,,SUV,YM+
Geely Cowboy,Geely,Cowboy,2024-2026,,SUV,YM+
Geely EX2,Geely,EX2,2025-2026,,Hatchback,2M
Geely EX5,Geely,EX5,2024-2026,,SUV,YL
Geely EX5 EM-i,Geely,EX5 EM-i,2025-2026,,SUV,YL
Geely Emgrand,Geely,Emgrand,2018-2026,,Sedan,3L
Geely Emgrand,Geely,Emgrand,2025-2026,,Sedan,3XL
Geely Emgrand 7,Geely,Emgrand 7,2016-2020,,Sedan,3L
Geely Emgrand EC7,Geely,Emgrand EC7,2009-2016,,Hatchback,2L+
Geely Emgrand EC7,Geely,Emgrand EC7,2009-2016,,Sedan,3L
Geely Emgrand EC8,Geely,Emgrand EC8,2012-2015,,Sedan,3XXL
Geely Emgrand GL,Geely,Emgrand GL,2016-2021,,Sedan,3XL
Geely Emgrand GT,Geely,Emgrand GT,2015-2020,,Sedan,3XXL
Geely Emgrand L,Geely,Emgrand L,2021-2025,,Sedan,3XL
Geely Emgrand S,Geely,Emgrand S,2021-2024,,SUV,YM+
Geely Emgrand X7,Geely,Emgrand X7,2011-2021,,SUV,YM+
Geely FC (Vision),Geely,FC (Vision),2006-2011,,Sedan,3L
Geely Farizon Happiness,Geely,Farizon Happiness,2024-2026,,MPV,2XXL-525
Geely GC5,Geely,GC5,2011-2015,,Sedan,3M
Geely GC6,Geely,GC6,2014-2016,,Sedan,3M
Geely GC7,Geely,GC7,2010-2013,,Sedan,3L
Geely GC9,Geely,GC9,2015-2024,,Sedan,3XXL
Geely GS,Geely,GS,2016-2021,,SUV,YM+
Geely GX3 Pro,Geely,GX3 Pro,2021-2023,,SUV,YM+
Geely Galaxy A7,Geely,Galaxy A7,2025-2026,,Sedan,3XXL
Geely Galaxy E5,Geely,Galaxy E5,2024-2026,,SUV,YL
Geely Galaxy E8,Geely,Galaxy E8,2024-2026,,Sedan,3XXL
Geely Galaxy L6,Geely,Galaxy L6,2023-2025,,Sedan,3XL
Geely Galaxy L7,Geely,Galaxy L7,2023-2026,,SUV,YL
Geely Galaxy LEVC L380,Geely,Galaxy LEVC L380,2025-2026,,MPV,2XXL-545
Geely Galaxy M7,Geely,Galaxy M7,2026,,SUV,YL
Geely Galaxy M9,Geely,Galaxy M9,2025-2026,,SUV,YXXL
Geely Galaxy Starshine 6,Geely,Galaxy Starshine 6,2025-2026,,Sedan,3XL
Geely Galaxy Starshine 7,Geely,Galaxy Starshine 7,2026,,Sedan,3XXL
Geely Galaxy Starshine 8,Geely,Galaxy Starshine 8,2025-2026,,Sedan,3XXL
Geely Galaxy Starship 7,Geely,Galaxy Starship 7,2024-2026,,SUV,YL
Geely Galaxy TT,Geely,Galaxy TT,2026,,Sedan,3XXL
Geely Galaxy V900,Geely,Galaxy V900,2025-2026,,MPV,2XXL-545
Geely Geome Xingyuan,Geely,Geome Xingyuan,2024-2026,,Hatchback,2M
Geely Geometry A,Geely,Geometry A,2019-2024,,Sedan,3XL
Geely Geometry C,Geely,Geometry C,2020-2024,,Hatchback,2L+
Geely Geometry E,Geely,Geometry E,2022-2026,,SUV,YM+
Geely Geometry G6,Geely,Geometry G6,2022-2026,,Sedan,3XL
Geely Geometry M6,Geely,Geometry M6,2022-2026,,SUV,YM+
Geely Haoqing,Geely,Haoqing,1998-2006,,Hatchback,2M
Geely Haoyue,Geely,Haoyue,2020-2022,,SUV,YXL
Geely Haoyue L,Geely,Haoyue L,2022-2026,,SUV,YXL
Geely Haoyue Pro,Geely,Haoyue Pro,2024-2025,,SUV,YM+
Geely Icon,Geely,Icon,2019-2026,,SUV,YM+
Geely Kandi EX3,Geely,Kandi EX3,2018,,SUV,YM+
Geely LC (Panda),Geely,LC (Panda),2008-2016,,Hatchback,2S
Geely LC (Panda) Cross,Geely,LC (Panda) Cross,2008-2016,,Hatchback,2M
Geely MK,Geely,MK,2006-2015,,Sedan,3M
Geely MK Cross,Geely,MK Cross,2010-2016,,Hatchback,2M
Geely MR,Geely,MR,2003-2009,,Hatchback,2M
Geely MR,Geely,MR,2003-2009,,Sedan,3S
Geely Monjaro,Geely,Monjaro,2021-2026,,SUV,YL
Geely Okavango,Geely,Okavango,2020-2026,,SUV,YXL
Geely Panda,Geely,Panda,2022-2026,Knight/Mini,Hatchback,2S
Geely Preface,Geely,Preface,2020-2026,Incl: I/I (China Market) Рестайлинг 2,Sedan,3XL
Geely SC7,Geely,SC7,2011-2015,,Sedan,3L
Geely TX4,Geely,TX4,2008-2017,,Hatchback,2XL
Geely Tugella,Geely,Tugella,2019-2024,,SUV,YL
Geely Vision S1,Geely,Vision S1,2017-2019,,Hatchback,2L+
Geely Vision S1,Geely,Vision S1,2019-2021,,SUV,YM+
Geely Vision X3,Geely,Vision X3,2017-2021,,SUV,YM+
Geely Vision X3 Pro,Geely,Vision X3 Pro,2021-2023,,SUV,YM+
Geely Vision X6,Geely,Vision X6,2016-2021,,SUV,YM+
Geely Vision X6 Pro,Geely,Vision X6 Pro,2021-2024,,SUV,YM+
Geely Xingyue,Geely,Xingyue,2018-2023,Incl: S,SUV,YL
Geely Xingyue L,Geely,Xingyue L,2021-2026,,SUV,YL
Genesis G70,Genesis,G70,2017-2026,,Sedan,3L
Genesis G70,Genesis,G70,2020-2026,,Wagon,2XL
Genesis G80,Genesis,G80,2016-2026,,Sedan,3XXL
Genesis G90,Genesis,G90,2016-2026,,Sedan,3XXL
Genesis G90,Genesis,G90,2016-2026,L,Sedan,3XXXL
Genesis GV60,Genesis,GV60,2021-2026,,SUV,YM+
Genesis GV60,Genesis,GV60,2025-2026,Magma,SUV,YL
Genesis GV70,Genesis,GV70,2020-2026,,SUV,YL
Genesis GV80,Genesis,GV80,2020-2026,,SUV,YXL
Genesis GV80 Coupe,Genesis,GV80 Coupe,2023-2026,,SUV,YXL
Geo Metro,Geo,Metro,1989-1997,,Hatchback,2M
Geo Metro,Geo,Metro,1989-1997,,Sedan,3S
Geo Metro,Geo,Metro,1989-1997,,Convertible,3S-0
Geo Prizm,Geo,Prizm,1992-2002,,Sedan,3M
Geo Spectrum,Geo,Spectrum,1988-1993,,Hatchback,2M
Geo Spectrum,Geo,Spectrum,1988-1993,,Sedan,3S
Geo Storm,Geo,Storm,1990-1993,,Coupe,3S-0
Geo Tracker,Geo,Tracker,1989-1998,L158.7 W64.4 H66.9,SUV,YM+
Geo Tracker,Geo,Tracker,1989-1998,L143.0 W64.2 H65.4,SUV,YS-380
Goggomobil T,Goggomobil,T,1955-1969,,Sedan,无可用尺码
Goggomobil TS,Goggomobil,TS,1957-1969,,Coupe,无可用尺码
Gonow Aoosed G5,Gonow,Aoosed G5,2010-2012,,SUV,YL
Gonow GX6,Gonow,GX6,2014-2016,,SUV,YL
Gordon Roadster,Gordon,Roadster,1997-2026,,Roadster,3S-0
Great Wall Coolbear,Great Wall,Coolbear,2009-2013,,Hatchback,2M
Great Wall Cowry (V80),Great Wall,Cowry (V80),2007-2014,,MPV,2XL
Great Wall Florid,Great Wall,Florid,2008-2013,,Hatchback,2M
Great Wall Hover,Great Wall,Hover,2005-2010,,SUV,YL
Great Wall Hover H3,Great Wall,Hover H3,2010-2016,,SUV,YL
Great Wall Hover H5,Great Wall,Hover H5,2010-2017,,SUV,YL
Great Wall Hover H6,Great Wall,Hover H6,2011-2017,,SUV,YL
Great Wall Hover M1 (Peri 4x4),Great Wall,Hover M1 (Peri 4x4),2008-2010,,SUV,YS-380
Great Wall Hover M2,Great Wall,Hover M2,2010-2015,,SUV,YM+
Great Wall Hover M4,Great Wall,Hover M4,2012-2017,,SUV,YS-410
Great Wall Hover Pi,Great Wall,Hover Pi,2006-2010,,Sedan,无可用尺码
Great Wall Pegasus,Great Wall,Pegasus,2005-2008,,SUV,YL
Great Wall Peri,Great Wall,Peri,2008-2010,,Hatchback,2S
Great Wall Safe,Great Wall,Safe,2001-2010,,SUV,YM+
Great Wall Sing RUV,Great Wall,Sing RUV,2005-2010,,SUV,YXL
Great Wall Voleex C10 (Phenom),Great Wall,Voleex C10 (Phenom),2010-2013,,Hatchback,2M
Great Wall Voleex C30,Great Wall,Voleex C30,2010-2020,,Sedan,3M
Great Wall Voleex C50,Great Wall,Voleex C50,2012-2016,,Sedan,3L
Gumpert Apollo,Gumpert,Apollo,2005-2012,,Coupe,3M-0
Hafei Brio,Hafei,Brio,2002-2010,,Hatchback,2S
Hafei Minyi,Hafei,Minyi,2003-2018,,MPV,2L-200
Hafei Princip,Hafei,Princip,2004-2010,,Sedan,3M
Hafei Saibao,Hafei,Saibao,2004-2008,,Sedan,3M
Hafei Sigma,Hafei,Sigma,2005-2008,,Hatchback,2M
Hafei Simbo,Hafei,Simbo,2006-2008,,Hatchback,2M
Haima 2,Haima,2,2009-2015,,Hatchback,2M
Haima 7X,Haima,7X,2020-2026,,MPV,2XL
Haima 8S,Haima,8S,2019-2026,,SUV,YM+
Haima Aishang EV,Haima,Aishang EV,2017-2022,,Hatchback,2M
Haima E3,Haima,E3,2016-2019,,Sedan,3L
Haima Family,Haima,Family,2003-2012,,Sedan,3M
Haima Family F7,Haima,Family F7,2016-2018,,MPV,2XL
Haima Freema,Haima,Freema,2006-2017,,MPV,2L+
Haima M3,Haima,M3,2014-2017,,Sedan,3L
Haima S5,Haima,S5,2014-2019,,SUV,YM+
Haima S5 Young,Haima,S5 Young,2017-2018,,SUV,YM+
Hanomag Rekord,Hanomag,Rekord,1934-1940,,Coupe,3M-0
Hanomag Typ 13,Hanomag,Typ 13,1939-1941,,Sedan,3M
Hanteng X7,Hanteng,X7,2016-2021,,SUV,YL
Haval Chitu,Haval,Chitu,2021-2025,,SUV,YM+
Haval DaGou (Big Dog),Haval,DaGou (Big Dog),2020-2026,Incl: I Рестайлинг/II/Plus,SUV,YL
Haval Dargo,Haval,Dargo,2022-2026,Incl: X,SUV,YL
Haval F5,Haval,F5,2018-2020,,SUV,YM+
Haval F7,Haval,F7,2018-2026,,SUV,YL
Haval F7x,Haval,F7x,2019-2026,,SUV,YL
Haval H1,Haval,H1,2014-2018,,SUV,YM+
Haval H10,Haval,H10,2026,,SUV,YXXL
Haval H2,Haval,H2,2014-2021,,SUV,YM+
Haval H2s,Haval,H2s,2016-2020,,SUV,YM+
Haval H3,Haval,H3,2024-2026,,SUV,YM+
Haval H4,Haval,H4,2018-2020,,SUV,YM+
Haval H5,Haval,H5,2020-2021,,SUV,YL
Haval H5,Haval,H5,2023-2026,,SUV,YXXL
Haval H6,Haval,H6,2014-2022,Blue Label Sport/Red Label Sport,SUV,YL
Haval H6,Haval,H6,2017-2020,Blue Label/Red Label,SUV,YM+
Haval H6,Haval,H6,2020-2026,,SUV,YL
Haval H6,Haval,H6,2020-2023,,SUV,YM+
Haval H6 Coupe,Haval,H6 Coupe,2015-2019,,SUV,YL
Haval H6 Coupe,Haval,H6 Coupe,2018-2021,,SUV,YM+
Haval H6L,Haval,H6L,2025-2026,,SUV,YL
Haval H6S,Haval,H6S,2021-2024,,SUV,YL
Haval H7,Haval,H7,2016-2026,,SUV,YL
Haval H7,Haval,H7,2016-2021,L,SUV,YXL
Haval H8,Haval,H8,2014-2017,,SUV,YL
Haval H9,Haval,H9,2014-2026,Incl: Arctic Trucks AT35,SUV,YXL
Haval Jolion,Haval,Jolion,2021-2026,,SUV,YM+
Haval KuGou,Haval,KuGou,2022-2024,,SUV,YM+
Haval M6,Haval,M6,2017-2026,,SUV,YL
Haval Menglong (Raptor),Haval,Menglong (Raptor),2023-2026,,SUV,YL
Haval Menglong (Raptor),Haval,Menglong (Raptor),2025-2026,Plus,SUV,YXL
Haval Shenshou,Haval,Shenshou,2021-2024,,SUV,YL
Haval Xiaolong,Haval,Xiaolong,2023-2025,,SUV,YM+
Haval Xiaolong Max,Haval,Xiaolong Max,2023-2026,,SUV,YL
Hawtai B21,Hawtai,B21,2013-2017,,Sedan,3XL
Hawtai Boliger,Hawtai,Boliger,2011-2020,,SUV,YL
Hawtai Laville,Hawtai,Laville,2016-2020,,SUV,YM+
Hedmos 06,Hedmos,06,2025-2026,,SUV,YL
Heinkel Typ 154,Heinkel,Typ 154,1956-1958,,Sedan,无可用尺码
Hengtian L4600,Hengtian,L4600,2023-2026,,SUV,YXXL
Hennessey Venom F5,Hennessey,Venom F5,2021-2026,,Coupe/Roadster,3L-0
Hennessey Venom GT,Hennessey,Venom GT,2011-2017,,Coupe/Roadster,3L-0
HiPhi X,HiPhi,X,2020-2024,,SUV,YXXL
HiPhi Y,HiPhi,Y,2023-2024,,SUV,YXL
HiPhi Z,HiPhi,Z,2022-2024,,Sedan,3XXL
Hindustan Ambassador,Hindustan,Ambassador,1979-2014,,Sedan,3M
Hindustan Contessa,Hindustan,Contessa,1984-2002,,Sedan,3L
Hispano-Suiza K6,Hispano-Suiza,K6,1934-1937,,Convertible,3XL+0
Holden Apollo,Holden,Apollo,1991-1996,,Wagon,2XL
Holden Apollo,Holden,Apollo,1991-1996,,Sedan,3XL
Holden Astra,Holden,Astra,1999-2004,,Hatchback,2M
Holden Astra,Holden,Astra,1999-2004,,Sedan,3M
Holden Astra,Holden,Astra,1999-2004,,Convertible,3M-0
Holden Barina,Holden,Barina,1997-2005,,Hatchback,2M
Holden Calais,Holden,Calais,1988-1997,,Sedan,3XL
Holden Calais,Holden,Calais,1997-2006,,Sedan,3XXL
Holden Caprice,Holden,Caprice,1990-2006,,Sedan,3XXL
Holden Commodore,Holden,Commodore,1990-2002,,Wagon,2XL+
Holden Commodore,Holden,Commodore,1990-1997,,Sedan,3XL
Holden Commodore,Holden,Commodore,1997-2002,,Sedan,3XXL
Holden Cruze,Holden,Cruze,2002-2006,,Hatchback,2M
Holden Frontera,Holden,Frontera,1998-2003,,SUV,YL
Holden Jackaroo,Holden,Jackaroo,1998-2003,,SUV,YL
Holden Monaro,Holden,Monaro,2001-2005,,Coupe,3XL-0
Holden Statesman,Holden,Statesman,1990-2006,,Sedan,3XXL
Holden Vectra,Holden,Vectra,1998-2001,,Hatchback,2L+
Holden Vectra,Holden,Vectra,1998-2001,,Sedan,3M
Holden Zafira,Holden,Zafira,2001-2005,,MPV,2L+
Honda 145,Honda,145,1972-1974,,Sedan,3S
Honda 145,Honda,145,1972-1974,,Coupe,3S-0
Honda Accord,Honda,Accord,1976-1981,,Hatchback,2M
Honda Accord,Honda,Accord,1976-1985,,Sedan,3M
Honda Accord,Honda,Accord,1981-1989,,Hatchback,2L+
Honda Accord,Honda,Accord,1985-1989,AeroDeck,Hatchback,2L+
Honda Accord,Honda,Accord,1985-2008,,Sedan,3L
Honda Accord,Honda,Accord,1985-1998,,Coupe,3L-0
Honda Accord,Honda,Accord,1989-2015,,Wagon,2XL
Honda Accord,Honda,Accord,1997-2002,,Hatchback,2XL
Honda Accord,Honda,Accord,1997-2019,,Coupe,3XL-0
Honda Accord,Honda,Accord,2002-2008,Type-S,Sedan,3L
Honda Accord,Honda,Accord,2002-2008,US Market,Sedan,3XL
Honda Accord,Honda,Accord,2007-2015,,Sedan,3XL
Honda Accord,Honda,Accord,2007-2015,Type-S,Sedan,3XL
Honda Accord,Honda,Accord,2007-2015,US Market,Sedan,3XXL
Honda Accord,Honda,Accord,2012-2026,,Sedan,3XXL
Honda Acty,Honda,Acty,1977-1985,,MPV,无可用尺码
Honda Acty,Honda,Acty,1985-1988,,MPV,2S
Honda Acty,Honda,Acty,1988-1999,,MPV,无可用尺码
Honda Acty,Honda,Acty,1999-2018,,MPV,2S
Honda Acty,Honda,Acty,1999-2018,,Van,无可用尺码
Honda Airwave,Honda,Airwave,2005-2010,,Wagon,2L+
Honda Ascot,Honda,Ascot,1989-1997,,Sedan,3L
Honda Ascot Innova,Honda,Ascot Innova,1992-1996,,Sedan,3L
Honda Avancier,Honda,Avancier,1999-2003,,Wagon,2XL
Honda Avancier,Honda,Avancier,2016-2020,,SUV,YL
Honda Avancier,Honda,Avancier,2020-2026,,SUV,YXL
Honda Ballade,Honda,Ballade,1980-1987,,Sedan,3S
Honda Ballade,Honda,Ballade,1983-1987,,Hatchback,2M
Honda Beat,Honda,Beat,1991-1996,,Roadster,无可用尺码
Honda Breeze,Honda,Breeze,2019-2026,,SUV,YL
Honda Brio,Honda,Brio,2011-2018,,Hatchback,2M
Honda Brio,Honda,Brio,2011-2018,Amaze,Sedan,3S
Honda CR-V,Honda,CR-V,1995-2004,,SUV,YM+
Honda CR-V,Honda,CR-V,2004-2006,,SUV,YL
Honda CR-V,Honda,CR-V,2006-2023,,SUV,YM+
Honda CR-V,Honda,CR-V,2014-2026,,SUV,YL
Honda CR-V,Honda,CR-V,2022-2026,e:FCEV,SUV,YL
Honda CR-X,Honda,CR-X,1983-1998,Incl: del Sol,Coupe/Targa,3S-0
Honda CR-Z,Honda,CR-Z,2010-2017,,Hatchback,2M
Honda Capa,Honda,Capa,1998-2002,,MPV,2M
Honda City,Honda,City,1981-1986,,Hatchback,2S
Honda City,Honda,City,1986-1994,,Hatchback,2M
Honda City,Honda,City,1996-2023,,Sedan,3M
Honda City,Honda,City,2019-2026,,Hatchback,2L+
Honda City,Honda,City,2019-2026,,Sedan,3L
Honda Civic,Honda,Civic,1972-1997,Incl: L143.7 W59.3 H52.0/L148.0 W62.2 H52.6/L150.8 W62.2 H52.6/Shuttle,Hatchback/Wagon,2M
Honda Civic,Honda,Civic,1972-1979,L140.2 W59.3 H52.4,Hatchback,2S
Honda Civic,Honda,Civic,1979-1987,,Sedan,3S
Honda Civic,Honda,Civic,1987-2006,,Sedan,3M
Honda Civic,Honda,Civic,1991-2002,,Fastback/Wagon,2L+
Honda Civic,Honda,Civic,1991-2022,,Coupe,3M-0
Honda Civic,Honda,Civic,1995-2006,L165.0 W66.7 H54.1/L165.7 W66.7 H56.7/L168.5 W66.9 H59.1/L168.7 W66.7 H58.9/L170.3 W66.7 H54.7,Hatchback,2L+
Honda Civic,Honda,Civic,1998-2002,,Hatchback,2L+
Honda Civic,Honda,Civic,2000-2003,L162.8 W66.7 H56.7,Hatchback,2M
Honda Civic,Honda,Civic,2005-2022,,Hatchback,2L+
Honda Civic,Honda,Civic,2005-2026,,Sedan,3L
Honda Civic,Honda,Civic,2011-2017,,Wagon,2XL
Honda Civic,Honda,Civic,2021-2026,,Hatchback,2XL
Honda Civic Ferio,Honda,Civic Ferio,1991-2006,,Sedan,3M
Honda Civic Type R,Honda,Civic Type R,1997-2000,,Hatchback,2L+
Honda Civic Type R,Honda,Civic Type R,2001-2005,,Hatchback,2M
Honda Civic Type R,Honda,Civic Type R,2006-2016,,Hatchback,2L+
Honda Civic Type R,Honda,Civic Type R,2006-2011,,Sedan,3L
Honda Civic Type R,Honda,Civic Type R,2017-2026,,Hatchback,2XL
Honda Clarity,Honda,Clarity,2008-2014,,Sedan,3XL
Honda Clarity,Honda,Clarity,2016-2021,,Sedan,3XXL
Honda Concerto,Honda,Concerto,1988-1994,,Hatchback,2L+
Honda Concerto,Honda,Concerto,1988-1994,,Sedan,3M
Honda Crider,Honda,Crider,2013-2018,,Sedan,3L
Honda Crider,Honda,Crider,2018-2026,,Sedan,3XL
Honda Crossroad,Honda,Crossroad,1993-2010,,SUV,YM+
Honda Crosstour,Honda,Crosstour,2009-2015,,SUV,YXL
Honda Domani,Honda,Domani,1992-2000,,Sedan,3M
Honda Edix,Honda,Edix,2004-2009,,MPV,2L+
Honda Element,Honda,Element,2002-2011,,SUV,YM+
Honda Elevate,Honda,Elevate,2023-2026,,SUV,YM+
Honda Elysion,Honda,Elysion,2004-2026,,MPV,2XL+
Honda Envix,Honda,Envix,2019-2025,,Sedan,3XL
Honda FR-V,Honda,FR-V,2004-2009,,MPV,2L+
Honda Fit,Honda,Fit,2001-2024,Incl: Crosstar/RS,Hatchback,2M
Honda Fit,Honda,Fit,2026,,Hatchback,2L+
Honda Fit Aria,Honda,Fit Aria,2002-2009,,Sedan,3M
Honda Fit Shuttle,Honda,Fit Shuttle,2011-2015,,Wagon,2L+
Honda Freed,Honda,Freed,2008-2026,Incl: Air/Crosstar/Freed+/Spike,MPV,2L+
Honda Grace,Honda,Grace,2014-2020,,Sedan,3M
Honda HR-V,Honda,HR-V,1998-2026,Incl: China/L157.3 W66.7 H62.6/L157.9 W66.7 H62.0/L161.2 W66.7 H62.2/L161.8 W66.7 H62.2/North America,SUV,YM+
Honda Horizon,Honda,Horizon,1994-1999,,SUV,YL
Honda Insight,Honda,Insight,1999-2006,,Hatchback,2M
Honda Insight,Honda,Insight,2009-2014,,Hatchback,2L+
Honda Insight,Honda,Insight,2018-2022,,Sedan,3L
Honda Insight,Honda,Insight,2026,,SUV,YL
Honda Inspire,Honda,Inspire,1989-1992,,Sedan,3L
Honda Inspire,Honda,Inspire,1992-2010,,Sedan,3XL
Honda Inspire,Honda,Inspire,2010-2012,,Sedan,3XXL
Honda Inspire,Honda,Inspire,2018-2026,,Sedan,3XXL
Honda Integra,Honda,Integra,1985-1989,L168.5 W65.6 H53.0/L171.3 W65.6 H53.0,Hatchback,2L+
Honda Integra,Honda,Integra,1985-1993,,Sedan,3M
Honda Integra,Honda,Integra,1989-2006,,Coupe,3M-0
Honda Integra,Honda,Integra,1993-2001,,Sedan,3L
Honda Integra,Honda,Integra,2021-2026,,Hatchback,2XL
Honda Integra,Honda,Integra,2021-2026,,Sedan,3L
Honda Integra SJ,Honda,Integra SJ,1996-2001,,Sedan,3M
Honda Jade,Honda,Jade,2015-2020,,MPV,2XL
Honda Jazz,Honda,Jazz,1983-1986,,Hatchback,2S
Honda Jazz,Honda,Jazz,2001-2026,Incl: Crosstar,Hatchback,2M
Honda Lagreat,Honda,Lagreat,1998-2005,,MPV,2XXL-525
Honda Legend,Honda,Legend,1985-1990,,Sedan,3XL
Honda Legend,Honda,Legend,1985-1996,,Coupe,3XL-0
Honda Legend,Honda,Legend,1990-2012,,Sedan,3XXL
Honda Legend,Honda,Legend,2015-2021,,Sedan,3XXL
Honda Life,Honda,Life,1997-2014,,Hatchback,2S
Honda Life,Honda,Life,2020-2026,Incl: Crosstar,Hatchback,2M
Honda Logo,Honda,Logo,1996-2001,,Hatchback,2M
Honda MDX,Honda,MDX,2003-2006,,SUV,YL
Honda Mobilio,Honda,Mobilio,2001-2008,,MPV,2M
Honda Mobilio,Honda,Mobilio,2014-2024,,MPV,2L+
Honda Mobilio Spike,Honda,Mobilio Spike,2002-2008,,MPV,2M
Honda N-BOX,Honda,N-BOX,2011-2015,,MPV,2S
Honda N-BOX,Honda,N-BOX,2015-2026,,MPV,无可用尺码
Honda N-BOX Slash,Honda,N-BOX Slash,2014-2020,,Hatchback,2S
Honda N-BOX+,Honda,N-BOX+,2012-2018,,MPV,无可用尺码
Honda N-One,Honda,N-One,2012-2026,Incl: e:,Hatchback,2S
Honda N-VAN,Honda,N-VAN,2018-2026,,MPV,无可用尺码
Honda N-WGN,Honda,N-WGN,2013-2026,,Hatchback,2S
Honda N360,Honda,N360,1969-1970,,Sedan,无可用尺码
Honda NSX,Honda,NSX,1990-2022,,Coupe,3M-0
Honda Odyssey,Honda,Odyssey,1994-1999,,MPV,2XL
Honda Odyssey,Honda,Odyssey,1999-2001,,MPV,2XXL-525
Honda Odyssey,Honda,Odyssey,2001-2003,,MPV,2XL
Honda Odyssey,Honda,Odyssey,2003-2008,,MPV,2XXL-525
Honda Odyssey,Honda,Odyssey,2008-2013,,MPV,2XL
Honda Odyssey,Honda,Odyssey,2013-2026,,MPV,2XL+
Honda Odyssey (North America),Honda,Odyssey (North America),1994-1998,,MPV,2XL
Honda Odyssey (North America),Honda,Odyssey (North America),1998-2026,,MPV,2XXL-525
Honda Orthia,Honda,Orthia,1996-2002,,Wagon,2XL
Honda Partner,Honda,Partner,1996-2006,,Wagon,2XL
Honda Partner,Honda,Partner,2006-2010,,Wagon,2L+
Honda Passport,Honda,Passport,1993-1997,,SUV,YM+
Honda Passport,Honda,Passport,1997-2002,,SUV,YL
Honda Passport,Honda,Passport,2019-2021,,SUV,YXL
Honda Passport,Honda,Passport,2021-2026,,SUV,YL
Honda Passport,Honda,Passport,2025-2026,,SUV,YXL
Honda Pilot,Honda,Pilot,2002-2008,,SUV,YL
Honda Pilot,Honda,Pilot,2008-2025,,SUV,YXL
Honda Pilot,Honda,Pilot,2025-2026,USA (285hp),SUV,YXL
Honda Prelude,Honda,Prelude,1978-1982,,Coupe,3S-0
Honda Prelude,Honda,Prelude,1983-1989,,Coupe,3M-0
Honda Prelude,Honda,Prelude,1989-1991,,Coupe,3L-0
Honda Prelude,Honda,Prelude,1991-1996,,Coupe,3M-0
Honda Prelude,Honda,Prelude,1996-2001,,Coupe,3L-0
Honda Prelude,Honda,Prelude,2025-2026,,Coupe,3L-0
Honda Prologue,Honda,Prologue,2024-2026,,SUV,YXL
Honda Quint,Honda,Quint,1980-1984,,Hatchback,2M
Honda Quint,Honda,Quint,1985-1989,L168.7 W65.6 H53.0/L171.5 W65.6 H53.0,Hatchback,2L+
Honda Quint,Honda,Quint,1985-1989,,Sedan,3M
Honda Rafaga,Honda,Rafaga,1993-1997,,Sedan,3L
Honda S-MX,Honda,S-MX,1996-2002,,MPV,2M
Honda S2000,Honda,S2000,1999-2009,,Convertible,3S-0
Honda S500,Honda,S500,1963-1964,,Convertible,无可用尺码
Honda S600,Honda,S600,1964-1966,,Convertible,无可用尺码
Honda S660,Honda,S660,2015-2022,,Roadster,无可用尺码
Honda Saber,Honda,Saber,1995-2003,,Sedan,3XL
Honda Shuttle,Honda,Shuttle,1994-2000,,MPV,2XL
Honda Shuttle,Honda,Shuttle,2015-2022,,Wagon,2L+
Honda Stepwgn,Honda,Stepwgn,1996-2026,,MPV,2XL
Honda Stepwgn,Honda,Stepwgn,2003-2022,Spada,MPV,2XL
Honda Stepwgn,Honda,Stepwgn,2022-2026,Spada,MPV,2XL+
Honda Stream,Honda,Stream,2000-2014,,MPV,2XL
Honda Street,Honda,Street,1988-1998,,MPV,无可用尺码
Honda Super-One,Honda,Super-One,2026,,Hatchback,2S
Honda That'S,Honda,That'S,2002-2007,,Hatchback,2S
Honda Today,Honda,Today,1985-1998,,Hatchback,2S
Honda Today,Honda,Today,1993-1998,,Coupe/Sedan,无可用尺码
Honda Torneo,Honda,Torneo,1997-2002,,Sedan,3L
Honda UR-V,Honda,UR-V,2017-2020,,SUV,YL
Honda UR-V,Honda,UR-V,2020-2026,,SUV,YXL
Honda Vamos,Honda,Vamos,1999-2018,,MPV,2S
Honda Vamos,Honda,Vamos,1999-2018,Hobio,MPV,无可用尺码
Honda Vezel,Honda,Vezel,2013-2026,,SUV,YM+
Honda Vigor,Honda,Vigor,1989-1998,,Sedan,3L
Honda WR-V,Honda,WR-V,2017-2026,,SUV,YM+
Honda XR-V,Honda,XR-V,2014-2026,,SUV,YM+
Honda Ye P7,Honda,Ye P7,2025-2026,,SUV,YL
Honda Ye S7,Honda,Ye S7,2024-2026,,SUV,YL
Honda Z,Honda,Z,1998-2002,,Hatchback,2S
Honda ZR-V,Honda,ZR-V,2022-2026,,SUV,YM+
Honda Zest,Honda,Zest,2006-2012,,Hatchback,2S
Honda e,Honda,e,2019-2024,,Hatchback,2M
Honda e:NP1,Honda,e:NP1,2022-2026,,SUV,YM+
Honda e:NP2,Honda,e:NP2,2024-2026,,SUV,YL
Honda e:NS1,Honda,e:NS1,2022-2026,,SUV,YM+
Honda e:NS2,Honda,e:NS2,2024-2026,,SUV,YL
Honda e:Ny1,Honda,e:Ny1,2023-2026,,SUV,YM+
Hongqi E-HS3,Hongqi,E-HS3,2018-2023,,SUV,YM+
Hongqi E-HS7,Hongqi,E-HS7,2024-2026,,SUV,YXL
Hongqi E-HS9,Hongqi,E-HS9,2020-2026,,SUV,YXXL
Hongqi E-QM5,Hongqi,E-QM5,2021-2026,,Sedan,3XXL
Hongqi EH7,Hongqi,EH7,2024-2026,,Sedan,3XXL
Hongqi Guoya,Hongqi,Guoya,2024-2026,,Sedan,3XXXL
Hongqi H5,Hongqi,H5,2017-2026,,Sedan,3XXL
Hongqi H6,Hongqi,H6,2023-2026,,Liftback,3XXL
Hongqi H7,Hongqi,H7,2013-2022,,Sedan,3XXL
Hongqi H9,Hongqi,H9,2020-2026,,Sedan,3XXL
Hongqi H9,Hongqi,H9,2020-2026,Plus,Sedan,3XXXL
Hongqi HQ9,Hongqi,HQ9,2022-2026,,MPV,2XXL-525
Hongqi HS3,Hongqi,HS3,2023-2026,,SUV,YL
Hongqi HS5,Hongqi,HS5,2019-2026,,SUV,YL
Hongqi HS6,Hongqi,HS6,2025-2026,,SUV,YXL
Hongqi HS7,Hongqi,HS7,2019-2026,,SUV,YXL
Hongqi L5,Hongqi,L5,2014-2026,,Sedan,无可用尺码
Hongqi LS7,Hongqi,LS7,2022-2026,,SUV,YXXL-585
Hongqi Tiangong 05,Hongqi,Tiangong 05,2025-2026,,Sedan,3XL
Hongqi Tiangong 06,Hongqi,Tiangong 06,2025-2026,,SUV,YL
Hongqi Tiangong 08,Hongqi,Tiangong 08,2025-2026,,SUV,YXL
Horch 830,Horch,830,1933-1940,,Sedan,3XL
Horch 830,Horch,830,1933-1940,,Convertible,3XL-0
Horch 830,Horch,830,1933-1940,BL,Sedan,3XXL
Horch 853,Horch,853,1935-1939,,Convertible,3XXXL-0
Horch 901,Horch,901,1937-1943,,SUV,YXXL
Hozon Neta Aya,Hozon,Neta Aya,2023-2025,,SUV,YM+
Hozon Neta GT,Hozon,Neta GT,2023-2025,,Coupe,3XL-0
Hozon Neta L,Hozon,Neta L,2024-2025,,SUV,YL
Hozon Neta S,Hozon,Neta S,2022-2025,,Wagon,2XL+
Hozon Neta S,Hozon,Neta S,2022-2025,,Sedan,3XXL
Hozon Neta U,Hozon,Neta U,2020-2022,,SUV,YM+
Hozon Neta U-II,Hozon,Neta U-II,2022-2024,,SUV,YM+
Hozon Neta V,Hozon,Neta V,2020-2023,,SUV,YM+
Hozon Neta X,Hozon,Neta X,2023-2025,,SUV,YL
Huaihai (Hoann) EK01,Huaihai (Hoann),EK01,2020-2023,,Hatchback,2S
HuangHai Landscape,HuangHai,Landscape,2008-2011,,SUV,YL
Huazi Omega,Huazi,Omega,2023-2024,,Coupe,无可用尺码
Hudson Custom Eight,Hudson,Custom Eight,1937-1939,,Sedan,3XXL
Hudson Deluxe Eight,Hudson,Deluxe Eight,1936-1937,,Sedan,3XXL
Hudson Hornet,Hudson,Hornet,1950-1954,,Coupe,3XXXL-0
Hudson Hornet,Hudson,Hornet,1955-1957,,Sedan,3XXXL
Hudson Super Six,Hudson,Super Six,1916-1928,,Sedan,无可用尺码
Humber Hawk,Humber,Hawk,1962-1964,,Sedan,3L
Hummer H1,Hummer,H1,1992-2006,,SUV,YXL
Hummer H2,Hummer,H2,2002-2009,,SUV,YL
Hummer H3,Hummer,H3,2005-2010,,SUV,YL
Hycan 007,Hycan,007,2020-2022,,SUV,YXL
Hycan A06,Hycan,A06,2022-2025,,Sedan,3XXL
Hycan V09,Hycan,V09,2023-2025,,MPV,2XXL-525
Hycan Z03,Hycan,Z03,2021-2025,,Hatchback,2XL
Hyperion XP-1,Hyperion,XP-1,2022-2024,,Coupe,3M-0
Hyundai Accent,Hyundai,Accent,1994-2000,,Hatchback,2M
Hyundai Accent,Hyundai,Accent,1994-2000,,Sedan,3S
Hyundai Accent,Hyundai,Accent,1999-2012,,Hatchback,2L+
Hyundai Accent,Hyundai,Accent,1999-2022,,Sedan,3M
Hyundai Accent,Hyundai,Accent,2006-2019,,Hatchback,2M
Hyundai Accent,Hyundai,Accent,2023-2026,,Sedan,3L
Hyundai Alcazar,Hyundai,Alcazar,2021-2026,,SUV,YM+
Hyundai Aslan,Hyundai,Aslan,2014-2018,,Sedan,3XXL
Hyundai Atos,Hyundai,Atos,1997-2008,,Hatchback,2S
Hyundai Avante,Hyundai,Avante,1995-1998,,Wagon,2L+
Hyundai Avante,Hyundai,Avante,1995-2003,,Sedan,3M
Hyundai Avante,Hyundai,Avante,2000-2003,,Liftback,3M
Hyundai Avante,Hyundai,Avante,2003-2006,,Sedan,3L
Hyundai Avante,Hyundai,Avante,2006-2010,,Sedan,3M
Hyundai Avante,Hyundai,Avante,2010-2023,,Sedan,3L
Hyundai Avante,Hyundai,Avante,2010-2015,,Coupe,3L-0
Hyundai Avante,Hyundai,Avante,2023-2026,,Sedan,3XL
Hyundai Avante N,Hyundai,Avante N,2020-2023,,Sedan,3L
Hyundai Avante N,Hyundai,Avante N,2023-2026,,Sedan,3XL
Hyundai Azera,Hyundai,Azera,2005-2026,,Sedan,3XXL
Hyundai Bayon,Hyundai,Bayon,2021-2026,,SUV,YM+
Hyundai Casper,Hyundai,Casper,2021-2026,,SUV,YS-380
Hyundai Celesta,Hyundai,Celesta,2017-2023,RV,Wagon,2L+
Hyundai Celesta,Hyundai,Celesta,2017-2023,,Sedan,3M
Hyundai Centennial,Hyundai,Centennial,1999-2008,,Sedan,3XXL
Hyundai Click,Hyundai,Click,2002-2011,,Hatchback,2M
Hyundai Coupe,Hyundai,Coupe,1996-2009,,Coupe,3M-0
Hyundai Creta,Hyundai,Creta,2016-2026,Incl: Grand,SUV,YM+
Hyundai Custin,Hyundai,Custin,2021-2026,,MPV,2XL+
Hyundai Custo,Hyundai,Custo,2021-2026,,MPV,2XL+
Hyundai Dynasty,Hyundai,Dynasty,1996-2005,,Sedan,3XXL
Hyundai EON,Hyundai,EON,2011-2019,,Hatchback,2S
Hyundai Elantra,Hyundai,Elantra,1990-2011,,Sedan,3M
Hyundai Elantra,Hyundai,Elantra,1995-2020,Incl: GT,Hatchback/Wagon,2L+
Hyundai Elantra,Hyundai,Elantra,2000-2003,,Liftback,3M
Hyundai Elantra,Hyundai,Elantra,2003-2010,,Liftback,3L
Hyundai Elantra,Hyundai,Elantra,2010-2023,,Sedan,3L
Hyundai Elantra,Hyundai,Elantra,2010-2016,,Coupe,3L-0
Hyundai Elantra,Hyundai,Elantra,2023-2026,,Sedan,3XL
Hyundai Elantra N,Hyundai,Elantra N,2021-2023,,Sedan,3L
Hyundai Elantra N,Hyundai,Elantra N,2023-2026,,Sedan,3XL
Hyundai Elexio,Hyundai,Elexio,2025-2026,,SUV,YL
Hyundai Encino,Hyundai,Encino,2018-2020,,SUV,YM+
Hyundai Entourage,Hyundai,Entourage,2006-2009,,MPV,2XXL-525
Hyundai Equus,Hyundai,Equus,1999-2016,,Sedan,3XXL
Hyundai Equus,Hyundai,Equus,1999-2016,Limousine,Sedan,3XXXL
Hyundai Excel,Hyundai,Excel,1985-1998,,Sedan,3M
Hyundai Exter,Hyundai,Exter,2023-2026,,SUV,YS-410
Hyundai Galloper,Hyundai,Galloper,1991-2003,L184.4 W70.3 H73.6,SUV,YL
Hyundai Galloper,Hyundai,Galloper,1991-2003,L160.8 W69.7 H72.4,SUV,YM+
Hyundai Genesis,Hyundai,Genesis,2008-2016,,Sedan,3XXL
Hyundai Genesis Coupe,Hyundai,Genesis Coupe,2008-2016,,Coupe,3L-0
Hyundai Getz,Hyundai,Getz,2002-2011,,Hatchback,2M
Hyundai Grace,Hyundai,Grace,1986-2004,,MPV,2XL-200
Hyundai Grand Starex,Hyundai,Grand Starex,2007-2021,,MPV/Van,2XXL-525
Hyundai Grandeur,Hyundai,Grandeur,1986-1992,,Sedan,3XL
Hyundai Grandeur,Hyundai,Grandeur,1992-1998,,Sedan,3XXL
Hyundai Grandeur,Hyundai,Grandeur,1998-2005,,Sedan,3XL
Hyundai Grandeur,Hyundai,Grandeur,2005-2026,,Sedan,3XXL
Hyundai H-1,Hyundai,H-1,1997-2007,,MPV,2XL
Hyundai H-1,Hyundai,H-1,1997-2004,,Van,2XL
Hyundai H-1,Hyundai,H-1,2004-2007,,Van,2XL-200
Hyundai H-1,Hyundai,H-1,2007-2021,,MPV,2XXL-525
Hyundai H-1,Hyundai,H-1,2007-2021,,Van,2XXL-525
Hyundai H200,Hyundai,H200,1997-2007,,MPV,2XL-200
Hyundai HB20,Hyundai,HB20,2012-2026,Incl: X,Hatchback,2M
Hyundai HB20,Hyundai,HB20,2012-2026,,Sedan,3M
Hyundai IONIQ,Hyundai,IONIQ,2016-2022,,Hatchback,2L+
Hyundai IONIQ 3,Hyundai,IONIQ 3,2026,,SUV,YM+
Hyundai IONIQ 5,Hyundai,IONIQ 5,2021-2026,Incl: XRT,SUV,YL
Hyundai IONIQ 5 N,Hyundai,IONIQ 5 N,2023-2026,,SUV,YL
Hyundai IONIQ 6,Hyundai,IONIQ 6,2022-2025,,Fastback,3XL
Hyundai IONIQ 6,Hyundai,IONIQ 6,2025-2026,,Fastback,3XXL
Hyundai IONIQ 6,Hyundai,IONIQ 6,2025-2026,N,Fastback,3XXL
Hyundai IONIQ 9,Hyundai,IONIQ 9,2025-2026,,SUV,YXL
Hyundai Inster,Hyundai,Inster,2024-2026,,SUV,YS-410
Hyundai Kona,Hyundai,Kona,2017-2026,,SUV,YM+
Hyundai Kona N,Hyundai,Kona N,2021-2023,,SUV,YM+
Hyundai Lafesta,Hyundai,Lafesta,2018-2025,,Sedan,3L
Hyundai Lafesta,Hyundai,Lafesta,2018-2022,EV,Sedan,3XL
Hyundai Lantra,Hyundai,Lantra,1990-2000,,Sedan,3M
Hyundai Lantra,Hyundai,Lantra,1995-2000,,Wagon,2L+
Hyundai Lavita,Hyundai,Lavita,2001-2007,,MPV,2M
Hyundai Marcia,Hyundai,Marcia,1995-1998,,Sedan,3L
Hyundai Matrix,Hyundai,Matrix,2001-2010,,MPV,2M
Hyundai Maxcruz,Hyundai,Maxcruz,2012-2020,,SUV,YXL
Hyundai Mistra,Hyundai,Mistra,2017-2023,Incl: EV,Sedan,3XL
Hyundai Mufasa,Hyundai,Mufasa,2023-2026,,SUV,YM+
Hyundai Nexo,Hyundai,Nexo,2018-2026,,SUV,YL
Hyundai Palisade,Hyundai,Palisade,2018-2026,,SUV,YXL
Hyundai Pony,Hyundai,Pony,1975-1994,,Hatchback,2M
Hyundai Pony,Hyundai,Pony,1985-1989,,Sedan,3S
Hyundai Pony,Hyundai,Pony,1989-1994,,Sedan,3M
Hyundai Reina,Hyundai,Reina,2017-2021,,Sedan,3M
Hyundai Santa Fe,Hyundai,Santa Fe,2000-2006,,SUV,YM+
Hyundai Santa Fe,Hyundai,Santa Fe,2005-2024,,SUV,YL
Hyundai Santa Fe,Hyundai,Santa Fe,2007-2013,Classic,SUV,YM+
Hyundai Santa Fe,Hyundai,Santa Fe,2012-2018,Grand,SUV,YXL
Hyundai Santa Fe,Hyundai,Santa Fe,2019-2026,,SUV,YXL
Hyundai Santamo,Hyundai,Santamo,1995-2002,,MPV,2L+
Hyundai Santro,Hyundai,Santro,1998-2014,,Hatchback,2S
Hyundai Santro,Hyundai,Santro,2018-2022,,Hatchback,2M
Hyundai Scoupe,Hyundai,Scoupe,1988-1996,,Coupe,3M-0
Hyundai Solaris,Hyundai,Solaris,2010-2017,,Hatchback,2M
Hyundai Solaris,Hyundai,Solaris,2010-2022,,Sedan,3M
Hyundai Sonata,Hyundai,Sonata,1988-1998,,Sedan,3L
Hyundai Sonata,Hyundai,Sonata,1998-2020,,Sedan,3XL
Hyundai Sonata,Hyundai,Sonata,2019-2026,,Sedan,3XXL
Hyundai Starex,Hyundai,Starex,1997-2007,,MPV,2XL
Hyundai Starex,Hyundai,Starex,1997-2004,,Van,2XL
Hyundai Starex,Hyundai,Starex,2003-2007,,Van,2XL-200
Hyundai Stargazer,Hyundai,Stargazer,2022-2025,Incl: X,MPV,2L+
Hyundai Stargazer,Hyundai,Stargazer,2025-2026,Cartenz/Cartenz X,MPV,2XL
Hyundai Staria,Hyundai,Staria,2021-2026,Incl: Load,MPV/Van,2XXL-545
Hyundai Stellar,Hyundai,Stellar,1983-1993,,Sedan,3M
Hyundai Terracan,Hyundai,Terracan,2001-2007,,SUV,YL
Hyundai Tiburon,Hyundai,Tiburon,1996-2009,,Coupe,3M-0
Hyundai Trajet,Hyundai,Trajet,1999-2008,,MPV,2XL
Hyundai Tucson,Hyundai,Tucson,2004-2021,,SUV,YM+
Hyundai Tucson,Hyundai,Tucson,2020-2026,,SUV,YL
Hyundai Tucson,Hyundai,Tucson,2020-2026,SWB,SUV,YM+
Hyundai Tuscani,Hyundai,Tuscani,2001-2009,,Coupe,3M-0
Hyundai Veloster,Hyundai,Veloster,2011-2022,,Hatchback 4dr,2L+
Hyundai Venue,Hyundai,Venue,2019-2026,,SUV,YM+
Hyundai Veracruz,Hyundai,Veracruz,2006-2015,,SUV,YXL
Hyundai Verna,Hyundai,Verna,1999-2005,,Hatchback,2L+
Hyundai Verna,Hyundai,Verna,1999-2002,,Liftback,3M
Hyundai Verna,Hyundai,Verna,1999-2023,,Sedan,3M
Hyundai Verna,Hyundai,Verna,2005-2017,,Hatchback,2M
Hyundai Verna,Hyundai,Verna,2017-2020,,Hatchback,2L+
Hyundai Verna,Hyundai,Verna,2023-2026,,Sedan,3L
Hyundai XG,Hyundai,XG,1998-2005,,Sedan,3XL
Hyundai i10,Hyundai,i10,2007-2013,,Hatchback,2S
Hyundai i10,Hyundai,i10,2013-2026,,Hatchback,2M
Hyundai i20,Hyundai,i20,2008-2026,Incl: Active/L155.1 W67.3 H58.7/L157.3 W67.3 H58.7/L158.9 W68.3 H58.0/L159.3 W68.1 H57.0,Hatchback,2M
Hyundai i20 N,Hyundai,i20 N,2021-2023,,Hatchback,2M
Hyundai i30,Hyundai,i30,2007-2026,Incl: Fastback,Hatchback/Liftback,2L+
Hyundai i30,Hyundai,i30,2007-2017,,Wagon,2L+
Hyundai i30,Hyundai,i30,2017-2026,,Wagon,2XL
Hyundai i30,Hyundai,i30,2020-2026,,Fastback,3M
Hyundai i30 N,Hyundai,i30 N,2017-2026,,Hatchback,2L+
Hyundai i30 N,Hyundai,i30 N,2017-2026,,Fastback,3M
Hyundai i40,Hyundai,i40,2011-2019,,Wagon,2XL
Hyundai i40,Hyundai,i40,2011-2019,,Sedan,3XL
Hyundai ix20,Hyundai,ix20,2010-2019,,Hatchback,2M
Hyundai ix25,Hyundai,ix25,2014-2021,,SUV,YM+
Hyundai ix35,Hyundai,ix35,2010-2023,,SUV,YM+
Hyundai ix55,Hyundai,ix55,2008-2013,,SUV,YXL
IM Motors (Zhiji) L6,IM Motors (Zhiji),L6,2024-2026,,Hatchback,2XL+
IM Motors (Zhiji) L7,IM Motors (Zhiji),L7,2022-2024,,Sedan,3XXL
IM Motors (Zhiji) LS6,IM Motors (Zhiji),LS6,2023-2026,,SUV,YXL
IM Motors (Zhiji) LS7,IM Motors (Zhiji),LS7,2023-2026,,SUV,YXL
IM Motors (Zhiji) LS8,IM Motors (Zhiji),LS8,2026,,SUV,YXL
IM Motors (Zhiji) LS9,IM Motors (Zhiji),LS9,2025-2026,,SUV,YXXL-545
Ineos Grenadier,Ineos,Grenadier,2022-2026,,SUV,YXL
Infiniti ESQ,Infiniti,ESQ,2014-2019,,SUV,YM+
Infiniti EX,Infiniti,EX,2007-2013,,SUV,YL
Infiniti FX,Infiniti,FX,2002-2009,,SUV,YL
Infiniti FX,Infiniti,FX,2008-2013,,SUV,YXL
Infiniti G,Infiniti,G,1991-1996,,Sedan,3M
Infiniti G,Infiniti,G,1999-2002,,Sedan,3M
Infiniti G,Infiniti,G,2002-2013,,Convertible/Coupe,3L-0
Infiniti G,Infiniti,G,2002-2013,,Sedan,3XL
Infiniti I,Infiniti,I,1995-1999,,Sedan,3XL
Infiniti I,Infiniti,I,2000-2004,,Sedan,3XXL
Infiniti J,Infiniti,J,1992-1997,,Sedan,3XL
Infiniti JX,Infiniti,JX,2012-2014,,SUV,YXL
Infiniti M,Infiniti,M,1989-1992,,Convertible/Coupe,3XL-0
Infiniti M,Infiniti,M,2002-2013,,Sedan,3XXL
Infiniti Q,Infiniti,Q,1989-2006,,Sedan,3XXL
Infiniti Q30,Infiniti,Q30,2015-2019,,Hatchback,2L+
Infiniti Q40,Infiniti,Q40,2014-2015,,Sedan,3XL
Infiniti Q50,Infiniti,Q50,2013-2024,,Sedan,3XL
Infiniti Q60,Infiniti,Q60,2013-2022,,Convertible/Coupe,3L-0
Infiniti Q70,Infiniti,Q70,2013-2019,Incl: Long,Sedan,3XXL
Infiniti QX30,Infiniti,QX30,2016-2019,,SUV,YM+
Infiniti QX4,Infiniti,QX4,1996-2003,,SUV,YL
Infiniti QX50,Infiniti,QX50,2013-2026,,SUV,YL
Infiniti QX55,Infiniti,QX55,2021-2025,,SUV,YL
Infiniti QX56,Infiniti,QX56,2004-2010,,SUV,YXXL
Infiniti QX56,Infiniti,QX56,2010-2013,,SUV,YXXL-545
Infiniti QX60,Infiniti,QX60,2013-2026,,SUV,YXL
Infiniti QX65,Infiniti,QX65,2026,,SUV,YXL
Infiniti QX70,Infiniti,QX70,2013-2017,,SUV,YXL
Infiniti QX80,Infiniti,QX80,2013-2026,,SUV,YXXL-545
Innocenti Elba,Innocenti,Elba,1991-1997,,Wagon,2M
Innocenti Mille,Innocenti,Mille,1994-1997,,Hatchback,2M
Innocenti Mini,Innocenti,Mini,1965-1993,,Hatchback,2S
International Harvester Scout,International Harvester,Scout,1971-1980,Incl: SS,SUV/SUV Convertible,YM+
International Harvester Travelall,International Harvester,Travelall,1969-1975,,SUV,YXXL
Invicta S1,Invicta,S1,2004-2012,,Coupe,3M-0
Iran Khodro Dena,Iran Khodro,Dena,2011-2026,,Sedan,3L
Iran Khodro Paykan,Iran Khodro,Paykan,1985-2005,,Sedan,3M
Iran Khodro Runna,Iran Khodro,Runna,2012-2026,,Sedan,3M
Iran Khodro Sahra,Iran Khodro,Sahra,1989-2001,,SUV,YS-410
Iran Khodro Samand,Iran Khodro,Samand,2001-2022,,Sedan,3M
Iran Khodro Sarir,Iran Khodro,Sarir,2006-2017,,Sedan,3XL
Iran Khodro Soren,Iran Khodro,Soren,2007-2025,,Sedan,3M
Iran Khodro Tara,Iran Khodro,Tara,2021-2026,,Sedan,3M
Isdera Commendatore 112i,Isdera,Commendatore 112i,1993,,Coupe,3L-0
Isdera Imperator 108i,Isdera,Imperator 108i,1984-1993,,Coupe,无可用尺码
Isdera Spyder,Isdera,Spyder,1983-1993,,Roadster,3S-0
Isuzu 117,Isuzu,117,1968-1981,,Coupe,3M-0
Isuzu Amigo,Isuzu,Amigo,1989-2000,,SUV,YM+
Isuzu Ascender,Isuzu,Ascender,2003-2008,SWB,SUV,YXL
Isuzu Ascender,Isuzu,Ascender,2003-2008,LWB,SUV,YXXL-545
Isuzu Aska,Isuzu,Aska,1983-1989,,Sedan,3M
Isuzu Aska,Isuzu,Aska,1990-1993,,Sedan,3L
Isuzu Aska,Isuzu,Aska,1994-1997,,Sedan,3XL
Isuzu Aska,Isuzu,Aska,1997-2002,,Sedan,3L
Isuzu Axiom,Isuzu,Axiom,2001-2004,,SUV,YL
Isuzu Bellett,Isuzu,Bellett,1963-1973,,Wagon,2L+
Isuzu Bellett,Isuzu,Bellett,1963-1973,,Sedan,3S
Isuzu Bellett,Isuzu,Bellett,1963-1973,,Coupe,3S-0
Isuzu Bighorn,Isuzu,Bighorn,1981-2002,L162.3 W65.0 H72.6/L166.7 W68.7 H72.8/L176.0 W65.0 H71.7/LWB/SWB,SUV/SUV Convertible,YM+
Isuzu Bighorn,Isuzu,Bighorn,1991-2002,L183.5 W68.7 H49.0,SUV,YL
Isuzu Fargo,Isuzu,Fargo,1980-2002,,MPV/Van,2XL-200
Isuzu Fargo Filly,Isuzu,Fargo Filly,1997-2005,,MPV,2XL
Isuzu Florian,Isuzu,Florian,1967-1983,,Sedan,3M
Isuzu Gemini,Isuzu,Gemini,1974-1993,,Sedan,3S
Isuzu Gemini,Isuzu,Gemini,1974-1993,,Coupe,3S-0
Isuzu Gemini,Isuzu,Gemini,1985-1990,,Hatchback,2M
Isuzu Gemini,Isuzu,Gemini,1990-1993,,Hatchback,2L+
Isuzu Gemini,Isuzu,Gemini,1993-2000,,Sedan,3M
Isuzu Impulse,Isuzu,Impulse,1983-1993,,Hatchback,2L+
Isuzu MU,Isuzu,MU,1989-2004,,SUV,YM+
Isuzu MU-7,Isuzu,MU-7,2004-2013,,SUV,YXL
Isuzu MU-X,Isuzu,MU-X,2013-2020,,SUV,YL
Isuzu MU-X,Isuzu,MU-X,2017-2026,,SUV,YXL
Isuzu MU-X,Isuzu,MU-X,2020-2024,Arctic Trucks,SUV,YXL
Isuzu Midi,Isuzu,Midi,1986-1996,,MPV/Van,2XL-200
Isuzu Oasis,Isuzu,Oasis,1995-1999,,MPV,2XL
Isuzu Pa Nero,Isuzu,Pa Nero,1990-1994,,Hatchback,2L+
Isuzu Pa Nero,Isuzu,Pa Nero,1990-1994,,Coupe,3S-0
Isuzu Piazza,Isuzu,Piazza,1980-1993,,Hatchback,2L+
Isuzu Rodeo,Isuzu,Rodeo,1989-2004,Incl: L168.0 W71.4 H67.0/L177.5 W70.4 H71.1,SUV,YM+
Isuzu Stylus,Isuzu,Stylus,1990-1993,,Sedan,3S
Isuzu Trooper,Isuzu,Trooper,1981-2002,L162.3 W65.0 H72.6/L166.7 W68.7 H72.8/L176.0 W65.0 H71.7/Открытый,SUV,YM+
Isuzu Trooper,Isuzu,Trooper,1992-2002,L188.8 W72.2 H72.4,SUV,YL
Isuzu VehiCross,Isuzu,VehiCross,1997-2001,,SUV,YM+
Isuzu Wizard,Isuzu,Wizard,1990-2004,,SUV,YM+
Iveco Massif,Iveco,Massif,2007-2011,,SUV,YL
JAC A5,JAC,A5,2019-2021,,Liftback,3XL
JAC E30X,JAC,E30X,2024-2026,,Hatchback,2M
JAC J2 (Yueyue),JAC,J2 (Yueyue),2010-2016,,Hatchback,2S
"JAC J3 (Tongyue,Tojoy)",JAC,"J3 (Tongyue,Tojoy)",2009-2017,Incl: Cross,Hatchback,2M
"JAC J3 (Tongyue,Tojoy)",JAC,"J3 (Tongyue,Tojoy)",2009-2017,,Sedan,3S
JAC J4 (Heyue A30),JAC,J4 (Heyue A30),2013-2019,,Sedan,3M
JAC J5 (Heyue),JAC,J5 (Heyue),2014-2017,,Sedan,3L
JAC J6 (Heyue RS),JAC,J6 (Heyue RS),2011-2015,,MPV,2XL
JAC J7,JAC,J7,2020-2026,,Liftback,3XL
JAC J7 (Binyue),JAC,J7 (Binyue),2008-2015,,Sedan,3XL
JAC JS2,JAC,JS2,2018-2026,,SUV,YM+
JAC JS2 Pro,JAC,JS2 Pro,2024-2026,,SUV,YM+
JAC JS3,JAC,JS3,2023-2026,,SUV,YM+
JAC JS4,JAC,JS4,2020-2026,,SUV,YM+
JAC JS5,JAC,JS5,2024-2026,,SUV,YM+
JAC JS6,JAC,JS6,2022-2026,,SUV,YL
JAC JS9,JAC,JS9,2025-2026,,SUV,YXXL
JAC Jiayue X7,JAC,Jiayue X7,2020-2021,,SUV,YL
JAC M1 (Refine),JAC,M1 (Refine),2006-2011,,MPV,2XL-200
JAC M4,JAC,M4,2016-2026,,MPV,2XXL-525
JAC M5,JAC,M5,2011-2026,,MPV,2XXL-525
JAC RF8,JAC,RF8,2025-2026,,MPV,2XXL-525
JAC Refine L6 Max,JAC,Refine L6 Max,2020-2026,,MPV,2XXL-545
JAC Refine M3,JAC,Refine M3,2016-2026,,MPV,2XL-200
JAC Refine M3,JAC,Refine M3,2016-2026,LWB,MPV,2XXL-525
JAC Refine RF8,JAC,Refine RF8,2023-2026,,MPV,2XXL-525
JAC S1 (Rein),JAC,S1 (Rein),2007-2013,,SUV,YM+
JAC S2,JAC,S2,2015-2019,,SUV,YM+
JAC S3,JAC,S3,2014-2026,,SUV,YM+
JAC S3 Pro,JAC,S3 Pro,2022-2026,,SUV,YM+
JAC S4,JAC,S4,2018-2022,,SUV,YM+
JAC S5 (Eagle),JAC,S5 (Eagle),2013-2021,,SUV,YM+
JAC S6,JAC,S6,2021-2026,,SUV,YL
JAC S7,JAC,S7,2020-2022,,SUV,YL
JAC Sehol A5 Plus,JAC,Sehol A5 Plus,2021-2026,,Liftback,3XL
JAC Sehol Aipao,JAC,Sehol Aipao,2022-2026,,Liftback,3XL
JAC Sehol E20X,JAC,Sehol E20X,2018-2021,,SUV,YM+
JAC Sehol X6,JAC,Sehol X6,2022-2023,,SUV,YM+
JAC Sehol X8,JAC,Sehol X8,2020-2023,,SUV,YL
JAC Sehol X8 Plus,JAC,Sehol X8 Plus,2022-2026,,SUV,YL
JAC Yttrium 3,JAC,Yttrium 3,2023-2026,,Hatchback,2M
JAC iEV7L,JAC,iEV7L,2017-2026,,Sedan,3M
JAC iEV7S,JAC,iEV7S,2018-2023,,SUV,YM+
JAC iEVA50,JAC,iEVA50,2018-2026,,Sedan,3L
JAC iEVS4,JAC,iEVS4,2019-2022,,SUV,YM+
JMEV 01,JMEV,01,2025-2026,,Coupe,3S-0
JMEV EV3,JMEV,EV3,2023-2026,,Hatchback,2M
JMEV GSE (Yi),JMEV,GSE (Yi),2022-2026,,Sedan,3L
Jaecoo EJ6,Jaecoo,EJ6,2024-2026,,SUV,YM+
Jaecoo J6,Jaecoo,J6,2025-2026,,SUV,YM+
Jaecoo J7,Jaecoo,J7,2023-2026,,SUV,YM+
Jaecoo J8,Jaecoo,J8,2024-2026,,SUV,YL
Jaguar E-Pace,Jaguar,E-Pace,2017-2024,,SUV,YM+
Jaguar E-type,Jaguar,E-type,1961-1968,2+2,Coupe,3L-0
Jaguar E-type,Jaguar,E-type,1961-1971,,Convertible,3M-0
Jaguar E-type,Jaguar,E-type,1961-1971,,Coupe,3M-0
Jaguar E-type,Jaguar,E-type,1971-1975,,Convertible,3L-0
Jaguar E-type,Jaguar,E-type,1971-1975,,Coupe,3L-0
Jaguar F-Pace,Jaguar,F-Pace,2016-2025,,SUV,YL
Jaguar F-Type,Jaguar,F-Type,2013-2024,,Coupe/Roadster,3M-0
Jaguar I-Pace,Jaguar,I-Pace,2018-2024,,SUV,YL
Jaguar Mark 2,Jaguar,Mark 2,1959-1967,,Sedan,3L
Jaguar Mark IX,Jaguar,Mark IX,1958-1961,,Sedan,3XXL
Jaguar S-Type,Jaguar,S-Type,1963-1968,,Sedan,3XL
Jaguar S-Type,Jaguar,S-Type,1998-2004,,Sedan,3XL
Jaguar S-Type,Jaguar,S-Type,2004-2008,,Sedan,3XXL
Jaguar X-Type,Jaguar,X-Type,2001-2009,,Wagon,2XL
Jaguar X-Type,Jaguar,X-Type,2001-2009,,Sedan,3L
Jaguar XE,Jaguar,XE,2015-2024,,Sedan,3L
Jaguar XE,Jaguar,XE,2019-2024,L,Sedan,3XL
Jaguar XF,Jaguar,XF,2007-2024,Incl: L,Sedan,3XXL
Jaguar XF,Jaguar,XF,2011-2024,,Wagon,2XL+
Jaguar XFR,Jaguar,XFR,2009-2015,,Sedan,3XXL
Jaguar XFR,Jaguar,XFR,2011-2015,,Wagon,2XL+
Jaguar XJ,Jaguar,XJ,1968-1973,,Sedan,3XL
Jaguar XJ,Jaguar,XJ,1973-1979,,Sedan,3XXL
Jaguar XJ,Jaguar,XJ,1979-1993,,Sedan,3XL
Jaguar XJ,Jaguar,XJ,1986-2019,,Sedan,3XXL
Jaguar XJ,Jaguar,XJ,1997-2019,Long,Sedan,3XXL
Jaguar XJ220,Jaguar,XJ220,1992-1994,,Coupe,3XL+0
Jaguar XJR,Jaguar,XJR,1994-2019,Incl: Long,Sedan,3XXL
Jaguar XJS,Jaguar,XJS,1975-1996,,Convertible/Coupe,3XL-0
Jaguar XK,Jaguar,XK,1948-1961,,Convertible/Coupe/Roadster,3M-0
Jaguar XK,Jaguar,XK,1996-2014,,Convertible/Coupe,3XL-0
Jaguar XKR,Jaguar,XKR,1998-2014,Incl: S,Convertible/Coupe,3XL-0
Jeep Avenger,Jeep,Avenger,2023-2026,,SUV,YM+
Jeep CJ,Jeep,CJ,1966-1987,,SUV,YS-380
Jeep Cherokee,Jeep,Cherokee,1983-2012,Incl: L167.5 W69.4 H63.8/L170.2 W70.5 H66.7,SUV,YM+
Jeep Cherokee,Jeep,Cherokee,2013-2026,,SUV,YL
Jeep Commander,Jeep,Commander,2005-2010,,SUV,YL
Jeep Compass,Jeep,Compass,2006-2026,,SUV,YM+
Jeep Grand Cherokee,Jeep,Grand Cherokee,1992-1998,,SUV,YM+
Jeep Grand Cherokee,Jeep,Grand Cherokee,1998-2022,,SUV,YL
Jeep Grand Cherokee,Jeep,Grand Cherokee,2004-2010,SRT8,SUV,YL
Jeep Grand Cherokee,Jeep,Grand Cherokee,2010-2013,SRT8,SUV,YXL
Jeep Grand Cherokee,Jeep,Grand Cherokee,2013-2022,Arctic Trucks/Trackhawk,SUV,YL
Jeep Grand Cherokee,Jeep,Grand Cherokee,2013-2022,SRT,SUV,YXL
Jeep Grand Cherokee,Jeep,Grand Cherokee,2021-2026,,SUV,YXL
Jeep Grand Cherokee,Jeep,Grand Cherokee,2021-2026,L,SUV,YXXL
Jeep Grand Commander,Jeep,Grand Commander,2018-2022,,SUV,YXL
Jeep Liberty (North America),Jeep,Liberty (North America),2001-2012,,SUV,YM+
Jeep Liberty (Patriot),Jeep,Liberty (Patriot),2006-2016,,SUV,YM+
Jeep Recon,Jeep,Recon,2025-2026,,SUV,YXL
Jeep Renegade,Jeep,Renegade,2014-2026,,SUV,YM+
Jeep Wagoneer,Jeep,Wagoneer,1984-1991,,SUV,YL
Jeep Wagoneer,Jeep,Wagoneer,2021-2026,,SUV,YXXL-585
Jeep Wagoneer S,Jeep,Wagoneer S,2024-2026,,SUV,YXL
Jeep Wrangler,Jeep,Wrangler,1986-2006,,SUV,YS-410
Jeep Wrangler,Jeep,Wrangler,2007-2026,L187.0 W73.9 H70.9/L188.4 W73.9 H73.5,SUV,YL
Jeep Wrangler,Jeep,Wrangler,2007-2026,L166.3 W73.7 H70.9/L166.8 W73.9 H73.5/L170.6 W74.6 H73.5,SUV,YM+
Jeep Wrangler,Jeep,Wrangler,2017-2023,L192.2 W74.6 H73.5,SUV,YXL
Jeland C5,Jeland,C5,2026,,SUV,YM+
Jeland J6,Jeland,J6,2026,,SUV,YM+
Jeland J7,Jeland,J7,2026,,SUV,YM+
Jeland J8,Jeland,J8,2026,,SUV,YL
Jensen Interceptor,Jensen,Interceptor,1966-1976,,Hatchback,2XL
Jensen Interceptor,Jensen,Interceptor,1966-1976,,Convertible,3XL-0
Jensen S-V8,Jensen,S-V8,2001-2003,,Roadster,3S-0
Jetour Dashing,Jetour,Dashing,2022-2026,,SUV,YM+
Jetour Freedom,Jetour,Freedom,2025-2026,,SUV,YL
Jetour G700,Jetour,G700,2025-2026,,SUV,YXXL
Jetour Shanhai L6,Jetour,Shanhai L6,2024-2026,,SUV,YL
Jetour Shanhai L7,Jetour,Shanhai L7,2024-2026,,SUV,YL
Jetour Shanhai L7 Plus,Jetour,Shanhai L7 Plus,2025-2026,,SUV,YL
Jetour Shanhai L9,Jetour,Shanhai L9,2023-2026,,SUV,YXL
Jetour Shanhai T1,Jetour,Shanhai T1,2024-2026,,SUV,YL
Jetour Shanhai T2,Jetour,Shanhai T2,2024-2026,,SUV,YL
Jetour Shanhai T2,Jetour,Shanhai T2,2024-2026,Plus,SUV,YXL
Jetour T1,Jetour,T1,2025-2026,,SUV,YL
Jetour T2,Jetour,T2,2023-2026,,SUV,YL
Jetour Traveller,Jetour,Traveller,2023-2026,,SUV,YL
Jetour Traveller,Jetour,Traveller,2023-2026,Plus,SUV,YXL
Jetour X50,Jetour,X50,2024-2026,,SUV,YM+
Jetour X70,Jetour,X70,2018-2026,Incl: M/S,SUV,YL
Jetour X70 Pro,Jetour,X70 Pro,2023-2024,,SUV,YL
Jetour X70+,Jetour,X70+,2020-2026,,SUV,YL
Jetour X70L,Jetour,X70L,2025-2026,,SUV,YL
Jetour X90,Jetour,X90,2019-2022,,SUV,YXL
Jetour X90 Pro,Jetour,X90 Pro,2024-2026,,SUV,YXL
Jetour X90+,Jetour,X90+,2021-2026,,SUV,YXL
Jetour X95,Jetour,X95,2019-2026,,SUV,YXL
Jetta VA3,Jetta,VA3,2019-2026,,Sedan,3M
Jetta VA7,Jetta,VA7,2024-2026,,Sedan,3XL
Jetta VS5,Jetta,VS5,2019-2026,,SUV,YM+
Jetta VS7,Jetta,VS7,2020-2026,,SUV,YL
Jetta VS8,Jetta,VS8,2025-2026,,SUV,YL
Jiangnan Chuanqi,Jiangnan,Chuanqi,2005-2006,,Hatchback,2L+
Jidu 01,Jidu,01,2024-2025,,SUV,YXL
Jidu 07,Jidu,07,2024-2025,,Liftback,3XXL
Jinbei Haise,Jinbei,Haise,2002-2026,,MPV,2XXL-525
Jinbei Haise,Jinbei,Haise,2006-2026,,Van,2XXL-525
Jinbei Haise,Jinbei,Haise,2008-2014,,MPV,2XXL-545
Jinbei Haise S,Jinbei,Haise S,2023,,MPV/Van,2XL-200
Jonway UFO A380,Jonway,UFO A380,2005-2015,L169.1 W69.7 H66.1,SUV,YM+
Jonway UFO A380,Jonway,UFO A380,2005-2015,L151.6 W70.3 H65.6,SUV,YS-410
KGM Actyon,KGM,Actyon,2024-2026,,SUV,YL
KGM Korando,KGM,Korando,2023-2026,,SUV,YM+
KGM Rexton,KGM,Rexton,2023-2026,,SUV,YXL
KGM Tivoli,KGM,Tivoli,2023-2026,Incl: Air,SUV,YM+
KGM Torres,KGM,Torres,2023-2026,Incl: EVX,SUV,YL
KTM AG X-Bow,KTM AG,X-Bow,2008-2026,GT-XR,Coupe,3L-0
KTM AG X-Bow,KTM AG,X-Bow,2008-2026,Incl: GT,Speedster,3S-0
Kaiyi E5,Kaiyi,E5,2021-2026,,Sedan,3L
Kaiyi Shiyue,Kaiyi,Shiyue,2023-2026,,Hatchback,2S
Kaiyi Shiyue,Kaiyi,Shiyue,2026,,Hatchback,2M
Kaiyi X3,Kaiyi,X3,2020-2026,,SUV,YM+
Kaiyi X3 Pro,Kaiyi,X3 Pro,2022-2026,,SUV,YM+
Kaiyi X7 Kunlun,Kaiyi,X7 Kunlun,2023-2026,,SUV,YL
Karma Revero,Karma,Revero,2016-2020,,Sedan,3XXL
Karma Revero GT,Karma,Revero GT,2020-2026,,Sedan,3XXL
Kia Avella,Kia,Avella,1994-2000,,Hatchback,2S
Kia Avella,Kia,Avella,1994-2000,,Sedan,3S
Kia Borrego,Kia,Borrego,2008-2011,,SUV,YXL
Kia Cachet,Kia,Cachet,2014-2020,,Sedan,3XL
Kia Cadenza,Kia,Cadenza,2009-2021,,Sedan,3XXL
Kia Capital,Kia,Capital,1989-1996,,Sedan,3M
Kia Carens,Kia,Carens,1999-2006,,MPV,2L+
Kia Carens,Kia,Carens,2006-2019,,MPV,2XL
Kia Carens,Kia,Carens,2022-2026,Clavis,SUV,YM+
Kia Carens,Kia,Carens,2022-2026,,SUV,无可用尺码
Kia Carnival,Kia,Carnival,1998-2006,,MPV,2XL+
Kia Carnival,Kia,Carnival,2006-2014,,MPV,2XL
Kia Carnival,Kia,Carnival,2006-2014,Grand,MPV,2XXL-525
Kia Carnival,Kia,Carnival,2014-2026,,MPV,2XXL-525
Kia Carstar,Kia,Carstar,1999-2003,,MPV,2XL
Kia Ceed,Kia,Ceed,2006-2026,Incl: L166.7 W70.5 H58.3/L167.3 W70.5 H57.1/L167.7 W70.5 H58.3/L169.7 W70.1 H56.3/L169.7 W70.1 H57.9,Hatchback,2L+
Kia Ceed,Kia,Ceed,2006-2018,,Wagon,2L+
Kia Ceed,Kia,Ceed,2018-2026,,Wagon,2XL
Kia Ceed GT,Kia,Ceed GT,2012-2021,Incl: L169.7 W70.1 H56.3/L169.7 W70.1 H57.9/L169.7 W70.1 H58.5,Hatchback,2L+
Kia Cerato,Kia,Cerato,2003-2016,,Hatchback,2L+
Kia Cerato,Kia,Cerato,2003-2009,,Sedan,3M
Kia Cerato,Kia,Cerato,2008-2026,,Sedan,3L
Kia Cerato,Kia,Cerato,2008-2013,Koup,Coupe,3M-0
Kia Cerato,Kia,Cerato,2013-2016,Koup,Coupe,3L-0
Kia Clarus,Kia,Clarus,1996-1998,,Sedan,3L
Kia Clarus,Kia,Clarus,1998-2001,,Wagon,2XL
Kia Clarus,Kia,Clarus,1998-2001,,Sedan,3XL
Kia Concord,Kia,Concord,1987-1995,,Sedan,3L
Kia EV2,Kia,EV2,2026,,Hatchback,2M
Kia EV3,Kia,EV3,2024-2026,,SUV,YM+
Kia EV4,Kia,EV4,2025-2026,,Hatchback,2L+
Kia EV4,Kia,EV4,2025-2026,,Sedan,3XL
Kia EV5,Kia,EV5,2023-2026,,SUV,YL
Kia EV6,Kia,EV6,2021-2026,,SUV,YL
Kia EV9,Kia,EV9,2023-2026,,SUV,YXL
Kia Elan,Kia,Elan,1996-1999,,Convertible,3S-0
Kia Enterprise,Kia,Enterprise,1997-2002,,Sedan,3XXL
Kia Forte,Kia,Forte,2008-2018,,Hatchback,2L+
Kia Forte,Kia,Forte,2008-2024,,Sedan,3L
Kia Forte,Kia,Forte,2008-2013,,Coupe,3M-0
Kia Forte,Kia,Forte,2013-2016,,Coupe,3L-0
Kia Forte,Kia,Forte,2017-2022,,Sedan,3M
Kia Joice,Kia,Joice,1999-2004,,MPV,2XL
Kia K2,Kia,K2,2016-2020,,Sedan,3M
Kia K3,Kia,K3,2012-2026,,Sedan,3L
Kia K3,Kia,K3,2015-2026,,Hatchback,2L+
Kia K4,Kia,K4,2024-2026,,Hatchback,2L+
Kia K4,Kia,K4,2024-2026,Sportswagon,Wagon,2XL
Kia K4,Kia,K4,2024-2026,,Sedan,3XL
Kia K5,Kia,K5,2010-2020,,Sedan,3XL
Kia K5,Kia,K5,2019-2026,,Sedan,3XXL
Kia K7,Kia,K7,2009-2021,,Sedan,3XXL
Kia K8,Kia,K8,2021-2026,,Sedan,3XXL
Kia K9,Kia,K9,2012-2026,,Sedan,3XXL
Kia K900,Kia,K900,2014-2022,,Sedan,3XXL
Kia KX Cross,Kia,KX Cross,2017-2020,,Hatchback,2L+
Kia KX1,Kia,KX1,2018-2026,,SUV,YM+
Kia KX3,Kia,KX3,2019-2023,,SUV,YM+
Kia KX5,Kia,KX5,2016-2022,,SUV,YM+
Kia KX7,Kia,KX7,2017-2021,,SUV,YL
Kia Lotze,Kia,Lotze,2005-2010,,Sedan,3XL
Kia Magentis,Kia,Magentis,2000-2010,,Sedan,3XL
Kia Mentor,Kia,Mentor,1996-2001,,Hatchback,2L+
Kia Mentor,Kia,Mentor,1996-2002,,Sedan,3M
Kia Mohave,Kia,Mohave,2008-2025,,SUV,YXL
Kia Morning,Kia,Morning,2004-2026,,Hatchback,2S
Kia Niro,Kia,Niro,2016-2026,,SUV,YM+
Kia Opirus,Kia,Opirus,2003-2011,,Sedan,3XXL
Kia Optima,Kia,Optima,2000-2020,,Sedan,3XL
Kia Optima,Kia,Optima,2015-2020,,Wagon,2XL+
Kia PV5,Kia,PV5,2025-2026,,MPV/Van,2XL-200
Kia Pegas,Kia,Pegas,2017-2026,,Sedan,3M
Kia Picanto,Kia,Picanto,2004-2023,,Hatchback,2S
Kia Picanto,Kia,Picanto,2017-2021,GT Line/X-line,Hatchback,2S
Kia Picanto,Kia,Picanto,2023-2026,,Hatchback,2M
Kia Potentia,Kia,Potentia,1992-2001,,Sedan,3XXL
Kia Pregio,Kia,Pregio,1995-2003,,MPV,2XL-200
Kia Pregio,Kia,Pregio,1995-2003,,Van,2XL-200
Kia Pregio,Kia,Pregio,1995-2007,Grand,MPV,无可用尺码
Kia Pregio,Kia,Pregio,2003-2007,,MPV,2XXL-525
Kia Pregio,Kia,Pregio,2003-2007,,Van,2XXL-525
Kia Pride,Kia,Pride,1987-2002,,Wagon,2M
Kia Pride,Kia,Pride,1987-2002,,Hatchback,2S
Kia Pride,Kia,Pride,2005-2017,,Hatchback,2M
Kia Pride,Kia,Pride,2005-2017,,Sedan,3M
Kia Proceed,Kia,Proceed,2018-2025,,Wagon,2XL
Kia Quanlima,Kia,Quanlima,2002-2006,,Sedan,3S
Kia Quoris,Kia,Quoris,2012-2018,,Sedan,3XXL
Kia Ray,Kia,Ray,2011-2026,,MPV,2S
Kia Retona,Kia,Retona,1998-2003,,SUV,YM+
Kia Rio,Kia,Rio,1999-2005,,Wagon,2L+
Kia Rio,Kia,Rio,1999-2023,Incl: Global/IV/IV (Global market),Sedan,3M
Kia Rio,Kia,Rio,2005-2023,,Hatchback,2M
Kia Rio,Kia,Rio,2017-2020,X-Line,Hatchback,2L+
Kia Rio,Kia,Rio,2020-2022,X,Hatchback,2L+
Kia Sedona,Kia,Sedona,1998-2006,,MPV,2XL+
Kia Sedona,Kia,Sedona,2005-2014,SWB,MPV,2XL
Kia Sedona,Kia,Sedona,2005-2014,LWB,MPV,2XXL-525
Kia Sedona,Kia,Sedona,2014-2021,,MPV,2XXL-525
Kia Seltos,Kia,Seltos,2019-2026,,SUV,YM+
Kia Sephia,Kia,Sephia,1992-2004,,Sedan,3M
Kia Sephia,Kia,Sephia,1994-1998,,Hatchback,2L+
Kia Shuma,Kia,Shuma,1996-2001,,Liftback,2L+
Kia Shuma,Kia,Shuma,2001-2004,,Liftback,2XL
Kia Shuma,Kia,Shuma,2001-2004,,Sedan,3L
Kia Soluto,Kia,Soluto,2025-2026,,Sedan,3M
Kia Sonet,Kia,Sonet,2020-2026,,SUV,YM+
Kia Sorento,Kia,Sorento,2002-2011,,SUV,YM+
Kia Sorento,Kia,Sorento,2009-2026,,SUV,YL
Kia Sorento,Kia,Sorento,2014-2017,Prime,SUV,YL
Kia Soul,Kia,Soul,2008-2019,,Hatchback,2M
Kia Soul,Kia,Soul,2019-2025,,Hatchback,2L+
Kia Soul EV,Kia,Soul EV,2014-2019,,Hatchback,2M
Kia Soul EV,Kia,Soul EV,2019-2023,,Hatchback,2L+
Kia Spectra,Kia,Spectra,2000-2001,,Liftback,2L+
Kia Spectra,Kia,Spectra,2000-2011,,Sedan,3M
Kia Spectra,Kia,Spectra,2001-2004,,Liftback,2XL
Kia Spectra,Kia,Spectra,2003-2008,Spectra5,Hatchback,2L+
Kia Sportage,Kia,Sportage,1993-2026,Grand/L158.5 W69.4 H65.0/L167.1 W69.4 H66.7/SWB,SUV,YM+
Kia Sportage,Kia,Sportage,2004-2022,,SUV,YM+
Kia Sportage,Kia,Sportage,2021-2026,,SUV,YL
Kia Sportage (China),Kia,Sportage (China),2018-2026,,SUV,YM+
Kia Stinger,Kia,Stinger,2017-2023,,Liftback,3XL
Kia Stonic,Kia,Stonic,2017-2026,,SUV,YM+
Kia Syros,Kia,Syros,2025-2026,,SUV,YM+
Kia Telluride,Kia,Telluride,2019-2026,,SUV,YXL
Kia Towner,Kia,Towner,1999-2002,,MPV,无可用尺码
Kia Venga,Kia,Venga,2009-2018,,MPV,2M
Kia Visto,Kia,Visto,1999-2004,,Hatchback,2S
Kia X-Trek,Kia,X-Trek,2003-2006,,MPV,2L+
Kia XCeed,Kia,XCeed,2019-2026,,Hatchback,2L+
Knewstar 001,Knewstar,001,2024-2026,,SUV,YM+
Koenigsegg Agera,Koenigsegg,Agera,2011-2018,,Targa,3M-0
Koenigsegg CC850,Koenigsegg,CC850,2022-2026,,Targa,3L-0
Koenigsegg CC8S,Koenigsegg,CC8S,2002-2004,,Coupe,3M-0
Koenigsegg CCR,Koenigsegg,CCR,2004-2006,,Coupe,3M-0
Koenigsegg CCX,Koenigsegg,CCX,2006-2010,,Targa,3M-0
Koenigsegg Gemera,Koenigsegg,Gemera,2024-2026,,Coupe,3XL+0
Koenigsegg Jesko,Koenigsegg,Jesko,2021-2026,,Targa,3L-0
Koenigsegg One:1,Koenigsegg,One:1,2014,,Coupe,3XL-0
Koenigsegg Regera,Koenigsegg,Regera,2015-2022,,Targa,3L-0
LEVC L380,LEVC,L380,2024-2026,,MPV,2XXL-545
LEVC TX,LEVC,TX,2018-2026,,Hatchback,2XL+
LTI FX4,LTI,FX4,1984-1989,,Sedan,3L
LTI TX,LTI,TX,1998-2006,,Wagon,2XL
LTI TX,LTI,TX,2006-2010,,Sedan,无可用尺码
Lada (ВАЗ) 1111 Ока,Lada (ВАЗ),1111 Ока,1987-2008,,Hatchback/Van,2S
Lada (ВАЗ) 2101,Lada (ВАЗ),2101,1970-1988,,Sedan,3S
Lada (ВАЗ) 2102,Lada (ВАЗ),2102,1971-1986,,Wagon,2M
Lada (ВАЗ) 2103,Lada (ВАЗ),2103,1972-1984,,Sedan,3S
Lada (ВАЗ) 2104,Lada (ВАЗ),2104,1984-2012,,Wagon,2M
Lada (ВАЗ) 2105,Lada (ВАЗ),2105,1979-2011,,Sedan,3S
Lada (ВАЗ) 2106,Lada (ВАЗ),2106,1976-2006,,Sedan,3S
Lada (ВАЗ) 2107,Lada (ВАЗ),2107,1982-2012,,Sedan,3S
Lada (ВАЗ) 2108,Lada (ВАЗ),2108,1984-2005,,Hatchback,2M
Lada (ВАЗ) 2108,Lada (ВАЗ),2108,1984-2005,,Convertible,3S-0
Lada (ВАЗ) 2108,Lada (ВАЗ),2108,1984-2005,Тарзан,SUV,YM+
Lada (ВАЗ) 2109,Lada (ВАЗ),2109,1987-2006,,Hatchback,2M
Lada (ВАЗ) 2109,Lada (ВАЗ),2109,1987-2006,Тарзан,SUV,YM+
Lada (ВАЗ) 21099,Lada (ВАЗ),21099,1990-2011,,Sedan,3M
Lada (ВАЗ) 2110,Lada (ВАЗ),2110,1995-2014,Incl: Богдан/Премьер,Sedan,3M
Lada (ВАЗ) 2110,Lada (ВАЗ),2110,1995-2014,Консул,Sedan,3XXL
Lada (ВАЗ) 2111,Lada (ВАЗ),2111,1997-2014,Incl: Богдан/Тарзан,Wagon,2L+
Lada (ВАЗ) 2112,Lada (ВАЗ),2112,1998-2009,L164.2 W66.1 H55.9/L165.1 W66.1 H56.5/Тарзан,Hatchback,2L+
Lada (ВАЗ) 2113,Lada (ВАЗ),2113,2004-2013,,Hatchback,2M
Lada (ВАЗ) 2114,Lada (ВАЗ),2114,2001-2013,,Hatchback,2M
Lada (ВАЗ) 2115,Lada (ВАЗ),2115,1997-2012,,Sedan,3M
Lada (ВАЗ) 2120 Надежда,Lada (ВАЗ),2120 Надежда,1998-2006,,MPV,2L+
Lada (ВАЗ) 2121 (4x4),Lada (ВАЗ),2121 (4x4),1977-2021,Incl: Bronto/Urban/Рысь,SUV,YS-380
Lada (ВАЗ) 2121 (4x4),Lada (ВАЗ),2121 (4x4),1993-2020,Фора,SUV,YM+
Lada (ВАЗ) 2123,Lada (ВАЗ),2123,1998-2002,,SUV,YS-410
Lada (ВАЗ) 2129,Lada (ВАЗ),2129,1992-1996,,SUV,YM+
Lada (ВАЗ) 2131 (4x4),Lada (ВАЗ),2131 (4x4),1993-2021,Incl: Urban/Бронто-213102/Рысь,SUV,YM+
Lada (ВАЗ) Aura,Lada (ВАЗ),Aura,2024-2026,,Sedan,3L
Lada (ВАЗ) Azimut,Lada (ВАЗ),Azimut,2026,,SUV,YM+
Lada (ВАЗ) EL Lada,Lada (ВАЗ),EL Lada,2012-2013,,Wagon,2M
Lada (ВАЗ) Granta,Lada (ВАЗ),Granta,2011-2026,Incl: Active Cross/Drive Active/Sport/Sportline,Liftback/Sedan,3M
Lada (ВАЗ) Granta,Lada (ВАЗ),Granta,2018-2026,Cross,Wagon,2L+
Lada (ВАЗ) Granta,Lada (ВАЗ),Granta,2018-2026,,Hatchback/Wagon,2M
Lada (ВАЗ) Iskra,Lada (ВАЗ),Iskra,2025-2026,SW/SW Cross,Wagon,2L+
Lada (ВАЗ) Iskra,Lada (ВАЗ),Iskra,2025-2026,,Sedan,3M
Lada (ВАЗ) Kalina,Lada (ВАЗ),Kalina,2004-2018,Incl: Cross/NFR/Sport,Hatchback/Wagon,2M
Lada (ВАЗ) Kalina,Lada (ВАЗ),Kalina,2004-2013,,Sedan,3S
Lada (ВАЗ) Largus,Lada (ВАЗ),Largus,2012-2026,Incl: Cross,Van/Wagon,2L+
Lada (ВАЗ) Niva,Lada (ВАЗ),Niva,2020-2021,Incl: Off-road,SUV,YM+
Lada (ВАЗ) Niva Legend,Lada (ВАЗ),Niva Legend,2021-2026,L166.9 W66.1 H64.6,SUV,YM+
Lada (ВАЗ) Niva Legend,Lada (ВАЗ),Niva Legend,2021-2026,Bronto/L147.2 W66.1 H64.6/Sport,SUV,YS-380
Lada (ВАЗ) Niva Travel,Lada (ВАЗ),Niva Travel,2020-2026,,SUV,YM+
Lada (ВАЗ) Priora,Lada (ВАЗ),Priora,2007-2018,Incl: L165.7 W66.1 H55.9/L165.7 W66.1 H56.5/L167.0 W66.1 H56.5,Hatchback/Wagon,2L+
Lada (ВАЗ) Priora,Lada (ВАЗ),Priora,2007-2018,,Sedan,3M
Lada (ВАЗ) Revolution,Lada (ВАЗ),Revolution,2003-2006,,Speedster,3S-0
Lada (ВАЗ) Vesta,Lada (ВАЗ),Vesta,2015-2026,SW/SW Cross/SW Sport/SW Sportline,Wagon,2L+
Lada (ВАЗ) Vesta,Lada (ВАЗ),Vesta,2015-2026,Incl: Cross/Sport/Sportline,Sedan,3M
Lada (ВАЗ) X-cross 5,Lada (ВАЗ),X-cross 5,2023,,SUV,YM+
Lada (ВАЗ) XRAY,Lada (ВАЗ),XRAY,2015-2022,Incl: Cross,Hatchback,2L+
Lada (ВАЗ) e-Largus,Lada (ВАЗ),e-Largus,2024-2026,,Van/Wagon,2L+
Lamborghini 350/400 GT,Lamborghini,350/400 GT,1964-1968,350 GT/400 GT,Coupe,3M-0
Lamborghini Aventador,Lamborghini,Aventador,2011-2022,,Coupe/Roadster,3XL-0
Lamborghini Centenario,Lamborghini,Centenario,2016-2018,,Coupe,3XL+0
Lamborghini Countach,Lamborghini,Countach,1974-1991,,Coupe,3S-0
Lamborghini Countach LPI 800-4,Lamborghini,Countach LPI 800-4,2021-2023,,Coupe,3XL-0
Lamborghini Diablo,Lamborghini,Diablo,1990-2001,,Coupe/Roadster,3L-0
Lamborghini Egoista,Lamborghini,Egoista,2013,,Coupe,3M-0
Lamborghini Espada,Lamborghini,Espada,1968-1981,,Coupe,3L-0
Lamborghini Fenomeno,Lamborghini,Fenomeno,2025-2026,,Coupe/Roadster,3XL+0
Lamborghini Gallardo,Lamborghini,Gallardo,2003-2013,,Coupe/Roadster,3M-0
Lamborghini Huracán,Lamborghini,Huracán,2014-2019,,Coupe,3M-0
Lamborghini Huracán,Lamborghini,Huracán,2014-2019,Spyder,Roadster,3M-0
Lamborghini Huracán,Lamborghini,Huracán,2019-2024,,Coupe,3L-0
Lamborghini Huracán,Lamborghini,Huracán,2019-2024,Sterrato,Coupe,3L-0
Lamborghini Huracán,Lamborghini,Huracán,2019-2024,Spyder,Roadster,3L-0
Lamborghini Islero,Lamborghini,Islero,1968-1969,,Coupe,3L-0
Lamborghini Jalpa,Lamborghini,Jalpa,1981-1988,,Targa,3M-0
Lamborghini Jarama,Lamborghini,Jarama,1968-1976,,Coupe,3M-0
Lamborghini Miura,Lamborghini,Miura,1966-1973,,Coupe,3M-0
Lamborghini Murcielago,Lamborghini,Murcielago,2001-2006,,Coupe,3L-0
Lamborghini Murcielago,Lamborghini,Murcielago,2001-2006,,Roadster,3L-0
Lamborghini Murcielago,Lamborghini,Murcielago,2005-2010,,Coupe,3XL-0
Lamborghini Murcielago,Lamborghini,Murcielago,2005-2010,,Roadster,3XL-0
Lamborghini Reventon,Lamborghini,Reventon,2007-2010,,Coupe/Roadster,3XL-0
Lamborghini Revuelto,Lamborghini,Revuelto,2023-2026,,Coupe,3XL+0
Lamborghini Sesto Elemento,Lamborghini,Sesto Elemento,2010-2011,,Coupe,3XL-0
Lamborghini Silhouette,Lamborghini,Silhouette,1976-1979,,Targa,3M-0
Lamborghini Sián,Lamborghini,Sián,2019-2022,,Coupe/Roadster,3XL+0
Lamborghini Temerario,Lamborghini,Temerario,2024-2026,,Coupe,3XL-0
Lamborghini Urraco,Lamborghini,Urraco,1972-1981,,Coupe,3M-0
Lamborghini Urus,Lamborghini,Urus,2017-2026,Incl: Performante/S/SE/SE Performante,SUV,YXXL
Lamborghini Veneno,Lamborghini,Veneno,2013,,Coupe,3XL+0
Lancia A 112,Lancia,A 112,1982-1986,,Hatchback,2S
Lancia Appia,Lancia,Appia,1953-1963,,Sedan,3S
Lancia Aurelia,Lancia,Aurelia,1950-1953,,Sedan,3M
Lancia Aurelia,Lancia,Aurelia,1950-1953,,Coupe,3M-0
Lancia Beta,Lancia,Beta,1972-1984,,Wagon,2L+
Lancia Beta,Lancia,Beta,1972-1984,,Sedan,3M
Lancia Beta,Lancia,Beta,1972-1984,,Coupe/Targa,3S-0
Lancia Dedra,Lancia,Dedra,1989-2000,,Wagon,2L+
Lancia Dedra,Lancia,Dedra,1989-2000,,Sedan,3M
Lancia Delta,Lancia,Delta,1979-1999,Incl: L157.9 W67.0 H56.3/L157.9 W69.3 H56.3,Hatchback,2M
Lancia Delta,Lancia,Delta,2008-2014,,Hatchback,2XL
Lancia Flaminia,Lancia,Flaminia,1952-1970,,Convertible/Coupe,3M-0
Lancia Flaminia,Lancia,Flaminia,1952-1970,,Sedan,3XL
Lancia Flavia,Lancia,Flavia,2012-2014,,Convertible,3XL+0
Lancia Fulvia,Lancia,Fulvia,1968-1975,,Sedan,3S
Lancia Fulvia,Lancia,Fulvia,1968-1975,,Coupe,3S-0
Lancia Gamma,Lancia,Gamma,1976-1984,,Fastback,3L
Lancia Gamma,Lancia,Gamma,1976-1984,,Coupe,3M-0
Lancia Gamma,Lancia,Gamma,2026,,SUV,YL
Lancia Hyena,Lancia,Hyena,1992-1996,,Coupe,3S-0
Lancia Kappa,Lancia,Kappa,1994-2000,,Wagon,2XL
Lancia Kappa,Lancia,Kappa,1994-2000,,Sedan,3L
Lancia Kappa,Lancia,Kappa,1994-2000,,Coupe,3L-0
Lancia Lambda,Lancia,Lambda,1922-1931,,Sedan,3L
Lancia Lybra,Lancia,Lybra,1999-2006,,Wagon,2L+
Lancia Lybra,Lancia,Lybra,1999-2006,,Sedan,3M
Lancia Monte Carlo,Lancia,Monte Carlo,1975-1981,,Coupe,3S-0
Lancia Musa,Lancia,Musa,2004-2012,,MPV,2M
Lancia Phedra,Lancia,Phedra,2002-2010,,MPV,2XL
Lancia Prisma,Lancia,Prisma,1982-1989,,Sedan,3S
Lancia Rally 037,Lancia,Rally 037,1982-1983,,Coupe,3S-0
Lancia Stratos,Lancia,Stratos,1973-1976,,Coupe,3S-0
Lancia Thema,Lancia,Thema,1984-1994,,Wagon,2XL
Lancia Thema,Lancia,Thema,1984-1994,,Sedan,3L
Lancia Thema,Lancia,Thema,2011-2014,,Sedan,3XXL
Lancia Thesis,Lancia,Thesis,2002-2009,,Sedan,3XXL
Lancia Trevi,Lancia,Trevi,1980-1984,,Sedan,3M
Lancia Voyager,Lancia,Voyager,2011-2015,,MPV,2XXL-525
Lancia Y10,Lancia,Y10,1985-1995,,Hatchback,2S
Lancia Ypsilon,Lancia,Ypsilon,1995-2026,Incl: HF,Hatchback,2M
Lancia Zeta,Lancia,Zeta,1995-2002,,MPV,2L+
Land Rover Defender,Land Rover,Defender,1983-2016,110/L182.6 W70.5 H79.6,SUV,YL
Land Rover Defender,Land Rover,Defender,1983-2016,90/L153.3 W70.5 H77.5,SUV,YS-410
Land Rover Defender,Land Rover,Defender,2019-2026,90,SUV,YM+
Land Rover Defender,Land Rover,Defender,2019-2026,110/Octa,SUV,YXL
Land Rover Defender,Land Rover,Defender,2019-2026,Arctic Trucks AT35,SUV,YXXL
Land Rover Defender,Land Rover,Defender,2019-2026,130,SUV,YXXL-545
Land Rover Discovery,Land Rover,Discovery,1989-1998,,SUV,YM+
Land Rover Discovery,Land Rover,Discovery,1998-2004,,SUV,YL
Land Rover Discovery,Land Rover,Discovery,2004-2009,,SUV,YXL
Land Rover Discovery,Land Rover,Discovery,2009-2016,,SUV,YL
Land Rover Discovery,Land Rover,Discovery,2016-2026,,SUV,YXL
Land Rover Discovery Sport,Land Rover,Discovery Sport,2014-2026,,SUV,YM+
Land Rover Freelander,Land Rover,Freelander,1997-2014,Incl: L174.1 W71.2 H67.2/L174.1 W71.2 H67.6,SUV,YM+
Land Rover Range Rover,Land Rover,Range Rover,1970-1996,L175.0 W70.1 H70.9/L175.2 W71.6 H70.5,SUV,YM+
Land Rover Range Rover,Land Rover,Range Rover,1994-2002,,SUV,YL
Land Rover Range Rover,Land Rover,Range Rover,2001-2026,,SUV,YXL
Land Rover Range Rover,Land Rover,Range Rover,2012-2026,Long,SUV,YXXL
Land Rover Range Rover,Land Rover,Range Rover,2017-2022,SV Coupe,SUV,YXL
Land Rover Range Rover Evoque,Land Rover,Range Rover Evoque,2011-2026,Incl: L/L171.5 W77.4 H63.2/L171.9 W77.4 H64.4/L172.1 W77.4 H64.0/L172.1 W77.4 H65.4,SUV,YM+
Land Rover Range Rover Evoque,Land Rover,Range Rover Evoque,2015-2018,,Convertible,3M-0
Land Rover Range Rover Sport,Land Rover,Range Rover Sport,2005-2013,,SUV,YL
Land Rover Range Rover Sport,Land Rover,Range Rover Sport,2013-2026,,SUV,YXL
Land Rover Range Rover Velar,Land Rover,Range Rover Velar,2017-2026,,SUV,YL
Land Rover Series I,Land Rover,Series I,1948-1956,,SUV,YM+
Land Rover Series III,Land Rover,Series III,1971-1985,,SUV,YS-410
Landwind Fashion (CV9),Landwind,Fashion (CV9),2006-2011,,MPV,2L+
Landwind Forward,Landwind,Forward,2006-2011,,Sedan,3S
Landwind X5,Landwind,X5,2012-2020,,SUV,YM+
Landwind X6,Landwind,X6,2005-2016,,SUV,YL
Landwind X7,Landwind,X7,2015-2019,,SUV,YM+
Landwind Х9,Landwind,Х9,2005-2016,,SUV,YM+
Leapmotor A05,Leapmotor,A05,2026,,Hatchback,2L+
Leapmotor A10,Leapmotor,A10,2026,,SUV,YM+
Leapmotor B01,Leapmotor,B01,2025-2026,,Sedan,3XL
Leapmotor B05 (Lafa 5),Leapmotor,B05 (Lafa 5),2025-2026,,Hatchback,2L+
Leapmotor B10,Leapmotor,B10,2025-2026,,SUV,YM+
Leapmotor C01,Leapmotor,C01,2022-2026,,Sedan,3XXL
Leapmotor C10,Leapmotor,C10,2023-2026,,SUV,YL
Leapmotor C11,Leapmotor,C11,2021-2026,Incl: EREV,SUV,YL
Leapmotor C16,Leapmotor,C16,2024-2026,,SUV,YXL
Leapmotor D19,Leapmotor,D19,2026,,SUV,YXXL
Leapmotor D99,Leapmotor,D99,2026,,MPV,2XXL-545
Leapmotor S01,Leapmotor,S01,2019-2021,,Coupe,3S-0
Leapmotor T03,Leapmotor,T03,2020-2026,,Hatchback,2M
Letin Mengo,Letin,Mengo,2020-2023,,Hatchback,2M
Letin Mengo Pro,Letin,Mengo Pro,2025-2026,,Hatchback,2M
Lexus CT,Lexus,CT,2010-2022,,Hatchback,2L+
Lexus ES,Lexus,ES,1989-1991,,Sedan,3L
Lexus ES,Lexus,ES,1991-2012,,Sedan,3XL
Lexus ES,Lexus,ES,2012-2026,,Sedan,3XXL
Lexus GS,Lexus,GS,1993-1997,,Sedan,3XXL
Lexus GS,Lexus,GS,1997-2020,,Sedan,3XL
Lexus GS F,Lexus,GS F,2015-2020,,Sedan,3XXL
Lexus GX,Lexus,GX,2002-2009,,SUV,YXL
Lexus GX,Lexus,GX,2009-2013,,SUV,YL
Lexus GX,Lexus,GX,2013-2026,,SUV,YXL
Lexus HS,Lexus,HS,2009-2018,,Sedan,3L
Lexus IS,Lexus,IS,1999-2005,,Wagon,2L+
Lexus IS,Lexus,IS,1999-2005,,Sedan,3M
Lexus IS,Lexus,IS,2005-2020,,Sedan,3L
Lexus IS,Lexus,IS,2008-2016,,Convertible,3L-0
Lexus IS,Lexus,IS,2020-2026,,Sedan,3XL
Lexus IS F,Lexus,IS F,2007-2014,,Sedan,3L
Lexus LBX,Lexus,LBX,2023-2026,Incl: Morizo RR,SUV,YM+
Lexus LC,Lexus,LC,2017-2026,,Convertible/Coupe,3XL-0
Lexus LFA,Lexus,LFA,2010-2012,,Coupe,3M-0
Lexus LM,Lexus,LM,2019-2026,,MPV,2XXL-525
Lexus LS,Lexus,LS,1989-2026,Incl: Long,Sedan,3XXL
Lexus LX,Lexus,LX,1995-1997,,SUV,YL
Lexus LX,Lexus,LX,1998-2026,Incl: Arctic Trucks,SUV,YXL
Lexus NX,Lexus,NX,2014-2026,,SUV,YL
Lexus RC,Lexus,RC,2014-2018,,Coupe,3L-0
Lexus RC,Lexus,RC,2018-2025,,Coupe,3XL+0
Lexus RC F,Lexus,RC F,2014-2025,,Coupe,3XL-0
Lexus RX,Lexus,RX,1997-2003,,SUV,YM+
Lexus RX,Lexus,RX,2003-2015,,SUV,YL
Lexus RX,Lexus,RX,2015-2026,,SUV,YXL
Lexus RX,Lexus,RX,2015-2022,L,SUV,YXL
Lexus RZ,Lexus,RZ,2022-2026,,SUV,YL
Lexus SC,Lexus,SC,1991-2001,,Coupe,3XL-0
Lexus SC,Lexus,SC,2001-2005,,Convertible,3M-0
Lexus SC,Lexus,SC,2005-2010,,Convertible,3L-0
Lexus TX,Lexus,TX,2023-2026,,SUV,YXXL
Lexus TZ,Lexus,TZ,2026,,SUV,YXL
Lexus UX,Lexus,UX,2018-2026,,SUV,YM+
Li Auto (Lixiang) L6,Li Auto (Lixiang),L6,2024-2026,,SUV,YXL
Li Auto (Lixiang) L7,Li Auto (Lixiang),L7,2023-2026,,SUV,YXL
Li Auto (Lixiang) L8,Li Auto (Lixiang),L8,2022-2026,,SUV,YXL
Li Auto (Lixiang) L8,Li Auto (Lixiang),L8,2026,,SUV,YXXL
Li Auto (Lixiang) L9,Li Auto (Lixiang),L9,2022-2026,,SUV,YXXL
Li Auto (Lixiang) Mega,Li Auto (Lixiang),Mega,2024-2026,,MPV,2XXL-545
Li Auto (Lixiang) One,Li Auto (Lixiang),One,2019-2023,,SUV,YXL
Li Auto (Lixiang) i6,Li Auto (Lixiang),i6,2025-2026,,SUV,YXL
Li Auto (Lixiang) i8,Li Auto (Lixiang),i8,2025-2026,,SUV,YXL
Liebao Motor Leopard,Liebao Motor,Leopard,1999-2014,,SUV,YL
Lifan 650 EV,Lifan,650 EV,2018-2020,,Sedan,3L
Lifan Breez (520),Lifan,Breez (520),2007-2014,,Hatchback,2M
Lifan Breez (520),Lifan,Breez (520),2007-2014,,Sedan,3M
Lifan Cebrium (720),Lifan,Cebrium (720),2014-2018,,Sedan,3L
Lifan Celliya (530),Lifan,Celliya (530),2014-2018,,Sedan,3M
Lifan Murman (820),Lifan,Murman (820),2015-2020,,Sedan,3XL
Lifan Myway,Lifan,Myway,2016-2020,,SUV,YM+
Lifan Smily,Lifan,Smily,2008-2018,,Hatchback,2M
Lifan Solano,Lifan,Solano,2008-2018,,Sedan,3L
Lifan X50,Lifan,X50,2015-2019,,Hatchback,2M
Lifan X60,Lifan,X60,2011-2018,,SUV,YM+
Lifan X70,Lifan,X70,2017-2020,,SUV,YM+
Ligier JS 51,Ligier,JS 51,2009-2016,,Roadster,3XL-0
Lincoln Aviator,Lincoln,Aviator,2002-2026,,SUV,YXL
Lincoln Capri,Lincoln,Capri,1952-1959,,Convertible,3XXXL-0
Lincoln Continental,Lincoln,Continental,1939-1941,,Convertible/Coupe,3XXXL-0
Lincoln Continental,Lincoln,Continental,1946-1979,,Convertible/Coupe,3XXXXL-0
Lincoln Continental,Lincoln,Continental,1959-1960,,Sedan,无可用尺码
Lincoln Continental,Lincoln,Continental,1961-1969,,Sedan,3XXXL
Lincoln Continental,Lincoln,Continental,1980-1983,,Coupe,3XXXL-0
Lincoln Continental,Lincoln,Continental,1980-1983,,Sedan,无可用尺码
Lincoln Continental,Lincoln,Continental,1982-2002,,Sedan,3XXL
Lincoln Continental,Lincoln,Continental,2016-2020,,Sedan,3XXL
Lincoln Continental Mark,Lincoln,Continental Mark,1968-1971,,Coupe,3XXXL-0
Lincoln Continental Mark,Lincoln,Continental Mark,1972-1979,,Coupe,3XXXXL-0
Lincoln Continental Mark,Lincoln,Continental Mark,1980-1983,,Coupe,3XXXL-0
Lincoln Continental Mark,Lincoln,Continental Mark,1980-1983,,Sedan,无可用尺码
Lincoln Corsair,Lincoln,Corsair,2019-2023,,SUV,YM+
Lincoln Corsair,Lincoln,Corsair,2023-2026,I Рестайлинг/I Рестайлинг (China Market),SUV,YL
Lincoln LS,Lincoln,LS,1999-2006,,Sedan,3XXL
Lincoln MKC,Lincoln,MKC,2014-2019,,SUV,YM+
Lincoln MKS,Lincoln,MKS,2008-2016,,Sedan,3XXL
Lincoln MKT,Lincoln,MKT,2009-2019,,SUV,YXXL-545
Lincoln MKX,Lincoln,MKX,2006-2018,,SUV,YL
Lincoln MKZ,Lincoln,MKZ,2006-2012,,Sedan,3XL
Lincoln MKZ,Lincoln,MKZ,2012-2020,,Sedan,3XXL
Lincoln Mark VII,Lincoln,Mark VII,1984-1992,,Coupe,3XXL-0
Lincoln Mark VIII,Lincoln,Mark VIII,1992-1998,,Coupe,3XXL-0
Lincoln Nautilus,Lincoln,Nautilus,2018-2023,,SUV,YL
Lincoln Nautilus,Lincoln,Nautilus,2023-2026,,SUV,YXL
Lincoln Navigator,Lincoln,Navigator,1997-2006,,SUV,YXXL
Lincoln Navigator,Lincoln,Navigator,2006-2026,,SUV,YXXL-545
Lincoln Navigator,Lincoln,Navigator,2006-2026,L,SUV,YXXL-585
Lincoln Premiere,Lincoln,Premiere,1955-1960,,Coupe,3XXXXL-0
Lincoln Premiere,Lincoln,Premiere,1955-1960,,Sedan,无可用尺码
Lincoln Town Car,Lincoln,Town Car,1980-1989,,Coupe,3XXXXL-0
Lincoln Town Car,Lincoln,Town Car,1980-1997,,Sedan,无可用尺码
Lincoln Town Car,Lincoln,Town Car,1997-2011,,Sedan,3XXXL
Lincoln Versailles,Lincoln,Versailles,1977-1980,,Sedan,3XXL
Lincoln Z,Lincoln,Z,2021-2026,,Sedan,3XXL
Lincoln Zephyr,Lincoln,Zephyr,1936-1942,,Convertible/Coupe,3XL+0
Lincoln Zephyr,Lincoln,Zephyr,1936-1942,,Sedan,3XXL
Lingxi L,Lingxi,L,2024-2026,,Sedan,3XL
Livan 7,Livan,7,2023-2026,,SUV,YL
Livan 8,Livan,8,2024-2026,,MPV,2XL
Livan 9,Livan,9,2022-2026,,SUV,YXL
Livan Blue Baloon,Livan,Blue Baloon,2025-2026,,Hatchback,2S
Livan S6 Pro,Livan,S6 Pro,2023-2026,,Sedan,3XL
Livan X3 Pro,Livan,X3 Pro,2022-2026,,SUV,YM+
Livan X6 Pro,Livan,X6 Pro,2023-2026,,SUV,YM+
Logem EC30,Logem,EC30,2018-2020,,MPV,2XL
Lotus 2-Eleven,Lotus,2-Eleven,2007-2011,,Roadster,3S-0
Lotus 3-Eleven,Lotus,3-Eleven,2015-2018,,Roadster,3S-0
Lotus 340R,Lotus,340R,2000,,Speedster,3S-0
Lotus Eclat,Lotus,Eclat,1975-1986,,Coupe,3M-0
Lotus Elan,Lotus,Elan,1989-1995,,Convertible,3S-0
Lotus Eletre,Lotus,Eletre,2022-2026,,SUV,YXL
Lotus Elise,Lotus,Elise,1995-2021,,Convertible/Roadster,3S-0
Lotus Elite,Lotus,Elite,1974-1982,,Wagon,2L+
Lotus Emeya,Lotus,Emeya,2024-2026,,Liftback,3XXL
Lotus Emira,Lotus,Emira,2022-2026,,Coupe,3M-0
Lotus Esprit,Lotus,Esprit,1976-1979,,Coupe,3S-0
Lotus Esprit,Lotus,Esprit,1978-2004,,Coupe,3M-0
Lotus Europa,Lotus,Europa,1970-1976,,Coupe,3M-0
Lotus Europa S,Lotus,Europa S,2006-2010,,Coupe,3S-0
Lotus Evija,Lotus,Evija,2022-2024,,Coupe,3M-0
Lotus Evora,Lotus,Evora,2009-2021,,Coupe,3M-0
Lotus Excel,Lotus,Excel,1982-1992,,Coupe,3M-0
Lotus Exige,Lotus,Exige,2001-2021,,Coupe/Roadster,3S-0
Lotus For Me,Lotus,For Me,2026,,SUV,YXL
Lucid Air,Lucid,Air,2021-2026,,Sedan,3XXL
Lucid Gravity,Lucid,Gravity,2024-2026,,SUV,YXL
Luxeed R7,Luxeed,R7,2024-2026,,SUV,YXL
Luxeed RX,Luxeed,RX,2026,,SUV,YXL
Luxeed S7,Luxeed,S7,2023-2026,,Sedan,3XXL
Luxeed V9,Luxeed,V9,2026,,MPV,2XXL-545
Luxgen Luxgen5,Luxgen,Luxgen5,2012-2020,,Sedan,3L
Luxgen Luxgen7 MPV,Luxgen,Luxgen7 MPV,2009-2014,,MPV,2XL+
Luxgen Luxgen7 SUV,Luxgen,Luxgen7 SUV,2013-2017,,SUV,YL
Luxgen U6 Turbo,Luxgen,U6 Turbo,2013-2023,,SUV,YL
Luxgen U7 Turbo,Luxgen,U7 Turbo,2013-2020,,SUV,YL
Lynk & Co 01,Lynk & Co,01,2017-2026,,SUV,YM+
Lynk & Co 02,Lynk & Co,02,2018-2025,Hatchback,Hatchback,2L+
Lynk & Co 02,Lynk & Co,02,2018-2026,,SUV,YM+
Lynk & Co 03,Lynk & Co,03,2018-2026,,Sedan,3L
Lynk & Co 05,Lynk & Co,05,2020-2026,,SUV,YM+
Lynk & Co 06,Lynk & Co,06,2020-2026,,SUV,YM+
Lynk & Co 07,Lynk & Co,07,2024-2026,,Sedan,3XL
Lynk & Co 07,Lynk & Co,07,2025-2026,GT,Wagon,2XL+
Lynk & Co 08,Lynk & Co,08,2023-2026,Incl: EM-P,SUV,YL
Lynk & Co 09,Lynk & Co,09,2021-2026,,SUV,YXL
Lynk & Co 10,Lynk & Co,10,2025-2026,,Sedan,3XXL
Lynk & Co 900,Lynk & Co,900,2025-2026,,SUV,YXXL
Lynk & Co Z10,Lynk & Co,Z10,2024-2026,,Sedan,3XXL
Lynk & Co Z20,Lynk & Co,Z20,2024-2026,,SUV,YM+
M-Hero I,M-Hero,I,2023-2026,,SUV,YXL
MG 07,MG,07,2026,,Liftback,3XXL
MG 3,MG,3,2011-2026,Incl: Xross,Hatchback,2M
MG 350,MG,350,2010-2015,,Sedan,3L
MG 4 EV,MG,4 EV,2022-2026,,Hatchback,2L+
MG 4X,MG,4X,2026,,SUV,YM+
MG 5,MG,5,2013-2018,,Hatchback,2L+
MG 5,MG,5,2017-2026,,Sedan,3L
MG 5,MG,5,2024-2026,,Sedan,3XL
MG 5 EV,MG,5 EV,2020-2026,,Wagon,2XL
MG 5 Scorpio,MG,5 Scorpio,2022-2024,,Sedan,3L
MG 550,MG,550,2009-2017,,Sedan,3L
MG 6,MG,6,2010-2026,,Liftback,3L
MG 6,MG,6,2010-2017,,Sedan,3L
MG 6,MG,6,2020-2026,,Liftback,3XL
MG 6 Pro,MG,6 Pro,2021-2026,,Liftback,3XL
MG 7,MG,7,2023-2026,,Liftback,3XXL
MG 750,MG,750,2006-2016,,Sedan,3XL
MG 8,MG,8,2025-2026,,Sedan,3XXL
MG Cyberster,MG,Cyberster,2023-2026,,Roadster,3L-0
MG ES5,MG,ES5,2024-2026,,SUV,YM+
MG F,MG,F,1995-2002,,Convertible,3S-0
MG GS,MG,GS,2015-2019,,SUV,YM+
MG HS,MG,HS,2018-2026,,SUV,YM+
MG HS,MG,HS,2024-2026,,SUV,YL
MG MGA,MG,MGA,1955-1962,,Coupe/Roadster,3S-0
MG MGB,MG,MGB,1966-1980,,Coupe/Roadster,3S-0
MG Maestro,MG,Maestro,1983-1990,,Hatchback,2M
MG Metro,MG,Metro,1982-1990,,Hatchback,2S
MG Midget,MG,Midget,1964-1979,,Roadster,无可用尺码
MG Montego,MG,Montego,1984-1990,,Sedan,3M
MG Mulan,MG,Mulan,2022-2023,,Hatchback,2L+
MG One,MG,One,2021-2026,,SUV,YM+
MG Pilot,MG,Pilot,2020-2023,,SUV,YL
MG RV8,MG,RV8,1992-1995,,Roadster,3S-0
MG RX5,MG,RX5,2016-2026,,SUV,YM+
MG RX8,MG,RX8,2018-2026,,SUV,YXL
MG RX9,MG,RX9,2024-2026,,SUV,YXL
MG TD Midget,MG,TD Midget,1950-1953,,Roadster,3S-0
MG TF,MG,TF,2002-2005,,Roadster,3S-0
MG Xpower SV,MG,Xpower SV,2003-2005,,Coupe,3M-0
MG ZR,MG,ZR,2001-2005,,Hatchback,2M
MG ZS,MG,ZS,2001-2005,,Hatchback,2L+
MG ZS,MG,ZS,2001-2005,,Sedan,3L
MG ZS,MG,ZS,2017-2026,,SUV,YM+
MG ZT,MG,ZT,2001-2005,,Wagon,2XL
MG ZT,MG,ZT,2001-2005,,Sedan,3XL
Maextro S800,Maextro,S800,2024-2026,,Sedan,3XXXL
Maextro V680,Maextro,V680,2026,,MPV,2XXL-545
Maextro V800,Maextro,V800,2026,,MPV,无可用尺码
Mahindra Armada,Mahindra,Armada,1990-2005,,SUV,YM+
Mahindra Bolero,Mahindra,Bolero,2001-2020,,SUV,YM+
Mahindra CJ-3,Mahindra,CJ-3,1988-1992,,SUV,YS-380
Mahindra CL,Mahindra,CL,1993-2000,,SUV,无可用尺码
Mahindra Commander,Mahindra,Commander,1990-2013,,SUV,YM+
Mahindra MM,Mahindra,MM,1990-2000,775,SUV,YM+
Mahindra MM,Mahindra,MM,1990-2000,540/550,SUV,YS-410
Mahindra Marshal,Mahindra,Marshal,2002-2008,,SUV,YM+
Mahindra NC 640 DP,Mahindra,NC 640 DP,1985-2000,,SUV,YS-410
Mahindra Scorpio,Mahindra,Scorpio,2002-2022,,SUV,YM+
Mahindra Thar,Mahindra,Thar,2010-2020,,SUV,YS-410
Mahindra Thar,Mahindra,Thar,2020-2026,,SUV,YM+
Mahindra Verito,Mahindra,Verito,2011-2019,,Sedan,3M
Mahindra Voyager,Mahindra,Voyager,1997-2000,,MPV,2L-200
Mahindra Xylo,Mahindra,Xylo,2009-2019,,MPV,2XL-200
Maple 30X,Maple,30X,2020-2022,,SUV,YM+
Maple X3 Pro,Maple,X3 Pro,2022,,SUV,YM+
Marcos GTS,Marcos,GTS,1997-1999,,Roadster,3M-0
Marcos LM 400,Marcos,LM 400,1994-1998,,Coupe/Roadster,3M-0
Marcos LM 500,Marcos,LM 500,1994-1998,,Coupe/Roadster,3M-0
Marcos Mantis,Marcos,Mantis,1997-1999,,Roadster,3S-0
Marcos Marcasite,Marcos,Marcasite,2002-2007,,Roadster,3S-0
Marlin 5EXi,Marlin,5EXi,2004-2019,,Speedster,无可用尺码
Marlin Sportster,Marlin,Sportster,2003-2019,,Roadster,3S-0
Marussia B1,Marussia,B1,2010-2014,,Coupe,3L-0
Marussia B2,Marussia,B2,2010-2014,,Coupe,3L-0
Maruti 1000,Maruti,1000,1990-2000,,Sedan,3S
Maruti 800,Maruti,800,1983-2012,,Hatchback,2S
Maruti Alto,Maruti,Alto,2000-2012,,Hatchback,2S
Maruti Baleno,Maruti,Baleno,1999-2007,,Wagon,2L+
Maruti Baleno,Maruti,Baleno,1999-2007,,Sedan,3M
Maruti Esteem,Maruti,Esteem,1994-2007,,Sedan,3S
Maruti Gypsy,Maruti,Gypsy,1983-2019,L157.9 W60.6 H73.8,SUV,YM+
Maruti Gypsy,Maruti,Gypsy,1983-2019,L137.6 W58.9 H55.3,SUV,YS-380
Maruti Omni,Maruti,Omni,1984-2019,,MPV,2S
Maruti Versa,Maruti,Versa,2001-2009,,MPV,2L-200
Maruti Wagon R,Maruti,Wagon R,1999-2009,,MPV,2S
Maruti Zen,Maruti,Zen,1993-2006,,Hatchback,2S
Maserati 228,Maserati,228,1986-1992,,Coupe,3M-0
Maserati 3200 GT,Maserati,3200 GT,1998-2002,,Coupe,3M-0
Maserati 3500 GT,Maserati,3500 GT,1957-1964,Incl: Spyder,Convertible/Coupe,3XL-0
Maserati 420,Maserati,420,1985-1994,,Sedan,3M
Maserati 4200 GT,Maserati,4200 GT,2002-2007,,Coupe,3L-0
Maserati 4200 GT,Maserati,4200 GT,2002-2007,,Convertible,3M-0
Maserati Barchetta Stradale,Maserati,Barchetta Stradale,1991-1994,,Convertible,3S-0
Maserati Biturbo,Maserati,Biturbo,1981-1994,,Sedan,3M
Maserati Biturbo,Maserati,Biturbo,1981-1994,,Convertible,3M-0
Maserati Biturbo,Maserati,Biturbo,1981-1994,,Coupe,3S-0
Maserati Bora,Maserati,Bora,1971-1980,,Coupe,3M-0
Maserati Chubasco,Maserati,Chubasco,1990,,Coupe,3L-0
Maserati GT2 Stradale,Maserati,GT2 Stradale,2024-2026,,Coupe,3L-0
Maserati Ghibli,Maserati,Ghibli,1992-1998,,Coupe,3M-0
Maserati Ghibli,Maserati,Ghibli,2013-2024,,Sedan,3XXL
Maserati GranCabrio,Maserati,GranCabrio,2010-2019,,Convertible,3XL-0
Maserati GranCabrio,Maserati,GranCabrio,2024-2026,,Convertible,3XL+0
Maserati GranTurismo,Maserati,GranTurismo,2007-2019,MC Stradale,Coupe,3XL+0
Maserati GranTurismo,Maserati,GranTurismo,2007-2019,,Coupe,3XL-0
Maserati GranTurismo,Maserati,GranTurismo,2023-2026,,Coupe,3XL+0
Maserati Grecale,Maserati,Grecale,2022-2026,,SUV,YXL
Maserati Indy,Maserati,Indy,1969-1974,,Coupe,3XL-0
Maserati Karif,Maserati,Karif,1988-2000,,Coupe,3S-0
Maserati Khamsin,Maserati,Khamsin,1974-1982,,Coupe,3M-0
Maserati Kyalami,Maserati,Kyalami,1976-1985,,Coupe,3L-0
Maserati Levante,Maserati,Levante,2016-2024,,SUV,YXL
Maserati MC12,Maserati,MC12,2004-2006,,Coupe,3XL+0
Maserati MC20,Maserati,MC20,2020-2026,Incl: Cielo,Coupe/Roadster,3L-0
Maserati MCPura,Maserati,MCPura,2025-2026,Incl: Ceilo,Coupe/Roadster,3L-0
Maserati Merak,Maserati,Merak,1975-1983,,Coupe,3M-0
Maserati Mexico,Maserati,Mexico,1967-1972,,Coupe,3XL-0
Maserati Mostro Zagato,Maserati,Mostro Zagato,2015-2022,Incl: Barchetta,Coupe/Targa,无可用尺码
Maserati Quattroporte,Maserati,Quattroporte,1979-1990,,Sedan,3XXL
Maserati Quattroporte,Maserati,Quattroporte,1994-2001,,Sedan,3L
Maserati Quattroporte,Maserati,Quattroporte,2003-2024,,Sedan,3XXL
Maserati Royale,Maserati,Royale,1985-1993,,Sedan,3XXL
Maserati Shamal,Maserati,Shamal,1989-1995,,Coupe,3S-0
Matra Murena,Matra,Murena,1980-1983,,Fastback,3S-0
Maxus D60,Maxus,D60,2019-2023,,SUV,YL
Maxus D90,Maxus,D90,2017-2023,,SUV,YXL
Maxus EUNIQ 5,Maxus,EUNIQ 5,2019-2022,,MPV,2XL
Maxus EUNIQ 6,Maxus,EUNIQ 6,2020-2023,,SUV,YL
Maxus G10,Maxus,G10,2013-2026,,MPV,2XXL-525
Maxus G20,Maxus,G20,2019-2025,ES/Plus,MPV,2XXL-525
Maxus G50,Maxus,G50,2019-2026,,MPV,2XL
Maxus G50 Plus,Maxus,G50 Plus,2021-2025,,MPV,2XL
Maxus G70,Maxus,G70,2023-2026,,MPV,2XL+
Maxus G90,Maxus,G90,2022-2026,,MPV,2XXL-545
Maxus MIFA 5,Maxus,MIFA 5,2022-2024,,MPV,2XL
Maxus MIFA 7,Maxus,MIFA 7,2023-2026,,MPV,2XL+
Maxus MIFA 9,Maxus,MIFA 9,2021-2026,,MPV,2XXL-545
Maxus Territory,Maxus,Territory,2022-2026,,SUV,YXL
Maxus V70,Maxus,V70,2023-2026,,MPV,2XXL-525
Maybach 57,Maybach,57,2002-2013,,Sedan,无可用尺码
Maybach 57,Maybach,57,2010-2013,,Coupe,3XXXXL-0
Maybach 62,Maybach,62,2002-2012,,Sedan,无可用尺码
Maybach Exelero,Maybach,Exelero,2005,,Coupe,3XXXXL-0
Maybach SW38,Maybach,SW38,1936-1938,Incl: Sport,Convertible/Roadster,3XL+0
Mazda 1000,Mazda,1000,1967-1977,,Sedan,3S
Mazda 121,Mazda,121,1975-1981,,Fastback,3M-0
Mazda 121,Mazda,121,1987-1991,,Hatchback,2S
Mazda 121,Mazda,121,1991-1996,,Sedan,3S
Mazda 121,Mazda,121,1996-2003,,Hatchback,2M
Mazda 1300,Mazda,1300,1975-1977,,Sedan,3S
Mazda 2,Mazda,2,2003-2026,Incl: L153.0 W66.7 H58.1/L153.0 W66.7 H60.8,Hatchback,2M
Mazda 2,Mazda,2,2007-2014,,Sedan,3M
Mazda 3,Mazda,3,2003-2026,,Hatchback,2L+
Mazda 3,Mazda,3,2003-2009,,Sedan,3M
Mazda 3,Mazda,3,2008-2026,,Sedan,3L
Mazda 3 MPS,Mazda,3 MPS,2006-2013,,Hatchback,2L+
Mazda 323,Mazda,323,1977-2003,,Wagon,2L+
Mazda 323,Mazda,323,1977-2001,Incl: L151.0 W63.2 H54.1/L151.4 W58.3 H54.7/L158.9 W67.3 H55.3,Hatchback,2M
Mazda 323,Mazda,323,1980-1985,,Sedan,3S
Mazda 323,Mazda,323,1985-2003,,Sedan,3M
Mazda 323,Mazda,323,1989-2000,L163.6 W65.9 H54.3/L167.1 W66.7 H53.3/L167.7 W66.1 H52.8,Hatchback,2L+
Mazda 323,Mazda,323,1994-2000,C,Coupe,3S-0
Mazda 5,Mazda,5,2005-2010,,MPV,2L+
Mazda 5,Mazda,5,2010-2018,,MPV,2XL
Mazda 6,Mazda,6,2002-2024,,Wagon,2XL
Mazda 6,Mazda,6,2002-2008,,Liftback,3L
Mazda 6,Mazda,6,2002-2008,,Sedan,3L
Mazda 6,Mazda,6,2007-2013,,Liftback,3XL
Mazda 6,Mazda,6,2007-2024,,Sedan,3XL
Mazda 6 MPS,Mazda,6 MPS,2005-2008,,Sedan,3XL
Mazda 616,Mazda,616,1970-1978,,Sedan,3S
Mazda 626,Mazda,626,1979-1982,,Sedan,3M
Mazda 626,Mazda,626,1979-1987,,Coupe,3M-0
Mazda 626,Mazda,626,1982-2002,,Liftback,3L
Mazda 626,Mazda,626,1982-2002,,Sedan,3L
Mazda 626,Mazda,626,1987-2002,,Wagon,2XL
Mazda 626,Mazda,626,1987-1996,,Coupe,3L-0
Mazda 626,Mazda,626,1997-2002,US Market,Sedan,3XL
Mazda 6e,Mazda,6e,2025-2026,,Liftback,3XXL
Mazda 818,Mazda,818,1974-1978,,Wagon,2M
Mazda 818,Mazda,818,1974-1978,,Sedan,3S
Mazda 929,Mazda,929,1972-1978,,Sedan,3M
Mazda 929,Mazda,929,1972-1978,,Coupe,3M-0
Mazda 929,Mazda,929,1978-1992,,Sedan,3L
Mazda 929,Mazda,929,1981-1987,,Wagon,2XL
Mazda 929,Mazda,929,1981-1987,,Coupe,3L-0
Mazda 929,Mazda,929,1991-1995,,Sedan,3XXL
Mazda AZ-Offroad,Mazda,AZ-Offroad,1998-2014,,SUV,YS-380
Mazda AZ-Wagon,Mazda,AZ-Wagon,1994-2012,,MPV,2S
Mazda Atenza,Mazda,Atenza,2002-2022,,Wagon,2XL
Mazda Atenza,Mazda,Atenza,2002-2008,,Liftback,3L
Mazda Atenza,Mazda,Atenza,2002-2008,,Sedan,3L
Mazda Atenza,Mazda,Atenza,2008-2012,,Liftback,3XL
Mazda Atenza,Mazda,Atenza,2008-2022,,Sedan,3XL
Mazda Autozam AZ-1,Mazda,Autozam AZ-1,1992-1998,,Coupe,无可用尺码
Mazda Autozam AZ-3,Mazda,Autozam AZ-3,1991-1998,,Coupe,3M-0
Mazda Autozam Clef,Mazda,Autozam Clef,1992-1994,,Sedan,3L
Mazda Axela,Mazda,Axela,2003-2019,,Hatchback,2L+
Mazda Axela,Mazda,Axela,2003-2009,,Sedan,3M
Mazda Axela,Mazda,Axela,2009-2019,,Sedan,3L
Mazda Biante,Mazda,Biante,2008-2018,,MPV,2XL
Mazda Bongo,Mazda,Bongo,1966-1975,,MPV/Van,2M
Mazda Bongo,Mazda,Bongo,1977-1999,,MPV,2L-200
Mazda Bongo,Mazda,Bongo,1977-1983,,Van,2L-200
Mazda Bongo,Mazda,Bongo,1983-2020,Brawny,MPV,2XL-200
Mazda Bongo,Mazda,Bongo,1983-1999,,Van,2XL-200
Mazda Bongo,Mazda,Bongo,1999-2020,,MPV,2XL
Mazda Bongo,Mazda,Bongo,1999-2020,,Van,2XL
Mazda Bongo Friendee,Mazda,Bongo Friendee,1995-2005,,MPV,2XL
Mazda CX-3,Mazda,CX-3,2015-2026,,SUV,YM+
Mazda CX-30,Mazda,CX-30,2019-2026,,SUV,YM+
Mazda CX-4,Mazda,CX-4,2016-2024,,SUV,YL
Mazda CX-5,Mazda,CX-5,2011-2026,,SUV,YM+
Mazda CX-5,Mazda,CX-5,2025-2026,,SUV,YL
Mazda CX-50,Mazda,CX-50,2022-2026,,SUV,YL
Mazda CX-60,Mazda,CX-60,2022-2026,,SUV,YL
Mazda CX-6e,Mazda,CX-6e,2026,,SUV,YXL
Mazda CX-7,Mazda,CX-7,2006-2012,,SUV,YL
Mazda CX-70,Mazda,CX-70,2024-2026,,SUV,YXXL
Mazda CX-8,Mazda,CX-8,2017-2023,,SUV,YXL
Mazda CX-80,Mazda,CX-80,2024-2026,,SUV,YXL
Mazda CX-9,Mazda,CX-9,2006-2024,,SUV,YXL
Mazda CX-90,Mazda,CX-90,2023-2026,,SUV,YXL
Mazda Capella,Mazda,Capella,1982-1999,,Hatchback,2L+
Mazda Capella,Mazda,Capella,1982-1999,,Sedan,3M
Mazda Capella,Mazda,Capella,1982-1999,,Coupe,3M-0
Mazda Capella,Mazda,Capella,1987-2002,,Wagon,2XL
Mazda Capella,Mazda,Capella,1994-2002,,Sedan,3L
Mazda Carol,Mazda,Carol,1989-2026,,Hatchback,2S
Mazda Chantez,Mazda,Chantez,1972-1976,,Hatchback,2S
Mazda Cosmo,Mazda,Cosmo,1967-1972,,Coupe,3S-0
Mazda Cosmo,Mazda,Cosmo,1975-1981,AP/L,Coupe/Liftback,3M-0
Mazda Cosmo,Mazda,Cosmo,1981-1990,,Sedan,3L
Mazda Cosmo,Mazda,Cosmo,1981-1990,,Coupe,3L-0
Mazda Cronos,Mazda,Cronos,1991-1995,,Sedan,3L
Mazda Demio,Mazda,Demio,1996-2019,,Hatchback,2M
Mazda E-Series,Mazda,E-Series,1983-1999,,MPV,2XXL-525
Mazda EZ-6,Mazda,EZ-6,2024-2026,,Liftback,3XXL
Mazda EZ-60,Mazda,EZ-60,2025-2026,,SUV,YXL
Mazda Efini MS-6,Mazda,Efini MS-6,1991-1994,,Hatchback,2XL
Mazda Efini MS-8,Mazda,Efini MS-8,1992-1997,,Sedan,3L
Mazda Efini MS-9,Mazda,Efini MS-9,1991-1993,,Sedan,3XXL
Mazda Etude,Mazda,Etude,1987-1989,,Hatchback,2M
Mazda Eunos 100,Mazda,Eunos 100,1989-1994,,Hatchback,2L+
Mazda Eunos 300,Mazda,Eunos 300,1989-1992,,Sedan,3L
Mazda Eunos 500,Mazda,Eunos 500,1991-1996,,Sedan,3L
Mazda Eunos 800,Mazda,Eunos 800,1993-1997,,Sedan,3XL
Mazda Eunos Cosmo,Mazda,Eunos Cosmo,1990-1995,,Coupe,3XL-0
Mazda Eunos Presso,Mazda,Eunos Presso,1991-1998,,Coupe,3M-0
Mazda Familia,Mazda,Familia,1985-2026,Incl: S-Familia/VII (BH)/Y10,Wagon,2L+
Mazda Familia,Mazda,Familia,1985-1999,Incl: L157.3 W65.9 H53.1/L157.3 W65.9 H54.3,Hatchback,2M
Mazda Familia,Mazda,Familia,1985-1994,,Sedan,3S
Mazda Familia,Mazda,Familia,1985-1999,Incl: Neo,Convertible/Coupe,3S-0
Mazda Familia,Mazda,Familia,1989-2004,,Sedan,3M
Mazda Flair,Mazda,Flair,2012-2025,,MPV,2S
Mazda Flair Crossover,Mazda,Flair Crossover,2014-2026,,MPV,2S
Mazda Flair Wagon,Mazda,Flair Wagon,2012-2018,,MPV,2S
Mazda Flair Wagon,Mazda,Flair Wagon,2017-2026,,MPV,无可用尺码
Mazda Lantis,Mazda,Lantis,1993-1997,,Hatchback,2L+
Mazda Lantis,Mazda,Lantis,1993-1997,,Sedan,3M
Mazda Laputa,Mazda,Laputa,1998-2006,,Hatchback,2S
Mazda Luce,Mazda,Luce,1977-1988,,Wagon,2XL
Mazda Luce,Mazda,Luce,1977-1988,,Sedan,3L
Mazda Luce,Mazda,Luce,1986-1991,,Sedan,3XL
Mazda MPV,Mazda,MPV,1988-2006,,MPV,2XL
Mazda MPV,Mazda,MPV,2006-2016,,MPV,2XL+
Mazda MX-3,Mazda,MX-3,1991-2000,,Coupe,3M-0
Mazda MX-30,Mazda,MX-30,2020-2026,,SUV,YM+
Mazda MX-5,Mazda,MX-5,1989-2026,Incl: RF,Roadster/Targa,3S-0
Mazda MX-6,Mazda,MX-6,1991-1997,,Coupe,3L-0
Mazda Millenia,Mazda,Millenia,1994-2003,,Sedan,3XL
Mazda Navajo,Mazda,Navajo,1990-1994,,SUV,YM+
Mazda Persona,Mazda,Persona,1988-1992,,Sedan,3L
Mazda Premacy,Mazda,Premacy,1999-2010,,MPV,2L+
Mazda Premacy,Mazda,Premacy,2010-2017,,MPV,2XL
Mazda Proceed Levante,Mazda,Proceed Levante,1995-2001,L158.7 W64.4 H66.7/L161.0 W66.9 H66.9,SUV,YM+
Mazda Proceed Levante,Mazda,Proceed Levante,1995-1997,L143.7 W64.2 H65.6,SUV,YS-380
Mazda Proceed Levante,Mazda,Proceed Levante,1997-2001,L150.0 W66.9 H66.5,SUV,YS-410
Mazda Proceed Marvie,Mazda,Proceed Marvie,1990-1999,,SUV,YXL
Mazda Protege,Mazda,Protege,1989-2004,,Sedan,3M
Mazda Protege,Mazda,Protege,1998-2004,,Hatchback,2L+
Mazda R360,Mazda,R360,1960-1966,,Coupe,无可用尺码
Mazda RX-4,Mazda,RX-4,1972-1978,,Coupe,3M-0
Mazda RX-5,Mazda,RX-5,1976-1980,,Fastback,3M-0
Mazda RX-7,Mazda,RX-7,1979-2002,,Coupe,3M-0
Mazda RX-8,Mazda,RX-8,2003-2012,,Coupe,3M-0
Mazda Revue,Mazda,Revue,1990-1998,,Sedan,3S
Mazda Roadster,Mazda,Roadster,1989-2026,Incl: RF,Convertible/Coupe/Roadster,3S-0
Mazda Savanna RX-7,Mazda,Savanna RX-7,1978-1992,,Convertible/Coupe,3M-0
Mazda Scrum,Mazda,Scrum,1991-2026,,MPV,无可用尺码
Mazda Sentia,Mazda,Sentia,1991-2000,,Sedan,3XXL
Mazda Spiano,Mazda,Spiano,2002-2008,,Hatchback,2S
Mazda Tribute,Mazda,Tribute,2000-2011,,SUV,YM+
Mazda Verisa,Mazda,Verisa,2004-2015,,Hatchback,2M
Mazda Xedos 6,Mazda,Xedos 6,1992-2000,,Sedan,3L
Mazda Xedos 9,Mazda,Xedos 9,1993-2003,,Sedan,3XL
McLaren 540C,McLaren,540C,2015-2021,,Coupe,3XL-0
McLaren 570GT,McLaren,570GT,2016-2021,,Coupe,3XL-0
McLaren 570S,McLaren,570S,2015-2021,,Roadster,3L-0
McLaren 570S,McLaren,570S,2015-2021,,Coupe,3XL-0
McLaren 600LT,McLaren,600LT,2018-2021,,Coupe,3XL-0
McLaren 650S,McLaren,650S,2014-2017,,Coupe/Roadster,3XL-0
McLaren 675LT,McLaren,675LT,2015-2017,,Convertible/Coupe,3XL-0
McLaren 720S,McLaren,720S,2017-2023,,Coupe,3L-0
McLaren 720S,McLaren,720S,2017-2023,Spider,Roadster,3XL+0
McLaren 750S,McLaren,750S,2023-2026,Incl: Spider,Coupe/Roadster,3L-0
McLaren 765LT,McLaren,765LT,2020-2023,,Convertible/Coupe,3L-0
McLaren Artura,McLaren,Artura,2021-2026,Incl: Spider,Coupe/Roadster,3L-0
McLaren Elva,McLaren,Elva,2020-2023,,Speedster,3L-0
McLaren F1,McLaren,F1,1992-2000,,Coupe,3M-0
McLaren GT,McLaren,GT,2019-2023,,Coupe,3L-0
McLaren GTS,McLaren,GTS,2024-2026,,Coupe,3L-0
McLaren MP4-12C,McLaren,MP4-12C,2011-2014,,Coupe,3M-0
McLaren MP4-12C,McLaren,MP4-12C,2011-2014,,Roadster,3XL-0
McLaren P1,McLaren,P1,2013-2015,,Coupe,3L-0
McLaren Senna,McLaren,Senna,2018-2019,,Coupe,3XL-0
McLaren W1,McLaren,W1,2024-2026,,Coupe,3XL-0
Mega Club,Mega,Club,1992-1999,,Convertible,3S-0
Mega Monte Carlo,Mega,Monte Carlo,1996-1999,,Coupe,3M-0
Mega Track,Mega,Track,1992-2000,,Coupe,3XL+0
Mercedes-Benz 190 (W201),Mercedes-Benz,190 (W201),1982-1993,,Sedan,3M
Mercedes-Benz 190 SL,Mercedes-Benz,190 SL,1955-1963,,Roadster,3M-0
Mercedes-Benz 220 (W187),Mercedes-Benz,220 (W187),1951-1955,,Convertible/Coupe,3L-0
Mercedes-Benz 220 (W187),Mercedes-Benz,220 (W187),1951-1955,,Sedan,3M
Mercedes-Benz 300 SLR,Mercedes-Benz,300 SLR,1954-1955,Incl: Uhlenhaut,Coupe/Speedster,3M-0
Mercedes-Benz A-Класс,Mercedes-Benz,A-Класс,1997-2001,,Hatchback,2S
Mercedes-Benz A-Класс,Mercedes-Benz,A-Класс,2001-2012,,Hatchback,2M
Mercedes-Benz A-Класс,Mercedes-Benz,A-Класс,2001-2004,Long,Hatchback,2M
Mercedes-Benz A-Класс,Mercedes-Benz,A-Класс,2012-2026,,Hatchback,2L+
Mercedes-Benz A-Класс,Mercedes-Benz,A-Класс,2018-2026,Incl: Long,Sedan,3L
Mercedes-Benz A-Класс AMG,Mercedes-Benz,A-Класс AMG,2013-2026,,Hatchback,2L+
Mercedes-Benz A-Класс AMG,Mercedes-Benz,A-Класс AMG,2019-2026,,Sedan,3L
Mercedes-Benz AMG GT,Mercedes-Benz,AMG GT,2014-2023,,Coupe,3L-0
Mercedes-Benz AMG GT,Mercedes-Benz,AMG GT,2017-2023,,Roadster,3L-0
Mercedes-Benz AMG GT,Mercedes-Benz,AMG GT,2023-2026,,Coupe,3XL-0
Mercedes-Benz AMG GT,Mercedes-Benz,AMG GT,2023-2026,Brabus 1000,Coupe,3XL-0
Mercedes-Benz AMG GT 4-Door Coupe,Mercedes-Benz,AMG GT 4-Door Coupe,2018-2026,,Liftback,3XXL
Mercedes-Benz AMG ONE,Mercedes-Benz,AMG ONE,2022-2026,,Coupe,3XL-0
Mercedes-Benz AMG PureSpeed,Mercedes-Benz,AMG PureSpeed,2024-2026,,Speedster,3XL-0
Mercedes-Benz B-Класс,Mercedes-Benz,B-Класс,2005-2026,,Hatchback,2L+
Mercedes-Benz C-Класс,Mercedes-Benz,C-Класс,1993-1997,,Wagon,2L+
Mercedes-Benz C-Класс,Mercedes-Benz,C-Класс,1993-2001,,Sedan,3M
Mercedes-Benz C-Класс,Mercedes-Benz,C-Класс,1997-2026,,Wagon,2XL
Mercedes-Benz C-Класс,Mercedes-Benz,C-Класс,2000-2008,,Hatchback,2L+
Mercedes-Benz C-Класс,Mercedes-Benz,C-Класс,2000-2023,,Sedan,3L
Mercedes-Benz C-Класс,Mercedes-Benz,C-Класс,2011-2023,,Convertible/Coupe,3L-0
Mercedes-Benz C-Класс,Mercedes-Benz,C-Класс,2018-2023,Long,Sedan,3XL
Mercedes-Benz C-Класс,Mercedes-Benz,C-Класс,2021-2026,All-Terrain,Wagon,2XL
Mercedes-Benz C-Класс,Mercedes-Benz,C-Класс,2021-2026,,Sedan,3XL
Mercedes-Benz C-Класс,Mercedes-Benz,C-Класс,2021-2026,Long,Sedan,3XXL
Mercedes-Benz C-Класс,Mercedes-Benz,C-Класс,2026,,Sedan,3XXL
Mercedes-Benz C-Класс AMG,Mercedes-Benz,C-Класс AMG,1994-2000,,Sedan,3M
Mercedes-Benz C-Класс AMG,Mercedes-Benz,C-Класс AMG,1997-2000,,Wagon,2L+
Mercedes-Benz C-Класс AMG,Mercedes-Benz,C-Класс AMG,2001-2005,,Hatchback,2L+
Mercedes-Benz C-Класс AMG,Mercedes-Benz,C-Класс AMG,2001-2026,,Wagon,2XL
Mercedes-Benz C-Класс AMG,Mercedes-Benz,C-Класс AMG,2001-2007,,Sedan,3L
Mercedes-Benz C-Класс AMG,Mercedes-Benz,C-Класс AMG,2007-2026,,Sedan,3XL
Mercedes-Benz C-Класс AMG,Mercedes-Benz,C-Класс AMG,2011-2022,,Convertible/Coupe,3XL-0
Mercedes-Benz CL-Класс,Mercedes-Benz,CL-Класс,1992-2014,,Coupe,3XL+0
Mercedes-Benz CL-Класс AMG,Mercedes-Benz,CL-Класс AMG,1999-2014,,Coupe,3XL+0
Mercedes-Benz CLA,Mercedes-Benz,CLA,2013-2026,,Wagon,2XL
Mercedes-Benz CLA,Mercedes-Benz,CLA,2013-2025,,Sedan,3L
Mercedes-Benz CLA,Mercedes-Benz,CLA,2025-2026,,Sedan,3XL
Mercedes-Benz CLA,Mercedes-Benz,CLA,2025-2026,L,Sedan,3XL
Mercedes-Benz CLA AMG,Mercedes-Benz,CLA AMG,2013-2026,,Wagon,2XL
Mercedes-Benz CLA AMG,Mercedes-Benz,CLA AMG,2013-2026,,Sedan,3L
Mercedes-Benz CLC-Класс,Mercedes-Benz,CLC-Класс,2008-2011,,Coupe,3M-0
Mercedes-Benz CLE,Mercedes-Benz,CLE,2023-2026,,Convertible/Coupe,3XL-0
Mercedes-Benz CLE AMG,Mercedes-Benz,CLE AMG,2023-2026,,Convertible/Coupe,3XL-0
Mercedes-Benz CLK AMG GTR,Mercedes-Benz,CLK AMG GTR,1997-1999,,Coupe/Roadster,3XL-0
Mercedes-Benz CLK-Класс,Mercedes-Benz,CLK-Класс,1997-2010,,Convertible/Coupe,3L-0
Mercedes-Benz CLK-Класс AMG,Mercedes-Benz,CLK-Класс AMG,1999-2010,,Convertible/Coupe,3L-0
Mercedes-Benz CLS,Mercedes-Benz,CLS,2004-2023,,Sedan,3XXL
Mercedes-Benz CLS,Mercedes-Benz,CLS,2010-2017,,Wagon,2XL+
Mercedes-Benz CLS AMG,Mercedes-Benz,CLS AMG,2005-2023,,Sedan,3XXL
Mercedes-Benz CLS AMG,Mercedes-Benz,CLS AMG,2011-2018,,Wagon,2XL+
Mercedes-Benz Citan,Mercedes-Benz,Citan,2012-2026,,Van,2XL
Mercedes-Benz Citan,Mercedes-Benz,Citan,2012-2021,,MPV,无可用尺码
Mercedes-Benz Citan,Mercedes-Benz,Citan,2021-2026,,MPV,2XL
Mercedes-Benz E-Класс,Mercedes-Benz,E-Класс,1992-1997,,Wagon,2XL
Mercedes-Benz E-Класс,Mercedes-Benz,E-Класс,1992-1997,,Convertible/Coupe,3L-0
Mercedes-Benz E-Класс,Mercedes-Benz,E-Класс,1992-1997,I (W124) L4740 W1740 H1430,Sedan,3XL
Mercedes-Benz E-Класс,Mercedes-Benz,E-Класс,1992-1997,I (W124) L5540 W1740 H1482,Sedan,3XXXL
Mercedes-Benz E-Класс,Mercedes-Benz,E-Класс,1995-2026,,Wagon,2XL+
Mercedes-Benz E-Класс,Mercedes-Benz,E-Класс,1995-2016,,Sedan,3XL
Mercedes-Benz E-Класс,Mercedes-Benz,E-Класс,2009-2013,,Convertible,3L-0
Mercedes-Benz E-Класс,Mercedes-Benz,E-Класс,2009-2013,,Coupe,3L-0
Mercedes-Benz E-Класс,Mercedes-Benz,E-Класс,2013-2023,,Convertible,3XL-0
Mercedes-Benz E-Класс,Mercedes-Benz,E-Класс,2013-2023,,Coupe,3XL-0
Mercedes-Benz E-Класс,Mercedes-Benz,E-Класс,2016-2026,All-Terrain,Wagon,2XL+
Mercedes-Benz E-Класс,Mercedes-Benz,E-Класс,2016-2026,,Sedan,3XXL
Mercedes-Benz E-Класс,Mercedes-Benz,E-Класс,2020-2026,L/Long,Sedan,3XXL
Mercedes-Benz E-Класс AMG,Mercedes-Benz,E-Класс AMG,1994-1996,,Wagon,2XL
Mercedes-Benz E-Класс AMG,Mercedes-Benz,E-Класс AMG,1994-1996,,Convertible/Coupe,3L-0
Mercedes-Benz E-Класс AMG,Mercedes-Benz,E-Класс AMG,1994-2009,,Sedan,3XL
Mercedes-Benz E-Класс AMG,Mercedes-Benz,E-Класс AMG,1996-2026,,Wagon,2XL+
Mercedes-Benz E-Класс AMG,Mercedes-Benz,E-Класс AMG,2009-2026,,Sedan,3XXL
Mercedes-Benz E-Класс AMG,Mercedes-Benz,E-Класс AMG,2016-2023,,Convertible/Coupe,3XL-0
Mercedes-Benz EQA,Mercedes-Benz,EQA,2021-2026,,SUV,YM+
Mercedes-Benz EQB,Mercedes-Benz,EQB,2021-2026,,SUV,YL
Mercedes-Benz EQC,Mercedes-Benz,EQC,2019-2023,,SUV,YL
Mercedes-Benz EQE,Mercedes-Benz,EQE,2022-2026,,Sedan,3XXL
Mercedes-Benz EQE AMG,Mercedes-Benz,EQE AMG,2022-2026,,Sedan,3XXL
Mercedes-Benz EQE SUV,Mercedes-Benz,EQE SUV,2022-2026,,SUV,YXL
Mercedes-Benz EQE SUV AMG,Mercedes-Benz,EQE SUV AMG,2022-2026,,SUV,YXL
Mercedes-Benz EQS,Mercedes-Benz,EQS,2021-2026,,Liftback,3XXL
Mercedes-Benz EQS AMG,Mercedes-Benz,EQS AMG,2021-2026,,Liftback,3XXL
Mercedes-Benz EQS SUV,Mercedes-Benz,EQS SUV,2022-2026,,SUV,YXXL
Mercedes-Benz EQT,Mercedes-Benz,EQT,2023-2026,,MPV,2XL
Mercedes-Benz EQV,Mercedes-Benz,EQV,2020-2026,Long,MPV,2XXL-525
Mercedes-Benz EQV,Mercedes-Benz,EQV,2020-2026,EXOBILITE/Extra Long,MPV,2XXL-545
Mercedes-Benz G-Класс,Mercedes-Benz,G-Класс,1979-2015,L161.8 W66.9 H75.6/L165.8 W69.3 H76.0/L166.5 W69.3 H76.6/L167.6 W69.3 H76.8/L179.5 W66.9 H75.6,SUV,YM+
Mercedes-Benz G-Класс,Mercedes-Benz,G-Класс,1990-2026,EQ Technology/L183.5 W69.3 H76.0/L183.5 W69.3 H76.8/L184.3 W69.3 H76.2/Professional,SUV,YL
Mercedes-Benz G-Класс,Mercedes-Benz,G-Класс,2010-2013,,SUV,无可用尺码
Mercedes-Benz G-Класс,Mercedes-Benz,G-Класс,2015-2026,,SUV,YL
Mercedes-Benz G-Класс,Mercedes-Benz,G-Класс,2015-2018,4x4,SUV,无可用尺码
Mercedes-Benz G-Класс AMG,Mercedes-Benz,G-Класс AMG,1993-2018,,SUV,YL
Mercedes-Benz G-Класс AMG,Mercedes-Benz,G-Класс AMG,2018-2026,,SUV,YXL
Mercedes-Benz G-Класс AMG,Mercedes-Benz,G-Класс AMG,2018-2024,4x4 Squared,SUV,YXL
Mercedes-Benz GL-Класс,Mercedes-Benz,GL-Класс,2006-2012,,SUV,YXL
Mercedes-Benz GL-Класс,Mercedes-Benz,GL-Класс,2012-2016,,SUV,YXXL
Mercedes-Benz GL-Класс AMG,Mercedes-Benz,GL-Класс AMG,2012-2016,,SUV,YXXL
Mercedes-Benz GLA,Mercedes-Benz,GLA,2013-2026,,SUV,YM+
Mercedes-Benz GLA AMG,Mercedes-Benz,GLA AMG,2014-2026,,SUV,YM+
Mercedes-Benz GLB,Mercedes-Benz,GLB,2019-2026,,SUV,YL
Mercedes-Benz GLB AMG,Mercedes-Benz,GLB AMG,2019-2026,,SUV,YL
Mercedes-Benz GLC,Mercedes-Benz,GLC,2015-2026,,SUV,YL
Mercedes-Benz GLC,Mercedes-Benz,GLC,2019-2026,L,SUV,YL
Mercedes-Benz GLC,Mercedes-Benz,GLC,2026,,SUV,YXL
Mercedes-Benz GLC,Mercedes-Benz,GLC,2026,L,SUV,YXL
Mercedes-Benz GLC AMG,Mercedes-Benz,GLC AMG,2016-2026,,SUV,YL
Mercedes-Benz GLC Coupe,Mercedes-Benz,GLC Coupe,2016-2026,,SUV,YL
Mercedes-Benz GLC Coupe AMG,Mercedes-Benz,GLC Coupe AMG,2016-2026,,SUV,YL
Mercedes-Benz GLE,Mercedes-Benz,GLE,2015-2018,,SUV,YL
Mercedes-Benz GLE,Mercedes-Benz,GLE,2018-2026,,SUV,YXL
Mercedes-Benz GLE AMG,Mercedes-Benz,GLE AMG,2015-2026,,SUV,YXL
Mercedes-Benz GLE Coupe,Mercedes-Benz,GLE Coupe,2015-2026,,SUV,YXL
Mercedes-Benz GLE Coupe AMG,Mercedes-Benz,GLE Coupe AMG,2015-2026,,SUV,YXL
Mercedes-Benz GLK-Класс,Mercedes-Benz,GLK-Класс,2008-2015,,SUV,YM+
Mercedes-Benz GLS,Mercedes-Benz,GLS,2015-2026,,SUV,YXXL
Mercedes-Benz GLS AMG,Mercedes-Benz,GLS AMG,2015-2026,,SUV,YXXL
Mercedes-Benz M-Класс,Mercedes-Benz,M-Класс,1997-2001,,SUV,YM+
Mercedes-Benz M-Класс,Mercedes-Benz,M-Класс,2001-2015,,SUV,YL
Mercedes-Benz M-Класс AMG,Mercedes-Benz,M-Класс AMG,2000-2015,,SUV,YL
Mercedes-Benz Marco Polo,Mercedes-Benz,Marco Polo,1996-2003,,MPV,2XL-200
Mercedes-Benz Marco Polo,Mercedes-Benz,Marco Polo,2004-2019,,MPV,2XXL-525
Mercedes-Benz Marco Polo,Mercedes-Benz,Marco Polo,2019-2026,,MPV,2XXL-545
Mercedes-Benz Maybach EQS SUV,Mercedes-Benz,Maybach EQS SUV,2023-2026,,SUV,YXXL
Mercedes-Benz Maybach G 650 Landaulet,Mercedes-Benz,Maybach G 650 Landaulet,2017-2023,,SUV,YXXL-545
Mercedes-Benz Maybach GLS,Mercedes-Benz,Maybach GLS,2019-2026,,SUV,YXXL
Mercedes-Benz Maybach S-Класс,Mercedes-Benz,Maybach S-Класс,2014-2026,,Sedan,3XXXL
Mercedes-Benz Maybach S-Класс,Mercedes-Benz,Maybach S-Класс,2014-2021,Pullman,Sedan,无可用尺码
Mercedes-Benz Maybach S-Класс,Mercedes-Benz,Maybach S-Класс,2017-2021,,Convertible,3XL+0
Mercedes-Benz Maybach SL,Mercedes-Benz,Maybach SL,2024-2026,SL 680,Roadster,3XL-0
Mercedes-Benz Metris,Mercedes-Benz,Metris,2015-2023,,MPV,2XXL-525
Mercedes-Benz R-Класс,Mercedes-Benz,R-Класс,2005-2007,,MPV,2XL+
Mercedes-Benz R-Класс,Mercedes-Benz,R-Класс,2005-2010,Long,MPV,2XXL-525
Mercedes-Benz R-Класс,Mercedes-Benz,R-Класс,2007-2010,,MPV,2XXL-525
Mercedes-Benz R-Класс,Mercedes-Benz,R-Класс,2010-2017,,MPV,2XL+
Mercedes-Benz R-Класс,Mercedes-Benz,R-Класс,2010-2017,Long,MPV,2XXL-545
Mercedes-Benz R-Класс AMG,Mercedes-Benz,R-Класс AMG,2006-2007,,MPV,2XL+
Mercedes-Benz R-Класс AMG,Mercedes-Benz,R-Класс AMG,2006-2007,Long,MPV,2XXL-525
Mercedes-Benz S-Класс,Mercedes-Benz,S-Класс,1972-1980,,Sedan,3XXL
Mercedes-Benz S-Класс,Mercedes-Benz,S-Класс,1979-2020,,Convertible/Coupe,3XL+0
Mercedes-Benz S-Класс,Mercedes-Benz,S-Класс,1979-1991,,Sedan,3XXXL
Mercedes-Benz S-Класс,Mercedes-Benz,S-Класс,1991-2026,,Sedan,3XXL
Mercedes-Benz S-Класс,Mercedes-Benz,S-Класс,1991-2020,Long,Sedan,3XXL
Mercedes-Benz S-Класс,Mercedes-Benz,S-Класс,1994-2013,Pullman,Sedan,无可用尺码
Mercedes-Benz S-Класс,Mercedes-Benz,S-Класс,2020-2026,Long,Sedan,3XXXL
Mercedes-Benz S-Класс AMG,Mercedes-Benz,S-Класс AMG,1999-2017,,Sedan,3XXL
Mercedes-Benz S-Класс AMG,Mercedes-Benz,S-Класс AMG,1999-2013,Long,Sedan,3XXL
Mercedes-Benz S-Класс AMG,Mercedes-Benz,S-Класс AMG,2013-2021,,Convertible/Coupe,3XL+0
Mercedes-Benz S-Класс AMG,Mercedes-Benz,S-Класс AMG,2013-2017,Long,Sedan,3XXXL
Mercedes-Benz S-Класс AMG,Mercedes-Benz,S-Класс AMG,2017-2026,,Sedan,3XXXL
Mercedes-Benz SL-Класс,Mercedes-Benz,SL-Класс,1954-1963,,Coupe,3L-0
Mercedes-Benz SL-Класс,Mercedes-Benz,SL-Класс,1954-1963,,Roadster,3L-0
Mercedes-Benz SL-Класс,Mercedes-Benz,SL-Класс,1955-2001,,Roadster,3M-0
Mercedes-Benz SL-Класс,Mercedes-Benz,SL-Класс,2001-2011,,Roadster,3L-0
Mercedes-Benz SL-Класс,Mercedes-Benz,SL-Класс,2012-2016,,Roadster,3XL-0
Mercedes-Benz SL-Класс,Mercedes-Benz,SL-Класс,2016-2020,,Roadster,3L-0
Mercedes-Benz SL-Класс AMG,Mercedes-Benz,SL-Класс AMG,1993-2000,,Roadster,3M-0
Mercedes-Benz SL-Класс AMG,Mercedes-Benz,SL-Класс AMG,2002-2011,,Roadster,3L-0
Mercedes-Benz SL-Класс AMG,Mercedes-Benz,SL-Класс AMG,2012-2016,,Roadster,3XL-0
Mercedes-Benz SL-Класс AMG,Mercedes-Benz,SL-Класс AMG,2016-2019,,Roadster,3L-0
Mercedes-Benz SL-Класс AMG,Mercedes-Benz,SL-Класс AMG,2021-2026,SL 43/SL 55/SL 63,Roadster,3XL-0
Mercedes-Benz SLC,Mercedes-Benz,SLC,1971-1981,,Coupe,3XL-0
Mercedes-Benz SLC,Mercedes-Benz,SLC,2016-2020,,Roadster,3S-0
Mercedes-Benz SLC AMG,Mercedes-Benz,SLC AMG,2016-2020,,Roadster,3S-0
Mercedes-Benz SLK-Класс,Mercedes-Benz,SLK-Класс,1996-2016,,Roadster,3S-0
Mercedes-Benz SLK-Класс AMG,Mercedes-Benz,SLK-Класс AMG,2001-2016,,Roadster,3S-0
Mercedes-Benz SLR McLaren,Mercedes-Benz,SLR McLaren,2003-2009,,Coupe/Roadster,3L-0
Mercedes-Benz SLR McLaren,Mercedes-Benz,SLR McLaren,2003-2009,Stirling Moss,Speedster,3XL+0
Mercedes-Benz SLS AMG,Mercedes-Benz,SLS AMG,2010-2014,,Roadster,3L-0
Mercedes-Benz SLS AMG,Mercedes-Benz,SLS AMG,2010-2014,,Coupe,3XL-0
Mercedes-Benz Simplex,Mercedes-Benz,Simplex,1904-1909,,Convertible,无可用尺码
Mercedes-Benz T-Класс,Mercedes-Benz,T-Класс,2022-2026,,MPV,2XL
Mercedes-Benz Typ 630,Mercedes-Benz,Typ 630,1926-1929,,Coupe,无可用尺码
Mercedes-Benz V-Класс,Mercedes-Benz,V-Класс,1996-2003,,MPV,2XL
Mercedes-Benz V-Класс,Mercedes-Benz,V-Класс,2006-2015,Compact,MPV,2XL
Mercedes-Benz V-Класс,Mercedes-Benz,V-Класс,2006-2015,Long,MPV,2XL+
Mercedes-Benz V-Класс,Mercedes-Benz,V-Класс,2014-2026,Compact,MPV,2XL+
Mercedes-Benz V-Класс,Mercedes-Benz,V-Класс,2014-2026,Long,MPV,2XXL-525
Mercedes-Benz V-Класс,Mercedes-Benz,V-Класс,2014-2026,EXOBILITE/Extra Long,MPV,2XXL-545
Mercedes-Benz V-Класс,Mercedes-Benz,V-Класс,2023-2026,Compact,MPV,2XXL-525
Mercedes-Benz VLE,Mercedes-Benz,VLE,2026,,MPV,2XXL-545
Mercedes-Benz VLE,Mercedes-Benz,VLE,2026,Long,MPV,无可用尺码
Mercedes-Benz Vaneo,Mercedes-Benz,Vaneo,2001-2005,,MPV,2L-200
Mercedes-Benz Viano,Mercedes-Benz,Viano,2003-2014,,MPV,2XL
Mercedes-Benz Viano,Mercedes-Benz,Viano,2003-2014,Long,MPV,2XL+
Mercedes-Benz Viano,Mercedes-Benz,Viano,2003-2014,Extra Long/Extralong,MPV,2XXL-525
Mercedes-Benz Vito,Mercedes-Benz,Vito,1996-2003,,MPV,2XL
Mercedes-Benz Vito,Mercedes-Benz,Vito,1996-2003,,Van,2XL-200
Mercedes-Benz Vito,Mercedes-Benz,Vito,2003-2014,L1,MPV,2XL
Mercedes-Benz Vito,Mercedes-Benz,Vito,2003-2014,L2,MPV,2XL+
Mercedes-Benz Vito,Mercedes-Benz,Vito,2003-2014,L3,MPV,2XXL-525
Mercedes-Benz Vito,Mercedes-Benz,Vito,2003-2026,,Van,2XXL-525
Mercedes-Benz Vito,Mercedes-Benz,Vito,2014-2026,L1,MPV,2XXL-525
Mercedes-Benz Vito,Mercedes-Benz,Vito,2014-2026,L2,MPV,2XXL-525
Mercedes-Benz Vito,Mercedes-Benz,Vito,2014-2026,L3,MPV,2XXL-545
Mercedes-Benz W100,Mercedes-Benz,W100,1964-1981,,Sedan,3XXXL
Mercedes-Benz W100,Mercedes-Benz,W100,1964-1981,Pullman,Sedan,无可用尺码
Mercedes-Benz W105,Mercedes-Benz,W105,1956-1959,,Sedan,3L
Mercedes-Benz W108,Mercedes-Benz,W108,1965-1972,,Sedan,3XXL
Mercedes-Benz W110,Mercedes-Benz,W110,1961-1968,,Sedan,3L
Mercedes-Benz W111,Mercedes-Benz,W111,1959-1971,,Sedan,3XL
Mercedes-Benz W111,Mercedes-Benz,W111,1959-1971,,Convertible/Coupe,3XL-0
Mercedes-Benz W114,Mercedes-Benz,W114,1968-1977,,Sedan,3L
Mercedes-Benz W114,Mercedes-Benz,W114,1968-1977,,Coupe,3L-0
Mercedes-Benz W115,Mercedes-Benz,W115,1968-1977,,Sedan,3L
Mercedes-Benz W120,Mercedes-Benz,W120,1953-1962,,Sedan,3M
Mercedes-Benz W121,Mercedes-Benz,W121,1959-1961,,Sedan,3M
Mercedes-Benz W123,Mercedes-Benz,W123,1975-1986,,Wagon,2XL
Mercedes-Benz W123,Mercedes-Benz,W123,1975-1986,,Coupe,3L-0
Mercedes-Benz W123,Mercedes-Benz,W123,1975-1986,,Sedan,3XL
Mercedes-Benz W123,Mercedes-Benz,W123,1975-1986,Limousine,Sedan,3XXXL
Mercedes-Benz W124,Mercedes-Benz,W124,1984-1993,,Wagon,2XL
Mercedes-Benz W124,Mercedes-Benz,W124,1984-1993,,Convertible/Coupe,3L-0
Mercedes-Benz W124,Mercedes-Benz,W124,1984-1993,L4740 W1740 H1445,Sedan,3XL
Mercedes-Benz W124,Mercedes-Benz,W124,1984-1993,L5540 W1740 H1482,Sedan,3XXXL
Mercedes-Benz W128,Mercedes-Benz,W128,1958-1960,,Convertible/Coupe,3L-0
Mercedes-Benz W128,Mercedes-Benz,W128,1958-1960,,Sedan,3XL
Mercedes-Benz W136,Mercedes-Benz,W136,1936-1955,,Sedan,3M
Mercedes-Benz W138,Mercedes-Benz,W138,1935-1940,,Sedan,3L
Mercedes-Benz W142,Mercedes-Benz,W142,1937-1942,,Convertible,3XL+0
Mercedes-Benz W142,Mercedes-Benz,W142,1937-1942,L5140 W1770 H1580/L5250 W1770 H1580,Sedan,3XXL
Mercedes-Benz W180,Mercedes-Benz,W180,1954-1959,,Sedan,3XL
Mercedes-Benz W180,Mercedes-Benz,W180,1956-1959,,Convertible/Coupe,3L-0
Mercedes-Benz W186,Mercedes-Benz,W186,1951-1957,,Sedan,3XXL
Mercedes-Benz W188,Mercedes-Benz,W188,1951-1958,,Convertible/Coupe/Roadster,3XL-0
Mercedes-Benz W189,Mercedes-Benz,W189,1957-1962,,Sedan,3XXL
Mercedes-Benz W191,Mercedes-Benz,W191,1949-1952,,Convertible,3M-0
Mercedes-Benz W21,Mercedes-Benz,W21,1933-1936,Limousine,Sedan,3L
Mercedes-Benz W29,Mercedes-Benz,W29,1934-1936,,Convertible,3XL-0
Mercury Capri,Mercury,Capri,1990-1995,,Roadster,3M-0
Mercury Colony Park,Mercury,Colony Park,1969-1978,,Wagon,无可用尺码
Mercury Cougar,Mercury,Cougar,1977-1979,,Sedan,3XXXL
Mercury Cougar,Mercury,Cougar,1977-1979,,Coupe,3XXXL-0
Mercury Cougar,Mercury,Cougar,1977-1979,,Wagon,无可用尺码
Mercury Cougar,Mercury,Cougar,1980-1982,,Wagon,2XXL-525
Mercury Cougar,Mercury,Cougar,1980-1997,,Coupe,3XL+0
Mercury Cougar,Mercury,Cougar,1980-1982,,Sedan,3XXL
Mercury Cougar,Mercury,Cougar,1998-2002,,Hatchback,2XL
Mercury Eight,Mercury,Eight,1949-1951,,Wagon,2XXL-545
Mercury Eight,Mercury,Eight,1949-1951,,Sedan,3XXL
Mercury Eight,Mercury,Eight,1949-1951,,Coupe,3XXL-0
Mercury Grand Marquis,Mercury,Grand Marquis,1983-1991,,Sedan,3XXL
Mercury Grand Marquis,Mercury,Grand Marquis,1983-1991,,Wagon,无可用尺码
Mercury Grand Marquis,Mercury,Grand Marquis,1991-2011,,Sedan,3XXXL
Mercury Marauder,Mercury,Marauder,2002-2004,,Sedan,3XXXL
Mercury Marauder,Mercury,Marauder,2002-2004,,Convertible,3XXXL-0
Mercury Mariner,Mercury,Mariner,2004-2010,,SUV,YM+
Mercury Marquis,Mercury,Marquis,1979-1982,,Sedan,3XXXL
Mercury Marquis,Mercury,Marquis,1983-1986,,Wagon,2XL+
Mercury Marquis,Mercury,Marquis,1983-1986,,Sedan,3XXL
Mercury Milan,Mercury,Milan,2005-2010,,Sedan,3XL
Mercury Montego,Mercury,Montego,1967-1969,,Wagon,2XXL-525
Mercury Montego,Mercury,Montego,1967-1969,,Sedan,3XXL
Mercury Montego,Mercury,Montego,1967-1969,,Convertible,3XXL-0
Mercury Montego,Mercury,Montego,1967-1969,,Coupe,3XXL-0
Mercury Montego,Mercury,Montego,1969-1971,,Wagon,2XXL-545
Mercury Montego,Mercury,Montego,1969-1976,,Sedan,3XXXL
Mercury Montego,Mercury,Montego,1969-1976,,Coupe,3XXXL-0
Mercury Montego,Mercury,Montego,1971-1976,,Wagon,无可用尺码
Mercury Montego,Mercury,Montego,2004-2007,,Sedan,3XXL
Mercury Monterey,Mercury,Monterey,1952-1954,,Sedan,3XXL
Mercury Monterey,Mercury,Monterey,1960-1964,,Sedan,3XXXL
Mercury Monterey,Mercury,Monterey,2003-2007,,MPV,2XXL-525
Mercury Mountaineer,Mercury,Mountaineer,1996-1997,,SUV,YXL
Mercury Mountaineer,Mercury,Mountaineer,1997-2001,,SUV,YL
Mercury Mountaineer,Mercury,Mountaineer,2001-2010,,SUV,YXL
Mercury Mystique,Mercury,Mystique,1994-2000,,Sedan,3L
Mercury Sable,Mercury,Sable,1986-2005,,Wagon,2XL+
Mercury Sable,Mercury,Sable,1986-2009,,Sedan,3XXL
Mercury Topaz,Mercury,Topaz,1983-1994,,Sedan,3M
Mercury Topaz,Mercury,Topaz,1983-1994,,Coupe,3M-0
Mercury Tracer,Mercury,Tracer,1991-1999,,Wagon,2L+
Mercury Tracer,Mercury,Tracer,1991-1999,,Sedan,3M
Mercury Villager,Mercury,Villager,1992-2002,,MPV,2XL+
Merkur XR4Ti,Merkur,XR4Ti,1985-1989,,Hatchback,2XL
Messerschmitt KR200,Messerschmitt,KR200,1952-1964,,Coupe,无可用尺码
Metrocab Metrocab I,Metrocab,Metrocab I,1987-2000,,Hatchback,2L+
Metrocab Metrocab II (TTT),Metrocab,Metrocab II (TTT),2001-2006,,Hatchback,2L+
Mia Electric,Mia,Electric,2011-2013,L,MPV,2S
Mia Electric,Mia,Electric,2011-2013,U,Van,2S
Mia Electric,Mia,Electric,2011-2013,Mia,Hatchback,无可用尺码
Micro Microlino,Micro,Microlino,2022-2026,,Coupe,无可用尺码
Microcar F8C,Microcar,F8C,2009-2015,,Coupe,无可用尺码
Microcar M.Go,Microcar,M.Go,2009-2014,Incl: Evasion,Hatchback,2S
Microcar M8,Microcar,M8,2009-2015,,Hatchback,无可用尺码
Microcar MC,Microcar,MC,2000-2008,,Hatchback,无可用尺码
Microcar Virgo,Microcar,Virgo,1999-2003,,Hatchback,无可用尺码
Minelli TF 1800,Minelli,TF 1800,1998-2001,,Speedster,3S-0
Mini Aceman,Mini,Aceman,2024-2026,Incl: JCW,SUV,YM+
Mini Cabrio,Mini,Cabrio,2004-2026,Incl: Cooper S/JCW,Convertible,3S-0
Mini Clubman,Mini,Clubman,2007-2014,Incl: Cooper S/JCW,Hatchback,2M
Mini Clubman,Mini,Clubman,2015-2026,Incl: Cooper S/JCW,Wagon,2L+
Mini Countryman,Mini,Countryman,2010-2026,Incl: Cooper S/JCW/S,SUV,YM+
Mini Coupe,Mini,Coupe,2011-2015,Incl: Cooper S/JCW,Coupe,3S-0
Mini Hatch,Mini,Hatch,2000-2026,Incl: Cooper Electric/Cooper S/Cooper S L151.6 W68.0 H55.7/Cooper S L157.7 W68.0 H56.1/JCW/JCW Electric/L150.4 W68.0 H55.7/L151.6 W68.0 H55.7/L152.6 W68.0 H55.7/L152.6 W68.7 H56.4/L156.8 W68.0 H56.1/L157.7 W68.0 H56.1/L158.9 W68.0 H56.1/L158.9 W68.7 H57.6,Hatchback,2M
Mini Paceman,Mini,Paceman,2012-2016,Incl: Cooper S/JCW,Hatchback,2M
Mini Roadster,Mini,Roadster,2012-2015,Cooper/Cooper S/JCW,Roadster,3S-0
Mitsubishi 3000 GT,Mitsubishi,3000 GT,1990-2001,,Convertible/Coupe,3L-0
Mitsubishi 500,Mitsubishi,500,1960-1962,,Sedan,无可用尺码
Mitsubishi ASX,Mitsubishi,ASX,2010-2026,,SUV,YM+
Mitsubishi Airtrek,Mitsubishi,Airtrek,2001-2008,Incl: Sport Gear,SUV,YM+
Mitsubishi Airtrek,Mitsubishi,Airtrek,2021-2023,,SUV,YL
Mitsubishi Aspire,Mitsubishi,Aspire,1998-2003,,Sedan,3L
Mitsubishi Attrage,Mitsubishi,Attrage,2014-2026,,Sedan,3M
Mitsubishi Bravo,Mitsubishi,Bravo,1991-1999,,MPV,无可用尺码
Mitsubishi Carisma,Mitsubishi,Carisma,1995-2004,,Liftback,2L+
Mitsubishi Carisma,Mitsubishi,Carisma,1995-2004,,Sedan,3M
Mitsubishi Celeste,Mitsubishi,Celeste,1975-1981,,Hatchback,2M
Mitsubishi Challenger,Mitsubishi,Challenger,1996-2000,,SUV,YM+
Mitsubishi Challenger,Mitsubishi,Challenger,1999-2015,,SUV,YL
Mitsubishi Chariot,Mitsubishi,Chariot,1983-1997,,MPV,2L+
Mitsubishi Chariot,Mitsubishi,Chariot,1997-2003,,MPV,2XL
Mitsubishi Colt,Mitsubishi,Colt,1978-2026,Incl: L152.8 W66.7 H59.8/L155.1 W66.7 H61.0,Hatchback,2M
Mitsubishi Colt,Mitsubishi,Colt,2002-2012,Plus,Wagon,2L+
Mitsubishi Colt,Mitsubishi,Colt,2002-2012,CZC,Convertible,3S-0
Mitsubishi Cordia,Mitsubishi,Cordia,1982-1990,,Hatchback,2L+
Mitsubishi Debonair,Mitsubishi,Debonair,1986-1992,,Sedan,3L
Mitsubishi Debonair,Mitsubishi,Debonair,1992-1999,,Sedan,3XXL
Mitsubishi Delica,Mitsubishi,Delica,1979-1986,,MPV,2XL-200
Mitsubishi Delica,Mitsubishi,Delica,1979-1986,,Van,2XL-200
Mitsubishi Delica,Mitsubishi,Delica,1986-1999,,MPV,2L-200
Mitsubishi Delica,Mitsubishi,Delica,1986-1999,,Van,2XL
Mitsubishi Delica,Mitsubishi,Delica,1994-2007,Van,MPV,2XL
Mitsubishi Delica,Mitsubishi,Delica,1994-2007,,MPV,2XL-200
Mitsubishi Delica,Mitsubishi,Delica,1994-2007,Cargo,MPV,2XL-200
Mitsubishi Delica,Mitsubishi,Delica,1994-2007,,Van,2XL-200
Mitsubishi Delica,Mitsubishi,Delica,2011-2019,,MPV,2XL
Mitsubishi Delica D:2,Mitsubishi,Delica D:2,2011-2026,Incl: Custom,MPV,2M
Mitsubishi Delica D:3,Mitsubishi,Delica D:3,2011-2019,,MPV,2XL
Mitsubishi Delica D:5,Mitsubishi,Delica D:5,2007-2026,,MPV,2XL
Mitsubishi Delica Mini,Mitsubishi,Delica Mini,2023-2026,,MPV,无可用尺码
Mitsubishi Destinator,Mitsubishi,Destinator,2025-2026,,SUV,YL
Mitsubishi Diamante,Mitsubishi,Diamante,1990-2005,,Wagon,2XL
Mitsubishi Diamante,Mitsubishi,Diamante,1990-2005,,Sedan,3XL
Mitsubishi Dignity,Mitsubishi,Dignity,1999-2001,,Sedan,3XXXL
Mitsubishi Dignity,Mitsubishi,Dignity,2012-2016,,Sedan,3XXL
Mitsubishi Dingo,Mitsubishi,Dingo,1998-2003,,Hatchback,2M
Mitsubishi Dion,Mitsubishi,Dion,2000-2005,,MPV,2L+
Mitsubishi Eclipse,Mitsubishi,Eclipse,1989-2005,,Coupe,3M-0
Mitsubishi Eclipse,Mitsubishi,Eclipse,1994-2005,,Convertible,3M-0
Mitsubishi Eclipse,Mitsubishi,Eclipse,2005-2011,,Convertible,3L-0
Mitsubishi Eclipse,Mitsubishi,Eclipse,2005-2011,,Coupe,3L-0
Mitsubishi Eclipse Cross,Mitsubishi,Eclipse Cross,2017-2026,,SUV,YM+
Mitsubishi Emeraude,Mitsubishi,Emeraude,1992-1996,,Sedan,3L
Mitsubishi Endeavor,Mitsubishi,Endeavor,2003-2011,,SUV,YXL
Mitsubishi Eterna,Mitsubishi,Eterna,1983-1996,Incl: Sava,Sedan,3L
Mitsubishi Eterna,Mitsubishi,Eterna,1988-1992,,Hatchback,2XL
Mitsubishi FTO,Mitsubishi,FTO,1994-2001,,Coupe,3M-0
Mitsubishi Freeca,Mitsubishi,Freeca,1997-2017,,MPV,2XL
Mitsubishi GTO,Mitsubishi,GTO,1990-2005,,Coupe,3L-0
Mitsubishi Galant,Mitsubishi,Galant,1976-1980,,Wagon,2L+
Mitsubishi Galant,Mitsubishi,Galant,1976-1980,,Sedan,3M
Mitsubishi Galant,Mitsubishi,Galant,1980-1987,,Wagon,2XL
Mitsubishi Galant,Mitsubishi,Galant,1980-2006,,Sedan,3L
Mitsubishi Galant,Mitsubishi,Galant,1980-1987,,Coupe,3M-0
Mitsubishi Galant,Mitsubishi,Galant,1987-1997,,Hatchback,2XL
Mitsubishi Galant,Mitsubishi,Galant,1996-2006,,Wagon,2XL
Mitsubishi Galant,Mitsubishi,Galant,2003-2012,,Sedan,3XL
Mitsubishi Galant Fortis,Mitsubishi,Galant Fortis,2007-2015,,Hatchback,2XL
Mitsubishi Galant Fortis,Mitsubishi,Galant Fortis,2007-2015,,Sedan,3L
Mitsubishi Grandis,Mitsubishi,Grandis,2003-2011,,MPV,2XL
Mitsubishi Grandis,Mitsubishi,Grandis,2025-2026,,SUV,YM+
Mitsubishi Jeep J,Mitsubishi,Jeep J,1953-1998,,SUV,无可用尺码
Mitsubishi L300,Mitsubishi,L300,1979-1986,,MPV,2L-200
Mitsubishi L300,Mitsubishi,L300,1979-1986,,Van,2L-200
Mitsubishi L300,Mitsubishi,L300,1986-1999,,MPV,2XL
Mitsubishi L300,Mitsubishi,L300,1986-1999,,Van,2XL
Mitsubishi L400,Mitsubishi,L400,1995-2006,,MPV/Van,2XXL-525
Mitsubishi Lancer,Mitsubishi,Lancer,1973-1994,Incl: Celeste,Hatchback,2L+
Mitsubishi Lancer,Mitsubishi,Lancer,1973-1985,Wagon,Wagon,2M
Mitsubishi Lancer,Mitsubishi,Lancer,1973-1985,,Sedan,3S
Mitsubishi Lancer,Mitsubishi,Lancer,1973-1985,,Coupe,3S-0
Mitsubishi Lancer,Mitsubishi,Lancer,1979-2007,,Sedan,3M
Mitsubishi Lancer,Mitsubishi,Lancer,1983-1992,,Wagon,2M
Mitsubishi Lancer,Mitsubishi,Lancer,1991-2010,,Wagon,2L+
Mitsubishi Lancer,Mitsubishi,Lancer,2000-2007,Cedia,Wagon,2L+
Mitsubishi Lancer,Mitsubishi,Lancer,2000-2007,Cedia,Sedan,3M
Mitsubishi Lancer,Mitsubishi,Lancer,2005-2017,,Sedan,3L
Mitsubishi Lancer,Mitsubishi,Lancer,2007-2017,,Hatchback,2XL
Mitsubishi Lancer Cargo,Mitsubishi,Lancer Cargo,2002-2019,,Wagon,2L+
Mitsubishi Lancer Evolution,Mitsubishi,Lancer Evolution,1992-2016,,Sedan,3M
Mitsubishi Lancer Evolution,Mitsubishi,Lancer Evolution,2005-2007,,Wagon,2XL
Mitsubishi Lancer Ralliart,Mitsubishi,Lancer Ralliart,2003-2012,,Hatchback/Wagon,2XL
Mitsubishi Lancer Ralliart,Mitsubishi,Lancer Ralliart,2003-2012,,Sedan,3L
Mitsubishi Legnum,Mitsubishi,Legnum,1996-2002,,Wagon,2XL
Mitsubishi Libero,Mitsubishi,Libero,1992-2003,,Wagon,2L+
Mitsubishi Minica,Mitsubishi,Minica,1984-2011,Incl: L125.8 W54.9 H53.3/L125.8 W54.9 H56.3/TOPPO,Hatchback,2S
Mitsubishi Minicab,Mitsubishi,Minicab,1984-2026,,MPV/Van,无可用尺码
Mitsubishi Mirage,Mitsubishi,Mirage,1978-2026,Incl: L149.2 W62.4 H53.1/L152.4 W63.8 H53.5/L152.4 W64.4 H53.5/L153.3 W62.4 H53.1,Hatchback/Liftback,2M
Mitsubishi Mirage,Mitsubishi,Mirage,1978-1988,,Sedan,3S
Mitsubishi Mirage,Mitsubishi,Mirage,1987-2003,,Sedan,3M
Mitsubishi Mirage,Mitsubishi,Mirage,1991-2003,Asti,Coupe,3M-0
Mitsubishi Mirage,Mitsubishi,Mirage,2015-2026,,Sedan,3M
Mitsubishi Montero,Mitsubishi,Montero,1982-2006,L183.1 W66.1 H74.4/L186.0 W70.3 H74.6/L188.8 W73.8 H73.0,SUV,YL
Mitsubishi Montero,Mitsubishi,Montero,1982-2021,L157.3 W66.1 H72.8/L162.2 W66.7 H72.8/L166.1 W73.8 H72.6/L172.6 W73.8 H74.0,SUV,YM+
Mitsubishi Montero,Mitsubishi,Montero,2006-2021,L192.9 W73.8 H74.4,SUV,YXL
Mitsubishi Montero Sport,Mitsubishi,Montero Sport,1996-2026,,SUV,YL
Mitsubishi Outlander,Mitsubishi,Outlander,2002-2009,,SUV,YM+
Mitsubishi Outlander,Mitsubishi,Outlander,2005-2026,,SUV,YL
Mitsubishi Outlander Sport,Mitsubishi,Outlander Sport,2010-2026,,SUV,YM+
Mitsubishi Pajero,Mitsubishi,Pajero,1982-2004,L183.1 W66.1 H74.4/L183.3 W66.7 H74.4/L186.0 W69.9 H74.8/L189.4 W74.2 H73.0,SUV,YL
Mitsubishi Pajero,Mitsubishi,Pajero,1982-2022,Canvas Top/L157.3 W66.1 H72.8/L160.4 W66.7 H72.2/L163.2 W69.9 H72.6/L169.1 W74.2 H72.6/L169.9 W74.6 H72.6/L172.6 W73.8 H73.6/L172.6 W73.8 H74.0,SUV,YM+
Mitsubishi Pajero,Mitsubishi,Pajero,2002-2022,L190.2 W74.6 H73.0/L192.9 W73.8 H73.6/L192.9 W73.8 H74.8,SUV,YXL
Mitsubishi Pajero Junior,Mitsubishi,Pajero Junior,1995-1998,,SUV,YS-380
Mitsubishi Pajero Mini,Mitsubishi,Pajero Mini,1994-2012,,SUV,YS-380
Mitsubishi Pajero Pinin,Mitsubishi,Pajero Pinin,1998-2006,L158.9 W66.1 H66.9,SUV,YM+
Mitsubishi Pajero Pinin,Mitsubishi,Pajero Pinin,1998-2006,L147.0 W66.1 H66.7,SUV,YS-380
Mitsubishi Pajero Sport,Mitsubishi,Pajero Sport,1998-2026,,SUV,YL
Mitsubishi Pajero Sport,Mitsubishi,Pajero Sport,2019-2026,Arctic Trucks,SUV,YL
Mitsubishi Pajero Sport,Mitsubishi,Pajero Sport,2024-2026,,SUV,YXL
Mitsubishi Pajero iO,Mitsubishi,Pajero iO,1998-2007,L156.5 W66.1 H67.3,SUV,YM+
Mitsubishi Pajero iO,Mitsubishi,Pajero iO,1998-2007,L144.7 W66.1 H67.3,SUV,YS-380
Mitsubishi Pistachio,Mitsubishi,Pistachio,1999-2000,,Hatchback,2S
Mitsubishi Proudia,Mitsubishi,Proudia,1999-2016,,Sedan,3XXL
Mitsubishi RVR,Mitsubishi,RVR,1991-2002,,MPV/Wagon,2L+
Mitsubishi RVR,Mitsubishi,RVR,2010-2024,,SUV,YM+
Mitsubishi Sapporo,Mitsubishi,Sapporo,1978-1984,,Coupe,3L-0
Mitsubishi Sapporo,Mitsubishi,Sapporo,1987-1990,,Sedan,3L
Mitsubishi Savrin,Mitsubishi,Savrin,2001-2014,,MPV,2XL
Mitsubishi Sigma,Mitsubishi,Sigma,1990-1996,,Wagon,2XL
Mitsubishi Sigma,Mitsubishi,Sigma,1990-1996,,Sedan,3XL
Mitsubishi Space Gear,Mitsubishi,Space Gear,1994-2007,,MPV,2XL
Mitsubishi Space Runner,Mitsubishi,Space Runner,1991-2002,,MPV,2L+
Mitsubishi Space Star,Mitsubishi,Space Star,1998-2026,,Hatchback/MPV,2M
Mitsubishi Space Wagon,Mitsubishi,Space Wagon,1984-1998,,MPV,2L+
Mitsubishi Space Wagon,Mitsubishi,Space Wagon,1998-2004,,MPV,2XL
Mitsubishi Starion,Mitsubishi,Starion,1982-1990,,Hatchback,2L+
Mitsubishi Toppo,Mitsubishi,Toppo,1990-2013,Incl: Wide,Hatchback/MPV,2S
Mitsubishi Town Box,Mitsubishi,Town Box,1999-2026,Incl: WIDE,MPV,无可用尺码
Mitsubishi Tredia,Mitsubishi,Tredia,1982-1987,,Sedan,3M
Mitsubishi Xforce,Mitsubishi,Xforce,2023-2026,,SUV,YM+
Mitsubishi Xpander,Mitsubishi,Xpander,2017-2026,Incl: Cross,SUV,YM+
Mitsubishi eK Active,Mitsubishi,eK Active,2004-2006,,MPV,2S
Mitsubishi eK Classic,Mitsubishi,eK Classic,2003-2005,,Hatchback,2S
Mitsubishi eK Custom,Mitsubishi,eK Custom,2013-2019,,Hatchback,2S
Mitsubishi eK Space,Mitsubishi,eK Space,2014-2020,,Hatchback,2S
Mitsubishi eK Space,Mitsubishi,eK Space,2020-2024,,Hatchback,无可用尺码
Mitsubishi eK Space,Mitsubishi,eK Space,2020-2024,X,Hatchback,无可用尺码
Mitsubishi eK Space,Mitsubishi,eK Space,2024-2025,,MPV,无可用尺码
Mitsubishi eK Sport,Mitsubishi,eK Sport,2002-2013,,Hatchback,2S
Mitsubishi eK Wagon,Mitsubishi,eK Wagon,2001-2026,,Hatchback,2S
Mitsubishi eK X,Mitsubishi,eK X,2019-2026,,Hatchback,2S
Mitsubishi i,Mitsubishi,i,2006-2013,,Hatchback,2S
Mitsubishi i-MiEV,Mitsubishi,i-MiEV,2009-2015,,Hatchback,2S
Mitsuoka Bubu Classic SSK,Mitsuoka,Bubu Classic SSK,1987-1989,,Convertible,3S-0
Mitsuoka Buddy,Mitsuoka,Buddy,2020-2026,,SUV,YL
Mitsuoka Galue,Mitsuoka,Galue,1998-2002,,Sedan,3XL
Mitsuoka Galue,Mitsuoka,Galue,1999-2020,,Sedan,3XXL
Mitsuoka Galue,Mitsuoka,Galue,2005-2020,,Convertible,3XL-0
Mitsuoka Galue 204,Mitsuoka,Galue 204,2008-2014,,Sedan,3L
Mitsuoka Himiko,Mitsuoka,Himiko,2008-2026,,Roadster,3L-0
Mitsuoka Le-Seyde,Mitsuoka,Le-Seyde,1990-2001,,Convertible,3XXXL-0
Mitsuoka Le-Seyde,Mitsuoka,Le-Seyde,2000-2004,,Coupe,3XXL-0
Mitsuoka Like,Mitsuoka,Like,2010-2012,,Hatchback,2S
Mitsuoka M55,Mitsuoka,M55,2024-2026,,Hatchback,2XL
Mitsuoka MC-1,Mitsuoka,MC-1,1998-2007,,Coupe,无可用尺码
Mitsuoka Nouera,Mitsuoka,Nouera,2003-2008,,Sedan,3XL
Mitsuoka Nouera,Mitsuoka,Nouera,2008-2012,,Wagon,2XL
Mitsuoka Nouera,Mitsuoka,Nouera,2008-2012,,Sedan,3L
Mitsuoka Orochi,Mitsuoka,Orochi,2006-2014,,Roadster,3L-0
Mitsuoka Ray,Mitsuoka,Ray,1996-2004,,Hatchback,2S
Mitsuoka Rock Star,Mitsuoka,Rock Star,2018-2022,,Roadster,3M-0
Mitsuoka Ryoga,Mitsuoka,Ryoga,1998-2001,,Wagon,2XL
Mitsuoka Ryoga,Mitsuoka,Ryoga,1998-2004,,Sedan,3L
Mitsuoka Ryugi,Mitsuoka,Ryugi,2015-2026,,Wagon,2L+
Mitsuoka Ryugi,Mitsuoka,Ryugi,2015-2026,,Sedan,3M
Mitsuoka Viewt,Mitsuoka,Viewt,1993-2023,,Sedan,3M
Mitsuoka Viewt,Mitsuoka,Viewt,2012-2026,,Hatchback,2M
Mitsuoka Yuga,Mitsuoka,Yuga,2000-2002,,MPV,2M
Mobilize Limo,Mobilize,Limo,2022-2023,,Sedan,3L
Morgan 3 Wheeler,Morgan,3 Wheeler,2011-2021,,Roadster,无可用尺码
Morgan 4 Seater,Morgan,4 Seater,2004-2016,,Convertible,3S-0
Morgan 4-4,Morgan,4-4,1962-2019,,Roadster,3S-0
Morgan Aero 8,Morgan,Aero 8,2001-2010,,Roadster,3S-0
Morgan Aero Coupe,Morgan,Aero Coupe,2011-2016,,Coupe,3S-0
Morgan Aero SuperSports,Morgan,Aero SuperSports,2009-2016,,Targa,3S-0
Morgan AeroMax,Morgan,AeroMax,2008-2010,,Coupe,3S-0
Morgan Plus 4,Morgan,Plus 4,1950-2020,,Speedster,3S-0
Morgan Plus 8,Morgan,Plus 8,1968-2018,,Speedster,3S-0
Morgan Plus Six,Morgan,Plus Six,2019-2025,,Roadster,3S-0
Morgan Roadster,Morgan,Roadster,2004-2016,,Roadster,3S-0
Morgan Supersport,Morgan,Supersport,2025-2026,,Roadster,3S-0
Morris Eight,Morris,Eight,1935-1937,,Sedan,3S
Morris Marina,Morris,Marina,1971-1980,,Wagon,2L+
Morris Marina,Morris,Marina,1971-1980,,Sedan,3M
Morris Marina,Morris,Marina,1971-1980,,Coupe,3S-0
Nash Ambassador,Nash,Ambassador,1932-1942,,Coupe,3XXXL-0
Nio EC6,Nio,EC6,2020-2026,,SUV,YXL
Nio EC7,Nio,EC7,2023-2026,,SUV,YXL
Nio EL6,Nio,EL6,2023-2026,,SUV,YXL
Nio ES6,Nio,ES6,2019-2026,,SUV,YXL
Nio ES7,Nio,ES7,2022-2026,,SUV,YXL
Nio ES8,Nio,ES8,2018-2024,,SUV,YXL
Nio ES8,Nio,ES8,2025-2026,,SUV,YXXL-545
Nio ES9,Nio,ES9,2026,,SUV,YXXL-545
Nio ET5,Nio,ET5,2022-2026,Touring,Wagon,2XL
Nio ET5,Nio,ET5,2022-2026,,Sedan,3XL
Nio ET7,Nio,ET7,2021-2026,,Sedan,3XXL
Nio ET9,Nio,ET9,2024-2026,,Sedan,3XXXL
Nio Firefly,Nio,Firefly,2025-2026,,Hatchback,2M
Nio Onvo L60,Nio,Onvo L60,2024-2026,,SUV,YL
Nio Onvo L80,Nio,Onvo L80,2026,,SUV,YXXL
Nio Onvo L90,Nio,Onvo L90,2025-2026,,SUV,YXXL
Nissan 100NX,Nissan,100NX,1990-1996,,Coupe/Targa,3S-0
Nissan 180SX,Nissan,180SX,1988-1998,,Coupe,3L-0
Nissan 200SX,Nissan,200SX,1983-1988,,Hatchback,2L+
Nissan 200SX,Nissan,200SX,1983-1988,,Coupe,3M-0
Nissan 200SX,Nissan,200SX,1988-2000,,Coupe,3L-0
Nissan 240SX,Nissan,240SX,1989-1999,,Coupe,3L-0
Nissan 280ZX,Nissan,280ZX,1978-1984,,Fastback,3M-0
Nissan 300ZX,Nissan,300ZX,1983-2000,,Coupe,3L-0
Nissan 350Z,Nissan,350Z,2002-2009,,Convertible/Coupe,3M-0
Nissan 370Z,Nissan,370Z,2008-2020,Incl: Nismo,Coupe/Roadster,3M-0
Nissan AD,Nissan,AD,1982-1990,,Wagon,2M
Nissan AD,Nissan,AD,1990-1996,L164.4 W65.6 H58.3,Wagon,2L+
Nissan AD,Nissan,AD,1990-1996,L168.1 W66.1 H71.3,Wagon,2XL
Nissan AD,Nissan,AD,1996-2025,,Wagon,2L+
Nissan Almera,Nissan,Almera,1995-2006,Incl: L164.7 W67.2 H56.8,Hatchback,2L+
Nissan Almera,Nissan,Almera,1995-2000,L162.2 W66.5 H54.9,Hatchback,2M
Nissan Almera,Nissan,Almera,1995-2006,,Sedan,3M
Nissan Almera,Nissan,Almera,2011-2026,,Sedan,3M
Nissan Almera,Nissan,Almera,2012-2018,,Sedan,3L
Nissan Almera Classic,Nissan,Almera Classic,2006-2013,,Sedan,3M
Nissan Almera Tino,Nissan,Almera Tino,2000-2006,,MPV,2L+
Nissan Altima,Nissan,Altima,1992-1999,,Sedan,3L
Nissan Altima,Nissan,Altima,1999-2004,,Sedan,3XL
Nissan Altima,Nissan,Altima,2004-2006,,Sedan,3XXL
Nissan Altima,Nissan,Altima,2006-2013,,Coupe,3L-0
Nissan Altima,Nissan,Altima,2006-2018,,Sedan,3XL
Nissan Altima,Nissan,Altima,2018-2026,,Sedan,3XXL
Nissan Ariya,Nissan,Ariya,2020-2026,,SUV,YL
Nissan Ariya,Nissan,Ariya,2020-2026,Nismo,SUV,YL
Nissan Ariya,Nissan,Ariya,2026,,SUV,YM+
Nissan Armada,Nissan,Armada,2003-2016,,SUV,YXXL
Nissan Armada,Nissan,Armada,2016-2026,,SUV,YXXL-545
Nissan Armada,Nissan,Armada,2024-2026,Nismo,SUV,YXXL-545
Nissan Auster,Nissan,Auster,1985-1990,,Hatchback,2L+
Nissan Auster,Nissan,Auster,1985-1990,,Sedan,3M
Nissan Autech Zagato Stelvio AZ1,Nissan,Autech Zagato Stelvio AZ1,1989-1990,,Coupe,3M-0
Nissan Avenir,Nissan,Avenir,1990-1998,,Wagon,2L+
Nissan Avenir,Nissan,Avenir,1998-2005,,Wagon,2XL
Nissan BE-1,Nissan,BE-1,1987-1989,,Coupe,3S-0
Nissan Bassara,Nissan,Bassara,1999-2003,,MPV,2XL
Nissan Bluebird,Nissan,Bluebird,1971-1990,,Sedan,3M
Nissan Bluebird,Nissan,Bluebird,1979-1990,,Wagon,2L+
Nissan Bluebird,Nissan,Bluebird,1979-1983,,Coupe,3M-0
Nissan Bluebird,Nissan,Bluebird,1985-1990,,Hatchback,2L+
Nissan Bluebird,Nissan,Bluebird,1987-1991,,Hatchback,2XL
Nissan Bluebird,Nissan,Bluebird,1987-2001,,Sedan,3L
Nissan Bluebird Maxima,Nissan,Bluebird Maxima,1984-1988,,Sedan,3L
Nissan Bluebird Sylphy,Nissan,Bluebird Sylphy,2000-2005,,Sedan,3M
Nissan Bluebird Sylphy,Nissan,Bluebird Sylphy,2005-2012,,Sedan,3L
Nissan Caravan,Nissan,Caravan,1980-1986,,MPV,2L-200
Nissan Caravan,Nissan,Caravan,1986-2001,,MPV,2L+
Nissan Caravan,Nissan,Caravan,2001-2012,,MPV,2XL+
Nissan Cedric,Nissan,Cedric,1971-1975,,Sedan,3L
Nissan Cedric,Nissan,Cedric,1975-1979,,Sedan,3XL
Nissan Cedric,Nissan,Cedric,1979-1983,,Sedan,3L
Nissan Cedric,Nissan,Cedric,1979-1983,Hardtop,Sedan,3XL
Nissan Cedric,Nissan,Cedric,1983-1999,,Wagon,2XL
Nissan Cedric,Nissan,Cedric,1983-2014,,Sedan,3XL
Nissan Cefiro,Nissan,Cefiro,1988-1994,,Sedan,3L
Nissan Cefiro,Nissan,Cefiro,1994-2000,,Wagon,2XL
Nissan Cefiro,Nissan,Cefiro,1994-2008,,Sedan,3XL
Nissan Cherry,Nissan,Cherry,1970-1987,Incl: II (F10) L3825 W1500 H1375/II (F10) L4000 W1600 H1380,Sedan,3S
Nissan Cherry,Nissan,Cherry,1974-1987,Incl: L155.9 W63.8 H54.5/L157.3 W63.8 H54.5,Hatchback/Wagon,2M
Nissan Cherry,Nissan,Cherry,1974-1983,,Coupe,3S-0
Nissan Cima,Nissan,Cima,1988-2022,,Sedan,3XXL
Nissan Clipper Rio,Nissan,Clipper Rio,2003-2012,,MPV,无可用尺码
Nissan Crew,Nissan,Crew,1993-2009,,Sedan,3L
Nissan Cube,Nissan,Cube,1998-2020,,MPV,2M
Nissan Dayz Roox,Nissan,Dayz Roox,2014-2020,,Hatchback,2S
Nissan Dualis,Nissan,Dualis,2007-2014,,SUV,YM+
Nissan Elgrand,Nissan,Elgrand,1997-2002,Caravan Elgrand,MPV,2XL
Nissan Elgrand,Nissan,Elgrand,2002-2010,,MPV,2XL-200
Nissan Elgrand,Nissan,Elgrand,2010-2026,,MPV,2XL+
Nissan Exa,Nissan,Exa,1986-1990,,Targa,3M-0
Nissan Expert,Nissan,Expert,1999-2007,,Wagon,2XL
Nissan Fairlady Z,Nissan,Fairlady Z,1969-1978,,Coupe,3S-0
Nissan Fairlady Z,Nissan,Fairlady Z,1978-1983,,Coupe,3M-0
Nissan Fairlady Z,Nissan,Fairlady Z,1978-2021,,Roadster/Targa,3M-0
Nissan Fairlady Z,Nissan,Fairlady Z,1983-2000,,Coupe,3L-0
Nissan Fairlady Z,Nissan,Fairlady Z,2002-2026,Incl: Nismo,Coupe,3M-0
Nissan Figaro,Nissan,Figaro,1991-1992,,Coupe,3S-0
Nissan Fuga,Nissan,Fuga,2004-2007,,Sedan,3XL
Nissan Fuga,Nissan,Fuga,2007-2022,,Sedan,3XXL
Nissan GT-R,Nissan,GT-R,2007-2016,,Coupe,3L-0
Nissan GT-R,Nissan,GT-R,2013-2025,Nismo,Coupe,3L-0
Nissan GT-R,Nissan,GT-R,2016-2025,,Coupe,3XL-0
Nissan Gloria,Nissan,Gloria,1959-1962,,Sedan,3M
Nissan Gloria,Nissan,Gloria,1962-1975,,Sedan,3L
Nissan Gloria,Nissan,Gloria,1975-1979,,Sedan,3XL
Nissan Gloria,Nissan,Gloria,1979-1999,,Sedan,3L
Nissan Gloria,Nissan,Gloria,1979-1983,Hardtop,Sedan,3XL
Nissan Gloria,Nissan,Gloria,1983-1999,,Wagon,2XL
Nissan Gloria,Nissan,Gloria,1987-1999,,Sedan,3XXL
Nissan Gloria,Nissan,Gloria,1991-2004,,Sedan,3XL
Nissan Gravite,Nissan,Gravite,2026,,MPV,2M
Nissan Homy,Nissan,Homy,1986-1990,,MPV,2L+
Nissan Homy,Nissan,Homy,1990-1997,,MPV,2XL
Nissan Hypermini,Nissan,Hypermini,1999-2001,,Hatchback,2S-280
Nissan Juke,Nissan,Juke,2010-2026,,SUV,YM+
Nissan Kait,Nissan,Kait,2025-2026,,SUV,YM+
Nissan Kicks,Nissan,Kicks,2016-2026,,SUV,YM+
Nissan Kix,Nissan,Kix,2008-2012,,SUV,YS-380
Nissan Kubistar,Nissan,Kubistar,2003-2009,,Van,2L-200
Nissan Lafesta,Nissan,Lafesta,2004-2012,,MPV,2L+
Nissan Lafesta,Nissan,Lafesta,2011-2018,,MPV,2XL
Nissan Langley,Nissan,Langley,1982-1990,,Hatchback,2M
Nissan Langley,Nissan,Langley,1986-1990,,Sedan,3M
Nissan Lannia,Nissan,Lannia,2015-2022,,Sedan,3L
Nissan Largo,Nissan,Largo,1986-1993,,MPV,2XL-200
Nissan Largo,Nissan,Largo,1993-1999,,MPV,2XL
Nissan Latio,Nissan,Latio,2012-2016,,Sedan,3M
Nissan Laurel,Nissan,Laurel,1977-1993,,Sedan,3L
Nissan Laurel,Nissan,Laurel,1993-2002,,Sedan,3XL
Nissan Laurel Spirit,Nissan,Laurel Spirit,1982-1986,,Sedan,3S
Nissan Laurel Spirit,Nissan,Laurel Spirit,1986-1990,,Sedan,3M
Nissan Leaf,Nissan,Leaf,2010-2024,,Hatchback,2L+
Nissan Leaf,Nissan,Leaf,2025-2026,,SUV,YM+
Nissan Leopard,Nissan,Leopard,1980-1986,,Sedan,3L
Nissan Leopard,Nissan,Leopard,1980-1986,,Coupe,3L-0
Nissan Leopard,Nissan,Leopard,1986-1992,,Coupe,3XL-0
Nissan Leopard,Nissan,Leopard,1992-1996,,Sedan,3XL
Nissan Leopard,Nissan,Leopard,1996-2000,,Sedan,3XXL
Nissan Liberta Villa,Nissan,Liberta Villa,1982-1986,,Sedan,3S
Nissan Liberta Villa,Nissan,Liberta Villa,1986-1990,,Hatchback,2M
Nissan Liberta Villa,Nissan,Liberta Villa,1986-1990,,Sedan,3M
Nissan Liberty,Nissan,Liberty,1998-2004,,MPV,2XL
Nissan Livina,Nissan,Livina,2006-2026,Incl: Grand,MPV,2L+
Nissan Lucino,Nissan,Lucino,1994-1999,L165.0 W66.5 H56.9,Hatchback,2L+
Nissan Lucino,Nissan,Lucino,1994-1999,L163.0 W66.5 H45.3,Hatchback,2M
Nissan Lucino,Nissan,Lucino,1994-1999,,Coupe,3M-0
Nissan Magnite,Nissan,Magnite,2020-2026,,SUV,YM+
Nissan March,Nissan,March,1982-2022,Incl: L145.5 W62.4 H56.3/L145.5 W65.4 H50.2/L145.9 W62.6 H46.5/L146.3 W65.4 H60.0/March Box,Hatchback/Wagon,2M
Nissan March,Nissan,March,1992-2002,,Convertible,3S-0
Nissan Maxima,Nissan,Maxima,1981-1988,,Sedan,3L
Nissan Maxima,Nissan,Maxima,1988-2000,,Sedan,3XL
Nissan Maxima,Nissan,Maxima,1999-2008,,Sedan,3XXL
Nissan Maxima,Nissan,Maxima,2008-2014,,Sedan,3XL
Nissan Maxima,Nissan,Maxima,2015-2023,,Sedan,3XXL
Nissan Micra,Nissan,Micra,1982-2026,Incl: L145.7 W62.2 H56.3/L147.4 W61.4 H54.9/L147.5 W62.8 H56.7/L148.0 W61.4 H54.9,Hatchback,2M
Nissan Micra,Nissan,Micra,2002-2010,,Convertible,3S-0
Nissan Mistral,Nissan,Mistral,1994-1999,L183.7 W69.1 H72.8,SUV,YL
Nissan Mistral,Nissan,Mistral,1994-1999,L180.5 W68.3 H71.3,SUV,YM+
Nissan Moco,Nissan,Moco,2001-2016,,Hatchback,2S
Nissan Murano,Nissan,Murano,2002-2008,,SUV,YL
Nissan Murano,Nissan,Murano,2007-2026,,SUV,YXL
Nissan Murano,Nissan,Murano,2011-2015,,Convertible,3XL-0
Nissan N6,Nissan,N6,2025-2026,,Sedan,3XL
Nissan N7,Nissan,N7,2025-2026,,Sedan,3XXL
Nissan NV100 Clipper,Nissan,NV100 Clipper,2003-2026,,MPV,无可用尺码
Nissan NV200,Nissan,NV200,2009-2026,,MPV/Van,2XL
Nissan NV300,Nissan,NV300,2016-2021,,Van,2XXL-525
Nissan NV300,Nissan,NV300,2016-2021,,MPV,2XXL-545
Nissan NV350 Caravan,Nissan,NV350 Caravan,2012-2021,,MPV/Van,2XL-200
Nissan NX Coupe,Nissan,NX Coupe,1990-1994,,Coupe/Targa,3S-0
Nissan NX8,Nissan,NX8,2026,,SUV,YXL
Nissan Note,Nissan,Note,2005-2026,Incl: Aura/Aura Nismo,Hatchback,2M
Nissan Note,Nissan,Note,2012-2020,Nismo,Hatchback,2L+
Nissan Note,Nissan,Note,2020-2026,Autech Crossover,SUV,YM+
Nissan Otti,Nissan,Otti,2005-2013,,Hatchback,2S
Nissan Pao,Nissan,Pao,1989-1991,,Hatchback,2M
Nissan Pathfinder,Nissan,Pathfinder,1985-2004,,SUV,YM+
Nissan Pathfinder,Nissan,Pathfinder,2004-2010,,SUV,YXL
Nissan Pathfinder,Nissan,Pathfinder,2010-2014,,SUV,YL
Nissan Pathfinder,Nissan,Pathfinder,2012-2026,,SUV,YXL
Nissan Pathfinder,Nissan,Pathfinder,2023-2026,,SUV,YXXL
Nissan Patrol,Nissan,Patrol,1980-1997,L166.5 W66.5 H78.0/L184.6 W66.5 H78.0/L189.8 W70.9 H70.5,SUV,YL
Nissan Patrol,Nissan,Patrol,1987-2024,L168.7 W76.0 H71.3/L174.8 W76.0 H72.4/L176.2 W72.4 H72.4,SUV,YM+
Nissan Patrol,Nissan,Patrol,1997-2024,L197.2 W76.0 H73.0/L198.6 W72.4 H72.4,SUV,YXL
Nissan Patrol,Nissan,Patrol,2010-2019,,SUV,YXXL
Nissan Patrol,Nissan,Patrol,2019-2026,,SUV,YXXL-545
Nissan Patrol,Nissan,Patrol,2024-2026,Nismo,SUV,YXXL-545
Nissan Pino,Nissan,Pino,2007-2010,,Hatchback,2S
Nissan Pixo,Nissan,Pixo,2008-2013,,Hatchback,2S
Nissan Prairie,Nissan,Prairie,1982-1998,,MPV,2L+
Nissan Prairie,Nissan,Prairie,1988-1998,Joy,MPV,2XL
Nissan Prairie,Nissan,Prairie,1998-2004,,MPV,2XL
Nissan Presage,Nissan,Presage,1998-2003,,MPV,2XL
Nissan Presage,Nissan,Presage,2003-2009,,MPV,2XL+
Nissan Presea,Nissan,Presea,1990-2000,,Sedan,3M
Nissan President,Nissan,President,1973-1990,,Sedan,3XXXL
Nissan President,Nissan,President,1990-2010,,Sedan,3XXL
Nissan Primastar,Nissan,Primastar,2002-2014,,MPV/Van,2XL-200
Nissan Primastar,Nissan,Primastar,2021-2026,*/Combi,MPV/Van,2XXL-525
Nissan Primera,Nissan,Primera,1990-2000,,Wagon,2L+
Nissan Primera,Nissan,Primera,1990-2000,,Liftback,3M
Nissan Primera,Nissan,Primera,1990-2000,,Sedan,3M
Nissan Primera,Nissan,Primera,1999-2008,,Wagon,2XL
Nissan Primera,Nissan,Primera,1999-2008,,Liftback,3L
Nissan Primera,Nissan,Primera,1999-2008,,Sedan,3L
Nissan Pulsar,Nissan,Pulsar,1982-1995,Incl: L156.5 W65.7 H54.5/L158.7 W64.6 H54.3/L158.7 W64.8 H45.3/L158.7 W64.8 H54.3,Hatchback,2M
Nissan Pulsar,Nissan,Pulsar,1982-1986,Pulsar EXA,Convertible/Coupe,3S-0
Nissan Pulsar,Nissan,Pulsar,1986-2005,,Sedan,3M
Nissan Pulsar,Nissan,Pulsar,1995-2000,L162.2 W66.5 H45.3/L163.0 W66.5 H54.5,Hatchback,2M
Nissan Pulsar,Nissan,Pulsar,2000-2018,,Hatchback,2L+
Nissan Qashqai,Nissan,Qashqai,2006-2026,Incl: II Рестайлинг 2/III Рестайлинг,SUV,YM+
Nissan Qashqai+2,Nissan,Qashqai+2,2008-2013,,SUV,YM+
Nissan Quest,Nissan,Quest,1992-1998,,MPV,2XL
Nissan Quest,Nissan,Quest,1999-2002,,MPV,2XL+
Nissan Quest,Nissan,Quest,2003-2018,,MPV,2XXL-525
Nissan R'nessa,Nissan,R'nessa,1997-2001,,Wagon,2XL
Nissan Rasheen,Nissan,Rasheen,1995-2000,,Wagon,2M
Nissan Rogue,Nissan,Rogue,2007-2026,,SUV,YL
Nissan Rogue Sport,Nissan,Rogue Sport,2017-2022,,SUV,YM+
Nissan Roox,Nissan,Roox,2009-2013,,MPV,2S
Nissan Roox,Nissan,Roox,2020-2026,,MPV,无可用尺码
Nissan S-Cargo,Nissan,S-Cargo,1989-1990,,Van,无可用尺码
Nissan Safari,Nissan,Safari,1980-1987,L184.6 W66.5 H71.1,SUV,YL
Nissan Safari,Nissan,Safari,1980-2013,L160.2 W66.5 H72.4/L169.9 W76.0 H71.7/L170.9 W76.0 H47.2/L170.9 W76.0 H72.4,SUV,YM+
Nissan Safari,Nissan,Safari,1987-1997,L192.3 W76.0 H70.9,SUV,YXL
Nissan Sakura,Nissan,Sakura,2022-2026,,Hatchback,2S
Nissan Sentra,Nissan,Sentra,1982-1986,,Wagon,2L+
Nissan Sentra,Nissan,Sentra,1982-1990,,Sedan,3M
Nissan Sentra,Nissan,Sentra,1982-1986,,Coupe,3M-0
Nissan Sentra,Nissan,Sentra,1994-2006,,Sedan,3M
Nissan Sentra,Nissan,Sentra,2006-2026,,Sedan,3L
Nissan Serena,Nissan,Serena,1991-2025,,MPV,2XL
Nissan Serena,Nissan,Serena,2025-2026,,MPV,2XL-200
Nissan Silvia,Nissan,Silvia,1965-1968,,Coupe,3S-0
Nissan Silvia,Nissan,Silvia,1975-1979,,Coupe,3S-0
Nissan Silvia,Nissan,Silvia,1979-1993,,Coupe,3M-0
Nissan Silvia,Nissan,Silvia,1988-2002,Incl: Varietta,Convertible,3M-0
Nissan Silvia,Nissan,Silvia,1993-1999,,Coupe,3L-0
Nissan Silvia,Nissan,Silvia,1999-2002,,Coupe,3M-0
Nissan Skyline,Nissan,Skyline,1968-1981,,Wagon,2L+
Nissan Skyline,Nissan,Skyline,1968-1981,,Sedan,3M
Nissan Skyline,Nissan,Skyline,1968-1972,,Coupe,3S-0
Nissan Skyline,Nissan,Skyline,1972-1981,,Coupe,3M-0
Nissan Skyline,Nissan,Skyline,1981-1989,,Wagon,2XL
Nissan Skyline,Nissan,Skyline,1981-1985,,Liftback,3L
Nissan Skyline,Nissan,Skyline,1981-1994,,Sedan,3L
Nissan Skyline,Nissan,Skyline,1981-2014,,Coupe,3L-0
Nissan Skyline,Nissan,Skyline,1989-2002,GT-R,Coupe,3L-0
Nissan Skyline,Nissan,Skyline,1993-2002,,Sedan,3XL
Nissan Skyline,Nissan,Skyline,2001-2007,,Sedan,3L
Nissan Skyline,Nissan,Skyline,2006-2026,,Sedan,3XL
Nissan Skyline Crossover,Nissan,Skyline Crossover,2009-2016,,SUV,YL
Nissan Stagea,Nissan,Stagea,1996-2007,,Wagon,2XL
Nissan Sunny,Nissan,Sunny,1982-2000,Incl: California,Wagon,2L+
Nissan Sunny,Nissan,Sunny,1982-1995,,Sedan,3M
Nissan Sunny,Nissan,Sunny,1982-1989,,Coupe,3M-0
Nissan Sunny,Nissan,Sunny,1986-1991,,Hatchback,2L+
Nissan Sunny,Nissan,Sunny,1990-1995,,Hatchback,2M
Nissan Sunny,Nissan,Sunny,1990-2000,,MPV,2XL
Nissan Sunny,Nissan,Sunny,1990-1995,,Liftback,3S
Nissan Sunny,Nissan,Sunny,1993-1999,,Sedan,3S
Nissan Sunny,Nissan,Sunny,1998-2026,,Sedan,3M
Nissan Sunny,Nissan,Sunny,2000-2005,Asian Market,Sedan,3M
Nissan Sylphy,Nissan,Sylphy,2012-2026,,Sedan,3L
Nissan Teana,Nissan,Teana,2003-2020,,Sedan,3XL
Nissan Teana,Nissan,Teana,2025-2026,,Sedan,3XXL
Nissan Terra,Nissan,Terra,2018-2026,,SUV,YXL
Nissan Terrano,Nissan,Terrano,1985-2022,Incl: L161.6 W68.3 H71.1/L164.8 W69.1 H72.0/L171.9 W66.5 H66.1/L179.9 W66.5 H66.1/L180.5 W68.3 H71.1,SUV,YM+
Nissan Terrano,Nissan,Terrano,1996-2006,L183.7 W69.1 H72.8,SUV,YL
Nissan Terrano Regulus,Nissan,Terrano Regulus,1996-2002,,SUV,YL
Nissan Tiida,Nissan,Tiida,2004-2026,,Hatchback,2L+
Nissan Tiida,Nissan,Tiida,2004-2013,Incl: Latio,Sedan,3M
Nissan Tino,Nissan,Tino,1998-2003,,MPV,2L+
Nissan Urvan,Nissan,Urvan,1986-2001,,MPV,2XL-200
Nissan Urvan,Nissan,Urvan,1986-2001,,Van,2XL-200
Nissan Urvan,Nissan,Urvan,2001-2012,,MPV,2XXL-525
Nissan Urvan,Nissan,Urvan,2001-2012,,Van,2XXL-525
Nissan Vanette,Nissan,Vanette,1978-1988,,MPV,2M
Nissan Vanette,Nissan,Vanette,1985-1994,,MPV,2XL-200
Nissan Vanette,Nissan,Vanette,1985-1994,,Van,2XL-200
Nissan Vanette,Nissan,Vanette,1994-2002,,MPV,2L-200
Nissan Vanette,Nissan,Vanette,1994-2002,Cargo,MPV,2XL-200
Nissan Vanette,Nissan,Vanette,1999-2017,,MPV,2XL-200
Nissan Versa,Nissan,Versa,2006-2012,,Hatchback,2L+
Nissan Versa,Nissan,Versa,2006-2026,,Sedan,3M
Nissan Versa Note,Nissan,Versa Note,2013-2019,,Hatchback,2M
Nissan Wingroad,Nissan,Wingroad,1996-2018,,Wagon,2L+
Nissan X-Terra,Nissan,X-Terra,2020-2026,,SUV,YXL
Nissan X-Trail,Nissan,X-Trail,2000-2007,,SUV,YM+
Nissan X-Trail,Nissan,X-Trail,2007-2026,,SUV,YL
Nissan X-Trail,Nissan,X-Trail,2025-2026,III Рестайлинг 2/IV Рестайлинг/Nismo,SUV,YL
Nissan Xterra,Nissan,Xterra,1999-2015,,SUV,YM+
Nissan Z,Nissan,Z,2021-2026,Incl: Nismo,Coupe,3M-0
Noble M12 GTO,Noble,M12 GTO,2000-2007,,Coupe,3S-0
Noble M15,Noble,M15,2006-2011,,Roadster,3M-0
Noble M600,Noble,M600,2010-2018,,Coupe,3M-0
Nordcross 001,Nordcross,001,2025-2026,,SUV,YXL
Oldsmobile 442,Oldsmobile,442,1968-1972,Incl: Holiday Coupe/Sports Coupe,Convertible/Coupe,3XXL-0
Oldsmobile Achieva,Oldsmobile,Achieva,1991-1997,,Sedan,3XL
Oldsmobile Achieva,Oldsmobile,Achieva,1991-1997,,Coupe,3XL-0
Oldsmobile Alero,Oldsmobile,Alero,1999-2004,,Sedan,3XL
Oldsmobile Alero,Oldsmobile,Alero,1999-2004,,Coupe,3XL-0
Oldsmobile Aurora,Oldsmobile,Aurora,1994-2003,,Sedan,3XXL
Oldsmobile Bravada,Oldsmobile,Bravada,1990-1994,,SUV,YM+
Oldsmobile Bravada,Oldsmobile,Bravada,1995-2001,,SUV,YL
Oldsmobile Bravada,Oldsmobile,Bravada,2001-2004,,SUV,YXL
Oldsmobile Custom Cruiser,Oldsmobile,Custom Cruiser,1971-1992,,Wagon,无可用尺码
Oldsmobile Cutlass,Oldsmobile,Cutlass,1968-1988,Incl: Calais,Convertible/Coupe/Fastback,3XL+0
Oldsmobile Cutlass,Oldsmobile,Cutlass,1978-1988,,Sedan,3XXL
Oldsmobile Cutlass,Oldsmobile,Cutlass,1997-1999,,Sedan,3XL
Oldsmobile Cutlass Calais,Oldsmobile,Cutlass Calais,1984-1991,,Sedan,3L
Oldsmobile Cutlass Calais,Oldsmobile,Cutlass Calais,1984-1991,,Coupe,3L-0
Oldsmobile Cutlass Ciera,Oldsmobile,Cutlass Ciera,1981-1996,,Wagon,2XL+
Oldsmobile Cutlass Ciera,Oldsmobile,Cutlass Ciera,1981-1996,,Sedan,3XL
Oldsmobile Cutlass Ciera,Oldsmobile,Cutlass Ciera,1981-1996,,Coupe,3XL-0
Oldsmobile Cutlass Supreme,Oldsmobile,Cutlass Supreme,1988-1997,,Convertible/Coupe,3XL-0
Oldsmobile Cutlass Supreme,Oldsmobile,Cutlass Supreme,1988-1997,,Sedan,3XXL
Oldsmobile Delta 88,Oldsmobile,Delta 88,1971-1976,,Convertible,3XXXXL-0
Oldsmobile Eighty-Eight,Oldsmobile,Eighty-Eight,1957-1958,,Sedan,3XXXL
Oldsmobile Eighty-Eight,Oldsmobile,Eighty-Eight,1971-1976,,Convertible,3XXXXL-0
Oldsmobile Eighty-Eight,Oldsmobile,Eighty-Eight,1971-1976,,Sedan,无可用尺码
Oldsmobile Eighty-Eight,Oldsmobile,Eighty-Eight,1977-1985,,Sedan,3XXXL
Oldsmobile Eighty-Eight,Oldsmobile,Eighty-Eight,1977-1985,,Coupe,3XXXL-0
Oldsmobile Eighty-Eight,Oldsmobile,Eighty-Eight,1986-1991,,Coupe,3XL+0
Oldsmobile Eighty-Eight,Oldsmobile,Eighty-Eight,1986-1999,,Sedan,3XXL
Oldsmobile Firenza,Oldsmobile,Firenza,1982-1988,,Hatchback,2L+
Oldsmobile Firenza,Oldsmobile,Firenza,1982-1988,,Wagon,2XL
Oldsmobile Firenza,Oldsmobile,Firenza,1982-1988,,Sedan,3M
Oldsmobile Intrigue,Oldsmobile,Intrigue,1997-2002,,Sedan,3XXL
Oldsmobile Ninety-Eight,Oldsmobile,Ninety-Eight,1977-1984,,Coupe,3XXXXL-0
Oldsmobile Ninety-Eight,Oldsmobile,Ninety-Eight,1977-1984,,Sedan,无可用尺码
Oldsmobile Ninety-Eight,Oldsmobile,Ninety-Eight,1985-1990,,Coupe,3XL+0
Oldsmobile Ninety-Eight,Oldsmobile,Ninety-Eight,1985-1996,,Sedan,3XXL
Oldsmobile Omega,Oldsmobile,Omega,1979-1984,,Sedan,3L
Oldsmobile Omega,Oldsmobile,Omega,1979-1984,,Coupe,3L-0
Oldsmobile Series 60,Oldsmobile,Series 60,1939-1940,,Coupe,3XL-0
Oldsmobile Series 60,Oldsmobile,Series 60,1941-1948,,Wagon,2XXL-525
Oldsmobile Series 70,Oldsmobile,Series 70,1939-1940,,Coupe,3XL+0
Oldsmobile Series 70,Oldsmobile,Series 70,1941-1948,,Coupe,3XXXL-0
Oldsmobile Series 70,Oldsmobile,Series 70,1949-1950,,Wagon,2XXL-545
Oldsmobile Silhouette,Oldsmobile,Silhouette,1989-2004,,MPV,2XL+
Oldsmobile Silhouette,Oldsmobile,Silhouette,1996-2004,Long,MPV,2XXL-525
Oldsmobile Starfire,Oldsmobile,Starfire,1961-1966,,Convertible,3XXXL-0
Oldsmobile Starfire,Oldsmobile,Starfire,1975-1980,,Hatchback,2XL
Oldsmobile Toronado,Oldsmobile,Toronado,1966-1970,,Coupe,3XXXL-0
Oldsmobile Toronado,Oldsmobile,Toronado,1970-1978,,Coupe,3XXXXL-0
Oldsmobile Toronado,Oldsmobile,Toronado,1978-1985,,Coupe,3XXL-0
Oldsmobile Toronado,Oldsmobile,Toronado,1985-1992,,Coupe,3XL-0
Oldsmobile Vista Cruiser,Oldsmobile,Vista Cruiser,1964-1967,,Wagon,2XXL-545
Oldsmobile Vista Cruiser,Oldsmobile,Vista Cruiser,1968-1977,,Wagon,无可用尺码
Oltcit Club,Oltcit,Club,1981-1993,,Hatchback,2M
Omoda C5,Omoda,C5,2022-2026,,SUV,YM+
Omoda C9,Omoda,C9,2024-2026,,SUV,YL
Omoda E5,Omoda,E5,2024-2026,,SUV,YM+
Omoda S5,Omoda,S5,2023-2025,,Sedan,3L
Omoda S5 GT,Omoda,S5 GT,2023-2025,,Sedan,3L
Opel 4/8 PS,Opel,4/8 PS,1909-1910,,Convertible,无可用尺码
Opel Adam,Opel,Adam,2013-2019,Incl: Rocks,Hatchback,2M
Opel Admiral,Opel,Admiral,1937-1978,,Sedan,3XXL
Opel Agila,Opel,Agila,2000-2007,,MPV,2S
Opel Agila,Opel,Agila,2008-2014,,Hatchback,2M
Opel Ampera,Opel,Ampera,2011-2021,,Hatchback,2L+
Opel Antara,Opel,Antara,2006-2017,,SUV,YM+
Opel Ascona,Opel,Ascona,1970-1988,,Hatchback/Wagon,2L+
Opel Ascona,Opel,Ascona,1970-1975,,Sedan,3S
Opel Ascona,Opel,Ascona,1970-1975,,Coupe,3S-0
Opel Ascona,Opel,Ascona,1975-1981,B L4321 W1670 H1380/B L4333 W1670 H1380,Sedan,3M
Opel Ascona,Opel,Ascona,1981-1988,,Sedan,3M
Opel Ascona,Opel,Ascona,1981-1988,,Coupe,3M-0
Opel Astra,Opel,Astra,1991-2014,,Wagon,2L+
Opel Astra,Opel,Astra,1991-2009,,Hatchback,2M
Opel Astra,Opel,Astra,1991-2009,,Sedan,3M
Opel Astra,Opel,Astra,1991-2014,,Convertible/Coupe,3M-0
Opel Astra,Opel,Astra,2004-2026,,Hatchback,2L+
Opel Astra,Opel,Astra,2004-2018,GTC,Hatchback,2L+
Opel Astra,Opel,Astra,2006-2018,,Sedan,3L
Opel Astra,Opel,Astra,2009-2026,,Wagon,2XL
Opel Astra OPC,Opel,Astra OPC,1999-2004,,Hatchback,2M
Opel Astra OPC,Opel,Astra OPC,2002-2004,,Wagon,2L+
Opel Astra OPC,Opel,Astra OPC,2002-2004,,Convertible,3M-0
Opel Astra OPC,Opel,Astra OPC,2005-2016,,Hatchback,2L+
Opel Calibra,Opel,Calibra,1990-1997,,Coupe,3M-0
Opel Cascada,Opel,Cascada,2013-2019,,Convertible,3L-0
Opel Combo,Opel,Combo,1993-2001,,MPV,2L-200
Opel Combo,Opel,Combo,1993-2001,,Van,2L-200
Opel Combo,Opel,Combo,2001-2011,,MPV,2XL
Opel Combo,Opel,Combo,2001-2011,,Van,2XL
Opel Combo,Opel,Combo,2011-2026,Life/LWB/SWB/XL,MPV/Van,2XL
Opel Combo,Opel,Combo,2018-2026,,MPV/Van,2XL
Opel Commodore,Opel,Commodore,1967-1978,,Sedan,3L
Opel Commodore,Opel,Commodore,1967-1978,,Coupe,3L-0
Opel Commodore,Opel,Commodore,1978-1982,,Wagon,2XL
Opel Commodore,Opel,Commodore,1978-1982,,Sedan,3XL
Opel Corsa,Opel,Corsa,1982-2026,Incl: L142.6 W60.6 H53.7/L155.7 W60.6 H53.7/L157.4 W67.4 H58.6/L157.4 W68.4 H58.6/L158.3 W68.3 H58.2/L158.3 W68.7 H58.3,Hatchback/Wagon,2M
Opel Corsa OPC,Opel,Corsa OPC,2007-2018,,Hatchback,2M
Opel Crossland X,Opel,Crossland X,2017-2024,,SUV,YM+
Opel Diplomat,Opel,Diplomat,1964-1968,,Coupe,3XL+0
Opel Diplomat,Opel,Diplomat,1964-1978,,Sedan,3XXL
Opel Frontera,Opel,Frontera,1991-2004,L183.4 W70.4 H68.5/L183.4 W71.4 H68.8/L184.7 W69.4 H69.0,SUV,YL
Opel Frontera,Opel,Frontera,1991-2026,Incl: L165.0 W70.1 H67.8/L168.0 W70.4 H66.6/L168.0 W71.4 H69.1,SUV,YM+
Opel GT,Opel,GT,1968-2009,,Coupe/Roadster,3S-0
Opel Grandland,Opel,Grandland,2017-2024,,SUV,YM+
Opel Grandland,Opel,Grandland,2024-2026,,SUV,YL
Opel Insignia,Opel,Insignia,2008-2022,Incl: Country Tourer,Wagon,2XL+
Opel Insignia,Opel,Insignia,2008-2017,,Liftback,3XL
Opel Insignia,Opel,Insignia,2008-2017,,Sedan,3XL
Opel Insignia,Opel,Insignia,2017-2022,,Liftback,3XXL
Opel Insignia OPC,Opel,Insignia OPC,2009-2017,,Wagon,2XL+
Opel Insignia OPC,Opel,Insignia OPC,2009-2017,,Liftback/Sedan,3XL
Opel Kadett,Opel,Kadett,1937-1979,,Sedan,3S
Opel Kadett,Opel,Kadett,1962-1979,,Wagon,2M
Opel Kadett,Opel,Kadett,1962-1993,,Convertible/Coupe,3S-0
Opel Kadett,Opel,Kadett,1973-1993,,Hatchback,2M
Opel Kadett,Opel,Kadett,1979-1993,,Van,2L+
Opel Kadett,Opel,Kadett,1979-1993,,Wagon,2L+
Opel Kadett,Opel,Kadett,1984-1993,,Sedan,3M
Opel Kapitan,Opel,Kapitan,1938-1950,,Sedan,3L
Opel Kapitan,Opel,Kapitan,1938-1950,,Convertible,3L-0
Opel Kapitan,Opel,Kapitan,1951-1963,,Sedan,3XL
Opel Kapitan,Opel,Kapitan,1951-1953,,Convertible,3XL-0
Opel Kapitan,Opel,Kapitan,1964-1970,,Sedan,3XXL
Opel Karl,Opel,Karl,2015-2019,,Hatchback,2M
Opel Lotus Omega,Opel,Lotus Omega,1990-1992,,Sedan,3XL
Opel Manta,Opel,Manta,1970-1988,,Coupe,3M-0
Opel Manta,Opel,Manta,1975-1988,,Hatchback,2L+
Opel Meriva,Opel,Meriva,2003-2010,,MPV,2M
Opel Meriva,Opel,Meriva,2010-2018,,MPV,2L+
Opel Meriva OPC,Opel,Meriva OPC,2006-2010,,MPV,2M
Opel Mokka,Opel,Mokka,2012-2026,,SUV,YM+
Opel Monterey,Opel,Monterey,1992-1999,L188.8 W72.2 H72.4,SUV,YL
Opel Monterey,Opel,Monterey,1992-1999,L171.9 W72.2 H72.0/L171.9 W72.2 H72.2,SUV,YM+
Opel Monza,Opel,Monza,1978-1986,,Hatchback,2XL
Opel Olympia,Opel,Olympia,1935-1970,,Sedan,3S
Opel Olympia,Opel,Olympia,1950-1970,,Convertible/Coupe,3S-0
Opel Omega,Opel,Omega,1984-1999,,Wagon,2XL
Opel Omega,Opel,Omega,1984-1999,,Sedan,3XL
Opel Omega,Opel,Omega,1999-2004,,Wagon,2XL+
Opel Omega,Opel,Omega,1999-2004,,Sedan,3XXL
Opel P4,Opel,P4,1935-1937,,Hatchback,2S
Opel Rekord,Opel,Rekord,1963-1986,,Wagon,2XL
Opel Rekord,Opel,Rekord,1963-1971,,Convertible/Coupe,3L-0
Opel Rekord,Opel,Rekord,1963-1965,,Sedan,3M
Opel Rekord,Opel,Rekord,1965-1977,,Sedan,3L
Opel Rekord,Opel,Rekord,1972-1977,,Coupe,3M-0
Opel Rekord,Opel,Rekord,1977-1986,E L4593 W1726 H1420/E L4620 W1726 H1420,Sedan,3L
Opel Rocks Electric,Opel,Rocks Electric,2021-2026,,Coupe,无可用尺码
Opel Senator,Opel,Senator,1978-1993,,Sedan,3XL
Opel Signum,Opel,Signum,2003-2008,,Hatchback,2XL
Opel Sintra,Opel,Sintra,1996-1999,,MPV,2XL
Opel Speedster,Opel,Speedster,2000-2005,,Targa,3S-0
Opel Super Six,Opel,Super Six,1936-1938,,Sedan,3M
Opel Super Six,Opel,Super Six,1936-1938,,Convertible,3M-0
Opel Tigra,Opel,Tigra,1994-2009,,Coupe/Roadster,3S-0
Opel Vectra,Opel,Vectra,1988-2002,,Liftback,3M
Opel Vectra,Opel,Vectra,1988-2002,,Sedan,3M
Opel Vectra,Opel,Vectra,1995-2002,,Wagon,2L+
Opel Vectra,Opel,Vectra,2002-2005,,Wagon,2XL
Opel Vectra,Opel,Vectra,2002-2008,,Liftback,3L
Opel Vectra,Opel,Vectra,2002-2008,,Sedan,3L
Opel Vectra,Opel,Vectra,2005-2008,,Wagon,2XL+
Opel Vectra OPC,Opel,Vectra OPC,2005-2008,,Wagon,2XL+
Opel Vectra OPC,Opel,Vectra OPC,2005-2008,,Liftback,3L
Opel Vita,Opel,Vita,1995-2004,Incl: L146.8 W63.4 H55.9/L146.8 W63.4 H56.7,Hatchback,2M
Opel Vivaro,Opel,Vivaro,2001-2014,,MPV,2XL-200
Opel Vivaro,Opel,Vivaro,2001-2014,,Van,2XL-200
Opel Vivaro,Opel,Vivaro,2014-2026,,MPV,2XXL-525
Opel Vivaro,Opel,Vivaro,2014-2026,,Van,2XXL-525
Opel Vivaro,Opel,Vivaro,2014-2019,Long,MPV,2XXL-545
Opel Zafira,Opel,Zafira,1999-2014,,MPV,2L+
Opel Zafira,Opel,Zafira,2011-2019,,MPV,2XL
Opel Zafira Life,Opel,Zafira Life,2019-2025,S,MPV,2XL-200
Opel Zafira Life,Opel,Zafira Life,2019-2026,Incl: M,MPV,2XXL-525
Opel Zafira Life,Opel,Zafira Life,2019-2026,L/XL,MPV,2XXL-545
Opel Zafira OPC,Opel,Zafira OPC,2001-2011,,MPV,2L+
Ora 03,Ora,03,2023-2025,Incl: GT,Hatchback,2L+
Ora 5,Ora,5,2025-2026,,SUV,YM+
Ora 7,Ora,7,2026,,Wagon,2XL
Ora 7,Ora,7,2026,,Fastback,3XXL
Ora Ballet Cat,Ora,Ballet Cat,2022-2026,,Hatchback,2L+
Ora Black Cat,Ora,Black Cat,2019-2022,,Hatchback,2S
Ora Good Cat,Ora,Good Cat,2020-2026,,Hatchback,2L+
Ora Lightning Cat,Ora,Lightning Cat,2022-2026,,Fastback,3XL
Ora SAR (Saloon) Mecha Dragon,Ora,SAR (Saloon) Mecha Dragon,2022-2024,,Sedan,3XXL
Ora White Cat,Ora,White Cat,2020-2022,,Hatchback,2M
Ora iQ,Ora,iQ,2018-2020,,SUV,YM+
Orange 01,Orange,01,2021-2026,,Van,2S
Osca 2500 GT,Osca,2500 GT,1999-2001,,Coupe,3S-0
Oshan COS1,Oshan,COS1,2018-2022,,SUV,YXL
Oshan Cosmos,Oshan,Cosmos,2019-2022,,MPV,2XXL-525
Oshan X5,Oshan,X5,2020-2023,,SUV,YM+
Oshan X7,Oshan,X7,2019-2021,Incl: EV,SUV,YL
Oshan X7 Plus,Oshan,X7 Plus,2021-2024,,SUV,YL
Oshan Z6,Oshan,Z6,2022-2024,,SUV,YL
Oting Paladin,Oting,Paladin,2023-2026,,SUV,YXL
Oting Palasso,Oting,Palasso,2024-2026,,SUV,YXXL-545
PGO Cevennes,PGO,Cevennes,2005-2026,,Convertible,3S-0
PGO Hemera,PGO,Hemera,2009-2026,,Coupe,3S-0
PGO Speedster II,PGO,Speedster II,2005-2026,,Convertible,3S-0
Packard 200/250,Packard,200/250,1951-1952,,Sedan,3XXXL
Packard Caribbean,Packard,Caribbean,1953-1956,,Convertible,3XXXL-0
Packard Caribbean,Packard,Caribbean,1955-1956,,Coupe,3XXXXL-0
Packard Clipper,Packard,Clipper,1941-1947,,Sedan,3XXXL
Packard Custom Eight,Packard,Custom Eight,1948-1950,,Sedan,3XXXL
Packard Custom Eight,Packard,Custom Eight,1948-1950,,Convertible,3XXXL-0
Packard One-Ten,Packard,One-Ten,1940-1941,,Wagon,2XXL-525
Packard One-Ten,Packard,One-Ten,1940-1941,,Convertible/Coupe,3XL+0
Packard One-Ten,Packard,One-Ten,1940-1941,,Sedan,3XXL
Packard One-Twenty,Packard,One-Twenty,1935-1941,,Sedan,3XXL
Packard Six,Packard,Six,1912-1939,1925-1929,Sedan,无可用尺码
Packard Super Eight,Packard,Super Eight,1933-1939,,Sedan,3XXXL
Packard Super Eight,Packard,Super Eight,1933-1939,Incl: Convertible Sedan,Convertible,3XXXL-0
Packard Twelve,Packard,Twelve,1932-1939,,Convertible,3XXXL-0
Pagani Huayra,Pagani,Huayra,2012-2026,,Coupe/Roadster,3L-0
Pagani Utopia,Pagani,Utopia,2022-2026,,Coupe,3L-0
Pagani Utopia,Pagani,Utopia,2022-2026,,Roadster,3XL-0
Pagani Zonda,Pagani,Zonda,1999-2013,,Coupe/Roadster,3XL-0
Panoz Esperante,Panoz,Esperante,2000-2007,Incl: GTLM/GTS,Coupe/Roadster,3M-0
Panoz Roadster,Panoz,Roadster,1992-1999,,Roadster,3S-0
Perodua Alza,Perodua,Alza,2009-2026,,MPV,2L+
Perodua Kancil,Perodua,Kancil,1994-2009,,Hatchback,2S
Perodua Kelisa,Perodua,Kelisa,2001-2007,,Hatchback,2S
Perodua Kembara,Perodua,Kembara,1998-2008,,SUV,YS-410
Perodua Kenari,Perodua,Kenari,2000-2008,,MPV,2S
Perodua MyVi,Perodua,MyVi,2005-2011,,Hatchback,2S
Perodua Nautica,Perodua,Nautica,2008-2010,,SUV,YM+
Perodua Traz,Perodua,Traz,2025-2026,,SUV,YM+
Perodua Viva,Perodua,Viva,2007-2014,,Hatchback,2S
Peugeot 1007,Peugeot,1007,2005-2009,,Hatchback,2M
Peugeot 104,Peugeot,104,1972-1988,L142.5 W59.8 H55.5,Hatchback,2M
Peugeot 104,Peugeot,104,1972-1988,L129.3 W59.8 H52.8,Hatchback,2S
Peugeot 106,Peugeot,106,1991-1996,,Hatchback,2S
Peugeot 106,Peugeot,106,1996-2004,,Hatchback,2M
Peugeot 107,Peugeot,107,2005-2014,,Hatchback,2S
Peugeot 108,Peugeot,108,2014-2021,,Hatchback,2S
Peugeot 2008,Peugeot,2008,2013-2026,,SUV,YM+
Peugeot 201,Peugeot,201,1929-1937,,Sedan,3S
Peugeot 201,Peugeot,201,1929-1937,,Convertible/Coupe,3S-0
Peugeot 202,Peugeot,202,1938-1948,,Sedan,3S
Peugeot 203,Peugeot,203,1948-1960,,Sedan,3M
Peugeot 204,Peugeot,204,1965-1977,,Wagon,2M
Peugeot 204,Peugeot,204,1965-1977,,Sedan,3S
Peugeot 204,Peugeot,204,1965-1977,,Convertible,3S-0
Peugeot 205,Peugeot,205,1983-1998,L145.9 W61.4 H53.9/L145.9 W61.4 H54.1,Hatchback,2M
Peugeot 205,Peugeot,205,1983-1998,,Convertible,3S-0
Peugeot 205 GTi,Peugeot,205 GTi,1984-1998,,Hatchback,2M
Peugeot 206,Peugeot,206,1998-2012,Incl: L150.5 W65.0 H56.1/L151.0 W65.0 H56.3,Hatchback/Wagon,2M
Peugeot 206,Peugeot,206,1998-2012,,Sedan,3S
Peugeot 206,Peugeot,206,1998-2012,,Convertible,3S-0
Peugeot 207,Peugeot,207,2006-2015,,Wagon,2L+
Peugeot 207,Peugeot,207,2006-2015,,Hatchback,2M
Peugeot 207,Peugeot,207,2006-2015,,Convertible,3S-0
Peugeot 207i (Iran Khodro),Peugeot,207i (Iran Khodro),2016-2024,,Hatchback,2M
Peugeot 207i (Iran Khodro),Peugeot,207i (Iran Khodro),2016-2024,,Sedan,3M
Peugeot 208,Peugeot,208,2012-2026,,Hatchback,2M
Peugeot 208 GTi,Peugeot,208 GTi,2013-2019,,Hatchback,2M
Peugeot 3008,Peugeot,3008,2009-2026,,SUV,YM+
Peugeot 301,Peugeot,301,2012-2022,,Sedan,3M
Peugeot 304,Peugeot,304,1969-1980,,Hatchback/Wagon,2M
Peugeot 304,Peugeot,304,1969-1980,,Sedan,3S
Peugeot 304,Peugeot,304,1969-1980,,Convertible,3S-0
Peugeot 305,Peugeot,305,1977-1990,,Wagon,2L+
Peugeot 305,Peugeot,305,1977-1990,,Sedan,3M
Peugeot 306,Peugeot,306,1993-2002,,Wagon,2L+
Peugeot 306,Peugeot,306,1993-2002,,Hatchback,2M
Peugeot 306,Peugeot,306,1993-2002,,Sedan,3M
Peugeot 306,Peugeot,306,1993-2002,,Convertible,3S-0
Peugeot 307,Peugeot,307,2001-2008,,Hatchback/Wagon,2L+
Peugeot 307,Peugeot,307,2001-2008,,Convertible,3M-0
Peugeot 308,Peugeot,308,2007-2026,Incl: L168.3 W71.4 H58.9/L168.3 W71.5 H59.0,Hatchback,2L+
Peugeot 308,Peugeot,308,2007-2015,,Wagon,2L+
Peugeot 308,Peugeot,308,2007-2015,,Convertible,3M-0
Peugeot 308,Peugeot,308,2013-2026,,Wagon,2XL
Peugeot 308 GTi,Peugeot,308 GTi,2015-2021,,Hatchback,2L+
Peugeot 309,Peugeot,309,1985-1993,,Hatchback,2M
Peugeot 4007,Peugeot,4007,2007-2012,,SUV,YL
Peugeot 4008,Peugeot,4008,2012-2026,,SUV,YM+
Peugeot 402,Peugeot,402,1935-1942,,Sedan,3XL
Peugeot 403,Peugeot,403,1955-1966,,Wagon,2XL
Peugeot 403,Peugeot,403,1955-1966,,Sedan,3M
Peugeot 403,Peugeot,403,1955-1966,,Convertible,3M-0
Peugeot 404,Peugeot,404,1960-1975,,Wagon,2XL
Peugeot 404,Peugeot,404,1960-1975,,Sedan,3M
Peugeot 404,Peugeot,404,1960-1975,,Convertible/Coupe,3M-0
Peugeot 405,Peugeot,405,1987-2014,,Wagon,2L+
Peugeot 405,Peugeot,405,1987-2014,,Sedan,3M
Peugeot 406,Peugeot,406,1995-2005,,Wagon,2XL
Peugeot 406,Peugeot,406,1995-2005,,Sedan,3L
Peugeot 406,Peugeot,406,1995-2005,,Coupe,3L-0
Peugeot 407,Peugeot,407,2004-2011,,Wagon,2XL
Peugeot 407,Peugeot,407,2004-2011,,Sedan,3L
Peugeot 407,Peugeot,407,2004-2011,,Coupe,3XL-0
Peugeot 408,Peugeot,408,2012-2026,,Sedan,3XL
Peugeot 408,Peugeot,408,2017-2022,,Sedan,3L
Peugeot 408,Peugeot,408,2022-2026,,SUV,YL
Peugeot 5008,Peugeot,5008,2009-2016,,MPV,2XL
Peugeot 5008,Peugeot,5008,2017-2026,,SUV,YL
Peugeot 504,Peugeot,504,1968-1996,,Wagon,2XL
Peugeot 504,Peugeot,504,1968-1996,,Sedan,3M
Peugeot 504,Peugeot,504,1968-1996,,Convertible/Coupe,3M-0
Peugeot 505,Peugeot,505,1979-1992,,Wagon,2XL+
Peugeot 505,Peugeot,505,1979-1992,,Sedan,3L
Peugeot 508,Peugeot,508,2011-2026,Incl: RXH,Wagon,2XL
Peugeot 508,Peugeot,508,2011-2026,Incl: L,Liftback/Sedan,3XL
Peugeot 604,Peugeot,604,1977-1987,,Sedan,3XL
Peugeot 605,Peugeot,605,1989-1999,,Sedan,3XL
Peugeot 607,Peugeot,607,2000-2004,,Sedan,3XL
Peugeot 607,Peugeot,607,2004-2010,,Sedan,3XXL
Peugeot 806,Peugeot,806,1994-2002,,MPV,2L+
Peugeot 807,Peugeot,807,2002-2014,,MPV,2XL
Peugeot Bipper,Peugeot,Bipper,2008-2018,,MPV/Van,2M
Peugeot Expert,Peugeot,Expert,1995-2006,,Van,2L+
Peugeot Expert,Peugeot,Expert,1995-2016,,MPV,2XL-200
Peugeot Expert,Peugeot,Expert,2007-2016,,Van,2XL-200
Peugeot Expert,Peugeot,Expert,2007-2016,Long,MPV,2XXL-525
Peugeot Expert,Peugeot,Expert,2016-2023,,MPV,2XXL-525
Peugeot Expert,Peugeot,Expert,2016-2026,,Van,2XXL-525
Peugeot Partner,Peugeot,Partner,1997-2012,,MPV,2L-200
Peugeot Partner,Peugeot,Partner,1997-2012,,Van,2L-200
Peugeot Partner,Peugeot,Partner,2008-2026,,MPV,2XL
Peugeot Partner,Peugeot,Partner,2012-2026,,Van,2XL
Peugeot Partner,Peugeot,Partner,2015-2026,L1/L2/LWB/Profi St/Tour,MPV/Van,2XL
Peugeot RCZ,Peugeot,RCZ,2010-2015,,Coupe,3M-0
Peugeot Rifter,Peugeot,Rifter,2018-2026,Incl: Long,MPV,2XL
Peugeot Traveller,Peugeot,Traveller,2016-2024,Compact,MPV,2XL-200
Peugeot Traveller,Peugeot,Traveller,2016-2026,,MPV,2XXL-525
Peugeot Traveller,Peugeot,Traveller,2016-2026,Long,MPV,2XXL-545
Peugeot iOn,Peugeot,iOn,2010-2020,,Hatchback,2S
Piaggio Porter,Piaggio,Porter,1992-2021,,MPV/Van,无可用尺码
Pierce-Arrow Twelve,Pierce-Arrow,Twelve,1932-1938,,Sedan,3XXL
Plymouth Acclaim,Plymouth,Acclaim,1989-1995,,Sedan,3L
Plymouth Barracuda,Plymouth,Barracuda,1964-1974,,Coupe,3XL-0
Plymouth Breeze,Plymouth,Breeze,1995-2000,,Sedan,3XL
Plymouth Colt Vista,Plymouth,Colt Vista,1983-1995,,MPV,2L+
Plymouth Cranbrook,Plymouth,Cranbrook,1951-1953,,Sedan,3XXL
Plymouth Fury,Plymouth,Fury,1959-1961,,Sedan,3XXXL
Plymouth Fury,Plymouth,Fury,1959-1961,,Convertible/Coupe,3XXXL-0
Plymouth Fury,Plymouth,Fury,1962-1964,,Wagon,2XXL-545
Plymouth Fury,Plymouth,Fury,1962-1964,,Convertible/Coupe,3XL+0
Plymouth Fury,Plymouth,Fury,1962-1964,,Sedan,3XXL
Plymouth Fury,Plymouth,Fury,1965-1973,,Sedan,3XXXL
Plymouth Fury,Plymouth,Fury,1965-1973,,Convertible/Coupe,3XXXL-0
Plymouth Fury,Plymouth,Fury,1965-1978,,Wagon,无可用尺码
Plymouth Fury,Plymouth,Fury,1974,,Coupe,3XXXXL-0
Plymouth Fury,Plymouth,Fury,1974,,Sedan,无可用尺码
Plymouth Fury,Plymouth,Fury,1975-1978,,Sedan,3XXXL
Plymouth Fury,Plymouth,Fury,1975-1978,,Coupe,3XXXL-0
Plymouth Gran Fury,Plymouth,Gran Fury,1982-1989,,Sedan,3XXL
Plymouth Prowler,Plymouth,Prowler,1997-2002,,Convertible,3S-0
Plymouth Reliant,Plymouth,Reliant,1981-1989,,Wagon,2L+
Plymouth Reliant,Plymouth,Reliant,1981-1989,,Sedan,3L
Plymouth Road Runner,Plymouth,Road Runner,1968-1970,,Coupe,3XL+0
Plymouth Road Runner,Plymouth,Road Runner,1971-1974,,Coupe,3XXL-0
Plymouth Road Runner,Plymouth,Road Runner,1975,,Coupe,3XXXL-0
Plymouth Satellite,Plymouth,Satellite,1970-1974,,Coupe,3XXL-0
Plymouth Sundance,Plymouth,Sundance,1986-1994,,Liftback,2L+
Plymouth Sundance,Plymouth,Sundance,1986-1994,,Coupe,3M-0
Plymouth Turismo,Plymouth,Turismo,1983-1987,,Hatchback,2L+
Plymouth Valiant,Plymouth,Valiant,1967-1973,III L4785 W1768 H1372/III L4785 W1768 H1384,Sedan,3XL
Plymouth Volare,Plymouth,Volare,1975-1980,,Coupe,3XL+0
Plymouth Voyager,Plymouth,Voyager,1984-1990,,MPV,2L+
Plymouth Voyager,Plymouth,Voyager,1984-2000,Grand,MPV,2XL+
Plymouth Voyager,Plymouth,Voyager,1991-2000,,MPV,2XL
Polar Stone (Jishi) 01,Polar Stone (Jishi),01,2023-2026,,SUV,YXL
Polestar 1,Polestar,1,2019-2021,,Coupe,3L-0
Polestar 2,Polestar,2,2020-2026,,Liftback,3L
Polestar 3,Polestar,3,2024-2026,,SUV,YXL
Polestar 4,Polestar,4,2023-2026,,SUV,YXL
Polestar 5,Polestar,5,2025-2026,,Sedan,3XXL
Pontiac 6000,Pontiac,6000,1982-1991,,Wagon,2XL+
Pontiac 6000,Pontiac,6000,1982-1991,,Sedan,3XL
Pontiac 6000,Pontiac,6000,1982-1991,,Coupe,3XL-0
Pontiac Aztek,Pontiac,Aztek,2001-2005,,SUV,YL
Pontiac Bonneville,Pontiac,Bonneville,1965-1970,,Convertible,3XXXXL-0
Pontiac Bonneville,Pontiac,Bonneville,1987-2005,,Sedan,3XXL
Pontiac Catalina,Pontiac,Catalina,1959-1981,,Sedan,3XXXL
Pontiac Catalina,Pontiac,Catalina,1959-1976,,Convertible/Coupe,3XXXL-0
Pontiac Catalina,Pontiac,Catalina,1961-1964,,Wagon,2XXL-545
Pontiac Catalina,Pontiac,Catalina,1971-1976,,Wagon,无可用尺码
Pontiac Fiero,Pontiac,Fiero,1984-1988,,Hatchback,2M
Pontiac Firebird,Pontiac,Firebird,1967-1992,,Convertible/Coupe,3XL-0
Pontiac Firebird,Pontiac,Firebird,1993-2002,,Convertible/Coupe,3XL+0
Pontiac Firefly,Pontiac,Firefly,1985-1988,,Hatchback,2M
Pontiac G4,Pontiac,G4,2005-2010,,Sedan,3L
Pontiac G4,Pontiac,G4,2005-2010,,Coupe,3L-0
Pontiac G5,Pontiac,G5,2004-2010,,Sedan,3L
Pontiac G5,Pontiac,G5,2004-2010,,Coupe,3L-0
Pontiac G6,Pontiac,G6,2004-2009,,Coupe,3L-0
Pontiac G6,Pontiac,G6,2004-2009,,Sedan,3XL
Pontiac G6,Pontiac,G6,2004-2009,,Convertible,3XL-0
Pontiac G8,Pontiac,G8,2007-2009,,Sedan,3XXL
Pontiac GTO,Pontiac,GTO,1964-1967,,Coupe,3XXL-0
Pontiac GTO,Pontiac,GTO,1968-1974,,Convertible/Coupe,3XL+0
Pontiac GTO,Pontiac,GTO,2004-2006,,Coupe,3XL-0
Pontiac Grand AM,Pontiac,Grand AM,1984-1991,,Sedan,3M
Pontiac Grand AM,Pontiac,Grand AM,1984-1991,,Coupe,3M-0
Pontiac Grand AM,Pontiac,Grand AM,1992-2005,,Sedan,3XL
Pontiac Grand AM,Pontiac,Grand AM,1992-2005,,Coupe,3XL-0
Pontiac Grand Prix,Pontiac,Grand Prix,1962-1977,,Coupe,3XXXL-0
Pontiac Grand Prix,Pontiac,Grand Prix,1978-2003,,Coupe,3XL+0
Pontiac Grand Prix,Pontiac,Grand Prix,1988-2008,,Sedan,3XXL
Pontiac Laurentian,Pontiac,Laurentian,1955-1957,,Sedan,3XXL
Pontiac LeMans,Pontiac,LeMans,1964-1972,,Sedan,3XXL
Pontiac LeMans,Pontiac,LeMans,1964-1972,,Convertible/Coupe,3XXL-0
Pontiac LeMans,Pontiac,LeMans,1973-1977,,Wagon,2XXL-545
Pontiac LeMans,Pontiac,LeMans,1973-1977,,Sedan,3XXXL
Pontiac LeMans,Pontiac,LeMans,1973-1977,,Coupe,3XXXL-0
Pontiac LeMans,Pontiac,LeMans,1978-1981,,Coupe,3XL+0
Pontiac LeMans,Pontiac,LeMans,1978-1981,,Sedan,3XXL
Pontiac LeMans,Pontiac,LeMans,1988-1993,,Hatchback,2L+
Pontiac LeMans,Pontiac,LeMans,1988-1993,,Sedan,3M
Pontiac Montana,Pontiac,Montana,1997-2005,LWB,MPV,2XL
Pontiac Montana,Pontiac,Montana,1997-2005,SWB,MPV,2XL
Pontiac Montana,Pontiac,Montana,2005-2009,SWB,MPV,2XL+
Pontiac Montana,Pontiac,Montana,2005-2009,LWB,MPV,2XXL-525
Pontiac Parisienne,Pontiac,Parisienne,1971-1986,,Sedan,3XXXL
Pontiac Parisienne,Pontiac,Parisienne,1971-1986,,Wagon,无可用尺码
Pontiac Phoenix,Pontiac,Phoenix,1977-1979,,Sedan,3XXL
Pontiac Phoenix,Pontiac,Phoenix,1977-1979,,Coupe,3XXL-0
Pontiac Phoenix,Pontiac,Phoenix,1979-1984,,Hatchback,2L+
Pontiac Phoenix,Pontiac,Phoenix,1979-1984,,Coupe,3M-0
Pontiac Solstice,Pontiac,Solstice,2005-2009,,Convertible/Coupe,3S-0
Pontiac Sunbird,Pontiac,Sunbird,1975-1980,,Wagon,2XL
Pontiac Sunbird,Pontiac,Sunbird,1975-1980,,Coupe,3L-0
Pontiac Sunbird,Pontiac,Sunbird,1981-1988,,Coupe,3M-0
Pontiac Sunbird,Pontiac,Sunbird,1988-1994,,Sedan,3L
Pontiac Sunbird,Pontiac,Sunbird,1988-1994,,Coupe,3L-0
Pontiac Sunfire,Pontiac,Sunfire,1995-2005,,Sedan,3L
Pontiac Sunfire,Pontiac,Sunfire,1995-2005,,Convertible/Coupe,3L-0
Pontiac Sunrunner,Pontiac,Sunrunner,1994-1998,,SUV,YS-380
Pontiac Tempest,Pontiac,Tempest,1961-1963,,Wagon,2XL
Pontiac Tempest,Pontiac,Tempest,1961-1963,,Sedan,3XL
Pontiac Tempest,Pontiac,Tempest,1961-1963,,Convertible,3XL-0
Pontiac Tempest,Pontiac,Tempest,1964-1970,,Coupe,3XL+0
Pontiac Tempest,Pontiac,Tempest,1964-1970,,Sedan,3XXL
Pontiac Tempest,Pontiac,Tempest,1987-1991,,Sedan,3L
Pontiac Torpedo,Pontiac,Torpedo,1939-1948,,Sedan,3XXXL
Pontiac Torrent,Pontiac,Torrent,2005-2009,,SUV,YL
Pontiac Trans Sport,Pontiac,Trans Sport,1989-1996,,MPV,2XL+
Pontiac Trans Sport,Pontiac,Trans Sport,1996-1999,SWB,MPV,2XL
Pontiac Trans Sport,Pontiac,Trans Sport,1996-1999,LWB,MPV,2XXL-525
Pontiac Ventura,Pontiac,Ventura,1960-1970,,Sedan,3XXXL
Pontiac Ventura,Pontiac,Ventura,1960-1970,,Coupe,3XXXL-0
Pontiac Ventura,Pontiac,Ventura,1971-1977,,Coupe/Liftback,3XL+0
Pontiac Ventura,Pontiac,Ventura,1971-1977,,Sedan,3XXL
Pontiac Vibe,Pontiac,Vibe,2002-2010,,Hatchback,2L+
Pontiac Wave,Pontiac,Wave,2004-2009,,Hatchback,2M
Pontiac Wave,Pontiac,Wave,2004-2009,,Sedan,3M
Porsche 356,Porsche,356,1948-1965,,Convertible/Coupe,3S-0
Porsche 718 Spyder,Porsche,718 Spyder,2019-2025,Incl: RS,Convertible,3M-0
Porsche 911,Porsche,911,1963-1973,,Coupe,3S-0
Porsche 911,Porsche,911,1963-1973,,Targa,3S-0
Porsche 911,Porsche,911,1973-2025,,Coupe,3M-0
Porsche 911,Porsche,911,1973-1989,,Roadster,3M-0
Porsche 911,Porsche,911,1973-1998,,Targa,3M-0
Porsche 911,Porsche,911,1988-2025,,Convertible,3M-0
Porsche 911,Porsche,911,2000-2025,,Targa,3M-0
Porsche 911,Porsche,911,2018-2025,Dakar,Coupe,3L-0
Porsche 911,Porsche,911,2024-2026,,Convertible,3L-0
Porsche 911,Porsche,911,2024-2026,,Coupe,3L-0
Porsche 911,Porsche,911,2024-2026,,Targa,3L-0
Porsche 911 GT1,Porsche,911 GT1,1997-1998,,Coupe,3XL-0
Porsche 911 GT2,Porsche,911 GT2,1995-2005,,Coupe,3M-0
Porsche 911 GT2,Porsche,911 GT2,2007-2010,,Coupe,无可用尺码
Porsche 911 GT2,Porsche,911 GT2,2011-2012,RS,Coupe,3M-0
Porsche 911 GT2,Porsche,911 GT2,2017-2019,RS,Coupe,3L-0
Porsche 911 GT3,Porsche,911 GT3,1999-2011,Incl: RS,Coupe,3M-0
Porsche 911 GT3,Porsche,911 GT3,2013-2026,Incl: RS,Convertible/Coupe,3L-0
Porsche 911 R,Porsche,911 R,2016-2019,,Coupe,3L-0
Porsche 911 S/T,Porsche,911 S/T,2023-2026,,Coupe,3L-0
Porsche 912,Porsche,912,1965-1969,,Coupe/Targa,3S-0
Porsche 912,Porsche,912,1976,,Coupe,3M-0
Porsche 914,Porsche,914,1969-1976,,Targa,3S-0
Porsche 918 Spyder,Porsche,918 Spyder,2013-2015,,Roadster,3L-0
Porsche 924,Porsche,924,1975-1988,,Coupe,3M-0
Porsche 928,Porsche,928,1977-1995,,Coupe,3M-0
Porsche 944,Porsche,944,1981-1991,,Convertible/Coupe,3M-0
Porsche 959,Porsche,959,1986-1991,,Coupe,3M-0
Porsche 968,Porsche,968,1991-1995,,Convertible/Coupe,3M-0
Porsche Boxster,Porsche,Boxster,1996-2025,,Roadster,3M-0
Porsche Carrera GT,Porsche,Carrera GT,2003-2007,,Targa,3L-0
Porsche Cayenne,Porsche,Cayenne,2002-2010,,SUV,YL
Porsche Cayenne,Porsche,Cayenne,2010-2026,,SUV,YXL
Porsche Cayenne,Porsche,Cayenne,2017-2026,Coupé,SUV,YXL
Porsche Cayman,Porsche,Cayman,2005-2025,,Coupe,3M-0
Porsche Cayman GT4,Porsche,Cayman GT4,2015-2026,Incl: RS,Coupe,3M-0
Porsche Macan,Porsche,Macan,2014-2026,,SUV,YL
Porsche Panamera,Porsche,Panamera,2009-2026,Incl: Executive,Liftback,3XXL
Porsche Panamera,Porsche,Panamera,2016-2024,,Wagon,2XL+
Porsche Taycan,Porsche,Taycan,2019-2026,Cross Turismo/Sport Turismo,Wagon,2XL+
Porsche Taycan,Porsche,Taycan,2019-2026,,Sedan,3XXL
Premier 118NE,Premier,118NE,1985-2001,,Sedan,3S
Premier Padmini,Premier,Padmini,1964-2000,,Sedan,3S
Proton Exora,Proton,Exora,2009-2023,,MPV,2XL
Proton Gen-2,Proton,Gen-2,2004-2012,,Hatchback,2L+
Proton Inspira,Proton,Inspira,2010-2015,,Sedan,3L
Proton Iriz,Proton,Iriz,2014-2025,,Hatchback,2M
Proton Juara,Proton,Juara,2001-2003,,MPV,2L-200
Proton Perdana,Proton,Perdana,1995-2010,,Sedan,3L
Proton Persona,Proton,Persona,1993-2007,L168.1 W66.1 H54.5,Hatchback,2L+
Proton Persona,Proton,Persona,1993-2007,L157.1 W66.9 H53.7,Hatchback,2M
Proton Persona,Proton,Persona,1993-2026,,Sedan,3M
Proton Persona,Proton,Persona,1993-2007,,Coupe,3M-0
Proton Preve,Proton,Preve,2011-2020,,Sedan,3L
Proton Putra,Proton,Putra,1996-2004,,Coupe,3M-0
Proton Saga,Proton,Saga,1985-2008,,Hatchback,2L+
Proton Saga,Proton,Saga,1985-2026,,Sedan,3M
Proton Satria,Proton,Satria,1996-2015,,Hatchback,2M
Proton Savvy,Proton,Savvy,2005-2011,,Hatchback,2M
Proton Tiara,Proton,Tiara,1996-2000,,Hatchback,2S
Proton Waja,Proton,Waja,2000-2011,,Sedan,3M
Proton Wira (400 Series),Proton,Wira (400 Series),1993-2009,,Liftback,2L+
Proton Wira (400 Series),Proton,Wira (400 Series),1993-2009,,Sedan,3M
Proton Wira (400 Series),Proton,Wira (400 Series),1993-2009,,Coupe,无可用尺码
Proton X50,Proton,X50,2020-2025,,SUV,YM+
Proton X70,Proton,X70,2018-2026,,SUV,YM+
Puch G-modell,Puch,G-modell,1979-2000,L161.8 W66.9 H75.6/L164.6 W69.3 H76.4/L173.4 W66.9 H75.6,SUV,YM+
Puch G-modell,Puch,G-modell,1989-2000,L184.3 W69.3 H76.4,SUV,YL
Puch Pinzgauer,Puch,Pinzgauer,1971-2000,Incl: 716,SUV,YS-410
Puch Pinzgauer,Puch,Pinzgauer,1971-2000,718/L194.9 W70.5 H80.5/L195.1 W69.3 H80.5,SUV,YXL
Puma GTB,Puma,GTB,1973-1984,,Coupe,3M-0
Puma GTE,Puma,GTE,1967-1995,,Coupe,3S-0
Punk Duoduo,Punk,Duoduo,2021-2026,,Hatchback,2S
Qiantu K50,Qiantu,K50,2018-2020,,Coupe,3XL-0
Qoros 3,Qoros,3,2014-2022,Incl: City SUV,Hatchback,2L+
Qoros 3,Qoros,3,2014-2022,,Sedan,3L
Qoros 5,Qoros,5,2016-2022,,SUV,YM+
Qvale Mangusta,Qvale,Mangusta,1999-2002,,Convertible,3S-0
Ram ProMaster City,Ram,ProMaster City,2014-2022,,MPV/Van,2XL
Ram ProMaster City,Ram,ProMaster City,2026,,MPV/Van,2XXL-545
Renaissance Tropica Roadster,Renaissance,Tropica Roadster,1995,,Roadster,3S-0
Renault 10,Renault,10,1962-1973,,Sedan,3M
Renault 11,Renault,11,1983-1989,,Hatchback,2M
Renault 12,Renault,12,1969-1980,,Wagon,2L+
Renault 12,Renault,12,1969-1980,,Sedan,3M
Renault 14,Renault,14,1976-1983,,Hatchback,2M
Renault 15,Renault,15,1972-1980,,Hatchback,2L+
Renault 16,Renault,16,1965-1980,,Hatchback,2L+
Renault 17,Renault,17,1972-1980,,Hatchback,2L+
Renault 18,Renault,18,1978-1986,,Wagon,2L+
Renault 18,Renault,18,1978-1986,,Sedan,3M
Renault 19,Renault,19,1988-2002,Incl: L163.6 W66.0 H55.6/L163.6 W66.3 H53.7,Hatchback,2L+
Renault 19,Renault,19,1988-2002,,Sedan,3M
Renault 19,Renault,19,1988-2002,,Convertible,3S-0
Renault 20,Renault,20,1975-1983,,Hatchback,2XL
Renault 21,Renault,21,1986-1995,,Hatchback,2L+
Renault 21,Renault,21,1986-1995,,Wagon,2XL
Renault 21,Renault,21,1986-1995,,Sedan,3L
Renault 25,Renault,25,1983-1992,,Liftback,3XL
Renault 30,Renault,30,1975-1986,,Hatchback,2XL
Renault 4,Renault,4,1962-1991,,Hatchback,2M
Renault 4,Renault,4,2024-2026,,SUV,YM+
Renault 4CV,Renault,4CV,1947-1961,,Sedan,3S
Renault 5,Renault,5,1972-2002,L138.2 W59.8 H55.1/L141.3 W61.3 H54.5/L141.3 W61.6 H54.5,Hatchback,2S
Renault 5,Renault,5,1984-2026,Incl: L143.7 W62.2 H54.7,Hatchback,2M
Renault 5,Renault,5,2024-2026,Turbo 3E,Hatchback,2L+
Renault 6,Renault,6,1970-1987,,Hatchback,2M
Renault 8,Renault,8,1962-1973,,Sedan,3S
Renault 9,Renault,9,1981-2000,,Sedan,3S
Renault Austral,Renault,Austral,2022-2026,,SUV,YM+
Renault Avantime,Renault,Avantime,2001-2003,,MPV,2XL
Renault Boreal,Renault,Boreal,2025-2026,,SUV,YM+
Renault Captur,Renault,Captur,2012-2026,,SUV,YM+
Renault Caravelle,Renault,Caravelle,1958-1968,,Convertible/Coupe,3M-0
Renault Celtaquatre,Renault,Celtaquatre,1934-1938,,Convertible/Coupe,3S-0
Renault City K-ZE,Renault,City K-ZE,2019-2023,,Hatchback,2M
Renault Clio RS,Renault,Clio RS,2000-2019,,Hatchback,2M
Renault Clio V6,Renault,Clio V6,2001-2005,,Hatchback,2M
Renault Dauphine,Renault,Dauphine,1956-1967,,Sedan,3S
Renault Dokker,Renault,Dokker,2012-2021,Incl: Stepway,MPV/Van,2XL
Renault Duster,Renault,Duster,2010-2026,,SUV,YM+
Renault Espace,Renault,Espace,1984-1991,,MPV,2XL
Renault Espace,Renault,Espace,1991-2002,,MPV,2L+
Renault Espace,Renault,Espace,1996-2002,Grand,MPV,2XL
Renault Espace,Renault,Espace,2002-2014,,MPV,2XL
Renault Espace,Renault,Espace,2002-2014,Grand,MPV,2XL+
Renault Espace,Renault,Espace,2015-2023,,MPV,2XL+
Renault Espace,Renault,Espace,2023-2026,,SUV,YL
Renault Express,Renault,Express,1986-1991,,MPV,2M
Renault Express,Renault,Express,2021-2026,,MPV/Van,2XL
Renault Filante,Renault,Filante,2026,,SUV,YXL
Renault Floride,Renault,Floride,1958-1968,,Convertible,3M-0
Renault Fluence,Renault,Fluence,2009-2017,,Sedan,3L
Renault Fregate,Renault,Fregate,1951-1960,,Convertible,3L-0
Renault Fuego,Renault,Fuego,1980-1985,,Hatchback,2L+
Renault Grand Koleos,Renault,Grand Koleos,2024-2026,,SUV,YL
Renault KWID,Renault,KWID,2015-2026,,Hatchback,2M
Renault Kadjar,Renault,Kadjar,2015-2022,,SUV,YM+
Renault Kangoo,Renault,Kangoo,1997-2009,,MPV,2L-200
Renault Kangoo,Renault,Kangoo,1997-2021,,Van,2L-200
Renault Kangoo,Renault,Kangoo,2007-2021,Grand,MPV,2XL
Renault Kangoo,Renault,Kangoo,2007-2013,,MPV,无可用尺码
Renault Kangoo,Renault,Kangoo,2013-2021,,MPV,2L-200
Renault Kangoo,Renault,Kangoo,2021-2026,,MPV,2XL
Renault Kangoo,Renault,Kangoo,2021-2026,,Van,2XL
Renault Kangoo,Renault,Kangoo,2021-2026,Grand,MPV,2XL+
Renault Kaptur,Renault,Kaptur,2016-2022,,SUV,YM+
Renault Kardian,Renault,Kardian,2023-2026,,Hatchback,2M
Renault Kiger,Renault,Kiger,2021-2026,,SUV,YM+
Renault Koleos,Renault,Koleos,2008-2016,,SUV,YM+
Renault Koleos,Renault,Koleos,2016-2023,,SUV,YL
Renault Laguna,Renault,Laguna,1993-2015,,Wagon,2XL
Renault Laguna,Renault,Laguna,1993-2001,,Liftback,3M
Renault Laguna,Renault,Laguna,2001-2015,,Liftback,3L
Renault Laguna,Renault,Laguna,2007-2015,,Coupe,3L-0
Renault Latitude,Renault,Latitude,2010-2015,,Sedan,3XXL
Renault Lodgy,Renault,Lodgy,2012-2022,,MPV,2L+
Renault Logan,Renault,Logan,2004-2022,Incl: Stepway,Sedan,3M
Renault Logan,Renault,Logan,2009-2018,Incl: MCV,Wagon,2L+
Renault Lutecia,Renault,Lutecia,1991-2025,,Hatchback,2M
Renault Megane,Renault,Megane,1995-2024,Incl: L169.0 W71.2 H57.9/L169.1 W71.2 H57.9/L169.3 W71.0 H56.0/L169.4 W71.2 H57.9/L169.8 W71.0 H56.0,Hatchback,2L+
Renault Megane,Renault,Megane,1995-2009,,Sedan,3M
Renault Megane,Renault,Megane,1995-2003,,Convertible,3S-0
Renault Megane,Renault,Megane,1995-2003,,Coupe,3S-0
Renault Megane,Renault,Megane,1999-2009,,Wagon,2L+
Renault Megane,Renault,Megane,2002-2016,,Convertible,3M-0
Renault Megane,Renault,Megane,2008-2024,,Wagon,2XL
Renault Megane,Renault,Megane,2016-2024,,Sedan,3L
Renault Megane E-Tech,Renault,Megane E-Tech,2021-2026,,SUV,YM+
Renault Megane RS,Renault,Megane RS,2004-2023,,Hatchback,2L+
Renault Modus,Renault,Modus,2004-2012,Incl: Grand,MPV,2M
Renault Rafale,Renault,Rafale,2024-2026,,SUV,YL
Renault Rapid,Renault,Rapid,1986-1991,,MPV,2M
Renault Sandero RS,Renault,Sandero RS,2009-2022,Incl: Stepway,Hatchback,2M
Renault Scenic,Renault,Scenic,1996-2022,Incl: Conquest/RX4,MPV,2L+
Renault Scenic,Renault,Scenic,2003-2009,Grand,MPV,2L+
Renault Scenic,Renault,Scenic,2009-2022,Grand,MPV,2XL
Renault Scenic,Renault,Scenic,2024-2026,,SUV,YM+
Renault Sport Spider,Renault,Sport Spider,1995-2000,,Convertible,3S-0
Renault Symbioz,Renault,Symbioz,2024-2026,,SUV,YM+
Renault Symbol,Renault,Symbol,1999-2008,,Sedan,3S
Renault Symbol,Renault,Symbol,2008-2021,,Sedan,3M
Renault Taliant,Renault,Taliant,2021-2026,,Sedan,3M
Renault Talisman,Renault,Talisman,2015-2022,,Wagon,2XL+
Renault Talisman,Renault,Talisman,2015-2022,,Sedan,3XL
Renault Trafic,Renault,Trafic,1980-2001,,Van,无可用尺码
Renault Trafic,Renault,Trafic,2001-2014,,MPV,2XL-200
Renault Trafic,Renault,Trafic,2001-2014,,Van,2XL-200
Renault Trafic,Renault,Trafic,2014-2021,,Van,2XXL-525
Renault Trafic,Renault,Trafic,2014-2021,,MPV,2XXL-545
Renault Trafic,Renault,Trafic,2021-2026,L1,MPV/Van,2XXL-525
Renault Trafic,Renault,Trafic,2021-2026,L2,MPV,无可用尺码
Renault Triber,Renault,Triber,2019-2026,,MPV,2M
Renault Twingo,Renault,Twingo,1993-2007,,Hatchback,2S
Renault Twingo,Renault,Twingo,2007-2014,,Hatchback,2M
Renault Twingo,Renault,Twingo,2014-2019,,Hatchback,2S
Renault Twingo,Renault,Twingo,2019-2026,,Hatchback,2M
Renault Twizy,Renault,Twizy,2011-2023,,Coupe,无可用尺码
Renault Type NN,Renault,Type NN,1924-1929,,Convertible/Phaeton/Sedan,无可用尺码
Renault Vel Satis,Renault,Vel Satis,2002-2009,,Hatchback,2XL+
Renault Vivastella,Renault,Vivastella,1929-1939,,Sedan,3M
Renault Wind,Renault,Wind,2010-2013,,Roadster,3S-0
Renault ZOE,Renault,ZOE,2012-2024,,Hatchback,2M
Renault Samsung QM3,Renault Samsung,QM3,2013-2019,,SUV,YM+
Renault Samsung QM5,Renault Samsung,QM5,2007-2016,,SUV,YM+
Renault Samsung QM6,Renault Samsung,QM6,2016-2026,,SUV,YL
Renault Samsung SM3,Renault Samsung,SM3,2002-2009,,Sedan,3M
Renault Samsung SM3,Renault Samsung,SM3,2009-2020,,Sedan,3L
Renault Samsung SM3,Renault Samsung,SM3,2011-2020,,Sedan,3XL
Renault Samsung SM5,Renault Samsung,SM5,1998-2010,,Sedan,3XL
Renault Samsung SM5,Renault Samsung,SM5,2010-2019,,Sedan,3XXL
Renault Samsung SM6,Renault Samsung,SM6,2016-2024,,Sedan,3XL
Renault Samsung SM7,Renault Samsung,SM7,2004-2019,,Sedan,3XXL
Renault Samsung XM3,Renault Samsung,XM3,2020-2024,,SUV,YM+
Rezvani Arsenal,Rezvani,Arsenal,2024-2026,,SUV,无可用尺码
Rezvani Beast,Rezvani,Beast,2015-2024,Incl: Alpha,Convertible/Targa,3M-0
Rezvani Tank,Rezvani,Tank,2017-2025,,SUV,YXXL
Rezvani Tank,Rezvani,Tank,2026,,SUV,YXL
Rimac C Two,Rimac,C Two,2018,,Coupe,3XL-0
Rimac Concept_One,Rimac,Concept_One,2013-2016,,Coupe,3L-0
Rimac Nevera,Rimac,Nevera,2021-2026,,Coupe,3XL-0
Rinspeed Chopster,Rinspeed,Chopster,2004-2005,,SUV,YXL
Rising Auto F7,Rising Auto,F7,2023-2026,,Liftback,3XXL
Rising Auto Marvel R,Rising Auto,Marvel R,2020-2022,,SUV,YL
Rising Auto R7,Rising Auto,R7,2022-2026,,SUV,YXL
Rivian R1S,Rivian,R1S,2022-2026,,SUV,YXL
Rivian R2,Rivian,R2,2026,,SUV,YL
Roewe 750,Roewe,750,2006-2016,,Sedan,3XL
Roewe Clever,Roewe,Clever,2020-2024,,Hatchback,2S
Roewe D6,Roewe,D6,2025-2026,,Sedan,3XL
Roewe D7,Roewe,D7,2023-2026,DMH/EV,Sedan,3XXL
Roewe E50,Roewe,E50,2012-2016,,Hatchback,2S
Roewe M7,Roewe,M7,2025-2026,,Sedan,3XXL
Roewe Marvel X,Roewe,Marvel X,2018-2021,,SUV,YL
Roewe RX3,Roewe,RX3,2017-2021,,SUV,YM+
Roewe RX3 Pro,Roewe,RX3 Pro,2021-2023,,SUV,YM+
Roewe RX5,Roewe,RX5,2016-2021,,SUV,YM+
Roewe RX5,Roewe,RX5,2020-2023,Plus,SUV,YM+
Roewe RX5,Roewe,RX5,2022-2026,,SUV,YL
Roewe RX5 Max,Roewe,RX5 Max,2019-2023,,SUV,YL
Roewe RX8,Roewe,RX8,2018-2023,,SUV,YXL
Roewe RX9,Roewe,RX9,2022-2026,,SUV,YXL
Roewe Whale,Roewe,Whale,2022-2023,,SUV,YL
Roewe i5,Roewe,i5,2017-2023,Ei5,Wagon,2XL
Roewe i5,Roewe,i5,2017-2026,,Sedan,3L
Roewe i6,Roewe,i6,2017-2020,,Sedan,3L
Roewe i6,Roewe,i6,2026,,Sedan,3XL
Roewe i6 Max,Roewe,i6 Max,2020-2022,,Sedan,3XL
Roewe iMAX8,Roewe,iMAX8,2020-2026,,MPV,2XL+
Rolls-Royce 20,Rolls-Royce,20,1905-1906,,Wagon,2S
Rolls-Royce 20/25,Rolls-Royce,20/25,1929-1936,,Convertible,3XL-0
Rolls-Royce Boat Tail,Rolls-Royce,Boat Tail,2021-2022,,Convertible,3XXXXL-0
Rolls-Royce Camargue,Rolls-Royce,Camargue,1975-1986,,Sedan,3XXL
Rolls-Royce Corniche,Rolls-Royce,Corniche,1971-1995,,Convertible/Coupe,3XXL-0
Rolls-Royce Corniche,Rolls-Royce,Corniche,2000-2002,,Convertible,3XXXL-0
Rolls-Royce Cullinan,Rolls-Royce,Cullinan,2018-2026,,SUV,YXXL-545
Rolls-Royce Dawn,Rolls-Royce,Dawn,2015-2023,,Convertible,3XXXL-0
Rolls-Royce Ghost,Rolls-Royce,Ghost,2010-2020,,Sedan,3XXXL
Rolls-Royce Ghost,Rolls-Royce,Ghost,2010-2026,Extended,Sedan,无可用尺码
Rolls-Royce Ghost,Rolls-Royce,Ghost,2020-2026,,Sedan,无可用尺码
Rolls-Royce Park Ward,Rolls-Royce,Park Ward,2000-2002,,Sedan,无可用尺码
Rolls-Royce Phantom,Rolls-Royce,Phantom,1925-1939,,Sedan,3XXL
Rolls-Royce Phantom,Rolls-Royce,Phantom,1950-2026,Incl: Long,Sedan,无可用尺码
Rolls-Royce Phantom,Rolls-Royce,Phantom,2003-2017,,Convertible/Coupe,3XXXXL-0
Rolls-Royce Silver Cloud,Rolls-Royce,Silver Cloud,1955-1966,,Sedan,3XXXL
Rolls-Royce Silver Ghost,Rolls-Royce,Silver Ghost,1906-1926,,Convertible,3XXL-0
Rolls-Royce Silver Seraph,Rolls-Royce,Silver Seraph,1998-2002,,Sedan,3XXXL
Rolls-Royce Silver Shadow,Rolls-Royce,Silver Shadow,1965-1980,,Sedan,3XXL
Rolls-Royce Silver Spirit,Rolls-Royce,Silver Spirit,1980-1997,,Sedan,3XXL
Rolls-Royce Silver Spur,Rolls-Royce,Silver Spur,1980-1999,,Sedan,3XXXL
Rolls-Royce Silver Wraith,Rolls-Royce,Silver Wraith,1946-1959,,Sedan,3XXL
Rolls-Royce Spectre,Rolls-Royce,Spectre,2023-2026,,Coupe,3XXXL-0
Rolls-Royce Wraith,Rolls-Royce,Wraith,2013-2023,,Coupe,3XXL-0
Ronart Lightning,Ronart,Lightning,2000-2013,,Convertible,3M-0
Rossa Concept,Rossa,Concept,2023-2026,,Coupe,3XL-0
Rover 100,Rover,100,1994-2000,,Hatchback,2S
Rover 100,Rover,100,1994-2000,,Convertible,无可用尺码
Rover 14,Rover,14,1933-1948,,Sedan,3S
Rover 200,Rover,200,1984-1989,,Sedan,3S
Rover 200,Rover,200,1989-1999,,Hatchback,2L+
Rover 200,Rover,200,1989-1999,,Convertible/Coupe,3M-0
Rover 200,Rover,200,1995-1999,,Hatchback,2M
Rover 25,Rover,25,1999-2005,,Hatchback,2M
Rover 400,Rover,400,1990-2000,,Hatchback/Wagon,2L+
Rover 400,Rover,400,1990-2000,,Sedan,3M
Rover 45,Rover,45,1999-2005,,Hatchback,2L+
Rover 45,Rover,45,1999-2005,,Sedan,3L
Rover 600,Rover,600,1993-1999,,Sedan,3L
Rover 75,Rover,75,1999-2005,,Wagon,2XL
Rover 75,Rover,75,1999-2005,,Sedan,3XL
Rover 800,Rover,800,1986-1999,,Hatchback,2XL+
Rover 800,Rover,800,1986-1999,,Sedan,3XL
Rover 800,Rover,800,1986-1999,,Coupe,3XL-0
Rover Maestro,Rover,Maestro,1991-1997,,Hatchback,2M
Rover Metro,Rover,Metro,1987-1994,,Hatchback,2S
Rover Metro,Rover,Metro,1987-1994,,Convertible,无可用尺码
Rover Mini,Rover,Mini,1989-2000,,Convertible/Sedan,无可用尺码
Rover Montego,Rover,Montego,1988-1994,,Wagon,2L+
Rover Montego,Rover,Montego,1988-1994,,Sedan,3M
Rover P6,Rover,P6,1963-1977,,Sedan,3L
Rover SD1,Rover,SD1,1976-1986,,Hatchback,2XL
Rover Streetwise,Rover,Streetwise,2003-2005,,Hatchback,2M
Rox 01,Rox,01,2023-2026,,SUV,YXXL-545
Rox Adamas,Rox,Adamas,2025-2026,,SUV,YXXL-545
SAIC H5,SAIC,H5,2025-2026,,SUV,YL
SAIC Z7,SAIC,Z7,2026,T,Wagon,2XL+
SAIC Z7,SAIC,Z7,2026,,Sedan,3XXL
SEAT 132,SEAT,132,1973-1982,,Sedan,3M
SEAT 133,SEAT,133,1974-1979,,Hatchback,2S
SEAT Alhambra,SEAT,Alhambra,1996-2010,,MPV,2XL
SEAT Alhambra,SEAT,Alhambra,2010-2020,,MPV,2XL+
SEAT Altea,SEAT,Altea,2004-2015,Incl: Freetrack/XL,MPV,2L+
SEAT Arona,SEAT,Arona,2017-2026,,SUV,YM+
SEAT Arosa,SEAT,Arosa,1997-2004,,Hatchback,2S
SEAT Ateca,SEAT,Ateca,2016-2026,,SUV,YM+
SEAT Cordoba,SEAT,Cordoba,1993-2003,,Wagon,2L+
SEAT Cordoba,SEAT,Cordoba,1993-2003,,Sedan,3S
SEAT Cordoba,SEAT,Cordoba,1993-2003,,Coupe,3S-0
SEAT Cordoba,SEAT,Cordoba,2003-2009,,Sedan,3M
SEAT Exeo,SEAT,Exeo,2008-2013,,Wagon,2XL
SEAT Exeo,SEAT,Exeo,2008-2013,,Sedan,3L
SEAT Fura,SEAT,Fura,1982-1986,,Hatchback,2M
SEAT Ibiza,SEAT,Ibiza,1984-2026,Incl: L159.2 W66.7 H56.2/L159.9 W66.7 H56.9,Hatchback,2M
SEAT Ibiza,SEAT,Ibiza,2008-2017,,Wagon,2L+
SEAT Ibiza Cupra,SEAT,Ibiza Cupra,1996-2018,,Hatchback,2M
SEAT Inca,SEAT,Inca,1995-2003,,MPV/Van,2L-200
SEAT Leon,SEAT,Leon,1999-2026,Incl: L166.5 W71.3 H57.5/L167.2 W71.3 H56.9/L167.8 W71.5 H57.4/L168.6 W71.5 H57.4,Hatchback,2L+
SEAT Leon,SEAT,Leon,2012-2026,Incl: X-PERIENCE,Wagon,2XL
SEAT Leon Cupra,SEAT,Leon Cupra,1999-2020,Incl: L166.8 W71.3 H56.0/L167.2 W71.3 H56.0/L168.1 W71.5 H56.5/L168.5 W71.5 H56.5/R,Hatchback,2L+
SEAT Leon Cupra,SEAT,Leon Cupra,2014-2020,,Wagon,2XL
SEAT Malaga,SEAT,Malaga,1985-1993,,Sedan,3M
SEAT Marbella,SEAT,Marbella,1986-1998,,Hatchback,2S
SEAT Mii,SEAT,Mii,2011-2021,,Hatchback,2S
SEAT Ronda,SEAT,Ronda,1982-1988,,Hatchback,2M
SEAT Tarraco,SEAT,Tarraco,2018-2024,,SUV,YL
SEAT Toledo,SEAT,Toledo,1991-2019,,Liftback/Sedan,3M
SEAT Toledo,SEAT,Toledo,2004-2009,,Hatchback,2L+
SKM M7,SKM,M7,2026,,MPV/Van,2XXL-525
Saab 600,Saab,600,1980-1982,,Hatchback,2M
Saab 9-2X,Saab,9-2X,2004-2006,,Wagon,2L+
Saab 9-3,Saab,9-3,1998-2014,,Hatchback/Wagon,2XL
Saab 9-3,Saab,9-3,1998-2014,,Convertible,3L-0
Saab 9-3,Saab,9-3,2002-2014,,Sedan,3L
Saab 9-4X,Saab,9-4X,2011,,SUV,YL
Saab 9-5,Saab,9-5,1997-2005,,Wagon,2XL
Saab 9-5,Saab,9-5,1997-2010,,Sedan,3XL
Saab 9-5,Saab,9-5,2005-2010,,Wagon,2XL+
Saab 9-5,Saab,9-5,2010-2012,SportCombi,Wagon,2XL+
Saab 9-5,Saab,9-5,2010-2012,,Sedan,3XXL
Saab 9-7X,Saab,9-7X,2005-2009,,SUV,YXL
Saab 90,Saab,90,1984-1987,,Coupe,3M-0
Saab 900,Saab,900,1978-1998,Incl: L184.3 W66.5 H55.3/L184.3 W66.5 H55.9,Hatchback/Liftback,2XL
Saab 900,Saab,900,1978-1994,,Sedan,3L
Saab 900,Saab,900,1978-1998,,Convertible,3L-0
Saab 9000,Saab,9000,1984-1994,,Liftback,3L
Saab 9000,Saab,9000,1984-1998,,Sedan,3XL
Saab 9000,Saab,9000,1991-1998,,Liftback,3XL
Saab 93,Saab,93,1956-1960,,Coupe,3S-0
Saab 95,Saab,95,1959-1978,,Wagon,2L+
Saab 96,Saab,96,1960-1980,,Coupe,3S-0
Saab 99,Saab,99,1967-1984,,Hatchback,2XL
Saab 99,Saab,99,1967-1984,L4530 W1680 H1450,Sedan,3L
Saab 99,Saab,99,1967-1984,L4370 W1690 H1440,Sedan,3M
Saab Sonett,Saab,Sonett,1970-1974,,Coupe,3S-0
Saipa Quick,Saipa,Quick,2018-2024,,Hatchback,2M
Saipa Saina,Saipa,Saina,2016-2026,,Sedan,3M
Saipa Shahin,Saipa,Shahin,2020-2026,,Sedan,3M
Saipa Tiba,Saipa,Tiba,2009-2022,,Hatchback,2M
Saipa Tiba,Saipa,Tiba,2009-2022,,Sedan,3S
Santana PS-10,Santana,PS-10,2003-2011,L166.5 W68.9 H78.7/L185.8 W68.9 H78.7,SUV,YL
Saturn Astra,Saturn,Astra,2008-2009,L167.3 W69.0 H57.5/L168.9 W71.0 H56.5,Hatchback,2L+
Saturn Aura,Saturn,Aura,2006-2010,,Sedan,3XL
Saturn ION,Saturn,ION,2003-2007,,Sedan,3L
Saturn ION,Saturn,ION,2003-2007,,Coupe,3L-0
Saturn LS,Saturn,LS,1998-2004,,Sedan,3XL
Saturn LW,Saturn,LW,1998-2004,,Wagon,2XL+
Saturn Outlook,Saturn,Outlook,2006-2010,,SUV,YXL
Saturn Relay,Saturn,Relay,2005-2007,,MPV,2XXL-525
Saturn SC,Saturn,SC,1990-1996,,Coupe,3M-0
Saturn SC,Saturn,SC,1997-2002,,Coupe,3L-0
Saturn SL,Saturn,SL,1990-1995,,Sedan,3M
Saturn SL,Saturn,SL,1996-2002,,Sedan,3L
Saturn SW,Saturn,SW,1993-2001,,Wagon,2L+
Saturn Sky,Saturn,Sky,2006-2009,,Convertible,3S-0
Saturn VUE,Saturn,VUE,2001-2007,,SUV,YL
Saturn VUE,Saturn,VUE,2007-2009,,SUV,YM+
Scion FR-S,Scion,FR-S,2012-2016,,Coupe,3M-0
Scion iA,Scion,iA,2015-2016,,Sedan,3M
Scion iM,Scion,iM,2015-2016,,Hatchback,2L+
Scion iQ,Scion,iQ,2011-2016,,Hatchback,2S
Scion tC,Scion,tC,2004-2016,,Coupe,3M-0
Scion xA,Scion,xA,2003-2006,,Hatchback,2M
Scion xB,Scion,xB,2003-2007,,MPV,2M
Scion xB,Scion,xB,2007-2015,,MPV,2L+
Scion xD,Scion,xD,2008-2014,,Hatchback,2M
Scout Traveler,Scout,Traveler,2027,,SUV,YXL
Sears Model J,Sears,Model J,1908-1912,,Convertible,无可用尺码
Senat 1000,Senat,1000,2026,,Sedan,3XXXL
Senat 900,Senat,900,2026,,Sedan,3XXL
Seres M5,Seres,M5,2023-2026,,SUV,YL
Seres M7,Seres,M7,2023-2026,,SUV,YXL
Seres M9,Seres,M9,2024-2026,,SUV,YXXL
Seres SF5,Seres,SF5,2019-2022,Incl: EV,SUV,YL
Shanghai Maple C31,Shanghai Maple,C31,2004-2009,,Hatchback,2L+
Shanghai Maple C32,Shanghai Maple,C32,2007-2010,,Sedan,3M
Shanghai Maple C51,Shanghai Maple,C51,2005-2009,,Sedan,3M
Shanghai Maple C52,Shanghai Maple,C52,2007-2010,,Sedan,3M
Shanghai Maple C81,Shanghai Maple,C81,2005-2010,,Sedan,3M
ShuangHuan Noble,ShuangHuan,Noble,2006-2016,,Hatchback,2S
ShuangHuan Sceo,ShuangHuan,Sceo,2006-2011,,SUV,YL
Simca 1300/1500,Simca,1300/1500,1963-1976,,Wagon,2L+
Simca 1300/1500,Simca,1300/1500,1963-1976,,Sedan,3M
Simca 1307,Simca,1307,1975-1979,,Hatchback,2L+
Skoda 105/120/125/130,Skoda,105/120/125/130,1976-1990,"105/105, 120/120",Sedan,3S
Skoda 1200,Skoda,1200,1952-1973,1201/1202,Wagon,2L+
Skoda 1200,Skoda,1200,1952-1973,1200/1201,Sedan,3M
Skoda 440,Skoda,440,1955-1959,,Sedan,3S
Skoda 445,Skoda,445,1957-1959,,Sedan,3S
Skoda Citigo,Skoda,Citigo,2011-2020,Incl: L140.2 W65.0 H58.3/L140.3 W64.8 H58.2/L141.6 W64.6 H58.2/L141.6 W64.8 H58.2,Hatchback,2S
Skoda Elroq,Skoda,Elroq,2024-2026,,SUV,YM+
Skoda Elroq RS,Skoda,Elroq RS,2025-2026,,SUV,YM+
Skoda Enyaq,Skoda,Enyaq,2020-2025,,SUV,YL
Skoda Enyaq,Skoda,Enyaq,2025-2026,,SUV,YM+
Skoda Epiq,Skoda,Epiq,2026,,SUV,YM+
Skoda Fabia,Skoda,Fabia,1999-2021,,Wagon,2L+
Skoda Fabia,Skoda,Fabia,1999-2026,Incl: Scout,Hatchback,2M
Skoda Fabia,Skoda,Fabia,1999-2007,,Sedan,3M
Skoda Fabia RS,Skoda,Fabia RS,2003-2014,,Hatchback,2M
Skoda Fabia RS,Skoda,Fabia RS,2010-2014,,Wagon,2L+
Skoda Favorit,Skoda,Favorit,1989-2000,,Wagon,2L+
Skoda Favorit,Skoda,Favorit,1989-2000,,Hatchback,2M
Skoda Felicia,Skoda,Felicia,1959-1964,,Coupe,3S-0
Skoda Felicia,Skoda,Felicia,1994-2001,,Wagon,2L+
Skoda Felicia,Skoda,Felicia,1994-2001,,Hatchback,2M
Skoda Forman,Skoda,Forman,1990-1995,,Wagon,2L+
Skoda Kamiq,Skoda,Kamiq,2018-2026,Incl: GT,SUV,YM+
Skoda Karoq,Skoda,Karoq,2017-2026,,SUV,YM+
Skoda Kodiaq,Skoda,Kodiaq,2016-2026,,SUV,YL
Skoda Kodiaq GT,Skoda,Kodiaq GT,2019-2026,,SUV,YL
Skoda Kodiaq RS,Skoda,Kodiaq RS,2018-2026,,SUV,YL
Skoda Kushaq,Skoda,Kushaq,2021-2026,,SUV,YM+
Skoda Kylaq,Skoda,Kylaq,2024-2026,,SUV,YM+
Skoda Octavia,Skoda,Octavia,1959-1971,,Wagon,2M
Skoda Octavia,Skoda,Octavia,1996-2011,,Wagon,2L+
Skoda Octavia,Skoda,Octavia,1996-2011,,Liftback,3M
Skoda Octavia,Skoda,Octavia,2004-2026,,Wagon,2XL
Skoda Octavia,Skoda,Octavia,2004-2026,Scout,Wagon,2XL
Skoda Octavia,Skoda,Octavia,2004-2026,,Liftback,3L
Skoda Octavia RS,Skoda,Octavia RS,2001-2006,,Wagon,2L+
Skoda Octavia RS,Skoda,Octavia RS,2001-2006,,Liftback,3M
Skoda Octavia RS,Skoda,Octavia RS,2005-2026,,Wagon,2XL
Skoda Octavia RS,Skoda,Octavia RS,2005-2020,,Liftback,3L
Skoda Octavia RS,Skoda,Octavia RS,2020-2026,,Liftback,3XL
Skoda Peaq,Skoda,Peaq,2026,,SUV,YXL
Skoda Popular,Skoda,Popular,1934-1946,,Hatchback,2M
Skoda Rapid,Skoda,Rapid,2012-2023,Incl: Spaceback,Wagon,2L+
Skoda Rapid,Skoda,Rapid,2012-2023,Incl: L,Liftback/Sedan,3M
Skoda Roomster,Skoda,Roomster,2006-2015,Incl: Scout,MPV,2L+
Skoda Scala,Skoda,Scala,2019-2026,,Hatchback,2L+
Skoda Slavia,Skoda,Slavia,2021-2026,,Sedan,3L
Skoda Superb,Skoda,Superb,2001-2008,,Sedan,3XL
Skoda Superb,Skoda,Superb,2008-2026,Incl: Scout,Wagon,2XL+
Skoda Superb,Skoda,Superb,2008-2026,,Liftback,3XL
Skoda Superb,Skoda,Superb,2023-2026,,Liftback,3XXL
Skoda Yeti,Skoda,Yeti,2009-2018,,SUV,YM+
Skywell ET5,Skywell,ET5,2021-2026,,SUV,YL
Skywell HT-i,Skywell,HT-i,2022-2026,,SUV,YL
Skyworth EV6,Skyworth,EV6,2021-2026,,SUV,YL
Smart #1,Smart,#1,2022-2026,,SUV,YM+
Smart #3,Smart,#3,2023-2026,,SUV,YM+
Smart #5,Smart,#5,2024-2026,,SUV,YL
Smart #6,Smart,#6,2026,,Liftback,3XXL
Smart Forfour,Smart,Forfour,2004-2006,,Hatchback,2M
Smart Forfour,Smart,Forfour,2014-2021,,Hatchback,2S
Smart Fortwo,Smart,Fortwo,1998-2024,,Hatchback,2S-280
Smart Fortwo,Smart,Fortwo,1998-2024,Incl: Crossblade,Convertible/Roadster,无可用尺码
Smart Roadster,Smart,Roadster,2002-2006,,Roadster,无可用尺码
Solaris HC,Solaris,HC,2022-2026,,SUV,YM+
Solaris KRS,Solaris,KRS,2024-2026,,Sedan,3M
Solaris KRX,Solaris,KRX,2024-2026,,Hatchback,2L+
Sollers SF1,Sollers,SF1,2025-2026,,MPV/Van,2XXL-525
Sollers SP7,Sollers,SP7,2025-2026,,MPV,2XXL-525
Soueast A5,Soueast,A5,2018-2023,,Sedan,3L
Soueast DX3,Soueast,DX3,2016-2023,,SUV,YM+
Soueast DX5,Soueast,DX5,2019-2023,,SUV,YM+
Soueast DX7,Soueast,DX7,2015-2023,,SUV,YM+
Soueast DX8,Soueast,DX8,2022-2023,,SUV,YL
Soueast DX8S,Soueast,DX8S,2022-2023,,SUV,YL
Soueast Lioncel,Soueast,Lioncel,2005-2010,,Sedan,3M
Soueast S06,Soueast,S06,2025-2026,,SUV,YL
Soueast S07,Soueast,S07,2024-2026,,SUV,YL
Soueast S09,Soueast,S09,2024-2026,,SUV,YXL
Soueast Soveran,Soueast,Soveran,2004-2008,,MPV,2XL
Soueast V3,Soueast,V3,2008-2017,,Sedan,3M
Soueast V5,Soueast,V5,2012-2020,,Sedan,3L
Soueast V6 Cross,Soueast,V6 Cross,2013-2015,,Hatchback,2L+
Spectre R42,Spectre,R42,1996-1997,,Coupe,3S-0
Spyker C12,Spyker,C12,2006-2008,,Coupe/Roadster,3L-0
Spyker C8,Spyker,C8,2000-2026,Aileron/Aileron Spyder/Double 12S/Preliator,Coupe/Roadster,3L-0
Spyker C8,Spyker,C8,2000-2012,,Coupe/Roadster,3S-0
SsangYong Actyon,SsangYong,Actyon,2005-2019,,SUV,YM+
SsangYong Chairman,SsangYong,Chairman,1997-2017,,Sedan,3XXL
SsangYong Istana,SsangYong,Istana,1995-2003,,MPV,2XXL-525
SsangYong Kallista,SsangYong,Kallista,1992-1994,,Convertible,3S-0
SsangYong Korando,SsangYong,Korando,1988-1996,,SUV,YS-410
SsangYong Korando,SsangYong,Korando,1996-2006,,SUV,YM+
SsangYong Korando,SsangYong,Korando,2010-2023,,SUV,YM+
SsangYong Korando Family,SsangYong,Korando Family,1987-1998,,SUV,YM+
SsangYong Korando Turismo,SsangYong,Korando Turismo,2013-2019,,MPV,2XXL-525
SsangYong Kyron,SsangYong,Kyron,2005-2015,,SUV,YL
SsangYong Musso,SsangYong,Musso,1993-2006,,SUV,YL
SsangYong Nomad,SsangYong,Nomad,2013-2017,,SUV,YM+
SsangYong Rexton,SsangYong,Rexton,2001-2017,,SUV,YL
SsangYong Rexton,SsangYong,Rexton,2017-2023,,SUV,YXL
SsangYong Rodius,SsangYong,Rodius,2004-2019,,MPV,2XXL-525
SsangYong Stavic,SsangYong,Stavic,2013-2019,,MPV,2XXL-525
SsangYong Tivoli,SsangYong,Tivoli,2015-2023,,SUV,YM+
SsangYong Torres,SsangYong,Torres,2022-2023,,SUV,YL
SsangYong XLV,SsangYong,XLV,2016-2023,,SUV,YM+
Stelato G9,Stelato,G9,2026,,SUV,YXXL
Stelato S9,Stelato,S9,2024-2026,,Wagon,2XXL-525
Stelato S9,Stelato,S9,2024-2026,,Sedan,3XXL
Steyr 1500,Steyr,1500,1941-1944,,SUV,无可用尺码
Steyr Haflinger,Steyr,Haflinger,1959-1974,,SUV,无可用尺码
Studebaker Golden Hawk,Studebaker,Golden Hawk,1956-1958,,Coupe,3XXL-0
Subaru 1000,Subaru,1000,1965-1969,,Wagon,2M
Subaru 1000,Subaru,1000,1965-1969,,Sedan,3S
Subaru 360,Subaru,360,1958-1971,,Coupe,无可用尺码
Subaru Alcyone,Subaru,Alcyone,1985-1991,,Coupe,3M-0
Subaru Alcyone,Subaru,Alcyone,1991-1996,SVX,Coupe,3L-0
Subaru Ascent,Subaru,Ascent,2017-2026,,SUV,YXL
Subaru BRZ,Subaru,BRZ,2012-2026,,Coupe,3M-0
Subaru Bighorn,Subaru,Bighorn,1990-1992,,SUV,YM+
Subaru Bistro,Subaru,Bistro,1995-1998,,Hatchback,2S
Subaru Chiffon,Subaru,Chiffon,2016-2026,,MPV,2S
Subaru Crosstrek,Subaru,Crosstrek,2012-2026,,SUV,YM+
Subaru Dex,Subaru,Dex,2008-2011,,Hatchback,2M
Subaru Dias Wagon,Subaru,Dias Wagon,2003-2020,,MPV,无可用尺码
Subaru Domingo,Subaru,Domingo,1983-1998,,MPV,无可用尺码
Subaru E-Outback,Subaru,E-Outback,2026,,SUV,YXL
Subaru Exiga,Subaru,Exiga,2008-2018,Incl: Crossover 7,Wagon,2XL
Subaru Forester,Subaru,Forester,1997-2016,,SUV,YM+
Subaru Forester,Subaru,Forester,2010-2013,tS,SUV,YM+
Subaru Forester,Subaru,Forester,2016-2026,,SUV,YL
Subaru Getaway,Subaru,Getaway,2026,,SUV,YXL
Subaru Impreza,Subaru,Impreza,1992-2026,Incl: XV,Hatchback/Wagon,2L+
Subaru Impreza,Subaru,Impreza,1992-2011,,Sedan,3M
Subaru Impreza,Subaru,Impreza,1992-2000,,Coupe,3M-0
Subaru Impreza,Subaru,Impreza,2011-2023,,Sedan,3L
Subaru Impreza WRX,Subaru,Impreza WRX,1992-2014,,Hatchback/Wagon,2L+
Subaru Impreza WRX,Subaru,Impreza WRX,1992-2007,,Sedan,3M
Subaru Impreza WRX,Subaru,Impreza WRX,1992-2000,,Coupe,3M-0
Subaru Impreza WRX,Subaru,Impreza WRX,2007-2014,,Sedan,3L
Subaru Impreza WRX STi,Subaru,Impreza WRX STi,1994-2014,,Hatchback/Wagon,2L+
Subaru Impreza WRX STi,Subaru,Impreza WRX STi,1994-2007,,Sedan,3M
Subaru Impreza WRX STi,Subaru,Impreza WRX STi,1994-2000,,Coupe,3M-0
Subaru Impreza WRX STi,Subaru,Impreza WRX STi,2007-2014,,Sedan,3L
Subaru Justy,Subaru,Justy,1984-2026,Incl: L147.4 W62.6 H53.1/L151.4 W62.0 H54.3,Hatchback/MPV,2M
Subaru Legacy,Subaru,Legacy,1989-2014,,Wagon,2XL
Subaru Legacy,Subaru,Legacy,1989-1994,,Sedan,3M
Subaru Legacy,Subaru,Legacy,1993-2009,,Sedan,3L
Subaru Legacy,Subaru,Legacy,2009-2025,,Sedan,3XL
Subaru Legacy Lancaster,Subaru,Legacy Lancaster,1995-2003,,Wagon,2XL
Subaru Leone,Subaru,Leone,1979-1994,,Wagon,2L+
Subaru Leone,Subaru,Leone,1979-1984,,Hatchback,2M
Subaru Leone,Subaru,Leone,1979-1994,,Sedan,3M
Subaru Leone,Subaru,Leone,1979-1994,,Coupe,3M-0
Subaru Levorg,Subaru,Levorg,2014-2026,Incl: Layback,Wagon,2XL
Subaru Libero,Subaru,Libero,1984-1998,,MPV,无可用尺码
Subaru Lucra,Subaru,Lucra,2010-2015,,Hatchback,2S
Subaru Outback,Subaru,Outback,1994-2021,,Wagon,2XL
Subaru Outback,Subaru,Outback,1994-2006,,Sedan,3L
Subaru Outback,Subaru,Outback,2019-2026,,Wagon,2XL+
Subaru Pleo,Subaru,Pleo,1998-2018,,Hatchback,2S
Subaru Pleo Plus,Subaru,Pleo Plus,2012-2026,,Hatchback,2S
Subaru R1,Subaru,R1,2005-2010,,Hatchback,2S
Subaru R2,Subaru,R2,2003-2010,,Hatchback,2S
Subaru Rex,Subaru,Rex,1972-1992,Incl: L125.8 W54.9 H53.1/L125.8 W54.9 H53.5/L127.4 W54.9 H53.1/L129.7 W54.9 H53.5,Hatchback,2S
Subaru Rex,Subaru,Rex,2022-2026,,SUV,YM+
Subaru SVX,Subaru,SVX,1991-1997,,Coupe,3L-0
Subaru Sambar,Subaru,Sambar,1990-2026,,MPV,无可用尺码
Subaru Solterra,Subaru,Solterra,2022-2026,,SUV,YL
Subaru Stella,Subaru,Stella,2006-2026,,MPV,2S
Subaru Trailseeker,Subaru,Trailseeker,2025-2026,,Wagon,2XL+
Subaru Traviq,Subaru,Traviq,2001-2004,,MPV,2L+
Subaru Trezia,Subaru,Trezia,2010-2016,,Hatchback,2M
Subaru Tribeca,Subaru,Tribeca,2004-2007,,SUV,YL
Subaru Tribeca,Subaru,Tribeca,2007-2014,,SUV,YXL
Subaru Uncharted,Subaru,Uncharted,2025-2026,,SUV,YM+
Subaru Vivio,Subaru,Vivio,1992-1998,,Hatchback,2S
Subaru WRX,Subaru,WRX,2014-2026,,Sedan,3L
Subaru WRX,Subaru,WRX,2021-2026,Sportwagon,Wagon,2XL
Subaru WRX STi,Subaru,WRX STi,2014-2021,,Sedan,3L
Subaru XT,Subaru,XT,1987-1992,,Coupe,3M-0
Subaru XV,Subaru,XV,2011-2023,,SUV,YM+
Suzuki APV,Suzuki,APV,2004-2026,,MPV,2XL
Suzuki Across,Suzuki,Across,2020-2026,,SUV,YL
Suzuki Across,Suzuki,Across,2025-2026,,SUV,YM+
Suzuki Aerio,Suzuki,Aerio,2001-2007,,Wagon,2L+
Suzuki Aerio,Suzuki,Aerio,2001-2007,,Sedan,3M
Suzuki Alto,Suzuki,Alto,1979-1994,Incl: L125.8 W54.9 H59.1/L129.7 W54.9 H54.5/Works,Hatchback,2S
Suzuki Alto,Suzuki,Alto,1994-2026,Incl: C/C2/L129.7 W54.9 H46.5/L129.7 W54.9 H55.1/L133.7 W58.1 H47.2/L133.7 W58.1 H57.1,Hatchback,2S
Suzuki Alto,Suzuki,Alto,1998-2012,Works,Hatchback,2S
Suzuki Alto Lapin,Suzuki,Alto Lapin,2002-2025,,Hatchback,2S
Suzuki Baleno,Suzuki,Baleno,1995-2002,,Wagon,2L+
Suzuki Baleno,Suzuki,Baleno,1995-2026,,Hatchback,2M
Suzuki Baleno,Suzuki,Baleno,1995-2002,,Sedan,3M
Suzuki Beidouxing,Suzuki,Beidouxing,2004-2019,X5,MPV,2M
Suzuki Beidouxing,Suzuki,Beidouxing,2004-2019,,Hatchback,2S
Suzuki Beidouxing,Suzuki,Beidouxing,2019-2022,,Hatchback,2M
Suzuki Cappuccino,Suzuki,Cappuccino,1990-1997,,Roadster,无可用尺码
Suzuki Cara,Suzuki,Cara,1993-1995,,Coupe,无可用尺码
Suzuki Carry,Suzuki,Carry,1979-1991,,MPV,无可用尺码
Suzuki Carry,Suzuki,Carry,1991-1998,,MPV,2S
Suzuki Carry,Suzuki,Carry,1999-2005,,Van,2L-200
Suzuki Celerio,Suzuki,Celerio,2014-2021,,Hatchback,2S
Suzuki Celerio,Suzuki,Celerio,2021-2026,,Hatchback,2M
Suzuki Cervo,Suzuki,Cervo,1977-2011,Incl: C,Hatchback,2S
Suzuki Ciaz,Suzuki,Ciaz,2014-2025,,Sedan,3M
Suzuki Cultus,Suzuki,Cultus,1983-2002,Incl: L145.1 W60.8 H53.1/L150.0 W62.0 H54.3/L152.4 W66.5 H53.1,Hatchback,2M
Suzuki Cultus,Suzuki,Cultus,1983-1988,L141.1 W60.2 H53.1,Hatchback,2S
Suzuki Cultus,Suzuki,Cultus,1988-1998,,Sedan,3S
Suzuki Cultus,Suzuki,Cultus,1988-1998,,Convertible,3S-0
Suzuki Cultus,Suzuki,Cultus,1995-2002,Incl: Crescent,Wagon,2L+
Suzuki Cultus,Suzuki,Cultus,1995-1998,Crescent,Sedan,3S
Suzuki Cultus,Suzuki,Cultus,1998-2002,,Sedan,3M
Suzuki DZire,Suzuki,DZire,2020-2026,,Sedan,3S
Suzuki Eeco,Suzuki,Eeco,2010-2026,,MPV/Van,2L-200
Suzuki Ertiga,Suzuki,Ertiga,2012-2026,,MPV,2L+
Suzuki Escudo,Suzuki,Escudo,1988-2023,Incl: L161.0 W66.7 H49.6/L162.4 W64.4 H66.7,SUV,YM+
Suzuki Escudo,Suzuki,Escudo,1988-1998,L140.2 W64.4 H49.6,SUV,YS-380
Suzuki Escudo,Suzuki,Escudo,1997-2005,Grand,SUV,YL
Suzuki Escudo,Suzuki,Escudo,1997-2005,L152.2 W67.3 H66.5,SUV,YS-410
Suzuki Esteem,Suzuki,Esteem,1995-2004,,Wagon,2L+
Suzuki Esteem,Suzuki,Esteem,1995-2004,,Sedan,3M
Suzuki Every,Suzuki,Every,1985-1990,,MPV,无可用尺码
Suzuki Every,Suzuki,Every,1991-1995,,MPV,2S
Suzuki Every,Suzuki,Every,1995-2026,,MPV,无可用尺码
Suzuki Forenza,Suzuki,Forenza,2003-2008,,Wagon,2XL
Suzuki Forenza,Suzuki,Forenza,2003-2008,,Sedan,3M
Suzuki Fronte,Suzuki,Fronte,1986-1988,,Hatchback,2S
Suzuki Fronx,Suzuki,Fronx,2023-2026,,SUV,YM+
Suzuki Grand Vitara,Suzuki,Grand Vitara,1997-2006,XL-7,SUV,YL
Suzuki Grand Vitara,Suzuki,Grand Vitara,1997-2026,Incl: L157.7 W71.3 H66.7/L159.8 W71.3 H66.7/L165.4 W70.1 H66.3/L165.9 W70.1 H68.5/L176.0 W71.3 H66.7/L177.2 W71.3 H66.7,SUV,YM+
Suzuki Grand Vitara,Suzuki,Grand Vitara,1997-2006,Canvas Top/L152.6 W66.7 H66.3/L153.7 W70.1 H68.5/открытый,SUV,YS-410
Suzuki Hustler,Suzuki,Hustler,2014-2026,,Hatchback,2S
Suzuki Ignis,Suzuki,Ignis,2000-2024,Incl: Sport,Hatchback,2M
Suzuki Invicto,Suzuki,Invicto,2026,,MPV,2XL
Suzuki Jimny,Suzuki,Jimny,1970-2026,Incl: Kei car/L143.5 W64.8 H67.9,SUV,YS-380
Suzuki Jimny,Suzuki,Jimny,2018-2026,L156.9 W64.8 H67.7,SUV,YM+
Suzuki Kei,Suzuki,Kei,1998-2009,L133.7 W58.1 H49.8/L133.7 W58.1 H60.8,Hatchback,2S
Suzuki Kizashi,Suzuki,Kizashi,2009-2014,,Sedan,3L
Suzuki Landy,Suzuki,Landy,2007-2026,,MPV,2XL
Suzuki Liana,Suzuki,Liana,2001-2008,,Wagon,2L+
Suzuki Liana,Suzuki,Liana,2001-2008,,Sedan,3M
Suzuki MR Wagon,Suzuki,MR Wagon,2001-2016,,Hatchback/MPV,2S
Suzuki Palette,Suzuki,Palette,2008-2013,,MPV,2S
Suzuki Reno,Suzuki,Reno,2004-2008,,Hatchback,2L+
Suzuki S-Presso,Suzuki,S-Presso,2019-2026,,SUV,YS-380
Suzuki Samurai,Suzuki,Samurai,1981-2003,,SUV,YS-380
Suzuki e Vitara,Suzuki,e Vitara,2025-2026,,SUV,YM+
TVR 280,TVR,280,1980-1986,,Coupe/Roadster,3S-0
TVR 350,TVR,350,1983-1989,,Coupe/Roadster,3S-0
TVR 390,TVR,390,1984-1989,,Roadster,3S-0
TVR 400,TVR,400,1989-1993,,Roadster,3S-0
TVR 420,TVR,420,1984-1989,,Coupe/Roadster,3S-0
TVR 450,TVR,450,1989-1993,,Roadster,3S-0
TVR Cerbera,TVR,Cerbera,1994-2003,,Coupe,3M-0
TVR Chimaera,TVR,Chimaera,1992-2003,,Roadster,3S-0
TVR Griffith,TVR,Griffith,1991-2002,,Roadster,3S-0
TVR S-Series,TVR,S-Series,1986-1996,,Roadster,3S-0
TVR Sagaris,TVR,Sagaris,2004-2006,,Coupe,3S-0
TVR Taimar,TVR,Taimar,1976-1979,,Coupe,3S-0
TVR Tamora,TVR,Tamora,2002-2006,,Roadster,3S-0
TVR Tasmin,TVR,Tasmin,1980-1987,,Convertible/Coupe,3S-0
TVR Tuscan,TVR,Tuscan,1999-2006,,Coupe/Roadster,3M-0
Talbot 1510,Talbot,1510,1980-1984,,Hatchback,2L+
Talbot Avenger,Talbot,Avenger,1970-1981,,Wagon,2L+
Talbot Avenger,Talbot,Avenger,1970-1981,,Sedan,3S
Talbot Horizon,Talbot,Horizon,1978-1986,,Hatchback,2M
Talbot Rancho,Talbot,Rancho,1977-1984,,SUV,YM+
Talbot Samba,Talbot,Samba,1981-1986,,Hatchback,2S
Talbot Samba,Talbot,Samba,1981-1986,,Convertible,无可用尺码
Talbot Solara,Talbot,Solara,1980-1986,,Sedan,3M
Talbot Tagora,Talbot,Tagora,1980-1987,,Sedan,3XL
Tank 300,Tank,300,2020-2026,Incl: Arctic Trucks,SUV,YL
Tank 400,Tank,400,2023-2026,,SUV,YXL
Tank 500,Tank,500,2021-2026,Incl: Arctic Trucks,SUV,YXL
Tank 700,Tank,700,2024-2026,,SUV,YXL
Tata Aria,Tata,Aria,2010-2017,,SUV,YL
Tata Curvv,Tata,Curvv,2024-2026,Incl: EV,SUV,YM+
Tata Estate,Tata,Estate,1993-2000,,Wagon,2XL
Tata Indica,Tata,Indica,1998-2018,,Hatchback,2M
Tata Indigo,Tata,Indigo,2002-2012,,Wagon,2L+
Tata Indigo,Tata,Indigo,2002-2012,,Sedan,3S
Tata Indigo,Tata,Indigo,2009-2016,,Sedan,3M
Tata Nano,Tata,Nano,2008-2018,,Hatchback,2S
Tata Safari,Tata,Safari,1998-2019,,SUV,YL
Tata Sierra,Tata,Sierra,1993-2001,,SUV,YM+
Tata Sumo,Tata,Sumo,1996-2004,,SUV,YM+
Tata Sumo Grande,Tata,Sumo Grande,2008-2016,,SUV,YM+
Tatra 57,Tatra,57,1932-1949,,Convertible,3S-0
Tatra 57,Tatra,57,1932-1949,,Sedan,无可用尺码
Tatra 77,Tatra,77,1934-1938,,Sedan,3XXL
Tatra 80,Tatra,80,1931-1935,,Convertible,3XL+0
Tatra 87,Tatra,87,1936-1950,,Sedan,3XL
Tatra T600,Tatra,T600,1946-1952,,Fastback,3L
Tatra T603,Tatra,T603,1956-1975,,Sedan,3XXL
Tatra T613,Tatra,T613,1973-1996,,Sedan,3XXL
Tatra T613,Tatra,T613,1973-1996,,Convertible,3XXL-0
Tatra T700,Tatra,T700,1996-1999,Incl: GT,Sedan,3XXL
Tazzari Zero,Tazzari,Zero,2009-2016,,Coupe,无可用尺码
Tenet A8,Tenet,A8,2026,,Sedan,3XL
Tenet T4,Tenet,T4,2025-2026,,SUV,YM+
Tenet T4L,Tenet,T4L,2026,,SUV,YM+
Tenet T7,Tenet,T7,2025-2026,,SUV,YM+
Tenet T8,Tenet,T8,2025-2026,,SUV,YL
Tenet Plus L4,Tenet Plus,L4,2026,,SUV,YM+
Tenet Plus L6,Tenet Plus,L6,2026,,SUV,YM+
Tesla Model 3,Tesla,Model 3,2017-2023,,Sedan,3L
Tesla Model 3,Tesla,Model 3,2023-2026,,Sedan,3XL
Tesla Model S,Tesla,Model S,2012-2026,,Liftback,3XXL
Tesla Model X,Tesla,Model X,2015-2026,,SUV,YXL
Tesla Model Y,Tesla,Model Y,2020-2026,,SUV,YL
Tesla Model Y,Tesla,Model Y,2025-2026,L,SUV,YXL
Tesla Roadster,Tesla,Roadster,2008-2017,,Roadster/Targa,3S-0
Thairung Transformer,Thairung,Transformer,2019-2026,,SUV,YXL
Think City,Think,City,2008-2012,,Hatchback,2S
Tianma Dragon,Tianma,Dragon,2005-2015,,SUV,YXXL
Tianye Admiral,Tianye,Admiral,2001-2007,,SUV,YL
Tofas Kartal,Tofas,Kartal,1985-2003,,Wagon,2L+
Tofas Murat 124,Tofas,Murat 124,1971-1977,,Sedan,3S
Tofas Murat 131,Tofas,Murat 131,1985-1995,,Sedan,3M
Tofas Sahin,Tofas,Sahin,1990-2002,,Sedan,3M
Tofas Serce,Tofas,Serce,1985-1996,,Sedan,3S
Toyota 2000GT,Toyota,2000GT,1967-1970,,Coupe,3S-0
Toyota 4Runner,Toyota,4Runner,1984-1989,,SUV,YM+
Toyota 4Runner,Toyota,4Runner,1987-1995,L175.2 W66.5 H66.1/L176.8 W66.5 H69.9,SUV,YM+
Toyota 4Runner,Toyota,4Runner,1995-2013,,SUV,YL
Toyota 4Runner,Toyota,4Runner,2013-2026,,SUV,YXL
Toyota Agya,Toyota,Agya,2013-2026,,Hatchback,2M
Toyota Allex,Toyota,Allex,2001-2006,,Hatchback,2L+
Toyota Allion,Toyota,Allion,2001-2021,,Sedan,3L
Toyota Allion,Toyota,Allion,2021-2026,,Sedan,3XL
Toyota Alphard,Toyota,Alphard,2002-2026,,MPV,2XXL-525
Toyota Altezza,Toyota,Altezza,1998-2005,Gita,Wagon,2L+
Toyota Altezza,Toyota,Altezza,1998-2005,,Sedan,3M
Toyota Aqua,Toyota,Aqua,2011-2026,,Hatchback,2M
Toyota Aristo,Toyota,Aristo,1991-2004,,Sedan,3XL
Toyota Aurion,Toyota,Aurion,2006-2017,,Sedan,3XL
Toyota Auris,Toyota,Auris,2006-2018,,Hatchback,2L+
Toyota Auris,Toyota,Auris,2012-2018,,Wagon,2XL
Toyota Avalon,Toyota,Avalon,1994-2005,,Sedan,3XL
Toyota Avalon,Toyota,Avalon,2005-2026,,Sedan,3XXL
Toyota Avanza,Toyota,Avanza,2006-2015,,MPV,2M
Toyota Avanza,Toyota,Avanza,2015-2019,,MPV,2L+
Toyota Avanza,Toyota,Avanza,2021-2026,,MPV,2L+
Toyota Avensis,Toyota,Avensis,1997-2018,,Wagon,2XL
Toyota Avensis,Toyota,Avensis,1997-2000,,Liftback,3M
Toyota Avensis,Toyota,Avensis,1997-2000,,Sedan,3M
Toyota Avensis,Toyota,Avensis,2000-2009,,Liftback,3L
Toyota Avensis,Toyota,Avensis,2000-2015,,Sedan,3L
Toyota Avensis,Toyota,Avensis,2015-2018,,Sedan,3XL
Toyota Avensis Verso,Toyota,Avensis Verso,2001-2009,,MPV,2XL
Toyota Aygo,Toyota,Aygo,2005-2022,Incl: L134.4 W63.6 H57.7/L135.0 W63.6 H57.7,Hatchback,2S
Toyota Aygo X,Toyota,Aygo X,2022-2026,Incl: GR,Hatchback,2M
Toyota Belta,Toyota,Belta,2005-2025,,Sedan,3M
Toyota Blade,Toyota,Blade,2006-2012,,Hatchback,2L+
Toyota Blizzard,Toyota,Blizzard,1980-1984,,SUV,无可用尺码
Toyota Blizzard,Toyota,Blizzard,1984-1994,L156.1 W62.2 H72.4,SUV,YM+
Toyota Blizzard,Toyota,Blizzard,1984-1994,L143.9 W62.2 H72.0,SUV,YS-410
Toyota Brevis,Toyota,Brevis,2001-2007,,Sedan,3L
Toyota C-HR,Toyota,C-HR,2016-2026,,SUV,YM+
Toyota C-HR+,Toyota,C-HR+,2025-2026,,SUV,YM+
Toyota COMS,Toyota,COMS,2012-2026,,Coupe,无可用尺码
Toyota Caldina,Toyota,Caldina,1992-2002,,Wagon,2XL
Toyota Caldina,Toyota,Caldina,2002-2007,,Wagon,2L+
Toyota Cami,Toyota,Cami,1999-2006,,SUV,YS-380
Toyota Camry,Toyota,Camry,1980-1982,Celica Camry,Sedan,3M
Toyota Camry,Toyota,Camry,1982-1988,,Liftback,3M
Toyota Camry,Toyota,Camry,1982-1991,,Sedan,3M
Toyota Camry,Toyota,Camry,1986-2002,Incl: Gracia,Wagon,2XL
Toyota Camry,Toyota,Camry,1990-1998,,Sedan,3L
Toyota Camry,Toyota,Camry,1996-2021,,Sedan,3XL
Toyota Camry,Toyota,Camry,1996-2017,Gracia/Japan Market/US Market,Sedan,3XL
Toyota Camry,Toyota,Camry,2020-2026,,Sedan,3XXL
Toyota Camry Solara,Toyota,Camry Solara,1998-2009,,Convertible/Coupe,3XL-0
Toyota Carina,Toyota,Carina,1973-1978,,Sedan,3S
Toyota Carina,Toyota,Carina,1973-1978,,Coupe,3S-0
Toyota Carina,Toyota,Carina,1978-1993,,Hatchback/Wagon,2L+
Toyota Carina,Toyota,Carina,1978-1993,,Sedan,3M
Toyota Carina,Toyota,Carina,1978-1988,,Coupe,3M-0
Toyota Carina,Toyota,Carina,1992-1996,,Sedan,3L
Toyota Carina,Toyota,Carina,1996-2001,,Sedan,3M
Toyota Carina E,Toyota,Carina E,1992-1998,,Wagon,2XL
Toyota Carina E,Toyota,Carina E,1992-1998,,Liftback/Sedan,3L
Toyota Carina ED,Toyota,Carina ED,1985-1998,,Sedan,3M
Toyota Cavalier,Toyota,Cavalier,1995-2000,,Sedan,3L
Toyota Cavalier,Toyota,Cavalier,1995-2000,,Coupe,3L-0
Toyota Celica,Toyota,Celica,1970-1977,,Liftback,3S-0
Toyota Celica,Toyota,Celica,1977-1990,,Liftback,3M-0
Toyota Celica,Toyota,Celica,1981-1999,,Convertible/Coupe,3M-0
Toyota Celica,Toyota,Celica,1993-2006,,Liftback,3M-0
Toyota Celsior,Toyota,Celsior,1989-2006,,Sedan,3XXL
Toyota Century,Toyota,Century,1982-2017,,Sedan,3XXL
Toyota Century,Toyota,Century,2018-2026,,Sedan,3XXXL
Toyota Century,Toyota,Century,2023-2026,,SUV,YXXL
Toyota Chaser,Toyota,Chaser,1977-1992,,Sedan,3L
Toyota Chaser,Toyota,Chaser,1992-2001,,Sedan,3XL
Toyota Classic,Toyota,Classic,1996-1997,,Sedan,3XXL
Toyota Comfort,Toyota,Comfort,1995-2017,,Sedan,3L
Toyota Copen,Toyota,Copen,2019-2026,GR Sport,Convertible,无可用尺码
Toyota Corolla,Toyota,Corolla,1966-1974,,Wagon,2M
Toyota Corolla,Toyota,Corolla,1966-1993,,Sedan,3S
Toyota Corolla,Toyota,Corolla,1966-1980,,Coupe/Liftback,3S-0
Toyota Corolla,Toyota,Corolla,1979-2002,,Hatchback,2M
Toyota Corolla,Toyota,Corolla,1979-1987,,Wagon,2M
Toyota Corolla,Toyota,Corolla,1983-2025,Fielder/iM/L165.6 W64.0 H52.6/Runx,Hatchback/Wagon,2L+
Toyota Corolla,Toyota,Corolla,1983-1988,FX/L156.3 W64.4 H54.5,Hatchback,2M
Toyota Corolla,Toyota,Corolla,1983-1988,,Coupe,3S-0
Toyota Corolla,Toyota,Corolla,1987-2007,,Wagon,2L+
Toyota Corolla,Toyota,Corolla,1987-2002,,Liftback,3M
Toyota Corolla,Toyota,Corolla,1987-1993,,Coupe,3M-0
Toyota Corolla,Toyota,Corolla,1991-2007,,Sedan,3M
Toyota Corolla,Toyota,Corolla,1991-2025,Axio/Ceres,Sedan,3M
Toyota Corolla,Toyota,Corolla,1995-2007,,Hatchback,2L+
Toyota Corolla,Toyota,Corolla,2000-2004,,Sedan,3L
Toyota Corolla,Toyota,Corolla,2006-2026,,Sedan,3L
Toyota Corolla,Toyota,Corolla,2018-2026,,Hatchback,2L+
Toyota Corolla,Toyota,Corolla,2018-2026,Touring,Wagon,2XL
Toyota Corolla,Toyota,Corolla,2018-2026,Sporty,Sedan,3L
Toyota Corolla,Toyota,Corolla,2018-2026,GR,Hatchback,无可用尺码
Toyota Corolla,Toyota,Corolla,2022-2026,GR,Hatchback,2L+
Toyota Corolla,Toyota,Corolla,2025-2026,,Sedan,3XL
Toyota Corolla Cross,Toyota,Corolla Cross,2020-2026,,SUV,YM+
Toyota Corolla II,Toyota,Corolla II,1978-1999,Incl: L154.3 W64.0 H53.9/L157.3 W64.0 H52.6,Hatchback,2M
Toyota Corolla II,Toyota,Corolla II,1990-1994,,Sedan,3S
Toyota Corolla Levin,Toyota,Corolla Levin,1979-1987,,Hatchback,2L+
Toyota Corolla Levin,Toyota,Corolla Levin,1983-2000,,Coupe,3M-0
Toyota Corolla Rumion,Toyota,Corolla Rumion,2007-2016,,Wagon,2L+
Toyota Corolla Spacio,Toyota,Corolla Spacio,1997-2001,,MPV,2M
Toyota Corolla Spacio,Toyota,Corolla Spacio,2001-2007,,MPV,2L+
Toyota Corolla Verso,Toyota,Corolla Verso,2001-2009,,MPV,2L+
Toyota Corona,Toyota,Corona,1973-1993,,Wagon,2L+
Toyota Corona,Toyota,Corona,1973-1981,"Incl: V (T100, T110, T120) L4210 W1610 H1390/V (T100, T110, T120) L4260 W1645 H1400",Liftback/Sedan,3M
Toyota Corona,Toyota,Corona,1973-1989,Incl: T160,Coupe,3M-0
Toyota Corona,Toyota,Corona,1982-1988,T140,Sedan,3M
Toyota Corona,Toyota,Corona,1983-1993,,Liftback,3M
Toyota Corona,Toyota,Corona,1983-1993,,Sedan,3M
Toyota Corona,Toyota,Corona,1992-1998,,Liftback,3L
Toyota Corona,Toyota,Corona,1992-1998,,Sedan,3L
Toyota Corona,Toyota,Corona,1996-2001,Premio,Sedan,3L
Toyota Corona EXiV,Toyota,Corona EXiV,1989-1998,,Sedan,3M
Toyota Corsa,Toyota,Corsa,1982-1999,Incl: L152.2 W64.0 H53.9/L152.2 W64.0 H54.1,Hatchback,2M
Toyota Corsa,Toyota,Corsa,1982-1999,,Sedan,3S
Toyota Cressida,Toyota,Cressida,1977-1985,,Wagon,2XL
Toyota Cressida,Toyota,Cressida,1977-1981,,Sedan,3L
Toyota Cressida,Toyota,Cressida,1980-1985,,Sedan,3M
Toyota Cressida,Toyota,Cressida,1988-1996,,Sedan,3L
Toyota Cresta,Toyota,Cresta,1980-1992,,Sedan,3L
Toyota Cresta,Toyota,Cresta,1992-2001,,Sedan,3XL
Toyota Crown,Toyota,Crown,1965-1967,,Wagon,2XL
Toyota Crown,Toyota,Crown,1965-1974,,Sedan,3L
Toyota Crown,Toyota,Crown,1971-1974,,Coupe,3L-0
Toyota Crown,Toyota,Crown,1974-1987,,Sedan,3XL
Toyota Crown,Toyota,Crown,1979-2001,,Wagon,2XL
Toyota Crown,Toyota,Crown,1987-1999,,Sedan,3L
Toyota Crown,Toyota,Crown,1991-1995,,Wagon,2XL+
Toyota Crown,Toyota,Crown,1991-2012,,Sedan,3XL
Toyota Crown,Toyota,Crown,1999-2008,,Wagon,2XL+
Toyota Crown,Toyota,Crown,2001-2017,,Sedan,3L
Toyota Crown,Toyota,Crown,2012-2026,,Sedan,3XXL
Toyota Crown,Toyota,Crown,2022-2026,Crossover,Fastback,3XXL
Toyota Crown,Toyota,Crown,2022-2026,Sport,SUV,YL
Toyota Crown,Toyota,Crown,2022-2026,Estate/Signia,SUV,YXL
Toyota Crown Kluger,Toyota,Crown Kluger,2021-2026,,SUV,YXL
Toyota Crown Majesta,Toyota,Crown Majesta,1991-2018,,Sedan,3XXL
Toyota Curren,Toyota,Curren,1994-1999,,Coupe,3M-0
Toyota Cynos,Toyota,Cynos,1991-1999,,Convertible/Coupe,3S-0
Toyota Duet,Toyota,Duet,1998-2004,,Hatchback,2M
Toyota Echo,Toyota,Echo,1999-2005,,Hatchback,2M
Toyota Echo,Toyota,Echo,1999-2005,,Sedan,3S
Toyota Echo,Toyota,Echo,1999-2005,,Coupe,3S-0
Toyota Esquire,Toyota,Esquire,2014-2021,,MPV,2XL
Toyota Estima,Toyota,Estima,1990-2019,Incl: Emina/Lucida,MPV,2XL
Toyota Etios,Toyota,Etios,2010-2021,,Hatchback,2M
Toyota Etios,Toyota,Etios,2010-2021,,Sedan,3M
Toyota FJ Cruiser,Toyota,FJ Cruiser,2006-2022,,SUV,YL
Toyota Fortuner,Toyota,Fortuner,2005-2026,Incl: Arctic Trucks,SUV,YL
Toyota Frontlander,Toyota,Frontlander,2021-2026,,SUV,YM+
Toyota FunCargo,Toyota,FunCargo,1999-2005,,MPV,2M
Toyota GR GT,Toyota,GR GT,2027,,Coupe,3XL-0
Toyota GR86,Toyota,GR86,2021-2026,,Coupe,3M-0
Toyota GT86,Toyota,GT86,2012-2021,,Coupe,3M-0
Toyota Gaia,Toyota,Gaia,1998-2004,,MPV,2XL
Toyota Grand HiAce,Toyota,Grand HiAce,1999-2002,,MPV,2XL-200
Toyota Grand Highlander,Toyota,Grand Highlander,2023-2026,,SUV,YXXL
Toyota Granvia,Toyota,Granvia,1995-2002,,MPV,2XL-200
Toyota Granvia,Toyota,Granvia,2019-2026,,MPV,2XXL-545
Toyota Granvia,Toyota,Granvia,2021-2026,,MPV,2XXL-525
Toyota Harrier,Toyota,Harrier,1997-2003,,SUV,YM+
Toyota Harrier,Toyota,Harrier,2003-2026,,SUV,YL
Toyota HiAce,Toyota,HiAce,1982-1989,,MPV,2XL-200
Toyota HiAce,Toyota,HiAce,1982-2026,,Van,2XL-200
Toyota HiAce,Toyota,HiAce,1989-2026,,MPV,2XXL-545
Toyota HiAce,Toyota,HiAce,1995-2012,,MPV,2XL-200
Toyota HiAce,Toyota,HiAce,1995-2012,Long,MPV,2XXL-525
Toyota HiAce,Toyota,HiAce,2019-2026,,Van,2XXL-545
Toyota Highlander,Toyota,Highlander,2001-2013,,SUV,YL
Toyota Highlander,Toyota,Highlander,2013-2026,,SUV,YXL
Toyota Hilux Surf,Toyota,Hilux Surf,1984-1991,,SUV,YM+
Toyota Hilux Surf,Toyota,Hilux Surf,1991-1995,,SUV,YL
Toyota Hilux Surf,Toyota,Hilux Surf,1995-2002,,SUV,YM+
Toyota Hilux Surf,Toyota,Hilux Surf,2002-2009,,SUV,YL
Toyota ISis,Toyota,ISis,2004-2017,,MPV,2XL
Toyota Innova,Toyota,Innova,2004-2026,,MPV,2XL
Toyota Ipsum,Toyota,Ipsum,1995-2009,,MPV,2XL
Toyota Ist,Toyota,Ist,2001-2016,,Hatchback,2M
Toyota Izoa,Toyota,Izoa,2018-2025,,SUV,YM+
Toyota JPN Taxi,Toyota,JPN Taxi,2017-2026,,MPV,2L+
Toyota Kluger,Toyota,Kluger,2000-2013,,SUV,YL
Toyota Land Cruiser,Toyota,Land Cruiser,1960-1984,,SUV,YS-410
Toyota Land Cruiser,Toyota,Land Cruiser,1980-1994,,SUV,YL
Toyota Land Cruiser,Toyota,Land Cruiser,1984-2026,71/L160.2 W69.7 H76.2,SUV,YM+
Toyota Land Cruiser,Toyota,Land Cruiser,1984-2026,78/L196.7 W73.6 H81.5,SUV,YXXL
Toyota Land Cruiser,Toyota,Land Cruiser,1995-2026,Incl: 76/Arctic Trucks/Cygnus,SUV,YXL
Toyota Land Cruiser FJ,Toyota,Land Cruiser FJ,2025-2026,,SUV,YM+
Toyota Land Cruiser Prado,Toyota,Land Cruiser Prado,1987-2024,L170.5 W71.7 H73.6/L170.9 W73.8 H73.4/L173.0 W74.2 H72.0/L173.4 W73.8 H73.4/L176.6 W74.2 H72.0/L177.4 W74.2 H72.0/L180.5 W66.5 H74.4,SUV,YM+
Toyota Land Cruiser Prado,Toyota,Land Cruiser Prado,1987-1996,L155.3 W66.5 H74.2,SUV,YS-410
Toyota Land Cruiser Prado,Toyota,Land Cruiser Prado,1996-2017,L184.1 W71.7 H74.0/L184.6 W71.7 H74.0/L185.6 W73.8 H73.0/L187.4 W74.2 H72.6/L188.2 W74.2 H74.4,SUV,YL
Toyota Land Cruiser Prado,Toyota,Land Cruiser Prado,2002-2026,Incl: L190.6 W73.0 H72.6/L190.9 W73.8 H73.0,SUV,YXL
Toyota Land Cruiser Prado,Toyota,Land Cruiser Prado,2002-2007,Arctic Trucks,SUV,无可用尺码
Toyota Land Cruiser Prado,Toyota,Land Cruiser Prado,2013-2017,Arctic Trucks,SUV,YL
Toyota Land Cruiser Prado,Toyota,Land Cruiser Prado,2017-2020,Arctic Trucks,SUV,YXL
Toyota Levin,Toyota,Levin,2014-2026,Incl: Hybrid/L,Sedan,3L
Toyota Lite Ace,Toyota,Lite Ace,1979-1985,,MPV,2M
Toyota Lite Ace,Toyota,Lite Ace,1979-1985,,Van,2M
Toyota Lite Ace,Toyota,Lite Ace,1985-1992,,MPV,2L-200
Toyota Lite Ace,Toyota,Lite Ace,1985-1992,,Van,2L-200
Toyota Lite Ace,Toyota,Lite Ace,1992-1996,,Van,2L+
Toyota Lite Ace,Toyota,Lite Ace,1992-2007,,MPV,2XL-200
Toyota Lite Ace,Toyota,Lite Ace,1996-2007,Noah,MPV,2XL
Toyota Lite Ace,Toyota,Lite Ace,2008-2020,,MPV,2L-200
Toyota MR-S,Toyota,MR-S,1999-2007,,Roadster,3S-0
Toyota MR2,Toyota,MR2,1984-2007,,Coupe/Roadster/Targa,3S-0
Toyota Mark II,Toyota,Mark II,1968-1978,,Wagon,2L+
Toyota Mark II,Toyota,Mark II,1972-1980,,Sedan,3M
Toyota Mark II,Toyota,Mark II,1976-1980,,Coupe,3L-0
Toyota Mark II,Toyota,Mark II,1980-2007,Incl: Blit/Qualis,Wagon,2XL
Toyota Mark II,Toyota,Mark II,1980-1997,,Sedan,3L
Toyota Mark II,Toyota,Mark II,1992-2007,,Sedan,3XL
Toyota Mark X,Toyota,Mark X,2004-2019,,Sedan,3XL
Toyota Mark X ZiO,Toyota,Mark X ZiO,2007-2013,,MPV,2XL
Toyota MasterAce Surf,Toyota,MasterAce Surf,1982-1991,,MPV,2XL
Toyota Matrix,Toyota,Matrix,2002-2014,,Hatchback,2L+
Toyota Mega Cruiser,Toyota,Mega Cruiser,1995-2001,,SUV,YXXL
Toyota Mirai,Toyota,Mirai,2015-2026,,Sedan,3XXL
Toyota Model F,Toyota,Model F,1982-1992,,MPV,2XL
Toyota Nadia,Toyota,Nadia,1998-2003,,MPV,2L+
Toyota Noah,Toyota,Noah,2001-2021,,MPV,2XL
Toyota Noah,Toyota,Noah,2022-2026,,MPV,2XL-200
Toyota Opa,Toyota,Opa,2000-2005,,Wagon,2L+
Toyota Origin,Toyota,Origin,2000-2001,,Sedan,3L
Toyota Paseo,Toyota,Paseo,1991-1999,,Convertible/Coupe,3S-0
Toyota Passo,Toyota,Passo,2004-2023,,Hatchback,2M
Toyota Passo Sette,Toyota,Passo Sette,2008-2012,,MPV,2L+
Toyota Picnic,Toyota,Picnic,1996-2009,,MPV,2XL
Toyota Pixis Epoch,Toyota,Pixis Epoch,2012-2026,,Hatchback,2S
Toyota Pixis Joy,Toyota,Pixis Joy,2016-2023,,Hatchback,2S
Toyota Pixis Mega,Toyota,Pixis Mega,2015-2022,,MPV,无可用尺码
Toyota Pixis Space,Toyota,Pixis Space,2011-2017,,MPV,2S
Toyota Platz,Toyota,Platz,1999-2005,,Sedan,3S
Toyota Porte,Toyota,Porte,2004-2020,,MPV,2M
Toyota Premio,Toyota,Premio,2001-2021,,Sedan,3L
Toyota Previa,Toyota,Previa,1990-2019,,MPV,2XL
Toyota Prius,Toyota,Prius,1997-2003,,Sedan,3M
Toyota Prius,Toyota,Prius,2003-2016,,Liftback,3M
Toyota Prius,Toyota,Prius,2011-2016,PHV,Liftback,3M
Toyota Prius,Toyota,Prius,2015-2026,,Liftback,3L
Toyota Prius,Toyota,Prius,2015-2023,PHV ZVW52,Liftback,3L
Toyota Prius Alpha,Toyota,Prius Alpha,2011-2021,,Wagon,2XL
Toyota Prius c,Toyota,Prius c,2011-2021,,Hatchback,2M
Toyota ProAce City,Toyota,ProAce City,2019-2026,Incl: L1/L2/Long/Verso L1/Verso L2,MPV/Van,2XL
Toyota Probox,Toyota,Probox,2002-2026,,Wagon,2L+
Toyota Progres,Toyota,Progres,1998-2007,,Sedan,3M
Toyota Pronard,Toyota,Pronard,2000-2004,,Sedan,3XXL
Toyota Publica,Toyota,Publica,1961-1969,,Coupe,无可用尺码
Toyota Publica,Toyota,Publica,1969-1978,,Sedan,3S
Toyota RAV4,Toyota,RAV4,1994-2006,L162.0 W66.7 H65.4/L167.1 W70.3 H66.1,SUV,YM+
Toyota RAV4,Toyota,RAV4,1994-2000,L145.9 W66.7 H65.0,SUV,YS-380
Toyota RAV4,Toyota,RAV4,2000-2006,L151.6 W69.5 H65.7/L151.6 W70.3 H65.7,SUV,YS-410
Toyota RAV4,Toyota,RAV4,2005-2016,Long,SUV,YL
Toyota RAV4,Toyota,RAV4,2005-2016,,SUV,YM+
Toyota RAV4,Toyota,RAV4,2015-2019,,SUV,YL
Toyota RAV4,Toyota,RAV4,2018-2026,,SUV,YM+
Toyota RAV4,Toyota,RAV4,2025-2026,,SUV,YL
Toyota Ractis,Toyota,Ractis,2005-2016,,Hatchback,2M
Toyota Raize,Toyota,Raize,2019-2026,,SUV,YM+
Toyota Raum,Toyota,Raum,1997-2011,,MPV,2M
Toyota Regius,Toyota,Regius,1997-1999,,MPV,2XXL-525
Toyota Regius,Toyota,Regius,1999-2002,,MPV,2XL-200
Toyota Regius Ace,Toyota,Regius Ace,1999-2004,,MPV,2XL-200
Toyota Regius Ace,Toyota,Regius Ace,2004-2020,,MPV,无可用尺码
Toyota Reiz,Toyota,Reiz,2005-2017,,Sedan,3XL
Toyota Roomy,Toyota,Roomy,2016-2026,,MPV,2M
Toyota Rumion,Toyota,Rumion,2021-2026,,MPV,2L+
Toyota Rush,Toyota,Rush,2006-2026,,SUV,YM+
Toyota Sai,Toyota,Sai,2009-2017,,Sedan,3L
Toyota Scepter,Toyota,Scepter,1992-1996,,Wagon,2XL
Toyota Scepter,Toyota,Scepter,1992-1996,,Sedan,3XL
Toyota Scepter,Toyota,Scepter,1992-1996,,Coupe,3XL-0
Toyota Sequoia,Toyota,Sequoia,2000-2022,,SUV,YXXL
Toyota Sequoia,Toyota,Sequoia,2022-2026,,SUV,YXXL-545
Toyota Sequoia,Toyota,Sequoia,2022-2026,Arctic Trucks,SUV,无可用尺码
Toyota Sera,Toyota,Sera,1990-1994,,Coupe,3S-0
Toyota Sienna,Toyota,Sienna,1997-2005,,MPV,2XL+
Toyota Sienna,Toyota,Sienna,2005-2026,,MPV,2XXL-525
Toyota Sienta,Toyota,Sienta,2003-2015,,MPV,2M
Toyota Sienta,Toyota,Sienta,2015-2026,,MPV,2L+
Toyota Soarer,Toyota,Soarer,1981-1991,,Coupe,3L-0
Toyota Soarer,Toyota,Soarer,1991-2001,,Coupe,3XL-0
Toyota Soarer,Toyota,Soarer,2001-2005,,Convertible,3M-0
Toyota Soluna,Toyota,Soluna,1996-2003,,Sedan,3S
Toyota Spade,Toyota,Spade,2012-2020,,MPV,2M
Toyota Sparky,Toyota,Sparky,2000-2003,,MPV,2L-200
Toyota Sports 800,Toyota,Sports 800,1965-1969,,Targa,3S-0
Toyota Sprinter,Toyota,Sprinter,1974-1987,,Sedan,3S
Toyota Sprinter,Toyota,Sprinter,1983-2002,Incl: Cielo,Hatchback/Liftback/Wagon,2L+
Toyota Sprinter,Toyota,Sprinter,1987-2002,,Sedan,3M
Toyota Sprinter Carib,Toyota,Sprinter Carib,1982-2002,,Wagon,2L+
Toyota Sprinter Marino,Toyota,Sprinter Marino,1992-1998,,Sedan,3M
Toyota Sprinter Trueno,Toyota,Sprinter Trueno,1983-1987,,Hatchback,2L+
Toyota Sprinter Trueno,Toyota,Sprinter Trueno,1983-2000,,Coupe,3M-0
Toyota Starlet,Toyota,Starlet,1978-1999,,Hatchback,2M
Toyota Starlet Cross,Toyota,Starlet Cross,2024-2026,,SUV,YM+
Toyota Succeed,Toyota,Succeed,2002-2020,,Wagon,2L+
Toyota Supra,Toyota,Supra,1986-2002,,Coupe,3L-0
Toyota Supra,Toyota,Supra,2019-2026,,Coupe,3M-0
Toyota Tank,Toyota,Tank,2016-2020,,MPV,2M
Toyota Tercel,Toyota,Tercel,1978-1994,I (L10) L3960 W1555 H1375/I (L10) L3990 W1555 H1375/IV (L40) L4110 W1660 H1385/IV (L40) L4110 W1661 H1351,Sedan,3S
Toyota Tercel,Toyota,Tercel,1982-1988,,Wagon,2L+
Toyota Tercel,Toyota,Tercel,1982-1999,Incl: L152.2 W64.0 H53.9/L152.2 W64.0 H54.1,Hatchback,2M
Toyota Tercel,Toyota,Tercel,1982-1988,,Sedan,3S
Toyota Tercel,Toyota,Tercel,1986-1990,,Sedan,3M
Toyota Tercel,Toyota,Tercel,1994-1999,,Sedan,3S
Toyota Tercel,Toyota,Tercel,1994-1999,,Coupe,3S-0
Toyota Touring HiAce,Toyota,Touring HiAce,1999-2002,,MPV,2XL
Toyota Town Ace,Toyota,Town Ace,1976-1982,,MPV,2M
Toyota Town Ace,Toyota,Town Ace,1982-1985,,MPV,2XL
Toyota Town Ace,Toyota,Town Ace,1985-1988,,MPV,2L+
Toyota Town Ace,Toyota,Town Ace,1988-1991,,MPV,2XL-200
Toyota Town Ace,Toyota,Town Ace,1992-1996,,Van,2L+
Toyota Town Ace,Toyota,Town Ace,1992-2007,,MPV,2XL
Toyota Town Ace,Toyota,Town Ace,1996-2007,,Van,2XL
Toyota Town Ace,Toyota,Town Ace,1996-2007,Noah,MPV,2XL-200
Toyota Town Ace,Toyota,Town Ace,2007-2020,,MPV,2L-200
Toyota Urban Cruiser,Toyota,Urban Cruiser,2009-2014,,Hatchback,2M
Toyota Urban Cruiser,Toyota,Urban Cruiser,2020-2026,,SUV,YM+
Toyota Urban Cruiser Taisor,Toyota,Urban Cruiser Taisor,2024-2026,,SUV,YM+
Toyota Vanguard,Toyota,Vanguard,2007-2013,,SUV,YM+
Toyota Vellfire,Toyota,Vellfire,2008-2026,,MPV,2XXL-525
Toyota Veloz,Toyota,Veloz,2021-2026,,MPV,2L+
Toyota Venza,Toyota,Venza,2008-2012,,SUV,YL
Toyota Venza,Toyota,Venza,2012-2017,,SUV,YXL
Toyota Venza,Toyota,Venza,2020-2026,,SUV,YL
Toyota Verossa,Toyota,Verossa,2001-2004,,Sedan,3XL
Toyota Verso,Toyota,Verso,2009-2018,,MPV,2L+
Toyota Verso-S,Toyota,Verso-S,2010-2018,,Hatchback,2M
Toyota Vios,Toyota,Vios,2003-2026,,Sedan,3M
Toyota Vista,Toyota,Vista,1982-1986,,Hatchback,2L+
Toyota Vista,Toyota,Vista,1982-1986,,Sedan,3M
Toyota Vista,Toyota,Vista,1986-2003,,Sedan,3L
Toyota Vista,Toyota,Vista,1998-2003,Ardeo,Wagon,2XL
Toyota Vitz,Toyota,Vitz,1999-2020,Incl: GRMN,Hatchback,2M
Toyota Voltz,Toyota,Voltz,2002-2004,,Hatchback,2L+
Toyota Voxy,Toyota,Voxy,2001-2021,,MPV,2XL
Toyota Voxy,Toyota,Voxy,2022-2026,,MPV,2XL-200
Toyota WiLL,Toyota,WiLL,2000-2001,,Sedan,3S
Toyota WiLL,Toyota,WiLL,2001-2004,,Hatchback,2L+
Toyota WiLL Cypha,Toyota,WiLL Cypha,2002-2005,,Hatchback,2M
Toyota Wigo,Toyota,Wigo,2014-2017,,Hatchback,2S
Toyota Wigo,Toyota,Wigo,2017-2026,,Hatchback,2M
Toyota Wildlander,Toyota,Wildlander,2020-2025,,SUV,YL
Toyota Wildlander,Toyota,Wildlander,2025-2026,,SUV,YM+
Toyota Windom,Toyota,Windom,1991-2006,,Sedan,3XL
Toyota Wish,Toyota,Wish,2003-2017,,MPV,2XL
Toyota Yaris,Toyota,Yaris,1999-2020,,Hatchback,2M
Toyota Yaris,Toyota,Yaris,2005-2026,Incl: L,Sedan,3M
Toyota Yaris,Toyota,Yaris,2010-2026,GR/L153.0 W66.7 H59.8/L153.0 W66.7 H60.2,Hatchback,2M
Toyota Yaris,Toyota,Yaris,2016-2021,,Hatchback,2L+
Toyota Yaris,Toyota,Yaris,2016-2021,L,Hatchback,2L+
Toyota Yaris,Toyota,Yaris,2016-2021,L X,Hatchback,2L+
Toyota Yaris,Toyota,Yaris,2020-2026,,Hatchback,2S
Toyota Yaris,Toyota,Yaris,2023-2026,XP150,Hatchback,2XL
Toyota Yaris,Toyota,Yaris,2024-2026,,Hatchback,2M
Toyota Yaris Cross,Toyota,Yaris Cross,2020-2026,,SUV,YM+
Toyota Yaris Verso,Toyota,Yaris Verso,1999-2006,,MPV,2M
Toyota Zelas,Toyota,Zelas,2010-2016,,Coupe,3M-0
Toyota bB,Toyota,bB,2000-2016,,MPV,2M
Toyota bZ,Toyota,bZ,2026,,SUV,YL
Toyota bZ,Toyota,bZ,2026,Woodland,SUV,YXL
Toyota bZ3,Toyota,bZ3,2023-2026,,Sedan,3XL
Toyota bZ3X,Toyota,bZ3X,2025-2026,,SUV,YM+
Toyota bZ4X,Toyota,bZ4X,2022-2026,,SUV,YL
Toyota bZ4X,Toyota,bZ4X,2025-2026,Touring,SUV,YXL
Toyota bZ5,Toyota,bZ5,2025-2026,,SUV,YL
Toyota bZ7,Toyota,bZ7,2026,,Sedan,3XXL
Toyota iQ,Toyota,iQ,2008-2015,,Hatchback,2S
Toyota xA,Toyota,xA,2006-2007,,Hatchback,2M
Trabant 1.1,Trabant,1.1,1990-1991,,Wagon,2S
Trabant 1.1,Trabant,1.1,1990-1991,,Convertible/Sedan,无可用尺码
Trabant 600,Trabant,600,1962-1964,,Wagon,2S
Trabant 600,Trabant,600,1962-1964,,Sedan,无可用尺码
Trabant P 601,Trabant,P 601,1963-1990,,Wagon,2S
Trabant P 601,Trabant,P 601,1963-1990,,Convertible/Sedan,无可用尺码
Trabant P50,Trabant,P50,1958-1962,,Wagon,2S
Trabant P50,Trabant,P50,1958-1962,,Sedan,无可用尺码
Tramontana Tramontana,Tramontana,Tramontana,2007-2026,,Coupe/Speedster,3XL-0
Triumph Acclaim,Triumph,Acclaim,1981-1984,,Sedan,3S
Triumph GT6,Triumph,GT6,1966-1973,,Coupe,3S-0
Triumph Spitfire,Triumph,Spitfire,1965-1980,,Roadster,3S-0
Triumph Stag,Triumph,Stag,1970-1977,,Convertible,3M-0
Triumph TR3,Triumph,TR3,1957-1963,,Roadster,3S-0
Triumph TR4,Triumph,TR4,1961-1967,Incl: TR4A,Roadster,3S-0
Triumph TR6,Triumph,TR6,1968-1976,,Roadster,3S-0
Triumph TR7,Triumph,TR7,1975-1981,,Coupe/Roadster,3S-0
Triumph TR8,Triumph,TR8,1980-1981,,Roadster,3S-0
UMO 5,UMO,5,2026,,SUV,YM+
UMO 8,UMO,8,2026,,SUV,YXL
Ultima Can-Am,Ultima,Can-Am,2001-2016,,Convertible,3S-0
Ultima GTR,Ultima,GTR,1999-2016,,Coupe,3S-0
Ultima RS,Ultima,RS,2019-2026,,Coupe,3S-0
VGV U70,VGV,U70,2019-2022,,SUV,YL
VGV U70 Pro,VGV,U70 Pro,2022-2026,,SUV,YL
VGV U75 Plus,VGV,U75 Plus,2021-2026,,SUV,YL
VUHL 05,VUHL,05,2013-2020,,Roadster,3S-0
Vauxhall Adam,Vauxhall,Adam,2013-2019,Incl: Rocks,Hatchback,2M
Vauxhall Ampera,Vauxhall,Ampera,2011-2015,,Hatchback,2L+
Vauxhall Astra,Vauxhall,Astra,1979-1993,,Wagon,2L+
Vauxhall Astra,Vauxhall,Astra,1979-2005,,Hatchback,2M
Vauxhall Astra,Vauxhall,Astra,1984-1993,,Sedan,3M
Vauxhall Astra,Vauxhall,Astra,1984-1993,,Convertible,3S-0
Vauxhall Astra,Vauxhall,Astra,1991-2001,,Convertible,3M-0
Vauxhall Astra,Vauxhall,Astra,1998-2010,,Wagon,2L+
Vauxhall Astra,Vauxhall,Astra,1998-2005,,Coupe,3M-0
Vauxhall Astra,Vauxhall,Astra,2004-2015,L167.3 W69.0 H57.5/L168.9 W69.0 H56.5/L174.0 W71.4 H59.4/L175.8 W72.4 H58.3,Hatchback,2L+
Vauxhall Astra,Vauxhall,Astra,2004-2010,,Convertible,3M-0
Vauxhall Astra,Vauxhall,Astra,2009-2015,,Wagon,2XL
Vauxhall Carlton,Vauxhall,Carlton,1984-1994,,Wagon,2XL
Vauxhall Carlton,Vauxhall,Carlton,1984-1994,,Sedan,3XL
Vauxhall Cavalier,Vauxhall,Cavalier,1975-1981,,Hatchback,2L+
Vauxhall Cavalier,Vauxhall,Cavalier,1975-1981,,Sedan,3M
Vauxhall Cavalier,Vauxhall,Cavalier,1975-1981,,Coupe,3M-0
Vauxhall Chevette,Vauxhall,Chevette,1975-1984,,Hatchback,2M
Vauxhall Chevette,Vauxhall,Chevette,1975-1984,,Sedan,3S
Vauxhall Combo,Vauxhall,Combo,2018-2026,Incl: XL,MPV/Van,2XL
Vauxhall Corsa,Vauxhall,Corsa,1993-2026,Incl: L146.8 W63.3 H55.9/L147.2 W63.4 H55.9/L158.3 W68.3 H58.3/L158.3 W68.7 H58.3,Hatchback,2M
Vauxhall Firenza,Vauxhall,Firenza,1970-1975,,Coupe,3S-0
Vauxhall Frontera,Vauxhall,Frontera,1991-2004,L183.4 W70.3 H68.5/L183.4 W71.4 H68.8/L184.7 W69.4 H69.0,SUV,YL
Vauxhall Frontera,Vauxhall,Frontera,1991-2004,L165.0 W70.1 H67.8/L168.0 W70.4 H66.6/L168.0 W71.4 H69.1,SUV,YM+
Vauxhall Insignia,Vauxhall,Insignia,2008-2022,Incl: Country Tourer,Wagon,2XL+
Vauxhall Insignia,Vauxhall,Insignia,2008-2017,,Liftback,3XL
Vauxhall Insignia,Vauxhall,Insignia,2008-2013,,Sedan,3XL
Vauxhall Insignia,Vauxhall,Insignia,2017-2022,,Liftback,3XXL
Vauxhall Lotus Carlton,Vauxhall,Lotus Carlton,1990-1992,,Sedan,3XL
Vauxhall Meriva,Vauxhall,Meriva,2003-2010,,MPV,2M
Vauxhall Meriva,Vauxhall,Meriva,2010-2018,,MPV,2L+
Vauxhall Mokka,Vauxhall,Mokka,2012-2019,,SUV,YM+
Vauxhall Monaro,Vauxhall,Monaro,2001-2007,Incl: VXR,Coupe,3XL-0
Vauxhall Omega,Vauxhall,Omega,1994-1999,,Sedan,3XL
Vauxhall Omega,Vauxhall,Omega,1999-2003,,Wagon,2XL+
Vauxhall Omega,Vauxhall,Omega,1999-2003,,Sedan,3XXL
Vauxhall Royale,Vauxhall,Royale,1978-1987,,Sedan,3XL
Vauxhall Royale,Vauxhall,Royale,1978-1987,,Coupe,3XL-0
Vauxhall Tigra,Vauxhall,Tigra,1994-2009,,Coupe/Roadster,3S-0
Vauxhall VXR8,Vauxhall,VXR8,2007-2009,,Sedan,3XXL
Vauxhall Vectra,Vauxhall,Vectra,1995-2001,,Wagon,2L+
Vauxhall Vectra,Vauxhall,Vectra,1995-2008,,Hatchback,2XL
Vauxhall Vectra,Vauxhall,Vectra,1995-2001,,Sedan,3M
Vauxhall Vectra,Vauxhall,Vectra,2003-2008,,Wagon,2XL+
Vauxhall Vectra,Vauxhall,Vectra,2003-2008,,Sedan,3L
Vauxhall Velox,Vauxhall,Velox,1948-1951,,Sedan,3S
Vauxhall Velox,Vauxhall,Velox,1951-1962,,Sedan,3M
Vauxhall Velox,Vauxhall,Velox,1957-1962,,Wagon,2L+
Vauxhall Velox,Vauxhall,Velox,1962-1965,,Sedan,3L
Vauxhall Ventora,Vauxhall,Ventora,1969-1976,,Sedan,3M
Vauxhall Viceroy,Vauxhall,Viceroy,1978-1982,,Sedan,3XL
Vauxhall Victor,Vauxhall,Victor,1963-1972,,Wagon,2L+
Vauxhall Victor,Vauxhall,Victor,1963-1972,,Sedan,3M
Vauxhall Victor,Vauxhall,Victor,1972-1978,,Wagon,2XL
Vauxhall Victor,Vauxhall,Victor,1972-1978,,Sedan,3L
Vauxhall Viva,Vauxhall,Viva,1963-1979,,Sedan,3S
Vauxhall Viva,Vauxhall,Viva,1965-1979,,Wagon,2M
Vauxhall Vivaro,Vauxhall,Vivaro,2019-2026,,MPV/Van,2XXL-525
Vauxhall Zafira,Vauxhall,Zafira,1999-2014,,MPV,2L+
Vauxhall Zafira,Vauxhall,Zafira,2011-2018,,MPV,2XL
Vector M12,Vector,M12,1996-2000,,Coupe,3XL-0
Vector W8 Twin Turbo,Vector,W8 Twin Turbo,1989-1994,,Coupe,3M-0
Venturi 210,Venturi,210,1984-1995,,Convertible/Coupe,3S-0
Venturi 260 LM,Venturi,260 LM,1989-1995,,Coupe,3S-0
Venturi 300 Atlantique,Venturi,300 Atlantique,1994-2000,,Coupe,3M-0
Venturi 400 GT,Venturi,400 GT,1994-1998,,Coupe,3M-0
Venucia D60,Venucia,D60,2017-2026,Incl: EV,Sedan,3XL
Venucia D60 Plus,Venucia,D60 Plus,2021-2026,,Sedan,3XL
Venucia V-Online,Venucia,V-Online,2021-2026,DD-i,SUV,YL
Venucia V-Online,Venucia,V-Online,2021-2026,,SUV,YM+
Venucia VX6,Venucia,VX6,2023-2026,,SUV,YL
Venucia Т60,Venucia,Т60,2018-2026,Incl: EV,SUV,YM+
VinFast LUX A2.0,VinFast,LUX A2.0,2019-2022,,Sedan,3XXL
VinFast LUX SA2.0,VinFast,LUX SA2.0,2019-2022,,SUV,YXL
VinFast VF6,VinFast,VF6,2024-2026,,SUV,YM+
VinFast VF7,VinFast,VF7,2024-2026,,SUV,YM+
VinFast VF8,VinFast,VF8,2022-2026,,SUV,YL
VinFast VF9,VinFast,VF9,2022-2026,,SUV,无可用尺码
Volga C50,Volga,C50,2026,,Sedan,3XL
Volga K40,Volga,K40,2026,,SUV,YL
Volga K50,Volga,K50,2026,,SUV,YL
Volkswagen 181,Volkswagen,181,1969-1979,,Convertible,3S-0
Volkswagen Arteon,Volkswagen,Arteon,2017-2024,,Liftback,3XL
Volkswagen Arteon,Volkswagen,Arteon,2020-2024,Shooting Brake,Wagon,2XL+
Volkswagen Arteon R,Volkswagen,Arteon R,2020-2024,Shooting Brake,Wagon,2XL+
Volkswagen Arteon R,Volkswagen,Arteon R,2020-2024,,Liftback,3XL
Volkswagen Atlas,Volkswagen,Atlas,2017-2026,,SUV,YXL
Volkswagen Atlas,Volkswagen,Atlas,2026,,SUV,YXXL
Volkswagen Atlas Cross Sport,Volkswagen,Atlas Cross Sport,2019-2026,,SUV,YXL
Volkswagen Bora,Volkswagen,Bora,1998-2005,,Wagon,2L+
Volkswagen Bora,Volkswagen,Bora,1998-2005,,Sedan,3M
Volkswagen Bora,Volkswagen,Bora,2008-2026,,Sedan,3L
Volkswagen C-Trek,Volkswagen,C-Trek,2016-2022,,Wagon,2XL
Volkswagen Caddy,Volkswagen,Caddy,1995-2004,,MPV/Van,2L-200
Volkswagen Caddy,Volkswagen,Caddy,2004-2020,Kasten/Life,MPV/Van,2XL
Volkswagen Caddy,Volkswagen,Caddy,2004-2026,Kasten Maxi/Kasten maxi/kasten Maxi/Life Maxi/Maxi,MPV/Van,2XL+
Volkswagen Caddy,Volkswagen,Caddy,2010-2026,Incl: Alltrack,MPV/Van,2XL
Volkswagen California,Volkswagen,California,1991-2003,,MPV,2XL-200
Volkswagen California,Volkswagen,California,2003-2026,,MPV,2XXL-525
Volkswagen Caravelle,Volkswagen,Caravelle,1980-2003,,MPV,2XL-200
Volkswagen Caravelle,Volkswagen,Caravelle,2003-2015,SWB,MPV,2XXL-525
Volkswagen Caravelle,Volkswagen,Caravelle,2003-2015,LWB,MPV,2XXL-545
Volkswagen Caravelle,Volkswagen,Caravelle,2015-2026,,MPV,2XXL-525
Volkswagen Caravelle,Volkswagen,Caravelle,2015-2024,Long,MPV,2XXL-545
Volkswagen Caravelle,Volkswagen,Caravelle,2024-2026,Long,MPV,无可用尺码
Volkswagen Corrado,Volkswagen,Corrado,1988-1995,,Hatchback,2M
Volkswagen Derby,Volkswagen,Derby,1977-1984,,Coupe,3S-0
Volkswagen Eos,Volkswagen,Eos,2006-2015,,Convertible,3M-0
Volkswagen EuroVan,Volkswagen,EuroVan,1992-2003,,MPV,2XL-200
Volkswagen Fox,Volkswagen,Fox,1987-1991,,Wagon,2L+
Volkswagen Fox,Volkswagen,Fox,1987-1994,,Sedan,3S
Volkswagen Fox,Volkswagen,Fox,2003-2011,Incl: Cross,Hatchback,2M
Volkswagen Gol,Volkswagen,Gol,1980-2013,,Hatchback,2M
Volkswagen Golf,Volkswagen,Golf,1974-2000,,Hatchback,2M
Volkswagen Golf,Volkswagen,Golf,1974-2006,,Convertible,3S-0
Volkswagen Golf,Volkswagen,Golf,1983-2017,Country/L167.5 W70.5 H57.2/L167.5 W70.8 H57.2,Hatchback,2L+
Volkswagen Golf,Volkswagen,Golf,1983-1992,L159.6 W65.6 H55.7/L159.6 W66.9 H55.7,Hatchback,2M
Volkswagen Golf,Volkswagen,Golf,1991-2006,,Wagon,2L+
Volkswagen Golf,Volkswagen,Golf,1997-2012,,Hatchback,2L+
Volkswagen Golf,Volkswagen,Golf,2003-2026,,Wagon,2XL
Volkswagen Golf,Volkswagen,Golf,2008-2012,,Convertible,3M-0
Volkswagen Golf,Volkswagen,Golf,2012-2024,Alltrack,Wagon,2XL
Volkswagen Golf,Volkswagen,Golf,2017-2026,,Hatchback,2L+
Volkswagen Golf Country,Volkswagen,Golf Country,1990-1991,,SUV,YM+
Volkswagen Golf GTI,Volkswagen,Golf GTI,1976-1997,L150.4 W63.4 H55.5/L155.3 W64.2 H54.9/L158.3 W66.9 H55.9/L158.3 W67.3 H55.3/L159.1 W66.1 H55.1/L159.6 W66.9 H55.7,Hatchback,2M
Volkswagen Golf GTI,Volkswagen,Golf GTI,1998-2026,Incl: L163.3 W68.3 H56.7/L163.3 W68.3 H56.9/L168.0 W70.5 H58.3/L168.0 W70.8 H58.3,Hatchback,2L+
Volkswagen Golf GTI,Volkswagen,Golf GTI,2008-2013,,Convertible,3M-0
Volkswagen Golf Plus,Volkswagen,Golf Plus,2005-2014,Incl: Cross,Hatchback,2L+
Volkswagen Golf R,Volkswagen,Golf R,2009-2026,Incl: L167.8 W70.5 H57.7/L167.8 W70.8 H57.7/L168.3 W70.5 H56.5/L168.3 W70.8 H56.5,Hatchback,2L+
Volkswagen Golf R,Volkswagen,Golf R,2009-2013,,Convertible,3M-0
Volkswagen Golf R,Volkswagen,Golf R,2013-2026,,Wagon,2XL
Volkswagen Golf R32,Volkswagen,Golf R32,2002-2008,Incl: L163.3 W68.3 H56.9/L163.4 W68.3 H56.7,Hatchback,2L+
Volkswagen Golf Sportsvan,Volkswagen,Golf Sportsvan,2014-2020,,MPV,2L+
Volkswagen ID. Polo,Volkswagen,ID. Polo,2026,Incl: GTI,Hatchback,2M
Volkswagen ID.3,Volkswagen,ID.3,2019-2026,Incl: Neo,Hatchback,2L+
Volkswagen ID.4,Volkswagen,ID.4,2020-2026,X,SUV,YL
Volkswagen ID.4,Volkswagen,ID.4,2020-2026,Incl: Crozz,SUV,YM+
Volkswagen ID.5,Volkswagen,ID.5,2021-2026,,SUV,YM+
Volkswagen ID.6,Volkswagen,ID.6,2021-2026,Crozz/X,SUV,YXL
Volkswagen ID.7,Volkswagen,ID.7,2023-2026,,Wagon,2XL+
Volkswagen ID.7,Volkswagen,ID.7,2023-2026,,Liftback,3XXL
Volkswagen ID.Buzz,Volkswagen,ID.Buzz,2022-2026,Incl: Cargo,MPV/Van,2XL-200
Volkswagen ID.Buzz,Volkswagen,ID.Buzz,2022-2026,LWB,MPV,2XXL-525
Volkswagen ID.Era 8X,Volkswagen,ID.Era 8X,2026,,SUV,YXL
Volkswagen ID.Era 9X,Volkswagen,ID.Era 9X,2026,,SUV,YXXL
Volkswagen ID.Unyx,Volkswagen,ID.Unyx,2024-2025,,SUV,YL
Volkswagen ID.Unyx 06,Volkswagen,ID.Unyx 06,2025-2026,,SUV,YL
Volkswagen ID.Unyx 07,Volkswagen,ID.Unyx 07,2025-2026,,Sedan,3XL
Volkswagen ID.Unyx 08,Volkswagen,ID.Unyx 08,2025-2026,,SUV,YXL
Volkswagen Iltis,Volkswagen,Iltis,1978-1988,,SUV,YS-410
Volkswagen Jetta,Volkswagen,Jetta,1978-1992,I L4270 W1600 H1300/II L4345 W1675 H1410/II L4385 W1675 H1415,Sedan,3M
Volkswagen Jetta,Volkswagen,Jetta,1978-1984,I L4195 W1610 H1410,Sedan,3S
Volkswagen Jetta,Volkswagen,Jetta,1992-2005,,Sedan,3M
Volkswagen Jetta,Volkswagen,Jetta,1998-2005,,Wagon,2L+
Volkswagen Jetta,Volkswagen,Jetta,2005-2015,,Wagon,2XL
Volkswagen Jetta,Volkswagen,Jetta,2005-2018,,Sedan,3L
Volkswagen Jetta,Volkswagen,Jetta,2013-2019,,Sedan,3M
Volkswagen Jetta,Volkswagen,Jetta,2018-2026,,Sedan,3XL
Volkswagen K70,Volkswagen,K70,1970-1974,,Sedan,3M
Volkswagen Karmann-Ghia,Volkswagen,Karmann-Ghia,1955-1974,,Convertible/Coupe,3S-0
Volkswagen Lamando,Volkswagen,Lamando,2014-2022,Incl: GTS,Sedan,3L
Volkswagen Lamando,Volkswagen,Lamando,2022-2026,L,Liftback,3XL
Volkswagen Lavida,Volkswagen,Lavida,2008-2018,,Wagon,2L+
Volkswagen Lavida,Volkswagen,Lavida,2008-2026,,Sedan,3L
Volkswagen Lavida,Volkswagen,Lavida,2018-2022,,Wagon,2XL
Volkswagen Lavida,Volkswagen,Lavida,2025-2026,Pro,Sedan,3XL
Volkswagen Lavida XR,Volkswagen,Lavida XR,2023-2026,,Sedan,3L
Volkswagen Lupo,Volkswagen,Lupo,1998-2005,,Hatchback,2S
Volkswagen Lupo GTI,Volkswagen,Lupo GTI,2000-2005,,Hatchback,2S
Volkswagen Magotan,Volkswagen,Magotan,2016-2026,,Sedan,3XL
Volkswagen Magotan,Volkswagen,Magotan,2024-2026,,Sedan,3XXL
Volkswagen Parati,Volkswagen,Parati,2005-2012,,Wagon,2L+
Volkswagen Passat,Volkswagen,Passat,1973-1988,Incl: L174.6 W66.3 H54.5/L174.8 W66.1 H54.3,Hatchback,2L+
Volkswagen Passat,Volkswagen,Passat,1973-1981,,Wagon,2L+
Volkswagen Passat,Volkswagen,Passat,1980-2023,,Wagon,2XL
Volkswagen Passat,Volkswagen,Passat,1980-1988,,Sedan,3M
Volkswagen Passat,Volkswagen,Passat,1988-2001,,Sedan,3L
Volkswagen Passat,Volkswagen,Passat,2000-2023,,Sedan,3XL
Volkswagen Passat,Volkswagen,Passat,2011-2023,Alltrack,Wagon,2XL
Volkswagen Passat,Volkswagen,Passat,2023-2026,,Wagon,2XL+
Volkswagen Passat CC,Volkswagen,Passat CC,2008-2026,,Liftback/Sedan,3XL
Volkswagen Passat CC,Volkswagen,Passat CC,2020-2026,,Wagon,2XL+
Volkswagen Phaeton,Volkswagen,Phaeton,2002-2016,Incl: Long,Sedan,3XXL
Volkswagen Phideon,Volkswagen,Phideon,2016-2023,,Sedan,3XXL
Volkswagen Pointer,Volkswagen,Pointer,2003-2006,,Hatchback,2M
Volkswagen Polo,Volkswagen,Polo,1975-1988,,Hatchback,2S
Volkswagen Polo,Volkswagen,Polo,1975-2005,,Sedan,3S
Volkswagen Polo,Volkswagen,Polo,1981-1994,,Hatchback,2M
Volkswagen Polo,Volkswagen,Polo,1994-2020,Cross/Fun/L146.2 W65.2 H55.9/L146.3 W65.2 H55.9/L156.3 W66.2 H57.6/L156.4 W66.2 H57.2,Hatchback,2M
Volkswagen Polo,Volkswagen,Polo,1994-2002,,Wagon,2M
Volkswagen Polo,Volkswagen,Polo,1999-2026,,Hatchback,2M
Volkswagen Polo,Volkswagen,Polo,2009-2022,,Liftback/Sedan,3M
Volkswagen Polo GTI,Volkswagen,Polo GTI,1998-2026,Incl: L153.4 W65.0 H57.7/L154.2 W65.0 H57.8/L156.3 W66.2 H45.0/L156.8 W66.2 H56.8,Hatchback,2M
Volkswagen Polo R WRC,Volkswagen,Polo R WRC,2013-2016,,Hatchback,2M
Volkswagen Quantum,Volkswagen,Quantum,1985-2003,,Wagon,2XL
Volkswagen Quantum,Volkswagen,Quantum,1985-1988,,Sedan,3L
Volkswagen Rabbit,Volkswagen,Rabbit,2006-2009,,Hatchback,2L+
Volkswagen Routan,Volkswagen,Routan,2008-2012,,MPV,2XXL-525
Volkswagen SP-2,Volkswagen,SP-2,1972-1976,,Coupe,3M-0
Volkswagen Sagitar,Volkswagen,Sagitar,2019-2026,Incl: L/S,Sedan,3XL
Volkswagen Santana,Volkswagen,Santana,1981-1988,,Sedan,3L
Volkswagen Santana,Volkswagen,Santana,1995-2013,,Sedan,3L
Volkswagen Santana,Volkswagen,Santana,2012-2022,,Sedan,3M
Volkswagen Scirocco,Volkswagen,Scirocco,1974-1992,,Hatchback,2M
Volkswagen Scirocco,Volkswagen,Scirocco,2008-2017,,Hatchback,2L+
Volkswagen Scirocco R,Volkswagen,Scirocco R,2009-2017,,Hatchback,2L+
Volkswagen Sharan,Volkswagen,Sharan,1995-2010,,MPV,2XL
Volkswagen Sharan,Volkswagen,Sharan,2010-2022,,MPV,2XL+
Volkswagen SpaceFox,Volkswagen,SpaceFox,2006-2018,,MPV,2L+
Volkswagen T-Cross,Volkswagen,T-Cross,2018-2026,,SUV,YM+
Volkswagen T-Roc,Volkswagen,T-Roc,2017-2026,,Convertible,3M-0
Volkswagen T-Roc,Volkswagen,T-Roc,2017-2026,,SUV,YM+
Volkswagen T-Roc R,Volkswagen,T-Roc R,2019-2024,,SUV,YM+
Volkswagen Tacqua,Volkswagen,Tacqua,2019-2026,,SUV,YM+
Volkswagen Taigo,Volkswagen,Taigo,2021-2026,,Hatchback,2L+
Volkswagen Taigun,Volkswagen,Taigun,2021-2026,,SUV,YM+
Volkswagen Talagon,Volkswagen,Talagon,2021-2026,,SUV,YXXL
Volkswagen Taos,Volkswagen,Taos,2020-2026,,SUV,YM+
Volkswagen Tavendor,Volkswagen,Tavendor,2022-2026,,SUV,YXL
Volkswagen Tayron,Volkswagen,Tayron,2018-2026,X,SUV,YL
Volkswagen Tayron,Volkswagen,Tayron,2018-2026,,SUV,YM+
Volkswagen Tayron,Volkswagen,Tayron,2023-2026,L,SUV,YL
Volkswagen Tayron,Volkswagen,Tayron,2024-2026,,SUV,YL
Volkswagen Teramont,Volkswagen,Teramont,2017-2026,Incl: X,SUV,YXL
Volkswagen Teramont,Volkswagen,Teramont,2025-2026,Pro,SUV,YXXL
Volkswagen Tharu,Volkswagen,Tharu,2018-2025,,SUV,YM+
Volkswagen Tharu XR,Volkswagen,Tharu XR,2024-2026,,SUV,YM+
Volkswagen Tiguan,Volkswagen,Tiguan,2007-2026,,SUV,YM+
Volkswagen Tiguan,Volkswagen,Tiguan,2016-2026,Allspace/L Pro/L/X,SUV,YL
Volkswagen Tiguan,Volkswagen,Tiguan,2025-2026,,SUV,YL
Volkswagen Tiguan R,Volkswagen,Tiguan R,2020-2024,,SUV,YM+
Volkswagen Touareg,Volkswagen,Touareg,2002-2018,,SUV,YL
Volkswagen Touareg,Volkswagen,Touareg,2018-2026,,SUV,YXL
Volkswagen Touareg R,Volkswagen,Touareg R,2020-2026,,SUV,YXL
Volkswagen Touran,Volkswagen,Touran,2003-2015,,MPV,2L+
Volkswagen Touran,Volkswagen,Touran,2006-2015,Cross,MPV,2L+
Volkswagen Touran,Volkswagen,Touran,2015-2026,,MPV,2XL
Volkswagen Touran,Volkswagen,Touran,2015-2026,Cross L,MPV,2XL
Volkswagen Transporter,Volkswagen,Transporter,1979-2003,,MPV,2XL-200
Volkswagen Transporter,Volkswagen,Transporter,1979-2003,,Van,2XL-200
Volkswagen Transporter,Volkswagen,Transporter,1990-2003,Long,MPV,2XXL-525
Volkswagen Transporter,Volkswagen,Transporter,2003-2009,,Van,2XXL-525
Volkswagen Transporter,Volkswagen,Transporter,2003-2009,,MPV,2XXL-545
Volkswagen Transporter,Volkswagen,Transporter,2003-2024,Long,MPV,2XXL-545
Volkswagen Transporter,Volkswagen,Transporter,2009-2026,,MPV,2XXL-525
Volkswagen Transporter,Volkswagen,Transporter,2009-2015,Kasten,Van,2XXL-525
Volkswagen Transporter,Volkswagen,Transporter,2015-2026,,Van,2XXL-525
Volkswagen Transporter,Volkswagen,Transporter,2015-2024,Long,Van,2XXL-545
Volkswagen Transporter,Volkswagen,Transporter,2024-2026,Long,Van,无可用尺码
Volkswagen Type 1,Volkswagen,Type 1,1938-2003,,Convertible/Coupe,3S-0
Volkswagen Type 166,Volkswagen,Type 166,1942-1944,,Convertible,3S-0
Volkswagen Type 2,Volkswagen,Type 2,1950-1967,,MPV,2L-200
Volkswagen Type 2,Volkswagen,Type 2,1950-1967,,Van,2L-200
Volkswagen Type 2,Volkswagen,Type 2,1967-1979,,MPV,2XL-200
Volkswagen Type 2,Volkswagen,Type 2,1967-1979,,Van,2XL-200
Volkswagen Type 3,Volkswagen,Type 3,1961-1973,,Wagon,2L+
Volkswagen Type 3,Volkswagen,Type 3,1961-1973,,Sedan,3M
Volkswagen Type 3,Volkswagen,Type 3,1961-1973,,Convertible/Fastback,3M-0
Volkswagen Type 4,Volkswagen,Type 4,1968-1975,,Sedan,3L
Volkswagen Type 4,Volkswagen,Type 4,1972-1975,,Wagon,2XL
Volkswagen Type 82,Volkswagen,Type 82,1940-1945,,SUV,YS-380
Volkswagen Vento,Volkswagen,Vento,1991-1998,,Sedan,3M
Volkswagen Viloran,Volkswagen,Viloran,2020-2026,,MPV,2XXL-545
Volkswagen Voyage,Volkswagen,Voyage,2008-2022,,Sedan,3M
Volkswagen XL1,Volkswagen,XL1,2013-2015,,Coupe,3S-0
Volkswagen up!,Volkswagen,up!,2012-2023,Incl: Cross,Hatchback,2S
Volvo 120 Series,Volvo,120 Series,1956-1970,,Wagon,2L+
Volvo 120 Series,Volvo,120 Series,1956-1970,,Sedan,3M
Volvo 120 Series,Volvo,120 Series,1956-1970,,Coupe,3M-0
Volvo 140 Series,Volvo,140 Series,1966-1975,,Wagon,2XL
Volvo 140 Series,Volvo,140 Series,1966-1975,L4640 W1730 H1440/L4650 W1727 H1448,Sedan,3L
Volvo 164,Volvo,164,1968-1974,,Sedan,3XL
Volvo 240 Series,Volvo,240 Series,1974-1993,,Wagon,2XL+
Volvo 240 Series,Volvo,240 Series,1974-1993,,Sedan,3XL
Volvo 260 Series,Volvo,260 Series,1974-1982,,Wagon,2XL+
Volvo 260 Series,Volvo,260 Series,1974-1982,L4900 W1710 H1360/L4900 W1710 H1430,Sedan,3XXL
Volvo 300 Series,Volvo,300 Series,1975-1991,L169.3 W65.4 H54.8,Hatchback,2L+
Volvo 300 Series,Volvo,300 Series,1975-1991,L163.0 W65.4 H54.8,Hatchback,2M
Volvo 300 Series,Volvo,300 Series,1975-1991,,Sedan,3M
Volvo 440,Volvo,440,1988-1997,,Hatchback,2L+
Volvo 460,Volvo,460,1988-1997,,Sedan,3M
Volvo 480,Volvo,480,1986-1996,,Coupe,3M-0
Volvo 66,Volvo,66,1975-1979,,Wagon,2M
Volvo 66,Volvo,66,1975-1979,,Sedan,3S
Volvo 740,Volvo,740,1983-1992,,Wagon,2XL
Volvo 740,Volvo,740,1983-1992,,Sedan,3XL
Volvo 760,Volvo,760,1982-1992,,Wagon,2XL
Volvo 760,Volvo,760,1982-1992,,Sedan,3XL
Volvo 780,Volvo,780,1986-1991,,Sedan,3XL
Volvo 850,Volvo,850,1991-1997,,Wagon,2XL
Volvo 850,Volvo,850,1991-1997,,Sedan,3L
Volvo 940,Volvo,940,1988-1998,,Wagon,2XL
Volvo 940,Volvo,940,1988-1998,,Sedan,3XL
Volvo 960,Volvo,960,1990-1997,,Wagon,2XL+
Volvo 960,Volvo,960,1990-1997,,Sedan,3XL
Volvo C30,Volvo,C30,2006-2013,,Hatchback,2L+
Volvo C40,Volvo,C40,2021-2024,,SUV,YM+
Volvo C70,Volvo,C70,1997-2005,,Convertible,3XL-0
Volvo C70,Volvo,C70,1997-2005,,Coupe,3XL-0
Volvo C70,Volvo,C70,2005-2013,,Convertible,3L-0
Volvo EC40,Volvo,EC40,2024-2026,,SUV,YM+
Volvo EM90,Volvo,EM90,2023-2026,,MPV,2XXL-525
Volvo ES90,Volvo,ES90,2025-2026,,Liftback,3XXL
Volvo EX30,Volvo,EX30,2023-2026,,SUV,YM+
Volvo EX30 Cross Country,Volvo,EX30 Cross Country,2025-2026,,SUV,YM+
Volvo EX40,Volvo,EX40,2024-2026,,SUV,YM+
Volvo EX60,Volvo,EX60,2026,Incl: Cross Country,SUV,YL
Volvo EX90,Volvo,EX90,2023-2026,,SUV,YXL
Volvo Laplander,Volvo,Laplander,1974-1987,,SUV,无可用尺码
Volvo P1800,Volvo,P1800,1961-1973,,Coupe,3M-0
Volvo P1900,Volvo,P1900,1956-1957,,Convertible,3M-0
Volvo PV444,Volvo,PV444,1947-1958,,Hatchback,2L+
Volvo PV544,Volvo,PV544,1958-1965,,Hatchback,2L+
Volvo S40,Volvo,S40,1995-2012,,Sedan,3M
Volvo S60,Volvo,S60,2000-2018,,Sedan,3L
Volvo S60,Volvo,S60,2018-2026,,Sedan,3XL
Volvo S60 Cross Country,Volvo,S60 Cross Country,2015-2018,,Sedan,3L
Volvo S70,Volvo,S70,1996-2000,,Sedan,3XL
Volvo S80,Volvo,S80,1998-2016,,Sedan,3XL
Volvo S90,Volvo,S90,1996-1998,,Sedan,3XL
Volvo S90,Volvo,S90,2016-2026,Incl: Long,Sedan,3XXL
Volvo V40,Volvo,V40,1995-2020,,Hatchback/Wagon,2L+
Volvo V40 Cross Country,Volvo,V40 Cross Country,2012-2019,,Hatchback,2L+
Volvo V50,Volvo,V50,2004-2007,,Wagon,2L+
Volvo V50,Volvo,V50,2007-2012,,Wagon,2XL
Volvo V60,Volvo,V60,2010-2026,Incl: Plug-in-Hybrid,Wagon,2XL
Volvo V60 Cross Country,Volvo,V60 Cross Country,2015-2026,,Wagon,2XL
Volvo V70,Volvo,V70,1997-2016,Incl: XC,Wagon,2XL
Volvo V90,Volvo,V90,1997-2025,,Wagon,2XL+
Volvo V90 Cross Country,Volvo,V90 Cross Country,2016-2025,,Wagon,2XL+
Volvo XC40,Volvo,XC40,2017-2026,,SUV,YM+
Volvo XC60,Volvo,XC60,2008-2026,,SUV,YL
Volvo XC70,Volvo,XC70,2000-2007,,Wagon,2XL
Volvo XC70,Volvo,XC70,2007-2016,,Wagon,2XL+
Volvo XC70,Volvo,XC70,2025-2026,,SUV,YL
Volvo XC90,Volvo,XC90,2002-2014,,SUV,YL
Volvo XC90,Volvo,XC90,2014-2026,,SUV,YXL
Vortex Corda,Vortex,Corda,2010-2012,,Liftback,3M
Vortex Estina,Vortex,Estina,2008-2013,,Sedan,3L
Vortex Tingo,Vortex,Tingo,2010-2014,,SUV,YM+
Voyah Courage,Voyah,Courage,2024-2026,,SUV,YL
Voyah Dream,Voyah,Dream,2021-2026,,MPV,2XXL-545
Voyah Free,Voyah,Free,2021-2026,Incl: +/DNA,SUV,YXL
Voyah Passion,Voyah,Passion,2022-2026,Incl: EV/L,Sedan,3XXL
Voyah Passion S,Voyah,Passion S,2026,,SUV,YXL
Voyah Taishan,Voyah,Taishan,2025-2026,,SUV,YXXL
Voyah Taishan X8,Voyah,Taishan X8,2026,,SUV,YXXL
W Motors Fenyr Supersport,W Motors,Fenyr Supersport,2015-2026,,Coupe,3M-0
Wanderer W22,Wanderer,W22,1933-1938,,Sedan,3M
Wanderer W22,Wanderer,W22,1933-1938,,Convertible,3M-0
Wanderer W23,Wanderer,W23,1936-1941,,Convertible,3L-0
Wanderer W26,Wanderer,W26,1937-1940,,Sedan,3XL
Wanderer W50,Wanderer,W50,1936-1938,,Sedan,3L
Wanderer W50,Wanderer,W50,1936-1938,,Convertible,3M-0
Wartburg 1.3,Wartburg,1.3,1988-1991,,Wagon,2L+
Wartburg 1.3,Wartburg,1.3,1988-1991,,Sedan,3M
Wartburg 353,Wartburg,353,1966-1989,,Wagon,2L+
Wartburg 353,Wartburg,353,1966-1989,,Sedan,3M
Weltmeister E5,Weltmeister,E5,2021-2022,,Sedan,3XL
Weltmeister EX5,Weltmeister,EX5,2018-2022,,SUV,YM+
Weltmeister EX6 Plus,Weltmeister,EX6 Plus,2019-2022,,SUV,YL
Weltmeister W6,Weltmeister,W6,2021-2022,,SUV,YL
Westfield SEi & Sport,Westfield,SEi & Sport,1982-2025,,Convertible,无可用尺码
Westfield SEiGHT,Westfield,SEiGHT,1991-2010,,Convertible,无可用尺码
Wey 05,Wey,05,2023-2026,,SUV,YXL
Wey 07,Wey,07,2024-2026,,SUV,YXXL
Wey 80,Wey,80,2024-2026,Premium,MPV,2XXL-525
Wey 80,Wey,80,2024-2026,Business Lounge,MPV,2XXL-545
Wey Coffee 01,Wey,Coffee 01,2022-2023,,SUV,YXL
Wey Gaoshan (High Mountain),Wey,Gaoshan (High Mountain),2023-2026,Incl: 7,MPV,2XXL-525
Wey Gaoshan (High Mountain),Wey,Gaoshan (High Mountain),2023-2026,8/9/Long,MPV,2XXL-545
Wey Lanshan (Blue Mountain),Wey,Lanshan (Blue Mountain),2023-2026,,SUV,YXXL
Wey Latte,Wey,Latte,2021-2025,,SUV,YL
Wey Macchiato,Wey,Macchiato,2021-2023,,SUV,YM+
Wey Mocca,Wey,Mocca,2021-2026,,SUV,YXL
Wey V9X,Wey,V9X,2026,,SUV,YXXL-545
Wey VV5,Wey,VV5,2017-2021,,SUV,YM+
Wey VV6,Wey,VV6,2018-2021,,SUV,YL
Wey VV7,Wey,VV7,2017-2021,Incl: GT,SUV,YL
Wiesmann GT,Wiesmann,GT,2003-2014,,Coupe,3M-0
Wiesmann Roadster,Wiesmann,Roadster,1993-2011,,Roadster,3S-0
Wiesmann Roadster,Wiesmann,Roadster,2009-2014,III (MF4)/IV (MF5),Roadster,3M-0
Willys CJ,Willys,CJ,1944-1968,,SUV,YS-380
Willys Jeepster,Willys,Jeepster,1948-1951,,Convertible,3M-0
Willys Knight Model 20,Willys,Knight Model 20,1920-1923,,Sedan,无可用尺码
Willys MB,Willys,MB,1941-1945,,SUV,无可用尺码
Wuling Aishang A100C,Wuling,Aishang A100C,2025-2026,,Hatchback,2S
Wuling Binguo,Wuling,Binguo,2023-2026,,Hatchback,2M
Wuling Binguo Pro,Wuling,Binguo Pro,2026,,Hatchback,2M
Wuling Binguo S,Wuling,Binguo S,2025-2026,,Hatchback,2L+
Wuling Hongguang,Wuling,Hongguang,2024-2026,,MPV,2XL
Wuling Hongguang Plus,Wuling,Hongguang Plus,2019-2026,,MPV,2XL
Wuling Hongguang S,Wuling,Hongguang S,2018-2026,,MPV,2L+
Wuling Hongguang V,Wuling,Hongguang V,2019-2026,,MPV,2XL
Wuling Huajing S,Wuling,Huajing S,2026,,SUV,YXXL
Wuling Jiachen,Wuling,Jiachen,2022-2026,,MPV,2XL
Wuling Mini EV,Wuling,Mini EV,2020-2026,,Hatchback,无可用尺码
Wuling Mini EV,Wuling,Mini EV,2022-2026,Gameboy/Macaron,Hatchback,2S
Wuling Mini EV,Wuling,Mini EV,2022-2026,,Convertible,无可用尺码
Wuling Mini EV,Wuling,Mini EV,2025-2026,,Hatchback,2S
Wuling Nano EV,Wuling,Nano EV,2021-2026,,Hatchback,2S-280
Wuling Nebula,Wuling,Nebula,2023-2026,,SUV,YL
Wuling Star Asta,Wuling,Star Asta,2021-2026,,SUV,YM+
Wuling Starlight,Wuling,Starlight,2023-2026,Incl: EV,Sedan,3XL
Wuling Starlight 560,Wuling,Starlight 560,2026,,SUV,YL
Wuling Starlight 730,Wuling,Starlight 730,2025-2026,,MPV,2XL+
Wuling Starlight L,Wuling,Starlight L,2026,,SUV,YXL
Wuling Starlight S,Wuling,Starlight S,2024-2026,,SUV,YL
Wuling Sunshine,Wuling,Sunshine,2012-2022,,MPV,2L-200
Wuling Victory,Wuling,Victory,2020-2026,,MPV,2XL+
Wuling Xingchi,Wuling,Xingchi,2022-2026,,SUV,YM+
Wuling Zhiguan EV,Wuling,Zhiguan EV,2025-2026,,MPV,2M
XEV Yoyo,XEV,Yoyo,2021-2026,,Hatchback,2S-280
Xcite X-Cross 7,Xcite,X-Cross 7,2024-2026,,SUV,YM+
Xcite X-Cross 8,Xcite,X-Cross 8,2024-2026,,SUV,YL
Xiaomi SU7,Xiaomi,SU7,2023-2026,Incl: Ultra,Sedan,3XXL
Xiaomi YU7,Xiaomi,YU7,2025-2026,,SUV,YXL
Xin Kai SR-V X3,Xin Kai,SR-V X3,2003-2006,,SUV,YXL
Xin Kai SUV X3,Xin Kai,SUV X3,2003-2006,,SUV,YXL
Xpeng G3,Xpeng,G3,2018-2023,,SUV,YM+
Xpeng G6,Xpeng,G6,2023-2026,,SUV,YL
Xpeng G7,Xpeng,G7,2025-2026,,SUV,YXL
Xpeng G9,Xpeng,G9,2022-2026,,SUV,YXL
Xpeng GX,Xpeng,GX,2026,,SUV,YXXL-545
Xpeng Mona L03,Xpeng,Mona L03,2026,,SUV,YL
Xpeng Mona M03,Xpeng,Mona M03,2024-2026,,Liftback,3XL
Xpeng P5,Xpeng,P5,2021-2024,,Sedan,3XL
Xpeng P7,Xpeng,P7,2020-2023,,Sedan,3XL
Xpeng P7,Xpeng,P7,2025-2026,,Sedan,3XXL
Xpeng P7+,Xpeng,P7+,2024-2026,,Liftback,3XXL
Xpeng P7i,Xpeng,P7i,2023-2025,,Sedan,3XXL
Xpeng X9,Xpeng,X9,2024-2026,,MPV,2XXL-545
Yema EC30,Yema,EC30,2017-2019,,MPV,2XL
Yema Spica,Yema,Spica,2015-2023,,MPV/Van,2XL
Yema T70,Yema,T70,2015-2020,,SUV,YM+
Yipai 007,Yipai,007,2024-2026,,Liftback,3XL
Yipai 008,Yipai,008,2024-2026,,SUV,YXL
Yipai M8,Yipai,M8,2026,,SUV,YXL
Yipai Nammi 01,Yipai,Nammi 01,2025-2026,,Hatchback,2M
Yipai Nammi 06,Yipai,Nammi 06,2025-2026,,SUV,YM+
Yudo Yuntu,Yudo,Yuntu,2023-2026,,SUV,YM+
Yulon Feeling,Yulon,Feeling,1986-1995,,Sedan,3M
ZX Landmark,ZX,Landmark,2005-2011,,SUV,YL
Zastava 10,Zastava,10,2006-2008,,Hatchback,2M
Zastava Florida,Zastava,Florida,1990-2008,,Hatchback,2M
Zastava Skala,Zastava,Skala,1973-2008,,Liftback,2M
Zastava Yugo,Zastava,Yugo,1990-2008,,Hatchback,2S
Zastava Yugo,Zastava,Yugo,1990-2008,,Convertible,无可用尺码
Zeekr 001,Zeekr,001,2021-2026,,Liftback,3XXL
Zeekr 007,Zeekr,007,2023-2026,GT,Wagon,2XL+
Zeekr 007,Zeekr,007,2023-2026,,Sedan,3XL
Zeekr 009,Zeekr,009,2022-2026,,MPV,2XXL-525
Zeekr 7X,Zeekr,7X,2024-2026,,SUV,YL
Zeekr 8X,Zeekr,8X,2026,,SUV,YXL
Zeekr 8X,Zeekr,8X,2026,Dawn,SUV,YXXL
Zeekr 9X,Zeekr,9X,2025-2026,,SUV,YXXL
Zeekr Mix,Zeekr,Mix,2024-2026,,MPV,2XL
Zeekr X,Zeekr,X,2023-2026,,SUV,YM+
Zenos E10,Zenos,E10,2015-2016,,Speedster,3S-0
Zenvo Aurora,Zenvo,Aurora,2026,,Coupe,3XL-0
Zenvo ST1,Zenvo,ST1,2009-2010,,Coupe,3L-0
Zenvo TSR-S,Zenvo,TSR-S,2018-2026,,Coupe,3XL-0
Zhido Rainbow,Zhido,Rainbow,2024-2026,,Hatchback,2S
Zotye Coupa,Zotye,Coupa,2018-2021,,SUV,YL
Zotye Domy X5,Zotye,Domy X5,2015-2018,,SUV,YM+
Zotye Domy X7,Zotye,Domy X7,2016-2021,,SUV,YL
Zotye E200,Zotye,E200,2016-2021,,Hatchback,2S-280
Zotye Nomad (RX6400),Zotye,Nomad (RX6400),2005-2016,,SUV,YS-410
Zotye SR9,Zotye,SR9,2016-2019,,SUV,YL
Zotye T300,Zotye,T300,2017-2023,,SUV,YM+
Zotye T500,Zotye,T500,2018-2019,,SUV,YL
Zotye T600,Zotye,T600,2013-2021,,SUV,YL
Zotye T700,Zotye,T700,2017-2021,,SUV,YL
Zotye T800,Zotye,T800,2018-2021,,SUV,YXL
Zotye Z100,Zotye,Z100,2013-2017,,Hatchback,2S
Zotye Z300,Zotye,Z300,2012-2017,,Sedan,3L
Zubr Legenda,Zubr,Legenda,2025-2026,,SUV,YM+
Zubr Relikt,Zubr,Relikt,2025-2026,,SUV,YM+
Zubr Talisman,Zubr,Talisman,2025-2026,,SUV,YM+
Zubr Volat,Zubr,Volat,2025-2026,,SUV,YL
Zubr Zorka,Zubr,Zorka,2025-2026,,SUV,YL
iCar 03,iCar,03,2023-2026,Incl: Т,SUV,YM+
iCar V23,iCar,V23,2024-2026,,SUV,YM+
iCar V27,iCar,V27,2026,,SUV,YXL
iCaur V27,iCaur,V27,2025-2026,,SUV,YXL
Ё-мобиль Ё-Кроссовер,Ё-мобиль,Ё-Кроссовер,2013,,SUV,YM+
Автокам 2160,Автокам,2160,1990-1999,,SUV,YS-380
Автокам 2163,Автокам,2163,1990-1993,,SUV,YM+
Автокам 3101,Автокам,3101,1990-1993,,SUV,YS-380
Амберавто А5,Амберавто,А5,2023-2026,,Sedan,3L
Атом 01,Атом,01,2025-2026,,Hatchback,2M
ГАЗ 12 ЗИМ,ГАЗ,12 ЗИМ,1948-1960,,Sedan,3XXXL
ГАЗ 13 'Чайка',ГАЗ,13 'Чайка',1959-1981,,Sedan,无可用尺码
ГАЗ 14 'Чайка',ГАЗ,14 'Чайка',1977-1989,,Sedan,无可用尺码
ГАЗ 18,ГАЗ,18,1955-1958,,Coupe,无可用尺码
ГАЗ 21 'Волга',ГАЗ,21 'Волга',1956-1970,,Sedan,3XL
ГАЗ 22 'Волга',ГАЗ,22 'Волга',1962-1970,,Wagon,2XL
ГАЗ 2330 'Тигр',ГАЗ,2330 'Тигр',2003-2026,,SUV,无可用尺码
ГАЗ 24 'Волга',ГАЗ,24 'Волга',1968-1992,,Wagon,2XL
ГАЗ 24 'Волга',ГАЗ,24 'Волга',1968-1992,,Sedan,3XL
ГАЗ 25,ГАЗ,25,1939,,Sedan,无可用尺码
ГАЗ 3102 'Волга',ГАЗ,3102 'Волга',1982-2009,,Wagon,2XL+
ГАЗ 3102 'Волга',ГАЗ,3102 'Волга',1982-2009,,Sedan,3XL
ГАЗ 31022 'Волга',ГАЗ,31022 'Волга',1992-1998,,Wagon,2XL+
ГАЗ 310221 'Волга',ГАЗ,310221 'Волга',1997-2008,,Wagon,2XL+
ГАЗ 31029 'Волга',ГАЗ,31029 'Волга',1992-1998,,Sedan,3XXL
ГАЗ 3103 'Волга',ГАЗ,3103 'Волга',1997,,Sedan,3XXL
ГАЗ 3105 'Волга',ГАЗ,3105 'Волга',1992-1996,,Sedan,3XXL
ГАЗ 3110 'Волга',ГАЗ,3110 'Волга',1997-2008,,Sedan,3XL
ГАЗ 31105 'Волга',ГАЗ,31105 'Волга',2003-2009,Incl: 311055,Sedan,3XXL
ГАЗ 3111 'Волга',ГАЗ,3111 'Волга',2000-2004,,Sedan,3XXL
ГАЗ 46,ГАЗ,46,1953-1958,,SUV,YXL
ГАЗ 61,ГАЗ,61,1941-1948,,Sedan,无可用尺码
ГАЗ 64,ГАЗ,64,1941-1943,,SUV,YS-380
ГАЗ 69,ГАЗ,69,1953-1972,Incl: 69А,SUV,YS-410
ГАЗ Volga Siber,ГАЗ,Volga Siber,2008-2010,,Sedan,3XL
ГАЗ А,ГАЗ,А,1932-1936,,Phaeton,无可用尺码
ГАЗ ГАЗ 67,ГАЗ,ГАЗ 67,1943-1953,,SUV,YS-380
ГАЗ М-20 'Победа',ГАЗ,М-20 'Победа',1946-1958,,Fastback,3L
ГАЗ М-20 'Победа',ГАЗ,М-20 'Победа',1946-1958,,Convertible,3L-0
ГАЗ М-72,ГАЗ,М-72,1955-1958,,Sedan,无可用尺码
ГАЗ М1,ГАЗ,М1,1934-1948,,Sedan,3L
ЗАЗ 1102 'Таврия',ЗАЗ,1102 'Таврия',1988-2009,,Hatchback,2M
ЗАЗ 1103 'Славута',ЗАЗ,1103 'Славута',1999-2011,,Liftback,2M
ЗАЗ 1105 'Дана',ЗАЗ,1105 'Дана',1994-2011,,Van,2L-200
ЗАЗ 1105 'Дана',ЗАЗ,1105 'Дана',1994-2011,,Wagon,2M
ЗАЗ 965,ЗАЗ,965,1960-1970,,Sedan,无可用尺码
ЗАЗ 966,ЗАЗ,966,1967-1972,,Sedan,3S
ЗАЗ 968,ЗАЗ,968,1972-1994,,Sedan,3S
ЗАЗ Chance,ЗАЗ,Chance,2009-2014,,Hatchback,2M
ЗАЗ Chance,ЗАЗ,Chance,2009-2014,,Sedan,3M
ЗАЗ Forza,ЗАЗ,Forza,2011-2017,,Liftback,2L+
ЗАЗ Forza,ЗАЗ,Forza,2011-2017,,Hatchback,2M
ЗАЗ Lanos,ЗАЗ,Lanos,2004-2015,,Hatchback,2M
ЗАЗ Lanos,ЗАЗ,Lanos,2004-2015,,Sedan,3M
ЗАЗ Sens,ЗАЗ,Sens,2004-2017,,Van,2L-200
ЗАЗ Sens,ЗАЗ,Sens,2004-2017,,Hatchback,2M
ЗАЗ Sens,ЗАЗ,Sens,2004-2017,,Sedan,3M
ЗАЗ Vida,ЗАЗ,Vida,2012-2016,,Hatchback,2M
ЗАЗ Vida,ЗАЗ,Vida,2012-2016,,Sedan,3M
ЗИЛ 111,ЗИЛ,111,1959-1967,,Sedan,无可用尺码
ЗИЛ 114,ЗИЛ,114,1967-1978,,Sedan,无可用尺码
ЗИЛ 117,ЗИЛ,117,1971-1978,,Sedan,无可用尺码
ЗИЛ 4104,ЗИЛ,4104,1978-2002,,Sedan,无可用尺码
ЗиС 101,ЗиС,101,1936-1941,,Sedan,无可用尺码
ЗиС 102,ЗиС,102,1938-1939,,Phaeton,无可用尺码
ЗиС 110,ЗиС,110,1945-1958,,Sedan,无可用尺码
Иж 2125 'Комби',Иж,2125 'Комби',1973-1997,,Liftback,2L+
Иж 2126 'Ода',Иж,2126 'Ода',1990-2005,Incl: 4x4,Hatchback,2M
Иж 21261 'Фабула',Иж,21261 'Фабула',2004-2005,,Wagon,2M
Иж 2715,Иж,2715,1972-1982,,Van,2M
Иж 2715,Иж,2715,1982-2001,,Van,2L-200
Иж 2717,Иж,2717,1997-2005,,Van,2XL
Иж 27175,Иж,27175,2005-2012,,Van,2XL
Иж Москвич-412,Иж,Москвич-412,1967-1998,,Sedan,3M
Комбат Т98,Комбат,Т98,2000-2026,,SUV,YXXL-585
ЛуАЗ 1302 Волынь,ЛуАЗ,1302 Волынь,1990-2001,,SUV,无可用尺码
ЛуАЗ 967,ЛуАЗ,967,1965-1989,,SUV,YS-380
ЛуАЗ 969,ЛуАЗ,969,1966-1992,,SUV,无可用尺码
Москвич 2136,Москвич,2136,1976-1981,,Wagon,2L+
Москвич 2137,Москвич,2137,1976-1985,,Wagon,2L+
Москвич 2138,Москвич,2138,1976-1982,,Sedan,3M
Москвич 2140,Москвич,2140,1976-1988,,Sedan,3M
Москвич 2141,Москвич,2141,1986-1998,,Hatchback,2L+
Москвич 2142,Москвич,2142,1990-2002,,Sedan,3M
Москвич 3,Москвич,3,2022-2026,,SUV,YM+
Москвич 3е,Москвич,3е,2022-2026,,SUV,YM+
Москвич 400,Москвич,400,1946-1956,,Sedan,3S
Москвич 400,Москвич,400,1946-1956,,Convertible,3S-0
Москвич 401,Москвич,401,1954-1956,,Sedan,3S
Москвич 402,Москвич,402,1956-1958,,Sedan,3S
Москвич 403,Москвич,403,1962-1965,,Sedan,3S
Москвич 407,Москвич,407,1958-1963,,Sedan,3S
Москвич 408,Москвич,408,1964-1975,,Sedan,3S
Москвич 410,Москвич,410,1957-1961,,Sedan,3S
Москвич 411,Москвич,411,1959-1961,,Wagon,2M
Москвич 412,Москвич,412,1967-1998,,Sedan,3M
Москвич 423,Москвич,423,1957-1963,,Wagon,2M
Москвич 424,Москвич,424,1963-1965,,Wagon,2M
Москвич 426,Москвич,426,1967-1976,,Wagon,2L+
Москвич 427,Москвич,427,1967-1976,,Wagon,2L+
Москвич 430,Москвич,430,1958-1963,,Van,2M
Москвич 5,Москвич,5,2024,,SUV,YM+
Москвич 6,Москвич,6,2023-2026,,Liftback,3XL
Москвич 8,Москвич,8,2024-2026,,SUV,YL
Москвич Дуэт,Москвич,Дуэт,1999-2001,,Coupe,3M-0
Москвич Иван Калита,Москвич,Иван Калита,1998-2001,,Sedan,3XXL
Москвич Князь Владимир,Москвич,Князь Владимир,1997-2002,,Sedan,3XL
Москвич М70,Москвич,М70,2025-2026,,SUV,YL
Москвич М90,Москвич,М90,2025-2026,,SUV,YXL
Москвич Святогор,Москвич,Святогор,1997-2002,,Hatchback,2L+
Москвич Юрий Долгорукий,Москвич,Юрий Долгорукий,1997-2001,,Hatchback,2XL
Руссо-Балт С24,Руссо-Балт,С24,1909-1918,,Convertible,无可用尺码
СМЗ С-1Л,СМЗ,С-1Л,1952-1956,,Phaeton,无可用尺码
СМЗ С-3А,СМЗ,С-3А,1958-1970,,Convertible,无可用尺码
СМЗ С-3Д,СМЗ,С-3Д,1970-1997,,Coupe,无可用尺码
СМЗ С-3Л,СМЗ,С-3Л,1956-1958,,Phaeton,无可用尺码
Спортивные авто и реплики GT & Touring,Спортивные авто и реплики,GT & Touring,1950-2026,,Coupe,3M-0
Спортивные авто и реплики Offroad,Спортивные авто и реплики,Offroad,1950-2026,,Coupe,3M-0
Спортивные авто и реплики Offroad,Спортивные авто и реплики,Offroad,1950-2026,,SUV,YM+
Спортивные авто и реплики Rally/cross,Спортивные авто и реплики,Rally/cross,1950-2026,,Sedan,3M
Спортивные авто и реплики Shortcut,Спортивные авто и реплики,Shortcut,2017-2026,,Roadster,无可用尺码
Спортивные авто и реплики Багги Type 1,Спортивные авто и реплики,Багги Type 1,1964-2026,,Convertible,3S-0
Спортивные авто и реплики Драгстер,Спортивные авто и реплики,Драгстер,1950-2026,,Coupe,3M-0
Спортивные авто и реплики Дрифт-кар,Спортивные авто и реплики,Дрифт-кар,1950-2026,,Coupe,3M-0
Спортивные авто и реплики Дрифт-кар,Спортивные авто и реплики,Дрифт-кар,1950-2026,Жигацарь,Sedan,3S
Спортивные авто и реплики Самоделки,Спортивные авто и реплики,Самоделки,1943-2026,,MPV,2XL
Спортивные авто и реплики Самоделки,Спортивные авто и реплики,Самоделки,1943-2026,,Coupe,3M-0
Спортивные авто и реплики Спортпрототип,Спортивные авто и реплики,Спортпрототип,1950-2026,,Roadster,3M-0
Спортивные авто и реплики Формула,Спортивные авто и реплики,Формула,1950-2026,,Speedster,3S-0
Спортивные авто и реплики Хот-род и Кастом,Спортивные авто и реплики,Хот-род и Кастом,1950-2026,,Coupe,3M-0
Старт 1963-1968,Старт,1963-1968,1963-1968,,MPV,无可用尺码
ТагАЗ Aquila,ТагАЗ,Aquila,2012-2014,,Sedan,3L
ТагАЗ C-30,ТагАЗ,C-30,2011,,Sedan,3M
ТагАЗ C10,ТагАЗ,C10,2011-2013,,Sedan,3S
ТагАЗ C190,ТагАЗ,C190,2011-2013,,SUV,YM+
ТагАЗ Road Partner,ТагАЗ,Road Partner,2008-2011,,SUV,YL
ТагАЗ Tager,ТагАЗ,Tager,2008-2012,L170.5 W72.5 H72.4/L177.6 W72.5 H72.4,SUV,YM+
ТагАЗ Vega,ТагАЗ,Vega,2009-2010,,Sedan,3M
УАЗ 3151,УАЗ,3151,1985-2013,L158.5 W70.3 H79.5/L158.5 W70.3 H80.7,SUV,YS-410
УАЗ 3153,УАЗ,3153,1996-2006,,SUV,YL
УАЗ 3159,УАЗ,3159,1999-2010,,SUV,无可用尺码
УАЗ 3160,УАЗ,3160,1997-2004,,SUV,YM+
УАЗ 3162 Симбир,УАЗ,3162 Симбир,1999-2005,,SUV,YL
УАЗ 469,УАЗ,469,1972-2011,,SUV,YS-410
УАЗ Астеро,УАЗ,Астеро,1997-1999,,SUV,YM+
УАЗ Патриот,УАЗ,Патриот,2005-2026,,SUV,YL
УАЗ Патриот,УАЗ,Патриот,2005-2012,Sport,SUV,YM+
УАЗ Хантер,УАЗ,Хантер,2003-2026,,SUV,YS-410
Яндекс Ровер R3,Яндекс Ровер,R3,2021-2026,,Van,无可用尺码
