排名,主图,主图,标题,详情页地址,SKU,品牌,类目,销售方式,售价,销量,销售额,销量增长率,销售额增长率,毛利率,展示总数,曝光量,产品卡浏览量,浏览加购率,搜索加购率,平均折扣,促销销售占比,展示转化率,订单转化率,广告费用份额,退货取消率,错失销售额,评分,评论数,店铺,卖家类型,配送方式,重量,上架时间
1,#VALUE!,https://ir.ozone.ru/s3/multimedia-1-d/wc300/7705481809.jpg,"Чехол на автомобиль / тент на машину / защищает от дождя, пыли и снега, подходит для всех сезонов, 1 шт., универсальный, размер 4900*1800*1500 ммТкань Оксфорд",https://www.ozon.ru/product/2061522714,2061522714,,"汽车罩
Чехол на автомобиль",跨境卖家可售,2597₽,1035,2824375₽,-6%,-22%,17.6%,289169,124544,20572,10.13%,0.3%,0.1%,0.93%,0.34%,46.6%,4.99%,14.4%,0₽,4.9,3758,KeRui,本土卖家,FBO,1080.0 g,"2025-04-23
1 年 5 个月"
2,#VALUE!,https://ir.ozone.ru/s3/multimedia-1-j/wc300/7829377795.jpg,"Чехол на автомобиль / тент на машину / защищает от дождя, пыли и снега, подходит для всех сезонов, 1 шт., универсальный, размер 5100*2000*1850 ммТкань Оксфорд",https://www.ozon.ru/product/2152573645,2152573645,,"汽车罩
Чехол на автомобиль",跨境卖家可售,2650₽,995,2824527₽,-13%,-25%,17.7%,330476,122561,19741,9.61%,0.29%,0.23%,1.22%,0.27%,47.2%,5.16%,13.5%,0₽,4.9,3758,KeRui,本土卖家,FBO,1069.0 g,"2025-05-19
1 年 4 个月"
3,#VALUE!,https://ir.ozone.ru/s3/multimedia-1-0/wc300/9308741148.jpg,"Чехол на автомобиль для джипа, кроссовера, размер YL+ 495x190x185 см, чехол на машину",https://www.ozon.ru/product/3250774927,3250774927,PRIMETEX,"汽车罩
Чехол на автомобиль",跨境卖家可售,3021₽,805,2385913₽,91%,36%,17.8%,432806,154433,26360,9.38%,0.24%,22.25%,55.41%,0.18%,31.6%,13.37%,14.1%,0₽,4.8,3402,PRIMETEX,本土卖家,FBO,2730.0 g,"2025-12-17
9 个月"
4,#VALUE!,https://ir.ozone.ru/s3/multimedia-1-h/wc300/14849374805.jpg,"Летний универсальный чехол на машину Jijivisha 540х175х130 см, защита от солнца, дождя и пыли",https://www.ozon.ru/product/2263589645,2263589645,Jijivisha,"汽车罩
Чехол на автомобиль",跨境卖家可售,1366₽,638,993000₽,135%,126%,12.7%,344713,77226,14781,11.1%,0.5%,13.04%,1.28%,0.17%,36.6%,11.3%,10.5%,0₽,4.2,5336,AlfaMet,本土卖家,FBO,1100.0 g,"2025-06-10
1 年 3 个月"
5,#VALUE!,https://ir-20.ozone.ru/s3/multimedia-1-9/wc300/10025490645.jpg,"Чехол на автомобиль, тент для автомобиля, авточехол, размер YM 430 175 150",https://www.ozon.ru/product/3720688420,3720688420,,"汽车罩
Чехол на автомобиль",跨境卖家可售,1629₽,623,1091301₽,29%,20%,15%,298983,19569,20897,10.8%,0.25%,45.24%,100.0%,0.2%,26.3%,3.34%,13.9%,0₽,4.7,2379,МощьТулс,本土卖家,FBO,1340.0 g,"2026-03-23
6 个月"
6,#VALUE!,https://ir.ozone.ru/s3/multimedia-1-a/wc300/9255253366.jpg,"Чехол на автомобиль, тент для автомобиля, авточехол, размер L 480 175 120",https://www.ozon.ru/product/3720702043,3720702043,,"汽车罩
Чехол на автомобиль",跨境卖家可售,1439₽,560,899297₽,13%,-1%,14.1%,308631,26835,21070,9.66%,0.16%,34.77%,100.0%,0.17%,25.8%,4.01%,12.0%,0₽,4.7,2379,МощьТулс,本土卖家,FBS,1300.0 g,"2026-03-23
6 个月"
7,#VALUE!,https://ir.ozone.ru/s3/multimedia-1-k/wc300/10025501996.jpg,"Чехол на автомобиль, тент для автомобиля, авточехол, размер YL 480 175 150",https://www.ozon.ru/product/3720699179,3720699179,,"汽车罩
Чехол на автомобиль",跨境卖家可售,1700₽,508,967681₽,29%,23%,15.3%,259956,12577,18875,10.01%,0.13%,35.98%,100.0%,0.18%,25.4%,3.63%,12.1%,0₽,4.7,2379,МощьТулс,本土卖家,FBO,1470.0 g,"2026-03-23
6 个月"
8,#VALUE!,https://ir.ozone.ru/s3/multimedia-1-v/wc300/9479249599.jpg,"Чехол на автомобиль, размер 3XL 495x190x150 авточехол, чехол на машину седан",https://www.ozon.ru/product/2862166799,2862166799,PRIMETEX,"汽车罩
Чехол на автомобиль",跨境卖家可售,2868₽,506,1520106₽,78%,37%,18%,226178,130556,16886,9.13%,0.16%,14.25%,54.38%,0.22%,31.9%,9.22%,13.1%,0₽,4.8,3402,PRIMETEX,本土卖家,FBO,2000.0 g,"2025-09-17
1 年"
9,#VALUE!,https://ir.ozone.ru/s3/multimedia-1-a/wc300/9255265066.jpg,"Чехол на автомобиль, тент для автомобиля, авточехол, размер XL 500 175 120",https://www.ozon.ru/product/3720684604,3720684604,,"汽车罩
Чехол на автомобиль",跨境卖家可售,1536₽,420,711726₽,14%,11%,14.6%,148954,59117,15047,7.93%,0.31%,15.91%,100.0%,0.28%,34.6%,4.9%,9.5%,0₽,4.7,2379,МощьТулс,本土卖家,FBO,1400.0 g,"2026-03-23
6 个月"
10,#VALUE!,https://ir.ozone.ru/s3/multimedia-1-a/wc300/12876065254.jpg,"JijivishaТент-Чехол для автомобиля,тент для машины универсальный,480х175х130CM",https://www.ozon.ru/product/2263588516,2263588516,Jijivisha,"汽车罩
Чехол на автомобиль",跨境卖家可售,1211₽,387,542450₽,80%,57%,13.9%,194913,47146,12539,8.83%,0.39%,6.87%,0.55%,0.19%,33.0%,9.26%,14.6%,0₽,4.2,5336,AlfaMet,本土卖家,FBO,2200.0 g,"2025-06-10
1 年 3 个月"
11,#VALUE!,https://ir-20.ozone.ru/s3/multimedia-1-c/wc300/9255277092.jpg,"Чехол на автомобиль, тент для автомобиля, авточехол, размер XXL 540 175 120",https://www.ozon.ru/product/3720693829,3720693829,,"汽车罩
Чехол на автомобиль",跨境卖家可售,1579₽,377,638627₽,-4%,-8%,14.8%,132555,53373,11796,8.78%,0.34%,11.85%,78.87%,0.27%,34.6%,5.03%,14.1%,0₽,4.7,2379,МощьТулс,本土卖家,FBO,1460.0 g,"2026-03-23
6 个月"
12,#VALUE!,https://ir.ozone.ru/s3/multimedia-1-e/wc300/13530048458.jpg,"Летний чехол на машину Jijivisha 400х160х130 см, от солнца и жары, защита от УФ, PEVA с алюминиевой пленкой",https://www.ozon.ru/product/2263587931,2263587931,Jijivisha,"汽车罩
Чехол на автомобиль",跨境卖家可售,1342₽,362,513911₽,221%,166%,13.5%,210298,65036,11554,9.6%,0.45%,4.33%,8.94%,0.17%,32.5%,15.82%,14.6%,0₽,4.6,5496,AlfaMet,本土卖家,FBO,2200.0 g,"2025-06-10
1 年 3 个月"
13,#VALUE!,https://ir.ozone.ru/s3/multimedia-1-s/wc300/13770079012.jpg,"Чехол на автомобиль с левой боковой молнией и светоотражателями, Оксфорд, всесезонный, 4550*1750*1500 мм, защита от дождя снега пыли солнца",https://www.ozon.ru/product/5285333663,5285333663,,"汽车罩
Чехол на автомобиль",跨境卖家可售,2393₽,316,757016₽,1217%,1476%,16.8%,296623,81298,17051,9.23%,0.14%,4.71%,58.16%,0.1%,19.3%,14.27%,12.2%,0₽,4.8,302,TrendWay,本土卖家,FBS,1260.0 g,"2026-07-31
1 个月"
14,#VALUE!,https://ir.ozone.ru/s3/multimedia-1-8/wc300/9992405348.jpg,"Чехол на автомобиль, тент для автомобиля XXXL 510*210*150см",https://www.ozon.ru/product/3960613557,3960613557,Will be,"汽车罩
Чехол на автомобиль",跨境卖家可售,2381₽,311,825481₽,88%,61%,12.8%,73354,43607,3221,13.38%,0.19%,73.28%,99.84%,0.43%,72.9%,18.33%,21.7%,0₽,4.8,790,Will be,本土卖家,FBO,2099.0 g,"2026-04-15
5 个月"
15,#VALUE!,https://ir.ozone.ru/s3/multimedia-1-t/wc300/9308725049.jpg,"Чехол на автомобиль, 2L 435x180x160, чехол на машину седан, хэтчбек универсальный",https://www.ozon.ru/product/5171613578,5171613578,PRIMETEX,"汽车罩
Чехол на автомобиль",跨境卖家可售,2864₽,307,891197₽,204%,113%,17.6%,111577,47623,12108,8.42%,0.22%,21.87%,48.52%,0.27%,29.3%,6.23%,14.1%,0₽,4.8,3402,PRIMETEX,本土卖家,FBS,2173.0 g,"2026-07-22
2 个月"
16,#VALUE!,https://ir.ozone.ru/s3/multimedia-1-c/wc300/8088143124.jpg,"Чехол на автомобиль, Оксфорд, 1 шт.",https://www.ozon.ru/product/4954777767,4954777767,,"汽车罩
Чехол на автомобиль",跨境卖家可售,508₽,295,126830₽,2850%,3212%,54.1%,164747,9418,10114,15.71%,0.33%,20.37%,100.0%,0.18%,18.3%,14.08%,5.2%,0₽,4.7,33,CrossNset,跨境卖家,RFBS,300.0 g,"2026-07-04
2 个月"
17,#VALUE!,https://ir-20.ozone.ru/s3/multimedia-1-n/wc300/9335890679.jpg,"Чехол на автомобиль YXL 525x195x185 см, большой для внедорожника, чехол на машину для кроссовера",https://www.ozon.ru/product/3545459950,3545459950,PRIMETEX,"汽车罩
Чехол на автомобиль",跨境卖家可售,3200₽,293,950155₽,97%,37%,18.1%,143663,53030,12128,7.3%,0.11%,22.81%,71.58%,0.2%,32.5%,7.16%,8.8%,0₽,4.8,3402,PRIMETEX,本土卖家,FBO,2730.0 g,"2026-02-20
7 个月"
18,#VALUE!,https://ir.ozone.ru/s3/multimedia-1-q/wc300/14165630558.jpg,"Чехол на автомобиль 5100*2000*1850, Оксфорд 210D, 1 шт.",https://www.ozon.ru/product/5471071205,5471071205,,"汽车罩
Чехол на автомобиль",跨境卖家可售,2941₽,291,855411₽,100%,100%,17.7%,114280,66588,8432,10.21%,0.23%,50.42%,100.0%,0.25%,33.8%,5.04%,8.0%,0₽,4.8,84,Riana,本土卖家,FBS,1300.0 g,"2026-08-14
1 个月"
19,#VALUE!,https://ir-20.ozone.ru/s3/multimedia-1-0/wc300/13839195096.jpg,"Чехол на автомобиль универсальный, тент для автомобиля 530х200х150",https://www.ozon.ru/product/5295634935,5295634935,КАРПЕИЧ,"汽车罩
Чехол на автомобиль",跨境卖家可售,1974₽,277,627713₽,1285%,1663%,16.2%,209965,17342,12836,10.37%,0.13%,23.68%,44.56%,0.13%,20.1%,7.23%,16.1%,0₽,4.7,160,КАРПЕИЧ,本土卖家,FBO,500.0 g,"2026-07-31
1 个月"
20,#VALUE!,https://ir.ozone.ru/s3/multimedia-1-e/wc300/13770107906.jpg,"Чехол на автомобиль с левой боковой молнией и светоотражателями, Оксфорд, всесезонный, 4950*1900*1500 мм, защита от дождя снега пыли солнца",https://www.ozon.ru/product/5285234939,5285234939,,"汽车罩
Чехол на автомобиль",跨境卖家可售,2495₽,258,631124₽,3125%,3891%,17%,229467,40062,14938,9.02%,0.1%,4.32%,95.85%,0.11%,18.8%,9.51%,14.7%,0₽,4.8,302,TrendWay,本土卖家,FBO,1360.0 g,"2026-07-31
1 个月"
21,#VALUE!,https://ir.ozone.ru/s3/multimedia-1-g/wc300/10025514952.jpg,"Чехол на автомобиль, тент для автомобиля, авточехол, размер YXL 540 175 150",https://www.ozon.ru/product/3720686223,3720686223,,"汽车罩
Чехол на автомобиль",跨境卖家可售,1707₽,253,480516₽,12%,8%,15.3%,74701,20175,9165,6.8%,0.21%,4.51%,100.0%,0.25%,30.0%,1.67%,17.2%,0₽,4.7,2379,МощьТулс,本土卖家,FBS,1600.0 g,"2026-03-23
6 个月"
22,#VALUE!,https://ir.ozone.ru/s3/multimedia-1-z/wc300/13287261563.jpg,"Чехол на автомобиль универсальный, тент для автомобиля 435х180х160",https://www.ozon.ru/product/5295635381,5295635381,КАРПЕИЧ,"汽车罩
Чехол на автомобиль",跨境卖家可售,1916₽,246,545991₽,584%,762%,16%,253600,31204,10714,10.54%,0.07%,25.87%,54.37%,0.09%,20.1%,9.92%,12.4%,0₽,4.7,160,КАРПЕИЧ,本土卖家,FBO,500.0 g,"2026-07-31
1 个月"
23,#VALUE!,https://ir.ozone.ru/s3/multimedia-1-a/wc300/14165542162.jpg,"Чехол на автомобиль 5300*2000*1500, Оксфорд 210D, 1 шт.",https://www.ozon.ru/product/5471501230,5471501230,,"汽车罩
Чехол на автомобиль",跨境卖家可售,2828₽,242,683649₽,100%,100%,18%,218496,61445,9910,9.84%,0.13%,50.66%,100.0%,0.11%,24.8%,12.17%,8.7%,0₽,4.8,84,Riana,本土卖家,FBO,1300.0 g,"2026-08-14
1 个月"
24,#VALUE!,https://ir.ozone.ru/s3/multimedia-1-o/wc300/9255241968.jpg,"Чехол на автомобиль, тент для автомобиля, авточехол, размер S 400 160 120",https://www.ozon.ru/product/3720704483,3720704483,,"汽车罩
Чехол на автомобиль",跨境卖家可售,1444₽,228,365784₽,-31%,-28%,14.1%,121462,50918,11595,7.16%,0.25%,8.69%,100.0%,0.17%,25.3%,7.3%,14.3%,0₽,4.7,2379,МощьТулс,本土卖家,FBO,1100.0 g,"2026-03-23
6 个月"
25,#VALUE!,https://ir.ozone.ru/s3/multimedia-1-g/wc300/12876372772.jpg,"JijivishaТент-Чехол для автомобиля,тент для машины универсальный,PEVA+алюминиевая пленка,540х175х130CM",https://www.ozon.ru/product/2263587939,2263587939,Jijivisha,"汽车罩
Чехол на автомобиль",跨境卖家可售,1858₽,225,475297₽,-38%,-35%,15.9%,175033,28998,8460,7.06%,0.21%,10.91%,2.79%,0.07%,21.9%,12.24%,16.2%,0₽,4.6,5496,AlfaMet,本土卖家,FBO,1310.0 g,"2025-06-10
1 年 3 个月"
26,#VALUE!,https://ir.ozone.ru/s3/multimedia-1-o/wc300/14125075188.jpg,"тент-чехол для автомобиля, всесезонный, размер 485*190*185",https://www.ozon.ru/product/5543008123,5543008123,Spirit auto,"汽车罩
Чехол на автомобиль",跨境卖家可售,167₽,216,40993₽,2300%,7130%,-16.2%,1143,190,574,40.24%,2.1%,69.96%,78.1%,18.02%,89.2%,0.0%,7.8%,8644₽,5.0,148,Teen sprit,本土卖家,FBS,1500.0 g,"2026-08-20
1 个月"
27,#VALUE!,https://ir.ozone.ru/s3/multimedia-1-v/wc300/14081416015.jpg,"Чехол на автомобиль, 490х175х120 см / Тент для автомобиля, прицепа",https://www.ozon.ru/product/2202362986,2202362986,Cartage,"汽车罩
Чехол на автомобиль",跨境卖家可售,1588₽,211,329252₽,211%,193%,14.2%,168948,95427,7623,7.13%,0.16%,4.97%,100.0%,0.12%,37.9%,23.6%,10.5%,0₽,4.4,1325,Сима-Ленд - Интерьер,本土卖家,FBO,980.0 g,"2025-05-28
1 年 4 个月"
28,#VALUE!,https://ir-20.ozone.ru/s3/multimedia-1-r/wc300/12876165495.jpg,"JijivishaЧехол на автомобиль для джипа, тент на машину для кроссовера, размер YM+ 430x175x150CM",https://www.ozon.ru/product/2263589805,2263589805,Jijivisha,"汽车罩
Чехол на автомобиль",跨境卖家可售,1414₽,206,340149₽,-33%,-37%,13.2%,112724,30722,7806,9.21%,0.3%,0.94%,0.56%,0.17%,26.7%,7.21%,9.9%,0₽,4.2,5346,AlfaMet,本土卖家,FBO,2200.0 g,"2025-06-10
1 年 3 个月"
29,#VALUE!,https://ir.ozone.ru/s3/multimedia-1-n/wc300/13770142403.jpg,"Чехол на автомобиль всесезонный,тент от солнца и дождя L",https://www.ozon.ru/product/5368816534,5368816534,,"汽车罩
Чехол на автомобиль",跨境卖家可售,2415₽,203,499370₽,10050%,12817%,16.9%,127972,28574,12890,7.29%,0.16%,3.76%,94.01%,0.16%,21.6%,6.61%,9.5%,0₽,4.8,302,TrendWay,本土卖家,FBO,1290.0 g,"2026-08-06
1 个月"
30,#VALUE!,https://ir.ozone.ru/s3/multimedia-1-7/wc300/13453946323.jpg,"Чехол на автомобиль универсальный, тент для автомобиля 480х190х185",https://www.ozon.ru/product/5295635699,5295635699,КАРПЕИЧ,"汽车罩
Чехол на автомобиль",跨境卖家可售,2070₽,197,445823₽,463%,607%,16.5%,205738,33479,10877,8.93%,0.13%,10.05%,71.13%,0.09%,18.6%,9.85%,16.1%,0₽,4.7,160,КАРПЕИЧ,本土卖家,FBO,500.0 g,"2026-07-31
1 个月"
31,#VALUE!,https://ir.ozone.ru/s3/multimedia-1-r/wc300/12876105015.jpg,"Jijivisha Летний чехол на машину 520х175х130 см, защита от солнца и УФ-излучения, водонепроницаемый, гарантия 1 год",https://www.ozon.ru/product/2263589641,2263589641,Jijivisha,"汽车罩
Чехол на автомобиль",跨境卖家可售,1361₽,193,292071₽,1%,-10%,12.7%,132700,24476,8872,7.37%,0.25%,8.58%,6.55%,0.13%,26.0%,8.76%,19.0%,0₽,4.2,5336,AlfaMet,本土卖家,FBO,1100.0 g,"2025-06-10
1 年 3 个月"
32,#VALUE!,https://ir.ozone.ru/s3/multimedia-1-s/wc300/12876352984.jpg,"Jijivisha Тент-Чехол для автомобиля, всесезонный универсальный тент для машины, солнцезащитный, теплоизоляция, защита от дождя, снега и пыли, PEVA+алюминиевая пленка, 520х175х130CM",https://www.ozon.ru/product/2263592267,2263592267,Jijivisha,"汽车罩
Чехол на автомобиль",跨境卖家可售,1816₽,173,383237₽,-60%,-59%,14%,160060,32149,8562,5.88%,0.14%,4.08%,4.84%,0.08%,24.3%,13.16%,16.4%,0₽,4.6,5496,AlfaMet,本土卖家,FBO,1374.0 g,"2025-06-10
1 年 3 个月"
33,#VALUE!,https://ir.ozone.ru/s3/multimedia-1-0/wc300/13365668304.jpg,"Чехол для автомобиля, тент для автомобиля, размер 530х200х150 (XL)",https://www.ozon.ru/product/5001222378,5001222378,Gandi Clo,"汽车罩
Чехол на автомобиль",跨境卖家可售,2372₽,169,493271₽,-48%,-48%,17.6%,112986,31580,6927,5.97%,0.12%,85.48%,100.0%,0.1%,28.3%,10.84%,19.7%,0₽,4.6,2590,TOP STORE,本土卖家,FBO,1200.0 g,"2026-07-08
2 个月"
34,#VALUE!,https://ir.ozone.ru/s3/multimedia-1-o/wc300/12876296028.jpg,"Jijivisha Универсальный тент-чехол для автомобиля, материал PEVA + алюминиевая пленка, защита от солнца, дождя и пыли, размер 430х160х130 см",https://www.ozon.ru/product/2263588961,2263588961,Jijivisha,"汽车罩
Чехол на автомобиль",跨境卖家可售,1822₽,160,315403₽,-40%,-43%,15.1%,125968,30689,9262,7.09%,0.13%,6.04%,2.45%,0.12%,23.7%,9.05%,18.6%,0₽,4.6,5496,AlfaMet,本土卖家,FBO,851.0 g,"2025-06-10
1 年 3 个月"
35,#VALUE!,https://ir.ozone.ru/s3/multimedia-1-f/wc300/12876322659.jpg,"Jijivisha Тент-Чехол для автомобиля, летний универсальный тент для машины, солнцезащитный, защита от УФ-лучей, теплоизоляция, от пыли и дождя, PEVA+алюминиевая пленка, 480х175х130CM",https://www.ozon.ru/product/2263588978,2263588978,Jijivisha,"汽车罩
Чехол на автомобиль",跨境卖家可售,1769₽,156,325898₽,-74%,-72%,15.6%,99240,12841,7838,7.14%,0.1%,4.78%,8.42%,0.15%,26.3%,3.43%,17.1%,8382₽,4.6,5496,AlfaMet,本土卖家,FBO,1310.0 g,"2025-06-10
1 年 3 个月"
36,#VALUE!,https://ir.ozone.ru/s3/multimedia-1-z/wc300/12876237359.jpg,"Jijivisha Чехол на автомобиль, тент на машину для кроссовера, размер YXL+ 540x175x150CM",https://www.ozon.ru/product/2263588504,2263588504,Jijivisha,"汽车罩
Чехол на автомобиль",跨境卖家可售,1457₽,152,274610₽,-61%,-65%,13.4%,113443,15920,7307,8.25%,0.3%,2.13%,3.76%,0.12%,21.9%,7.36%,17.1%,6290₽,4.2,5346,AlfaMet,本土卖家,FBO,2200.0 g,"2025-06-10
1 年 3 个月"
37,#VALUE!,https://ir.ozone.ru/s3/multimedia-1-1/wc300/10090258849.jpg,"Чехол для автомобиля, тент для автомобиля, размер 480 x190 x185 (XXL)",https://www.ozon.ru/product/5014993553,5014993553,Gandi Clo,"汽车罩
Чехол на автомобиль",跨境卖家可售,2494₽,152,461101₽,-60%,-61%,17%,146944,52080,6950,6.35%,0.1%,67.35%,100.0%,0.08%,25.9%,13.0%,18.5%,0₽,4.6,2590,TOP STORE,本土卖家,FBO,1278.0 g,"2026-07-09
2 个月"
38,#VALUE!,https://ir.ozone.ru/s3/multimedia-1-c/wc300/11783067888.jpg,Тент-чехол на внедорожник. Размер B (L),https://www.ozon.ru/product/1920055509,1920055509,AUTOPILOT,"汽车罩
Чехол на автомобиль",跨境卖家可售,3101₽,150,502254₽,-37%,-41%,15.5%,201113,31629,10354,8.34%,0.08%,9.58%,100.0%,0.06%,14.7%,9.98%,11.1%,0₽,4.8,1607,Аксессуары Автопилот,本土卖家,FBS,2600.0 g,"2025-03-06
1 年 6 个月"
39,#VALUE!,https://ir.ozone.ru/s3/multimedia-1-0/wc300/12876205212.jpg,"Jijivisha Чехол на автомобиль, тент на машину для кроссовера, размер YL+ 480x175x150CM,гарантия на один год",https://www.ozon.ru/product/2263589625,2263589625,Jijivisha,"汽车罩
Чехол на автомобиль",跨境卖家可售,1419₽,148,238239₽,-35%,-46%,15%,119733,17829,9062,8.87%,0.27%,0.0%,0.0%,0.12%,18.2%,6.9%,17.2%,0₽,4.2,5346,AlfaMet,本土卖家,FBO,1500.0 g,"2025-06-10
1 年 3 个月"
40,#VALUE!,https://ir.ozone.ru/s3/multimedia-1-9/wc300/10090297953.jpg,"Чехол для автомобиля, тент для автомобиля, размер 435 x180 x160 (М)",https://www.ozon.ru/product/5001214875,5001214875,Gandi Clo,"汽车罩
Чехол на автомобиль",跨境卖家可售,2536₽,144,425481₽,-64%,-64%,18.1%,89639,40782,5035,6.77%,0.11%,84.37%,100.0%,0.12%,31.1%,8.87%,18.0%,0₽,4.6,2590,TOP STORE,本土卖家,FBO,988.0 g,"2026-07-08
2 个月"
41,#VALUE!,https://ir.ozone.ru/s3/multimedia-1-n/wc300/14848932299.jpg,"Jijivisha Чехол на автомобиль, универсальный, размер S 400х160х130 см, материал PEVA",https://www.ozon.ru/product/2263588437,2263588437,Jijivisha,"汽车罩
Чехол на автомобиль",跨境卖家可售,1208₽,143,202378₽,-51%,-49%,11.8%,116843,31151,4365,13.03%,0.35%,6.62%,2.9%,0.11%,23.4%,10.4%,24.9%,0₽,4.1,5336,AlfaMet,本土卖家,FBO,2200.0 g,"2025-06-10
1 年 3 个月"
42,#VALUE!,https://ir.ozone.ru/s3/multimedia-1-j/wc300/10090253359.jpg,"Чехол для автомобиля, тент для автомобиля, размер 570 х 205 х 165(XXXL)",https://www.ozon.ru/product/5001293315,5001293315,Gandi Clo,"汽车罩
Чехол на автомобиль",跨境卖家可售,2535₽,142,399880₽,-45%,-46%,18.1%,114993,55837,4995,6.06%,0.09%,68.5%,100.0%,0.09%,33.7%,12.19%,14.9%,0₽,4.6,2590,TOP STORE,本土卖家,FBO,1200.0 g,"2026-07-08
2 个月"
43,#VALUE!,https://ir.ozone.ru/s3/multimedia-1-p/wc300/12226165297.jpg,"Jijivisha Чехол на автомобиль 510x200x185, Оксфорд 210D, Оксфорд, 1 шт.",https://www.ozon.ru/product/3513164635,3513164635,Jijivisha,"汽车罩
Чехол на автомобиль",跨境卖家可售,1939₽,141,432692₽,-51%,-55%,16.1%,101662,19363,3764,10.68%,0.21%,0.0%,0.0%,0.12%,31.6%,7.89%,22.6%,0₽,4.8,478,Car Protector,本土卖家,FBO,1350.0 g,"2026-02-08
7 个月"
44,#VALUE!,https://ir.ozone.ru/s3/multimedia-1-d/wc300/11018728309.jpg,"Чехол на автомобиль, тент на машину Kromix YXL, размер 5100*2000*1750 мм",https://www.ozon.ru/product/4449166921,4449166921,KROMIX,"汽车罩
Чехол на автомобиль",跨境卖家可售,2917₽,140,392750₽,51%,18%,16.2%,96540,72807,4295,7.35%,0.08%,32.03%,100.0%,0.14%,42.7%,16.69%,10.6%,0₽,4.7,227,М22,本土卖家,FBO,3115.0 g,"2026-05-26
4 个月"
45,#VALUE!,https://ir.ozone.ru/s3/multimedia-1-r/wc300/8370823851.jpg,"Чехол на автомобиль, 1 шт.",https://www.ozon.ru/product/3135450494,3135450494,,"汽车罩
Чехол на автомобиль",跨境卖家可售,398₽,127,48794₽,100%,100%,53.3%,116617,1256,4785,20.43%,0.07%,31.47%,100.0%,0.11%,13.0%,31.91%,1.6%,0₽,4.8,307,УдачныйВыбор,跨境卖家,RFBS,245.0 g,"2025-11-21
10 个月"
46,#VALUE!,https://ir.ozone.ru/s3/multimedia-1-w/wc300/9992478344.jpg,"Чехол на автомобиль, тент для автомобиля XL 470*190*150см",https://www.ozon.ru/product/3958608110,3958608110,Will be,"汽车罩
Чехол на автомобиль",跨境卖家可售,2877₽,126,334167₽,404%,262%,15%,9106,1018,1165,14.24%,0.19%,76.19%,98.44%,1.38%,75.9%,0.0%,28.6%,0₽,4.8,790,Will be,本土卖家,FBO,2080.0 g,"2026-04-15
5 个月"
47,#VALUE!,https://ir.ozone.ru/s3/multimedia-1-c/wc300/8088143124.jpg,"Чехол на автомобиль, Оксфорд",https://www.ozon.ru/product/2924581989,2924581989,,"汽车罩
Чехол на автомобиль",跨境卖家可售,548₽,125,61340₽,248%,265%,54.3%,176987,5734,9283,10.69%,0.24%,49.07%,100.0%,0.06%,11.0%,23.49%,11.1%,0₽,4.3,104,Home Living Pavilion,跨境卖家,RFBS,334.0 g,"2025-10-01
11 个月"
48,#VALUE!,https://ir.ozone.ru/s3/multimedia-1-t/wc300/9022804445.jpg,"Чехол на автомобиль, тент для автомобиля, размер 435 x180 x160 (2L)",https://www.ozon.ru/product/4984747310,4984747310,Gandi Clo,"汽车罩
Чехол на автомобиль",跨境卖家可售,2535₽,120,342004₽,-55%,-56%,18.1%,69193,21759,3910,6.93%,0.15%,71.4%,100.0%,0.14%,36.5%,9.39%,18.2%,9739₽,4.6,1214,TOP STORE,本土卖家,FBO,988.0 g,"2026-07-07
2 个月"
49,#VALUE!,https://ir.ozone.ru/s3/multimedia-1-3/wc300/13564800471.jpg,"Летний авточехол Jijivisha для кроссовера, PEVA с отражающей алюминиевой пленкой, размер YL+ 480*175*150 см, защита от УФ и жары",https://www.ozon.ru/product/2263588184,2263588184,Jijivisha,"汽车罩
Чехол на автомобиль",跨境卖家可售,1974₽,119,266485₽,-52%,-47%,16.2%,122378,22155,6505,6.24%,0.12%,7.0%,19.62%,0.08%,23.4%,9.98%,16.9%,0₽,4.6,5496,AlfaMet,本土卖家,FBO,2200.0 g,"2025-06-10
1 年 3 个月"
50,#VALUE!,https://ir.ozone.ru/s3/multimedia-1-l/wc300/11014170393.jpg,"Чехол на автомобиль всесезонный, тент от солнца и дождя 495*190*185 Conflate",https://www.ozon.ru/product/3497596624,3497596624,Conflate,"汽车罩
Чехол на автомобиль",跨境卖家可售,2729₽,116,288444₽,115%,72%,14.6%,59109,28126,3784,8.66%,0.16%,10.14%,8.25%,0.19%,35.1%,11.96%,10.5%,0₽,4.5,121,CityNature,本土卖家,FBO,2700.0 g,"2026-02-04
7 个月"
51,#VALUE!,https://ir.ozone.ru/s3/multimedia-1-b/wc300/11470095875.jpg,"Jijivisha Чехол на автомобиль 400x160x120, PEVA, 1 шт.",https://www.ozon.ru/product/3513164663,3513164663,Jijivisha,"汽车罩
Чехол на автомобиль",跨境卖家可售,1327₽,115,163578₽,-21%,-27%,12.6%,110950,31626,5388,8.96%,0.27%,3.1%,5.6%,0.1%,22.2%,14.33%,14.1%,0₽,4.2,912,Car Protector,本土卖家,FBO,2200.0 g,"2026-02-08
7 个月"
52,#VALUE!,https://ir.ozone.ru/s3/multimedia-1-t/wc300/13254885461.jpg,"Чехол на автомобиль, тент для автомобиля, авточехол, размер M 430 160 120cm",https://www.ozon.ru/product/5226959767,5226959767,,"汽车罩
Чехол на автомобиль",跨境卖家可售,1401₽,114,159714₽,11300%,14827%,13.9%,24771,10500,5482,6.47%,0.27%,47.18%,91.98%,0.46%,32.1%,2.26%,7.9%,0₽,4.7,2379,МощьТулс,本土卖家,FBS,1100.0 g,"2026-07-27
1 个月"
53,#VALUE!,https://ir.ozone.ru/s3/multimedia-1-0/wc300/12876026184.jpg,"Jijivisha Универсальный тент-чехол для автомобиля, материал PEVA, размер 430х160х130 см",https://www.ozon.ru/product/2263588343,2263588343,Jijivisha,"汽车罩
Чехол на автомобиль",跨境卖家可售,1312₽,111,155576₽,66%,42%,12.3%,58278,9195,7278,6.05%,0.17%,6.68%,5.37%,0.18%,24.1%,3.99%,10.6%,0₽,4.2,5336,AlfaMet,本土卖家,FBO,2200.0 g,"2025-06-10
1 年 3 个月"
54,#VALUE!,https://ir.ozone.ru/s3/multimedia-1-0/wc300/11018864772.jpg,"Чехол на автомобиль, тент на машину Kromix 2L, размер 4200*1700*1600 мм",https://www.ozon.ru/product/4438173813,4438173813,KROMIX,"汽车罩
Чехол на автомобиль",跨境卖家可售,2669₽,111,278596₽,55%,49%,16.6%,147513,24943,4236,11.28%,0.05%,37.83%,100.0%,0.06%,19.9%,19.1%,6.4%,0₽,4.7,227,М22,本土卖家,FBO,2550.0 g,"2026-05-25
4 个月"
55,#VALUE!,https://ir.ozone.ru/s3/multimedia-1-4/wc300/12778968820.jpg,"Чехол на автомобиль / тент на машину / чехол на машину / защищает от дождя, пыли и снега, подходит для всех сезонов, размер 480 x190 x185",https://www.ozon.ru/product/4852306082,4852306082,,"汽车罩
Чехол на автомобиль",跨境卖家可售,2721₽,108,265764₽,-5%,-28%,14.6%,90552,70058,2719,12.5%,0.11%,0.0%,0.0%,0.12%,31.8%,15.74%,16.7%,0₽,4.6,722,ЗИП-ЗИП,本土卖家,FBO,2239.0 g,"2026-06-25
3 个月"
56,#VALUE!,https://ir.ozone.ru/s3/multimedia-1-f/wc300/14923209435.jpg,"Чехол на автомобиль защитный Flex Drive, размер L",https://www.ozon.ru/product/1766836467,1766836467,Flex Drive,"汽车罩
Чехол на автомобиль",跨境卖家可售,1795₽,104,173484₽,-42%,-49%,11.5%,44835,6950,2118,13.92%,0.24%,10.9%,28.73%,0.23%,34.2%,4.71%,11.9%,0₽,4.5,608,Интернет Революция,本土卖家,FBO,1511.0 g,"2024-11-25
1 年 10 个月"
57,#VALUE!,https://ir.ozone.ru/s3/multimedia-1-p/wc300/9022865209.jpg,"Чехол на автомобиль, тент для автомобиля, размер 485х190х185 см (YL)",https://www.ozon.ru/product/4984694499,4984694499,Gandi Clo,"汽车罩
Чехол на автомобиль",跨境卖家可售,2558₽,104,330111₽,-70%,-68%,18.2%,77548,26414,3934,6.96%,0.1%,68.99%,100.0%,0.1%,27.4%,10.67%,10.7%,60279₽,4.6,1214,TOP STORE,本土卖家,FBO,1060.0 g,"2026-07-07
2 个月"
58,#VALUE!,https://ir.ozone.ru/s3/multimedia-1-u/wc300/9992447814.jpg,"Чехол на автомобиль, тент для автомобиля XXL 490*190*150см",https://www.ozon.ru/product/3960609254,3960609254,Will be,"汽车罩
Чехол на автомобиль",跨境卖家可售,2820₽,102,280444₽,155%,88%,14.9%,5853,998,1320,9.92%,0.4%,72.2%,99.28%,1.69%,75.6%,0.0%,39.4%,0₽,4.8,790,Will be,本土卖家,FBS,2172.0 g,"2026-04-15
5 个月"
59,#VALUE!,https://ir.ozone.ru/s3/multimedia-1-x/wc300/12722870085.jpg,"Чехол-тент на автомобиль для седана 495/190/150 см, автотент на машину универсальный всесезонный Oxford, от дождя, снега, пыли и солнца, серебристый",https://www.ozon.ru/product/4977607936,4977607936,,"汽车罩
Чехол на автомобиль",跨境卖家可售,2640₽,102,295452₽,42%,23%,16.1%,108406,40182,3671,8.93%,0.13%,6.89%,13.67%,0.09%,29.6%,7.53%,12.4%,0₽,4.9,41,Glare,本土卖家,FBO,2200.0 g,"2026-07-06
2 个月"
60,#VALUE!,https://ir-20.ozone.ru/s3/multimedia-1-f/wc300/15060100803.jpg,"Чехол на автомобиль 4900*1800*1500 мм, Оксфорд, всесезонный, светоотражатели, защита от дождя снега пыли солнца",https://www.ozon.ru/product/3886216534,3886216534,,"汽车罩
Чехол на автомобиль",跨境卖家可售,1655₽,98,177939₽,880%,432%,14.5%,155960,13700,9203,7.64%,0.08%,17.02%,19.32%,0.06%,13.7%,21.05%,10.5%,0₽,4.8,302,TrendWay,本土卖家,FBO,770.0 g,"2026-04-09
5 个月"
61,#VALUE!,https://ir-20.ozone.ru/s3/multimedia-1-i/wc300/12993105510.jpg,"Jijivisha Чехол на автомобиль 430x175x150, PEVA, 1 шт.",https://www.ozon.ru/product/3513164810,3513164810,Jijivisha,"汽车罩
Чехол на автомобиль",跨境卖家可售,922₽,97,150665₽,-20%,-29%,8.5%,127400,18523,4983,10.07%,0.17%,0.27%,4.47%,0.07%,18.3%,13.67%,10.9%,0₽,4.2,912,Car Protector,本土卖家,FBO,2200.0 g,"2026-02-08
7 个月"
62,#VALUE!,https://ir-20.ozone.ru/s3/multimedia-1-n/wc300/10090283027.jpg,"Чехол для автомобиля, тент для автомобиля, размер 490 x190 x150 (L)",https://www.ozon.ru/product/5001218052,5001218052,Gandi Clo,"汽车罩
Чехол на автомобиль",跨境卖家可售,2330₽,97,294809₽,-70%,-71%,17.6%,33459,7583,3486,5.45%,0.05%,82.73%,100.0%,0.17%,30.5%,2.48%,15.6%,13014₽,4.6,2590,TOP STORE,本土卖家,FBO,1160.0 g,"2026-07-08
2 个月"
63,#VALUE!,https://ir.ozone.ru/s3/multimedia-1-s/wc300/12981254896.jpg,"Чехол на автомобиль тканевый, тент для автомобиля, автотент на машину, тент от дождя, пыли и снега, солнца, липы, антивандальный, универсальный, размер 490 x190 x180",https://www.ozon.ru/product/5205503238,5205503238,,"汽车罩
Чехол на автомобиль",跨境卖家可售,3252₽,97,337632₽,507%,425%,18.1%,145294,68376,4152,9.03%,0.05%,4.76%,61.56%,0.06%,24.8%,10.45%,16.4%,0₽,5.0,13,TATYANKA,本土卖家,FBO,2300.0 g,"2026-07-25
2 个月"
64,#VALUE!,https://ir.ozone.ru/s3/multimedia-1-a/wc300/11783155006.jpg,Тент-чехол на седан. Размер 3 (седан) S,https://www.ozon.ru/product/1916884059,1916884059,AUTOPILOT,"汽车罩
Чехол на автомобиль",跨境卖家可售,2792₽,95,288216₽,-42%,-45%,14.8%,95658,23050,5176,6.04%,0.12%,8.17%,100.0%,0.08%,25.6%,8.38%,23.8%,0₽,4.8,1607,Аксессуары Автопилот,本土卖家,FBS,2200.0 g,"2025-03-05
1 年 6 个月"
65,#VALUE!,https://ir.ozone.ru/s3/multimedia-1-5/wc300/11783074757.jpg,Тент-чехол на кроссовер. Размер A (M),https://www.ozon.ru/product/1919995300,1919995300,AUTOPILOT,"汽车罩
Чехол на автомобиль",跨境卖家可售,2918₽,94,295086₽,-8%,-18%,15.1%,98229,14187,6233,7.55%,0.07%,8.17%,100.0%,0.09%,17.8%,5.49%,14.3%,0₽,4.8,1607,Аксессуары Автопилот,本土卖家,FBS,2500.0 g,"2025-03-06
1 年 6 个月"
66,#VALUE!,https://ir.ozone.ru/s3/multimedia-1-j/wc300/9022849003.jpg,"Чехол на автомобиль, тент для автомобиля, размер 530 х200 х150 (XXL)",https://www.ozon.ru/product/4984715901,4984715901,Gandi Clo,"汽车罩
Чехол на автомобиль",跨境卖家可售,2557₽,94,273345₽,-64%,-63%,18%,53509,23507,2952,8.13%,0.16%,71.36%,100.0%,0.13%,28.3%,10.43%,22.1%,52615₽,4.6,1214,TOP STORE,本土卖家,FBO,1200.0 g,"2026-07-07
2 个月"
67,#VALUE!,https://ir.ozone.ru/s3/multimedia-1-x/wc300/13125007977.jpg,"Jijivisha Чехол на автомобиль 480x175x120, Фольга, 1 шт.",https://www.ozon.ru/product/3513164816,3513164816,Jijivisha,"汽车罩
Чехол на автомобиль",跨境卖家可售,1110₽,92,160695₽,-16%,-19%,10.8%,90415,14655,4426,9.24%,0.15%,3.14%,1.39%,0.09%,19.3%,11.26%,15.2%,0₽,4.7,550,Car Protector,本土卖家,FBO,2200.0 g,"2026-02-08
7 个月"
68,#VALUE!,https://ir.ozone.ru/s3/multimedia-1-r/wc300/14777846523.jpg,"Чехол на автомобиль / тент на машину / защищает от дождя, пыли и снега, подходит для всех сезонов, универсальный, размер 5000*1750*1200 ммТкань Оксфорд",https://www.ozon.ru/product/4751116320,4751116320,,"汽车罩
Чехол на автомобиль",跨境卖家可售,1958₽,89,199114₽,889%,1122%,16.2%,70618,10489,5314,8.07%,0.03%,65.78%,100.0%,0.12%,20.5%,6.95%,13.7%,0₽,5.0,2379,МощьТулс,本土卖家,FBO,1400.0 g,"2026-06-16
3 个月"
69,#VALUE!,https://ir-20.ozone.ru/s3/multimedia-1-f/wc300/11476802787.jpg,"Jijivisha Чехол на автомобиль 480x170x120, PEVA, 1 шт.",https://www.ozon.ru/product/3513164770,3513164770,Jijivisha,"汽车罩
Чехол на автомобиль",跨境卖家可售,1431₽,83,128970₽,-17%,-23%,13.3%,78845,14986,4290,8.32%,0.12%,2.16%,2.44%,0.1%,22.1%,9.19%,20.3%,0₽,4.2,912,Car Protector,本土卖家,FBO,2200.0 g,"2026-02-08
7 个月"
70,#VALUE!,https://ir.ozone.ru/s3/multimedia-1-2/wc300/7942156814.jpg,"Чехол на автомобиль 145x110, Искусственные материалы, 1 шт.",https://www.ozon.ru/product/3365072400,3365072400,,"汽车罩
Чехол на автомобиль",跨境卖家可售,357₽,79,28236₽,-62%,-58%,53.9%,56724,1027,2190,16.02%,0.77%,72.49%,100.0%,0.11%,18.5%,0.0%,13.9%,0₽,4.8,275,Floras,跨境卖家,FBP,378.0 g,"2026-01-11
8 个月"
71,#VALUE!,https://ir.ozone.ru/s3/multimedia-1-o/wc300/8394805608.jpg,"BellaStar Чехол на автомобиль Ваз Lada 2107 1982–2012, Оксфорд, Мембранные материалы, 1 шт.",https://www.ozon.ru/product/3150646184,3150646184,BellaStar,"汽车罩
Чехол на автомобиль",跨境卖家可售,1395₽,77,147375₽,3%,3%,56%,122819,18948,3844,11.7%,0.33%,7.26%,100.0%,0.06%,16.0%,14.86%,24.0%,0₽,4.7,75,chenling,跨境卖家,FBP,2100.0 g,"2025-11-25
10 个月"
72,#VALUE!,https://ir.ozone.ru/s3/multimedia-1-p/wc300/11783065525.jpg,Тент-чехол на внедорожник. Размер D (XL),https://www.ozon.ru/product/1920135685,1920135685,AUTOPILOT,"汽车罩
Чехол на автомобиль",跨境卖家可售,3152₽,77,265351₽,-27%,-33%,15.6%,94991,11025,5728,6.73%,0.1%,13.69%,100.0%,0.07%,17.7%,7.29%,13.5%,0₽,4.8,1607,Аксессуары Автопилот,本土卖家,FBO,2780.0 g,"2025-03-06
1 年 6 个月"
73,#VALUE!,https://ir.ozone.ru/s3/multimedia-1-a/wc300/9971174386.jpg,"Чехол на автомобиль Feen, тент для автомобиля, размер М",https://www.ozon.ru/product/1627191296,1627191296,Feen,"汽车罩
Чехол на автомобиль",跨境卖家可售,2817₽,74,202878₽,-17%,-25%,16.5%,49047,32515,1512,11.3%,0.08%,18.26%,100.0%,0.14%,41.5%,10.95%,7.1%,0₽,4.7,951,ДМ,本土卖家,FBO,2500.0 g,"2024-07-12
2 年 2 个月"
74,#VALUE!,https://ir.ozone.ru/s3/multimedia-1-s/wc300/11783060488.jpg,Тент-чехол на внедорожник. Размер C (L+),https://www.ozon.ru/product/1920135751,1920135751,AUTOPILOT,"汽车罩
Чехол на автомобиль",跨境卖家可售,3147₽,70,241119₽,-45%,-49%,15.6%,84471,10722,5169,6.05%,0.1%,10.57%,100.0%,0.06%,16.0%,7.91%,10.0%,44961₽,4.8,1607,Аксессуары Автопилот,本土卖家,FBS,2750.0 g,"2025-03-06
1 年 6 个月"
75,#VALUE!,https://ir-20.ozone.ru/s3/multimedia-1-q/wc300/13074424442.jpg,"Чехол на автомобиль / тент на авто / защищает машину от дождя, пыли и снега - 560*200*185 см",https://www.ozon.ru/product/5077926062,5077926062,,"汽车罩
Чехол на автомобиль",跨境卖家可售,2977₽,68,231086₽,100%,120%,18.2%,70200,14586,3043,6.6%,0.13%,56.2%,100.0%,0.09%,29.9%,3.04%,18.0%,0₽,4.7,1678,ВяКс,本土卖家,FBO,2000.0 g,"2026-07-15
2 个月"
76,#VALUE!,https://ir.ozone.ru/s3/multimedia-1-b/wc300/10088407955.jpg,Market1 Чехол на автомобиль,https://www.ozon.ru/product/4104321499,4104321499,Market1,"汽车罩
Чехол на автомобиль",跨境卖家可售,1288₽,68,99299₽,-3%,-5%,14.9%,25174,1639,1975,11.74%,0.24%,0.0%,0.0%,0.24%,26.3%,0.0%,14.8%,0₽,4.6,121,MarketONE,本土卖家,FBS,900.0 g,"2026-04-27
4 个月"
77,#VALUE!,https://ir.ozone.ru/s3/multimedia-1-c/wc300/13407897252.jpg,"Чехол на автомобиль Авточехол-тент TOZAROA для хэтчбека и универсала, 2XXL (5200×2000×1800 мм), водонепроницаемый от снега, дождя, солнца и пыли, для Hyundai Grand Starex, Mercedes-Benz V-Класс, Volkswagen Transporter, PEVA, 1 шт.",https://www.ozon.ru/product/5330777463,5330777463,,"汽车罩
Чехол на автомобиль",跨境卖家可售,1413₽,68,93735₽,580%,612%,55%,25687,6672,2383,9.19%,0.47%,2.1%,36.72%,0.28%,32.9%,21.72%,5.6%,0₽,5.0,7,Tozaroa cover,跨境卖家,RFBS,1000.0 g,"2026-08-03
1 个月"
78,#VALUE!,https://ir-20.ozone.ru/s3/multimedia-1-w/wc300/14324440352.jpg,"Tozaroa Чехол на автомобиль TOZAROA чехол на автомобиль Lada 2121 4x4 Нива ВАЗ-2121 Niva Legend Urban Рысь Bronto Фора 1977-2021, серый PEVA, от дождя, снега, солнца, пыли и листьев, PEVA, 1 шт.",https://www.ozon.ru/product/5601337263,5601337263,Tozaroa,"汽车罩
Чехол на автомобиль",跨境卖家可售,1427₽,67,95609₽,100%,100%,55%,14255,10018,1403,14.39%,0.33%,0.0%,0.0%,0.47%,33.2%,22.96%,7.5%,0₽,,,Tozaroa cover,跨境卖家,RFBS,1000.0 g,"2026-08-25
< 1 个月"
79,#VALUE!,https://ir.ozone.ru/s3/multimedia-1-c/wc300/12794398644.jpg,Ремкомплект 1878 для чехла на автомобиль PRIMETEX,https://www.ozon.ru/product/5144981878,5144981878,PRIMETEX,"汽车罩
Чехол на автомобиль",跨境卖家可售,20₽,66,2606₽,3200%,3520%,-167.6%,3250,821,1779,20.68%,1.58%,94.9%,23.08%,2.03%,17.9%,0.0%,3.1%,0₽,4.8,3402,PRIMETEX,本土卖家,FBS,2000.0 g,"2026-07-20
2 个月"
80,#VALUE!,https://ir.ozone.ru/s3/multimedia-1-v/wc300/10247989675.jpg,"Чехол на автомобиль, тент для автомобиля, размер M",https://www.ozon.ru/product/4891433593,4891433593,Heavy Booster,"汽车罩
Чехол на автомобиль",跨境卖家可售,2529₽,66,183211₽,-39%,-48%,14.6%,116698,39543,9347,3.14%,0.09%,31.9%,100.0%,0.05%,21.5%,18.2%,6.4%,0₽,4.6,1670,Heavy Booster,本土卖家,FBO,1738.0 g,"2026-06-29
2 个月"
81,#VALUE!,https://ir.ozone.ru/s3/multimedia-1-n/wc300/13105325183.jpg,"Jijivisha Чехол на автомобиль 540x175x150, PEVA, 1 шт.",https://www.ozon.ru/product/3513164748,3513164748,Jijivisha,"汽车罩
Чехол на автомобиль",跨境卖家可售,972₽,65,111572₽,-29%,-31%,9.1%,71420,10941,3963,7.19%,0.12%,0.0%,0.0%,0.09%,21.8%,11.04%,14.6%,0₽,4.2,912,Car Protector,本土卖家,FBO,2200.0 g,"2026-02-08
7 个月"
82,#VALUE!,https://ir.ozone.ru/s3/multimedia-1-8/wc300/13613136344.jpg,"Jijivisha Авточехол Премиум для внедорожника Двухслойный PEVA с алюминиевой пленкой Защита от УФ, дождя и снега Размер YXL+: 520x210x170 см",https://www.ozon.ru/product/2888603648,2888603648,Jijivisha,"汽车罩
Чехол на автомобиль",跨境卖家可售,2783₽,64,185136₽,19%,20%,17.4%,58294,16677,2203,10.07%,0.15%,0.0%,0.0%,0.11%,28.4%,9.31%,8.0%,0₽,4.8,678,AlfaMet,本土卖家,FBO,1760.0 g,"2025-09-23
1 年"
83,#VALUE!,https://ir.ozone.ru/s3/multimedia-1-p/wc300/9022823521.jpg,"Чехол на автомобиль, тент для автомобиля, размер 490 x190 x150 (XL)",https://www.ozon.ru/product/4984732384,4984732384,Gandi Clo,"汽车罩
Чехол на автомобиль",跨境卖家可售,2356₽,61,188690₽,-85%,-85%,17.8%,28577,7119,1864,7.34%,0.09%,67.27%,100.0%,0.14%,29.9%,4.05%,22.0%,18793₽,4.6,1214,TOP STORE,本土卖家,FBO,1060.0 g,"2026-07-07
2 个月"
84,#VALUE!,https://ir.ozone.ru/s3/multimedia-1-h/wc300/11014176005.jpg,"Чехол на автомобиль всесезонный, тент от солнца и дождя 495*190*150 Conflate",https://www.ozon.ru/product/3497589879,3497589879,Conflate,"汽车罩
Чехол на автомобиль",跨境卖家可售,2288₽,61,152788₽,57%,34%,11%,58400,20839,3062,6.76%,0.09%,8.27%,3.06%,0.1%,28.5%,15.32%,15.3%,0₽,4.5,121,CityNature,本土卖家,FBO,2400.0 g,"2026-02-04
7 个月"
85,#VALUE!,https://ir.ozone.ru/s3/multimedia-1-g/wc300/8391789916.jpg,"Чехол на автомобиль 200x70, PEVA, 1 шт.",https://www.ozon.ru/product/3151294422,3151294422,,"汽车罩
Чехол на автомобиль",跨境卖家可售,196₽,58,11059₽,124%,131%,49%,40283,706,1651,18.53%,0.14%,30.41%,100.0%,0.13%,17.0%,16.75%,3.9%,0₽,4.6,158,AlwaysU,跨境卖家,RFBS,72.0 g,"2025-11-25
10 个月"
86,#VALUE!,https://ir.ozone.ru/s3/multimedia-1-s/wc300/9182184472.jpg,"Чехол на автомобиль 245x114.5, Оксфорд, 1 шт.",https://www.ozon.ru/product/3254227461,3254227461,,"汽车罩
Чехол на автомобиль",跨境卖家可售,550₽,57,32711₽,-36%,-41%,55.2%,60781,4887,4223,10.75%,0.22%,45.27%,100.0%,0.09%,12.1%,18.22%,3.7%,0₽,4.7,407,МирУюта,跨境卖家,FBP,350.0 g,"2025-12-18
9 个月"
87,#VALUE!,https://ir.ozone.ru/s3/multimedia-1-y/wc300/9868458742.jpg,"Чехол тент на автомобиль, всесезонный, универсальный защита от дождя, солнца, пыли.",https://www.ozon.ru/product/3765765145,3765765145,,"汽车罩
Чехол на автомобиль",跨境卖家可售,2321₽,57,145608₽,30%,7%,16.5%,64250,45732,2236,7.28%,0.07%,54.19%,100.0%,0.09%,35.0%,18.44%,15.8%,0₽,4.3,117,МаксИ,本土卖家,FBO,2050.0 g,"2026-03-27
6 个月"
88,#VALUE!,https://ir.ozone.ru/s3/multimedia-s/wc300/6838616188.jpg,"XICBOOM Чехол на автомобиль ""D"" Применяется для кроссоверов и внедорожников(510x195x180cm), Оксфорд, Брезент, 1 шт.",https://www.ozon.ru/product/1303302880,1303302880,XICBOOM,"汽车罩
Чехол на автомобиль",跨境卖家可售,2638₽,55,143917₽,38%,38%,50%,160973,13681,7091,7.41%,0.1%,49.39%,100.0%,0.03%,9.1%,35.9%,8.4%,0₽,4.8,4880,Tengxi auto supplies franchise store,跨境卖家,RFBS,1724.0 g,"2023-11-22
2 年 10 个月"
89,#VALUE!,https://ir.ozone.ru/s3/multimedia-1-l/wc300/11642460753.jpg,"Чехол на автомобиль 600x350, Пластик, 1 шт.",https://www.ozon.ru/product/4773708612,4773708612,,"汽车罩
Чехол на автомобиль",跨境卖家可售,212₽,55,11046₽,686%,772%,49.9%,20950,752,1165,14.5%,0.13%,0.0%,0.0%,0.26%,32.5%,24.23%,5.5%,0₽,5.0,2,ninglang shop,跨境卖家,RFBS,196.0 g,"2026-06-17
3 个月"
90,#VALUE!,https://ir.ozone.ru/s3/multimedia-1-r/wc300/7228131363.jpg,"Чехол на автомобиль 500x200x190, Оксфорд, Велюр искусственный, 1 шт.",https://www.ozon.ru/product/1939732491,1939732491,,"汽车罩
Чехол на автомобиль",跨境卖家可售,4884₽,54,265073₽,32%,36%,50%,102966,13791,5793,5.97%,0.07%,22.85%,100.0%,0.05%,14.7%,12.67%,13.8%,0₽,4.7,2059,Бутик-магазин 2,跨境卖家,RFBS,4950.0 g,"2025-03-14
1 年 6 个月"
91,#VALUE!,https://ir.ozone.ru/s3/multimedia-1-o/wc300/8824930476.jpg,"Чехол на автомобиль 43*35*18, Полимерный материал, Синтепон, 1 шт.",https://www.ozon.ru/product/4384212200,4384212200,,"汽车罩
Чехол на автомобиль",跨境卖家可售,4547₽,53,23321₽,1225%,68%,17.9%,8665,3013,713,12.48%,0.23%,49.48%,100.0%,0.6%,58.4%,9.62%,15.4%,22491₽,4.5,11,Ozon Россия,本土卖家,FBO,2872.0 g,"2026-05-21
4 个月"
92,#VALUE!,https://ir.ozone.ru/s3/multimedia-1-1/wc300/7208083405.jpg,"Чехол на автомобиль 460x180x170, Оксфорд, 1 шт.",https://www.ozon.ru/product/1939734258,1939734258,,"汽车罩
Чехол на автомобиль",跨境卖家可售,3721₽,52,253843₽,300%,313%,50%,153251,56951,9842,4.41%,0.23%,21.54%,100.0%,0.03%,11.8%,51.2%,12.0%,0₽,4.7,2059,Бутик-магазин 2,跨境卖家,RFBS,4950.0 g,"2025-03-14
1 年 6 个月"
93,#VALUE!,https://ir.ozone.ru/s3/multimedia-1-o/wc300/7228132116.jpg,"Чехол на автомобиль 460x180x170, Оксфорд, 1 шт.",https://www.ozon.ru/product/1939732397,1939732397,,"汽车罩
Чехол на автомобиль",跨境卖家可售,4874₽,51,249995₽,7%,9%,50%,84579,19525,5424,6.19%,0.13%,21.2%,100.0%,0.06%,14.6%,12.65%,4.1%,0₽,4.7,2059,Бутик-магазин 2,跨境卖家,RFBS,4950.0 g,"2025-03-14
1 年 6 个月"
94,#VALUE!,https://ir.ozone.ru/s3/multimedia-1-i/wc300/8569318662.jpg,Гайка для автотента,https://www.ozon.ru/product/3575148440,3575148440,PRIMETEX,"汽车罩
Чехол на автомобиль",跨境卖家可售,41₽,50,2050₽,100%,100%,-50.5%,1397,403,494,14.97%,0.0%,0.0%,0.0%,3.58%,67.6%,0.0%,0.0%,0₽,4.8,3402,PRIMETEX,本土卖家,FBO,400.0 g,"2026-03-02
6 个月"
95,#VALUE!,https://ir.ozone.ru/s3/multimedia-1-l/wc300/11476977465.jpg,"Jijivisha Чехол на автомобиль, PEVA, 1 шт.",https://www.ozon.ru/product/3513164686,3513164686,Jijivisha,"汽车罩
Чехол на автомобиль",跨境卖家可售,932₽,50,75559₽,-61%,-64%,8.6%,66075,13091,3439,8.89%,0.16%,1.47%,6.58%,0.07%,15.0%,12.32%,19.6%,0₽,4.2,912,Car Protector,本土卖家,FBO,684.0 g,"2026-02-08
7 个月"
96,#VALUE!,https://ir.ozone.ru/s3/multimedia-1-p/wc300/13672930165.jpg,"Чехол на автомобиль 600x350, Пластик, 1 шт.",https://www.ozon.ru/product/3975996668,3975996668,,"汽车罩
Чехол на автомобиль",跨境卖家可售,224₽,50,12302₽,-88%,-84%,51.2%,43397,2200,1467,6.47%,0.68%,53.84%,100.0%,0.11%,49.5%,0.0%,6.4%,0₽,4.6,1716,NovaMart,跨境卖家,FBP,164.0 g,"2026-04-17
5 个月"
97,#VALUE!,https://ir.ozone.ru/s3/multimedia-1-g/wc300/8568634120.jpg,Накидка обогрев на сиденье автомобиля от прикуривателя 12 В AVS,https://www.ozon.ru/product/3229567172,3229567172,AVS,"汽车罩
Чехол на автомобиль",跨境卖家可售,1323₽,49,58061₽,4800%,6498%,12.6%,21698,1722,1278,16.35%,0.75%,27.56%,9.4%,0.22%,22.5%,0.0%,4.3%,4432₽,5.0,9,AVS - Официальный магазин,本土卖家,FBS,475.0 g,"2025-12-12
9 个月"
98,#VALUE!,https://ir.ozone.ru/s3/multimedia-1-u/wc300/9038492958.jpg,"Чехол на автомобиль 135х60, Нейлон, 3 шт.",https://www.ozon.ru/product/3510039493,3510039493,,"汽车罩
Чехол на автомобиль",跨境卖家可售,1128₽,48,48168₽,300%,309%,56%,20846,2108,761,16.29%,0.42%,41.38%,100.0%,0.22%,36.3%,16.58%,6.7%,0₽,4.9,17,YONG QI,跨境卖家,FBP,1500.0 g,"2026-02-07
7 个月"
99,#VALUE!,https://ir.ozone.ru/s3/multimedia-1-c/wc300/8822924436.jpg,Чехол на автомобиль,https://www.ozon.ru/product/3401339648,3401339648,,"汽车罩
Чехол на автомобиль",跨境卖家可售,318₽,47,14682₽,2250%,2159%,52.5%,101425,1575,1995,12.28%,0.12%,34.92%,100.0%,0.05%,19.2%,31.17%,8.6%,0₽,4.7,50,Fino Goods,跨境卖家,RFBS,380.0 g,"2026-01-17
8 个月"
100,#VALUE!,https://ir.ozone.ru/s3/multimedia-1-3/wc300/11476672959.jpg,"Jijivisha Чехол на автомобиль 430x160x130, PEVA, 1 шт.",https://www.ozon.ru/product/3513165547,3513165547,Jijivisha,"汽车罩
Чехол на автомобиль",跨境卖家可售,842₽,47,67423₽,-27%,-36%,9.7%,55932,11380,4079,6.88%,0.16%,4.44%,6.99%,0.08%,15.3%,12.81%,11.7%,0₽,4.2,912,Car Protector,本土卖家,FBO,670.0 g,"2026-02-08
7 个月"
101,#VALUE!,https://ir.ozone.ru/s3/multimedia-1-r/wc300/12346729479.jpg,"Чехол на автомобиль 750X480, Пластик, 1 шт.",https://www.ozon.ru/product/5011615820,5011615820,,"汽车罩
Чехол на автомобиль",跨境卖家可售,439₽,46,20628₽,120%,115%,53.4%,520,255,88,1.13%,0.0%,50.0%,100.0%,7.69%,4000.0%,0.0%,0.0%,0₽,,,ПремиумТоварСервис,跨境卖家,RFBS,259.0 g,"2026-07-09
2 个月"
102,#VALUE!,https://ir.ozone.ru/s3/multimedia-1-v/wc300/13694174851.jpg,"Чехол на автомобиль / тент на машину / защищает от дождя, пыли и снега, подходит для всех сезонов, 1 шт., универсальный, размер 4900*1800*1500 ммТкань Оксфорд",https://www.ozon.ru/product/4911037196,4911037196,,"汽车罩
Чехол на автомобиль",跨境卖家可售,2010₽,46,92460₽,100%,100%,16.3%,40666,7877,1758,13.02%,0.1%,79.15%,100.0%,0.11%,20.1%,22.34%,17.4%,0₽,4.9,9,ЦЕНТР КАЧЕСТВА,本土卖家,FBO,1080.0 g,"2026-07-01
2 个月"
103,#VALUE!,https://ir.ozone.ru/s3/multimedia-1-x/wc300/7497721617.jpg,"Чехол на автомобиль, тент для автомобиля (L)",https://www.ozon.ru/product/193587488,193587488,Autoprofi,"汽车罩
Чехол на автомобиль",跨境卖家可售,2250₽,45,104195₽,4400%,5324%,16.4%,24330,8666,1570,7.77%,0.15%,24.38%,100.0%,0.18%,36.9%,4.7%,8.9%,0₽,4.9,2190,ТД «АВТОПРОФИ»,本土卖家,FBO,1423.0 g,"2020-09-14
6 年 1 个月"
104,#VALUE!,https://ir.ozone.ru/s3/multimedia-1-g/wc300/14081560324.jpg,"Тент для авто / чехол на автомобиль, CARTAGE, XXL, 510х180х120 см",https://www.ozon.ru/product/2202361455,2202361455,Cartage,"汽车罩
Чехол на автомобиль",跨境卖家可售,1619₽,45,71047₽,-55%,-57%,14.1%,43388,8651,2370,7.51%,0.11%,13.04%,100.0%,0.09%,20.8%,12.48%,13.6%,36394₽,4.4,1325,Сима-Ленд - Интерьер,本土卖家,FBO,1050.0 g,"2025-05-28
1 年 4 个月"
105,#VALUE!,https://ir.ozone.ru/s3/multimedia-1-3/wc300/13267667091.jpg,"Чехол на автомобиль / тент на авто / защищает машину от дождя, пыли и снега - 490*200*185 см",https://www.ozon.ru/product/5077913352,5077913352,,"汽车罩
Чехол на автомобиль",跨境卖家可售,3529₽,44,145940₽,76%,44%,18.8%,66194,16164,3346,6.66%,0.12%,57.48%,100.0%,0.06%,17.0%,6.4%,18.5%,0₽,4.7,1678,ВяКс,本土卖家,FBO,2000.0 g,"2026-07-15
2 个月"
106,#VALUE!,https://ir-20.ozone.ru/s3/multimedia-1-s/wc300/11812660696.jpg,"Чехол на автомобиль 530*250, Оксфорд, Композитный материал, 1 шт.",https://www.ozon.ru/product/4956268196,4956268196,,"汽车罩
Чехол на автомобиль",跨境卖家可售,1501₽,44,61633₽,-69%,-68%,50%,83824,6897,5978,8.06%,0.27%,29.96%,100.0%,0.05%,8.7%,14.27%,23.9%,0₽,4.0,60,Людмила,跨境卖家,RFBS,1300.0 g,"2026-07-04
2 个月"
107,#VALUE!,https://ir.ozone.ru/s3/multimedia-1-x/wc300/9029920893.jpg,"Чехол на автомобиль 236x145, Алюминий, 1 шт.",https://www.ozon.ru/product/3067443351,3067443351,,"汽车罩
Чехол на автомобиль",跨境卖家可售,1246₽,44,51403₽,239%,237%,13.7%,63717,5062,4347,12.26%,0.17%,40.46%,100.0%,0.07%,8.1%,20.7%,7.0%,0₽,4.8,223,Daily department store,本土卖家,FBS,1200.0 g,"2025-11-05
10 个月"
108,#VALUE!,https://ir.ozone.ru/s3/multimedia-1-y/wc300/9182180698.jpg,"Чехол на автомобиль 245x114.5, Оксфорд, 1 шт.",https://www.ozon.ru/product/3269927856,3269927856,,"汽车罩
Чехол на автомобиль",跨境卖家可售,550₽,43,23573₽,115%,105%,55.2%,30933,3148,2861,9.19%,0.06%,44.31%,100.0%,0.12%,14.1%,12.85%,8.2%,0₽,4.7,407,МирУюта,跨境卖家,FBP,350.0 g,"2025-12-22
9 个月"
109,#VALUE!,https://ir.ozone.ru/s3/multimedia-1-g/wc300/8003262832.jpg,"Чехол на автомобиль, тент для машины универсальный, 495х190х150 см, черный, оранжевый",https://www.ozon.ru/product/3442320460,3442320460,,"汽车罩
Чехол на автомобиль",跨境卖家可售,2782₽,43,127411₽,72%,59%,17.9%,30545,7188,2599,5.84%,0.11%,66.03%,100.0%,0.12%,24.3%,3.8%,10.9%,0₽,4.7,193,Shield Case,本土卖家,FBO,1250.0 g,"2026-01-24
8 个月"
110,#VALUE!,https://ir.ozone.ru/s3/multimedia-1-r/wc300/11014169643.jpg,"Чехол на автомобиль всесезонный, тент от солнца и дождя 495*180*160 Conflate",https://www.ozon.ru/product/3497595868,3497595868,Conflate,"汽车罩
Чехол на автомобиль",跨境卖家可售,2142₽,43,111927₽,139%,108%,11%,31421,17283,2251,5.28%,0.08%,12.31%,11.14%,0.14%,36.1%,14.99%,9.4%,0₽,4.5,121,CityNature,本土卖家,FBO,2650.0 g,"2026-02-04
7 个月"
111,#VALUE!,https://ir.ozone.ru/s3/multimedia-1-3/wc300/13467111555.jpg,"Чехол на автомобиль, тент для автомобиля, авточехол, размер 490cm*190cm*150cm, PEVA",https://www.ozon.ru/product/4754205748,4754205748,,"汽车罩
Чехол на автомобиль",跨境卖家可售,2344₽,43,97400₽,187%,96%,14%,35925,7348,1386,13.13%,0.17%,74.78%,100.0%,0.11%,22.5%,8.05%,19.6%,8083₽,4.9,9,Реборн Маркет,本土卖家,FBO,1750.0 g,"2026-06-16
3 个月"
112,#VALUE!,https://ir.ozone.ru/s3/multimedia-1-j/wc300/14959493371.jpg,Тент для автомобиля УРАЛ 4320 (двухсторонний ПВХ материал 550 г/кв.м),https://www.ozon.ru/product/4417406107,4417406107,,"汽车罩
Чехол на автомобиль",跨境卖家可售,17965₽,43,727452₽,54%,72%,16.1%,10098,2547,1036,6.85%,0.74%,0.0%,0.0%,0.37%,52.1%,0.0%,8.2%,0₽,5.0,35,ТЕНТ ЭКСПЕРТ,本土卖家,FBS,20000.0 g,"2026-05-23
4 个月"
113,#VALUE!,https://ir.ozone.ru/s3/multimedia-1-e/wc300/7013886782.jpg,"МобильПРО Чехол на автомобиль 450х180х150, Оксфорд, 1 шт.",https://www.ozon.ru/product/1560008118,1560008118,МобильПРО,"汽车罩
Чехол на автомобиль",跨境卖家可售,3340₽,42,151652₽,-9%,-23%,17.3%,61009,15973,2811,7.89%,0.06%,4.92%,81.19%,0.06%,17.6%,10.05%,10.3%,0₽,4.9,3331,QUANTUM,本土卖家,FBO,2800.0 g,"2024-04-26
2 年 5 个月"
114,#VALUE!,https://ir.ozone.ru/s3/multimedia-1-s/wc300/10243752976.jpg,"МобильПРО Чехол на автомобиль 470х180х150, Оксфорд, 1 шт.",https://www.ozon.ru/product/1560409945,1560409945,МобильПРО,"汽车罩
Чехол на автомобиль",跨境卖家可售,3379₽,42,156410₽,28%,8%,12.4%,44255,17423,2199,6.5%,0.04%,4.41%,97.32%,0.09%,27.3%,6.4%,18.0%,0₽,4.9,3331,QUANTUM,本土卖家,FBO,2850.0 g,"2024-04-26
2 年 5 个月"
115,#VALUE!,https://ir.ozone.ru/s3/multimedia-1-b/wc300/7199700239.jpg,"МобильПРО Чехол на автомобиль 430х180х150, Оксфорд, 1 шт.",https://www.ozon.ru/product/1556727487,1556727487,МобильПРО,"汽车罩
Чехол на автомобиль",跨境卖家可售,3334₽,41,149695₽,-26%,-39%,12.9%,50685,17352,2165,7.11%,0.04%,2.78%,70.04%,0.08%,26.6%,6.0%,14.7%,0₽,4.9,3331,QUANTUM,本土卖家,FBO,2800.0 g,"2024-04-24
2 年 5 个月"
116,#VALUE!,https://ir.ozone.ru/s3/multimedia-1-d/wc300/10434100261.jpg,"Чехол на автомобиль, Оксфорд 210D, 1 шт.",https://www.ozon.ru/product/4289077317,4289077317,,"汽车罩
Чехол на автомобиль",跨境卖家可售,1525₽,41,60247₽,52%,52%,50%,39367,5278,2528,9.01%,0.51%,0.0%,0.0%,0.1%,17.5%,28.97%,13.2%,0₽,4.7,33,Starlight Emporium,跨境卖家,RFBS,1200.0 g,"2026-05-13
4 个月"
117,#VALUE!,https://ir.ozone.ru/s3/multimedia-1-j/wc300/13066868575.jpg,"Jijivisha Чехол на автомобиль 490x180x150, Оксфорд 210D, Оксфорд, 1 шт.",https://www.ozon.ru/product/3513164679,3513164679,Jijivisha,"汽车罩
Чехол на автомобиль",跨境卖家可售,1908₽,41,123139₽,-67%,-69%,15.4%,58169,7523,2771,6.92%,0.03%,12.38%,28.03%,0.07%,20.8%,7.8%,27.5%,0₽,4.8,478,Car Protector,本土卖家,FBO,1760.0 g,"2026-02-08
7 个月"
118,#VALUE!,https://ir.ozone.ru/s3/multimedia-1-e/wc300/9827168378.jpg,Чехол на автомобиль,https://www.ozon.ru/product/3960261611,3960261611,,"汽车罩
Чехол на автомобиль",跨境卖家可售,503₽,41,19278₽,174%,172%,55.1%,20042,391,1554,14.09%,0.25%,50.0%,100.0%,0.2%,18.3%,0.0%,12.5%,0₽,5.0,11,Happy Pig,跨境卖家,FBP,360.0 g,"2026-04-15
5 个月"
119,#VALUE!,https://ir.ozone.ru/s3/multimedia-0/wc300/6723263448.jpg,"Тент для Газель 3302 старого образца (400 г/кв.м, двухсторонний ПВХ материал)",https://www.ozon.ru/product/4735975615,4735975615,,"汽车罩
Чехол на автомобиль",跨境卖家可售,6671₽,41,270448₽,142%,149%,17.2%,16364,7197,1254,8.93%,0.3%,0.0%,0.0%,0.24%,34.8%,0.0%,12.9%,0₽,4.9,9,ТЕНТ ЭКСПЕРТ,本土卖家,FBS,8700.0 g,"2026-06-15
3 个月"
120,#VALUE!,https://ir.ozone.ru/s3/multimedia-1-h/wc300/13997363885.jpg,"МобильПРО Чехол на автомобиль 490х200х190, Оксфорд, 1 шт.",https://www.ozon.ru/product/1693389299,1693389299,МобильПРО,"汽车罩
Чехол на автомобиль",跨境卖家可售,3421₽,40,157180₽,-29%,-40%,16.5%,66302,21780,2576,7.99%,0.08%,6.48%,100.0%,0.05%,17.5%,10.04%,16.7%,0₽,4.9,3331,QUANTUM,本土卖家,FBO,3100.0 g,"2024-09-14
2 年"
121,#VALUE!,https://ir.ozone.ru/s3/multimedia-1-7/wc300/11764639483.jpg,"Чехол на автомобиль, Оксфорд, Оксфорд 210D, 1 шт.",https://www.ozon.ru/product/4816823363,4816823363,,"汽车罩
Чехол на автомобиль",跨境卖家可售,1420₽,40,56880₽,345%,300%,55.1%,12571,4495,1300,9.84%,0.35%,0.0%,0.0%,0.32%,31.3%,32.97%,2.5%,0₽,4.9,17,jiahe4,跨境卖家,RFBS,1080.0 g,"2026-06-22
3 个月"
122,#VALUE!,https://ir-20.ozone.ru/s3/multimedia-2/wc300/6824762462.jpg,Чехлы универсальные для автомобильных сидений из экокожи (черный) Защитная накидка на автомобильное сидение,https://www.ozon.ru/product/1393359874,1393359874,VSM,"汽车罩
Чехол на автомобиль",跨境卖家可售,2048₽,39,113980₽,-70%,-74%,17.2%,36542,2847,1639,11.59%,0.03%,36.26%,100.0%,0.09%,16.8%,18.78%,43.8%,56977₽,4.8,398,Natali,本土卖家,FBS,700.0 g,"2024-01-18
2 年 8 个月"
123,#VALUE!,https://ir.ozone.ru/s3/multimedia-1-y/wc300/7652959558.jpg,"Тент чехол на машину для седана PSV с подкладкой и молнией, размер L (470x180x150), Серый",https://www.ozon.ru/product/2302392298,2302392298,PSV,"汽车罩
Чехол на автомобиль",跨境卖家可售,2403₽,39,108544₽,12%,-1%,15%,60625,12042,2804,5.27%,0.09%,47.82%,100.0%,0.06%,23.6%,9.34%,11.5%,0₽,4.5,1546,PSV - Автоаксессуары,本土卖家,FBS,2700.0 g,"2025-06-16
1 年 3 个月"
124,#VALUE!,https://ir.ozone.ru/s3/multimedia-1-0/wc300/8899579044.jpg,"Чехол на внедорожник универсальный, тент для машины, кроссовера, джипа 495х196х180 см, черный, серый",https://www.ozon.ru/product/3442291022,3442291022,,"汽车罩
Чехол на автомобиль",跨境卖家可售,2632₽,39,115182₽,1200%,331%,17.3%,43062,6927,2576,7.49%,0.07%,67.52%,100.0%,0.09%,19.7%,4.69%,5.3%,0₽,4.7,193,Shield Case,本土卖家,FBO,1300.0 g,"2026-01-24
8 个月"
125,#VALUE!,https://ir.ozone.ru/s3/multimedia-1-u/wc300/9239495430.jpg,"Чехол на автомобиль 220, Оксфорд, 1 шт.",https://www.ozon.ru/product/3612425780,3612425780,,"汽车罩
Чехол на автомобиль",跨境卖家可售,474₽,39,17894₽,200%,195%,53.9%,25421,2206,1844,15.61%,0.27%,0.0%,0.0%,0.15%,13.5%,32.36%,0.0%,0₽,4.8,33,Sun Boutique,跨境卖家,RFBS,250.0 g,"2026-03-09
6 个月"
126,#VALUE!,https://ir.ozone.ru/s3/multimedia-1-2/wc300/13884069314.jpg,"Чехол на автомобиль Chevrolet Niva （2002-2020）/Шевроле Нива,Внедорожник 5 дв,защищает от дождя,пыли и снега,подходит для всех сезонов,высокоплотная,материал авиационного стандарта, Оксфорд 210D, 1 шт.",https://www.ozon.ru/product/3990858660,3990858660,,"汽车罩
Чехол на автомобиль",跨境卖家可售,2551₽,39,79481₽,200%,237%,50%,17047,8697,1087,14.35%,0.17%,24.75%,100.0%,0.21%,23.1%,7.06%,8.4%,0₽,3.0,2,BBBBDAN,跨境卖家,RFBS,2000.0 g,"2026-04-18
5 个月"
127,#VALUE!,https://ir-20.ozone.ru/s3/multimedia-1-x/wc300/8396807865.jpg,"Чехол на автомобиль 475x180x150, PEVA, 1 шт.",https://www.ozon.ru/product/3152239425,3152239425,,"汽车罩
Чехол на автомобиль",跨境卖家可售,3330₽,39,94940₽,-16%,-30%,17%,30128,18838,1019,13.73%,0.1%,42.26%,31.19%,0.11%,24.3%,6.76%,11.8%,0₽,4.7,154,ЧехолОК,本土卖家,FBO,1440.0 g,"2025-11-25
10 个月"
128,#VALUE!,https://ir.ozone.ru/s3/multimedia-1-m/wc300/7652959618.jpg,"Тент чехол на машину для хетчбека PSV с подкладкой и молнией, размер M (415x175x145), Серый",https://www.ozon.ru/product/2302393594,2302393594,PSV,"汽车罩
Чехол на автомобиль",跨境卖家可售,2593₽,38,111467₽,23%,25%,15.5%,60668,12138,2798,5.46%,0.06%,49.62%,100.0%,0.06%,23.5%,11.17%,0.0%,0₽,4.5,1546,PSV - Автоаксессуары,本土卖家,FBS,2400.0 g,"2025-06-16
1 年 3 个月"
129,#VALUE!,https://ir.ozone.ru/s3/multimedia-1-0/wc300/13565003220.jpg,"Jijivisha Чехол автомобильный алюминиевая пленка, защита от солнца дождя пыли, для кроссовера джипа, размер YM 430х175х150 см",https://www.ozon.ru/product/2263589229,2263589229,Jijivisha,"汽车罩
Чехол на автомобиль",跨境卖家可售,2084₽,38,88275₽,-66%,-59%,17.3%,93342,13501,5553,4.95%,0.05%,0.0%,0.0%,0.04%,12.7%,12.23%,8.6%,0₽,4.6,5496,AlfaMet,本土卖家,FBO,2200.0 g,"2025-06-10
1 年 3 个月"
130,#VALUE!,https://ir.ozone.ru/s3/multimedia-1-d/wc300/14778098473.jpg,"Чехол на автомобиль / тент на машину / защищает от дождя, пыли и снега, подходит для всех сезонов, универсальный, размер 5400*1750*1500 ммТкань Оксфорд",https://www.ozon.ru/product/4783820178,4783820178,,"汽车罩
Чехол на автомобиль",跨境卖家可售,2192₽,37,91530₽,517%,647%,16.8%,51357,7974,4259,6.9%,0.02%,62.11%,100.0%,0.07%,12.6%,12.24%,21.7%,0₽,5.0,2379,МощьТулс,本土卖家,FBO,1600.0 g,"2026-06-18
3 个月"
131,#VALUE!,https://ir.ozone.ru/s3/multimedia-1-t/wc300/15128445197.jpg,"Jijivisha Чехол на автомобиль 400x160x120, Фольга, 1 шт.",https://www.ozon.ru/product/3513164525,3513164525,Jijivisha,"汽车罩
Чехол на автомобиль",跨境卖家可售,1276₽,37,60264₽,-25%,-26%,12.2%,65256,12885,2175,7.86%,0.1%,0.04%,5.9%,0.06%,21.6%,12.89%,20.6%,0₽,4.7,550,Car Protector,本土卖家,FBO,2200.0 g,"2026-02-08
7 个月"
132,#VALUE!,https://ir.ozone.ru/s3/multimedia-1-v/wc300/10172979463.jpg,"Jijivisha Чехол на автомобиль 158*116, Оксфорд 210D, 1 шт.",https://www.ozon.ru/product/3740575933,3740575933,Jijivisha,"汽车罩
Чехол на автомобиль",跨境卖家可售,688₽,37,26970₽,16%,-13%,4.1%,43793,13997,1692,11.93%,0.18%,0.0%,0.0%,0.08%,18.3%,22.19%,8.2%,0₽,4.6,65,Car Protector,本土卖家,FBO,650.0 g,"2026-03-25
6 个月"
133,#VALUE!,https://ir-20.ozone.ru/s3/multimedia-1-f/wc300/7433277639.jpg,"Накидка защитная магнитная на крыло 590х790мм, в чехле",https://www.ozon.ru/product/1953065184,1953065184,ROCKFORCE,"汽车罩
Чехол на автомобиль",跨境卖家可售,517₽,36,19216₽,415%,443%,2.9%,11593,1313,807,8.92%,0.91%,0.0%,0.0%,0.28%,44.4%,0.0%,0.0%,0₽,4.8,254,FORSAGE OFFICIAL STORE,本土卖家,FBS,198.0 g,"2025-03-19
1 年 6 个月"
134,#VALUE!,https://ir.ozone.ru/s3/multimedia-1-g/wc300/11702291668.jpg,"Чехол на автомобиль 600x350, Пластик, 1 шт.",https://www.ozon.ru/product/4795915835,4795915835,,"汽车罩
Чехол на автомобиль",跨境卖家可售,199₽,36,6684₽,800%,926%,49.3%,21262,1365,1116,13.79%,0.58%,62.95%,100.0%,0.17%,23.4%,19.4%,8.4%,0₽,,,Yu7,跨境卖家,RFBS,196.0 g,"2026-06-19
3 个月"
135,#VALUE!,https://ir.ozone.ru/s3/multimedia-1-b/wc300/13392823655.jpg,"Jijivisha Чехол на автомобиль 480x175x150, Фольга, 1 шт.",https://www.ozon.ru/product/3513164684,3513164684,Jijivisha,"汽车罩
Чехол на автомобиль",跨境卖家可售,1297₽,35,76477₽,-26%,-24%,12.3%,55729,10613,2867,6.52%,0.09%,0.0%,0.0%,0.06%,18.2%,14.46%,11.8%,0₽,4.7,550,Car Protector,本土卖家,FBO,2200.0 g,"2026-02-08
7 个月"
136,#VALUE!,https://ir.ozone.ru/s3/multimedia-1-n/wc300/11217258095.jpg,"Чехол на автомобиль Renault  LoganⅠ/Ⅱ(2004-2022)/Рено Логан,Седан,защищает от дождя,пыли и снега,подходит для всех сезонов,высокоплотная,материал авиационного стандарта, Оксфорд 210D, 1 шт.",https://www.ozon.ru/product/3725446052,3725446052,,"汽车罩
Чехол на автомобиль",跨境卖家可售,2446₽,35,86282₽,85%,80%,50%,37252,9759,1412,12.11%,0.2%,51.21%,100.0%,0.09%,19.3%,14.41%,15.2%,0₽,4.9,11,В универмаге.2,跨境卖家,RFBS,1500.0 g,"2026-03-23
6 个月"
137,#VALUE!,https://ir.ozone.ru/s3/multimedia-1-r/wc300/12824503011.jpg,"Чехол на автомобиль 400x160x120, PEVA, 1 шт.",https://www.ozon.ru/product/4948984626,4948984626,,"汽车罩
Чехол на автомобиль",跨境卖家可售,910₽,35,34178₽,-84%,-82%,9.4%,22748,6012,1259,11.99%,0.41%,27.3%,100.0%,0.16%,24.5%,0.0%,24.4%,21077₽,4.2,183,NNN MARKET,本土卖家,FBS,900.0 g,"2026-07-03
2 个月"
138,#VALUE!,https://ir.ozone.ru/s3/multimedia-1-j/wc300/11979374059.jpg,"Чехол на автомобиль 530*250, ABS пластик, 1 шт.",https://www.ozon.ru/product/4890335329,4890335329,,"汽车罩
Чехол на автомобиль",跨境卖家可售,1222₽,35,40302₽,1067%,1037%,55%,25997,1773,2094,11.74%,0.16%,0.0%,0.0%,0.13%,14.2%,5.81%,5.8%,0₽,2.0,1,Торговая торговля в ченге,跨境卖家,RFBS,1100.0 g,"2026-06-29
2 个月"
139,#VALUE!,https://ir.ozone.ru/s3/multimedia-1-l/wc300/7252203945.jpg,"XICBOOM Чехол на автомобиль Toyota Land Cruiser, Оксфорд 210D, 1 шт.",https://www.ozon.ru/product/1786126602,1786126602,XICBOOM,"汽车罩
Чехол на автомобиль",跨境卖家可售,3050₽,34,110725₽,48%,55%,51%,20369,8263,937,10.35%,0.1%,48.39%,100.0%,0.15%,32.0%,6.73%,6.5%,0₽,4.8,185,Tengxi auto supplies franchise store,跨境卖家,FBP,1700.0 g,"2024-12-14
1 年 9 个月"
140,#VALUE!,https://ir.ozone.ru/s3/multimedia-1-5/wc300/11498385353.jpg,"Чехол на автомобиль Ваз Lada 2107 1982–2012, Оксфорд, Мембранные материалы, 1 шт.",https://www.ozon.ru/product/4722031558,4722031558,,"汽车罩
Чехол на автомобиль",跨境卖家可售,1698₽,34,58406₽,325%,297%,50%,17634,8745,887,14.09%,0.37%,56.24%,100.0%,0.19%,26.4%,20.16%,3.1%,0₽,5.0,4,fei yue333,跨境卖家,RFBS,1475.0 g,"2026-06-14
3 个月"
141,#VALUE!,https://ir.ozone.ru/s3/multimedia-1-q/wc300/9132864938.jpg,"Jijivisha Летний универсальный тент-чехол для автомобиля, материал PEVA + алюминиевая пленка, защита от солнца, жары, ультрафиолета, дождя и пыли, размер L 480х175х120 см",https://www.ozon.ru/product/1813972537,1813972537,Jijivisha,"汽车罩
Чехол на автомобиль",跨境卖家可售,1749₽,34,60538₽,-32%,-39%,14.9%,27162,6886,1417,7.62%,0.11%,0.0%,0.0%,0.12%,29.6%,8.53%,18.8%,0₽,4.6,6815,Jijivisha Top,本土卖家,FBO,1300.0 g,"2025-01-03
1 年 8 个月"
142,#VALUE!,https://ir.ozone.ru/s3/multimedia-1-1/wc300/10090258849.jpg,"Чехол для автомобиля, тент для автомобиля, размер 480 x190 x185 (XXL)",https://www.ozon.ru/product/5555359213,5555359213,Gandi Clo,"汽车罩
Чехол на автомобиль",跨境卖家可售,2706₽,34,92004₽,3300%,3792%,17.4%,20753,15864,1690,4.85%,0.11%,61.91%,100.0%,0.17%,43.9%,19.3%,5.6%,0₽,5.0,2590,TOP STORE,本土卖家,FBO,1278.0 g,"2026-08-21
1 个月"
143,#VALUE!,https://ir.ozone.ru/s3/multimedia-1-i/wc300/7497727722.jpg,"Чехол на автомобиль, тент для автомобиля (XL)",https://www.ozon.ru/product/193587514,193587514,Autoprofi,"汽车罩
Чехол на автомобиль",跨境卖家可售,3478₽,33,114774₽,3200%,2074%,18.4%,22760,8790,1287,8.93%,0.1%,45.2%,25.81%,0.14%,28.7%,5.84%,6.1%,0₽,4.8,2190,ТД «АВТОПРОФИ»,本土卖家,FBO,1460.0 g,"2020-09-14
6 年 1 个月"
144,#VALUE!,https://ir.ozone.ru/s3/multimedia-1-p/wc300/8582282737.jpg,"Чехол на автомобиль 540x175x150, PEVA, Велюр антистресс, 1 шт.",https://www.ozon.ru/product/4672681400,4672681400,,"汽车罩
Чехол на автомобиль",跨境卖家可售,1052₽,33,36006₽,3200%,2896%,55%,7714,5314,739,18.13%,0.48%,56.14%,100.0%,0.41%,23.9%,17.01%,34.4%,0₽,5.0,1,yuanmouxianxunkailei,跨境卖家,RFBS,1760.0 g,"2026-06-10
3 个月"
145,#VALUE!,https://ir.ozone.ru/s3/multimedia-s/wc300/6626793484.jpg,"Тент на Газель 3302 БИЗНЕС, 6 люверсов (400 г/кв.м, двухсторонний ПВХ материал)",https://www.ozon.ru/product/4467113102,4467113102,Автопласт,"汽车罩
Чехол на автомобиль",跨境卖家可售,6774₽,33,221153₽,200%,208%,17.5%,9833,3291,660,9.39%,0.36%,0.0%,0.0%,0.33%,51.6%,0.0%,18.8%,0₽,5.0,7,ТЕНТ ЭКСПЕРТ,本土卖家,FBS,8700.0 g,"2026-05-27
3 个月"
146,#VALUE!,https://ir.ozone.ru/s3/multimedia-1-d/wc300/13940374225.jpg,"Чехол на автомобиль TOZAROA чехол-тент на автомобиль Lada 2107 (Лада 2107, ВАЗ-2107) 1982–2012, защита от дождя, снега, солнца и пыли, для улицы, парковки и гаража, PEVA, 1 шт.",https://www.ozon.ru/product/5488519842,5488519842,,"汽车罩
Чехол на автомобиль",跨境卖家可售,1852₽,33,61058₽,3200%,3364%,50%,12361,8127,1127,11.53%,0.28%,0.0%,0.0%,0.26%,24.6%,14.96%,15.7%,0₽,3.0,2,Tozaroa cover,跨境卖家,RFBS,1006.0 g,"2026-08-16
1 个月"
147,#VALUE!,https://ir.ozone.ru/s3/multimedia-1-n/wc300/10090283027.jpg,"Чехол для автомобиля, тент для автомобиля, размер 490 x190 x150 (L)",https://www.ozon.ru/product/5555353244,5555353244,Gandi Clo,"汽车罩
Чехол на автомобиль",跨境卖家可售,2583₽,33,85239₽,100%,100%,18%,26379,19973,1945,7.76%,0.17%,81.72%,100.0%,0.19%,33.1%,23.15%,6.0%,0₽,5.0,2590,TOP STORE,本土卖家,FBO,1160.0 g,"2026-08-21
1 个月"
148,#VALUE!,https://ir.ozone.ru/s3/multimedia-1-j/wc300/11306415835.jpg,"Чехол на автомобиль 480x190x180, Велюр искусственный, Оксфорд, 1 шт.",https://www.ozon.ru/product/4648655259,4648655259,,"汽车罩
Чехол на автомобиль",跨境卖家可售,3525₽,33,115526₽,-32%,-32%,50%,60252,1226,3821,7.74%,0.57%,58.63%,100.0%,0.05%,11.1%,4.22%,12.2%,0₽,4.5,41,Сибирский резерв,跨境卖家,RFBS,4950.0 g,"2026-06-09
3 个月"
149,#VALUE!,https://ir.ozone.ru/s3/multimedia-1-i/wc300/13474801818.jpg,"Чехол на автомобиль 480x190x180, Оксфорд 210D, Хлопок, 1 шт.",https://www.ozon.ru/product/2936399956,2936399956,,"汽车罩
Чехол на автомобиль",跨境卖家可售,6882₽,32,219683₽,540%,583%,50%,54756,24890,5066,7.56%,0.22%,58.16%,100.0%,0.06%,8.1%,27.6%,16.2%,0₽,4.9,56,МЕЧТА 7,跨境卖家,RFBS,7000.0 g,"2025-10-06
11 个月"
150,#VALUE!,https://ir-20.ozone.ru/s3/multimedia-1-t/wc300/13695030065.jpg,"Jijivisha Чехол на автомобиль 430x175x150, Оксфорд 210D, Оксфорд, 1 шт.",https://www.ozon.ru/product/3513164528,3513164528,Jijivisha,"汽车罩
Чехол на автомобиль",跨境卖家可售,1786₽,32,96130₽,-22%,-27%,15.6%,41198,3199,1989,7.08%,0.0%,8.95%,30.07%,0.08%,22.7%,6.64%,21.9%,0₽,4.8,478,Car Protector,本土卖家,FBO,1100.0 g,"2026-02-08
7 个月"
151,#VALUE!,https://ir.ozone.ru/s3/multimedia-1-b/wc300/7497708743.jpg,"Чехол на автомобиль, тент для автомобиля (M)",https://www.ozon.ru/product/193587515,193587515,Autoprofi,"汽车罩
Чехол на автомобиль",跨境卖家可售,2667₽,32,85344₽,100%,100%,17.3%,7099,1748,959,8.23%,0.34%,38.32%,100.0%,0.45%,40.5%,0.0%,15.7%,0₽,4.8,2190,ТД «АВТОПРОФИ»,本土卖家,FBO,1300.0 g,"2020-09-14
6 年 1 个月"
152,#VALUE!,https://ir.ozone.ru/s3/multimedia-1-s/wc300/13616214148.jpg,"Jijivisha Чехол на автомобиль 520x175x120, Фольга, 1 шт.",https://www.ozon.ru/product/3513164685,3513164685,Jijivisha,"汽车罩
Чехол на автомобиль",跨境卖家可售,1105₽,32,56295₽,-66%,-62%,10.5%,59965,7065,2972,6.52%,0.09%,13.46%,27.38%,0.05%,14.9%,16.11%,20.7%,0₽,4.7,550,Car Protector,本土卖家,FBO,1374.0 g,"2026-02-08
7 个月"
153,#VALUE!,https://ir.ozone.ru/s3/multimedia-1-1/wc300/11441838169.jpg,"Чехол на автомобиль, Алюминий, 1 шт.",https://www.ozon.ru/product/4702329473,4702329473,,"汽车罩
Чехол на автомобиль",跨境卖家可售,1167₽,32,36259₽,-28%,-29%,55%,53895,2803,4294,9.29%,0.07%,0.0%,0.0%,0.06%,7.5%,24.41%,26.7%,0₽,4.4,27,ВсеДляТебя,跨境卖家,RFBS,1000.0 g,"2026-06-12
3 个月"
154,#VALUE!,https://ir.ozone.ru/s3/multimedia-1-z/wc300/7238663711.jpg,"Чехол на автомобиль 145x110, Искусственные материалы, 1 шт.",https://www.ozon.ru/product/1811955860,1811955860,,"汽车罩
Чехол на автомобиль",跨境卖家可售,346₽,31,10772₽,73%,77%,53.6%,10405,461,490,21.22%,0.65%,0.0%,0.0%,0.25%,25.0%,0.0%,7.7%,0₽,4.8,472,xingchen,跨境卖家,FBP,500.0 g,"2025-01-02
1 年 8 个月"
155,#VALUE!,https://ir.ozone.ru/s3/multimedia-1-n/wc300/13488688967.jpg,"Jijivisha Чехол на автомобиль 430x175x150, Фольга, 1 шт.",https://www.ozon.ru/product/3513164802,3513164802,Jijivisha,"汽车罩
Чехол на автомобиль",跨境卖家可售,1250₽,31,69028₽,-19%,-20%,12.8%,45970,7928,3031,7.52%,0.02%,2.97%,3.7%,0.06%,12.3%,14.13%,14.3%,0₽,4.7,550,Car Protector,本土卖家,FBO,930.0 g,"2026-02-08
7 个月"
156,#VALUE!,https://ir.ozone.ru/s3/multimedia-1-f/wc300/7208083383.jpg,"Чехол на автомобиль 480x190x180, Оксфорд, 1 шт.",https://www.ozon.ru/product/1939732224,1939732224,,"汽车罩
Чехол на автомобиль",跨境卖家可售,4904₽,30,148770₽,329%,343%,50%,37787,4848,2905,6.16%,0.1%,21.0%,100.0%,0.08%,16.2%,3.16%,6.9%,0₽,4.7,2059,Бутик-магазин 2,跨境卖家,RFBS,4950.0 g,"2025-03-14
1 年 6 个月"
157,#VALUE!,https://ir.ozone.ru/s3/multimedia-1-m/wc300/15097857070.jpg,"Jijivisha Чехол автомобильный PEVA + алюминиевая пленка, защита от солнца дождя пыли, для джипа и кроссовера, размер YXL 540х175х150 см",https://www.ozon.ru/product/2263588230,2263588230,Jijivisha,"汽车罩
Чехол на автомобиль",跨境卖家可售,2223₽,30,72970₽,-58%,-58%,16.9%,49476,5187,3691,3.95%,0.07%,15.34%,9.8%,0.06%,19.2%,9.97%,32.2%,0₽,4.6,5496,AlfaMet,本土卖家,FBO,2200.0 g,"2025-06-10
1 年 3 个月"
158,#VALUE!,https://ir.ozone.ru/s3/multimedia-1-x/wc300/8249949717.jpg,"Чехол на автомобиль 460x185x170, Хлопок, Оксфорд 210D, 1 шт.",https://www.ozon.ru/product/2927074506,2927074506,,"汽车罩
Чехол на автомобиль",跨境卖家可售,6828₽,30,206862₽,650%,687%,50%,49572,6627,2732,8.3%,0.09%,57.85%,100.0%,0.06%,12.8%,6.36%,6.9%,0₽,4.8,310,DMPL,跨境卖家,RFBS,6500.0 g,"2025-10-02
11 个月"
159,#VALUE!,https://ir.ozone.ru/s3/multimedia-1-k/wc300/15128986484.jpg,"Jijivisha Чехол на автомобиль 430x160x120, Фольга, 1 шт.",https://www.ozon.ru/product/3513164514,3513164514,Jijivisha,"汽车罩
Чехол на автомобиль",跨境卖家可售,1030₽,30,50036₽,-27%,-34%,9.9%,34913,12266,2215,6.27%,0.08%,0.0%,0.0%,0.09%,21.6%,13.55%,13.4%,0₽,4.7,550,Car Protector,本土卖家,FBO,851.0 g,"2026-02-08
7 个月"
160,#VALUE!,https://ir.ozone.ru/s3/multimedia-1-l/wc300/7444509249.jpg,"Чехол тент на автомобиль, всесезонный, универсальный защита от дождя, солнца, пыли.",https://www.ozon.ru/product/4520449020,4520449020,,"汽车罩
Чехол на автомобиль",跨境卖家可售,2248₽,30,79903₽,-22%,-32%,16.4%,47170,36905,1647,6.8%,0.05%,53.84%,100.0%,0.06%,25.9%,26.31%,13.8%,0₽,4.3,117,МаксИ,本土卖家,FBO,2050.0 g,"2026-05-31
3 个月"
161,#VALUE!,https://ir.ozone.ru/s3/multimedia-1-5/wc300/7228132997.jpg,"Чехол на автомобиль 480x190x180, Оксфорд, 1 шт.",https://www.ozon.ru/product/1939731881,1939731881,,"汽车罩
Чехол на автомобиль",跨境卖家可售,4894₽,30,147626₽,-34%,-32%,50%,81401,8947,4802,5.03%,0.06%,21.66%,100.0%,0.03%,9.9%,16.36%,4.2%,0₽,4.7,2059,Бутик-магазин 2,跨境卖家,RFBS,4950.0 g,"2025-03-14
1 年 6 个月"
162,#VALUE!,https://ir.ozone.ru/s3/multimedia-1-k/wc300/7652959616.jpg,"Тент чехол на машину для хетчбека PSV с подкладкой и молнией, размер L (440x180x160), Серый",https://www.ozon.ru/product/2302392959,2302392959,PSV,"汽车罩
Чехол на автомобиль",跨境卖家可售,3146₽,30,91006₽,-62%,-61%,16.6%,37220,5612,1772,8.57%,0.14%,49.59%,100.0%,0.07%,17.1%,6.52%,11.6%,50246₽,4.5,1546,PSV - Автоаксессуары,本土卖家,FBS,2600.0 g,"2025-06-16
1 年 3 个月"
163,#VALUE!,https://ir.ozone.ru/s3/multimedia-1-v/wc300/8899551427.jpg,"Чехол на внедорожник универсальный, тент для машины,кроссовера, джипа 495х196х180 см, черный, оранжевый",https://www.ozon.ru/product/3442279043,3442279043,,"汽车罩
Чехол на автомобиль",跨境卖家可售,2731₽,30,90554₽,50%,33%,17.5%,34852,4966,2508,5.34%,0.06%,67.81%,100.0%,0.08%,20.9%,6.32%,7.2%,0₽,4.7,193,Shield Case,本土卖家,FBO,1300.0 g,"2026-01-24
8 个月"
164,#VALUE!,https://ir.ozone.ru/s3/multimedia-1-m/wc300/8249949670.jpg,"Чехол на автомобиль 480x190x180, Хлопок, Оксфорд 210D, 1 шт.",https://www.ozon.ru/product/2927074309,2927074309,,"汽车罩
Чехол на автомобиль",跨境卖家可售,6828₽,30,208468₽,900%,956%,50%,36547,9535,2483,8.53%,0.2%,57.71%,100.0%,0.08%,14.6%,4.5%,3.3%,0₽,4.8,310,DMPL,跨境卖家,RFBS,7000.0 g,"2025-10-02
11 个月"
165,#VALUE!,https://ir.ozone.ru/s3/multimedia-1-o/wc300/9442804236.jpg,"Чехол на автомобиль для джипа, тент на машину для кроссовера, размер YL 470x190x180",https://www.ozon.ru/product/3723759239,3723759239,SEAMETAL,"汽车罩
Чехол на автомобиль",跨境卖家可售,2099₽,30,73428₽,25%,-1%,16.5%,61952,4154,2915,7.27%,0.14%,58.97%,100.0%,0.05%,14.2%,8.86%,16.7%,19276₽,4.8,165,AUTOMAN,本土卖家,FBO,1317.0 g,"2026-03-23
6 个月"
166,#VALUE!,https://ir.ozone.ru/s3/multimedia-1-s/wc300/11183581144.jpg,Чехол на машину универсальный/чехол на автомобиль кроссовер,https://www.ozon.ru/product/4549106397,4549106397,,"汽车罩
Чехол на автомобиль",跨境卖家可售,3457₽,30,108383₽,-38%,-44%,17.5%,42435,30929,1195,17.07%,0.09%,67.66%,100.0%,0.06%,12.7%,21.09%,3.9%,0₽,4.6,358,R&A Labs,本土卖家,FBO,2500.0 g,"2026-06-02
3 个月"
167,#VALUE!,https://ir-20.ozone.ru/s3/multimedia-1-8/wc300/8117911628.jpg,"Чехол на автомобиль 500х200х175, PEVA, Алюминий, 1 шт.",https://www.ozon.ru/product/1787939748,1787939748,,"汽车罩
Чехол на автомобиль",跨境卖家可售,1806₽,29,61595₽,-10%,-26%,12.7%,12819,3252,673,15.6%,0.27%,19.6%,78.98%,0.23%,27.6%,0.0%,20.7%,0₽,4.5,421,ИП Подольская А.К.,本土卖家,FBO,2400.0 g,"2024-12-16
1 年 9 个月"
168,#VALUE!,https://ir.ozone.ru/s3/multimedia-1-6/wc300/11783112522.jpg,Тент-чехол на хэтчбек,https://www.ozon.ru/product/1919959670,1919959670,AUTOPILOT,"汽车罩
Чехол на автомобиль",跨境卖家可售,2762₽,29,90798₽,-71%,-72%,14.7%,19326,5369,1066,6.56%,0.11%,16.41%,100.0%,0.08%,22.9%,7.04%,31.3%,80661₽,4.8,1607,Аксессуары Автопилот,本土卖家,FBS,2250.0 g,"2025-03-06
1 年 6 个月"
169,#VALUE!,https://ir-20.ozone.ru/s3/multimedia-1-w/wc300/12991633700.jpg,Чехол на автомобиль,https://www.ozon.ru/product/5208978588,5208978588,,"汽车罩
Чехол на автомобиль",跨境卖家可售,485₽,29,13549₽,263%,293%,53.9%,17755,470,1305,13.48%,0.21%,50.0%,100.0%,0.16%,16.5%,27.68%,3.6%,0₽,5.0,1,FlyNightPoint1569,跨境卖家,RFBS,360.0 g,"2026-07-25
2 个月"
170,#VALUE!,https://ir.ozone.ru/s3/multimedia-1-l/wc300/7228133589.jpg,"Чехол на автомобиль 470x185x150, Оксфорд, 1 шт.",https://www.ozon.ru/product/1939757289,1939757289,,"汽车罩
Чехол на автомобиль",跨境卖家可售,4874₽,29,143345₽,45%,57%,50%,64531,1407,4107,6.28%,0.0%,21.91%,100.0%,0.04%,11.2%,10.76%,3.5%,0₽,4.7,2059,Бутик-магазин 2,跨境卖家,RFBS,4950.0 g,"2025-03-14
1 年 6 个月"
171,#VALUE!,https://ir.ozone.ru/s3/multimedia-1-u/wc300/8301318042.jpg,"Чехол на автомобиль, 1 шт.",https://www.ozon.ru/product/3088010616,3088010616,,"汽车罩
Чехол на автомобиль",跨境卖家可售,1404₽,28,39272₽,600%,527%,55.1%,53455,3340,4408,8.8%,0.17%,42.78%,100.0%,0.05%,7.2%,29.78%,14.3%,0₽,4.9,35,Мишка Селекция,跨境卖家,RFBS,650.0 g,"2025-11-10
10 个月"
172,#VALUE!,https://ir.ozone.ru/s3/multimedia-1-p/wc300/13940376217.jpg,"Чехол на автомобиль TOZAROA автомобильный чехол-тент для Lada 2106 1976–2006, серый однослойный PEVA, защита от дождя, снега, солнца и пыли, для улицы, парковки и гаража, PEVA, 1 шт.",https://www.ozon.ru/product/5488517788,5488517788,,"汽车罩
Чехол на автомобиль",跨境卖家可售,1498₽,28,41944₽,100%,100%,55%,16054,12191,965,12.53%,0.48%,0.0%,0.0%,0.17%,23.1%,20.19%,10.8%,0₽,3.0,2,Tozaroa cover,跨境卖家,RFBS,1008.0 g,"2026-08-16
1 个月"
173,#VALUE!,https://ir.ozone.ru/s3/multimedia-1-o/wc300/7438938252.jpg,"Чехол для автомобиля, тент для машины универсальный",https://www.ozon.ru/product/749583991,749583991,Автохранитель,"汽车罩
Чехол на автомобиль",跨境卖家可售,5207₽,28,150432₽,212%,155%,19.2%,43330,31281,1942,3.86%,0.04%,4.28%,54.56%,0.06%,36.0%,16.67%,18.6%,0₽,4.9,824,Автохранитель,本土卖家,FBS,3120.0 g,"2022-10-17
3 年 11 个月"
174,#VALUE!,https://ir.ozone.ru/s3/multimedia-1-b/wc300/12824496155.jpg,"Чехол на автомобиль 400x160x120, PEVA, 1 шт.",https://www.ozon.ru/product/5158727393,5158727393,,"汽车罩
Чехол на автомобиль",跨境卖家可售,924₽,28,27523₽,-7%,-3%,9.7%,7814,4137,480,15.83%,0.38%,9.05%,89.49%,0.27%,27.6%,0.0%,14.3%,8713₽,4.6,18,NNN MARKET,本土卖家,FBO,1500.0 g,"2026-07-21
2 个月"
175,#VALUE!,https://ir.ozone.ru/s3/multimedia-1-3/wc300/8380145271.jpg,"Чехол на автомобиль, 1 шт.",https://www.ozon.ru/product/3144521577,3144521577,,"汽车罩
Чехол на автомобиль",跨境卖家可售,385₽,28,10416₽,100%,100%,53%,20152,892,953,13.74%,0.33%,36.0%,100.0%,0.13%,19.8%,25.54%,7.7%,0₽,4.8,76,RuVibe Mart,跨境卖家,RFBS,450.0 g,"2025-11-23
10 个月"
176,#VALUE!,https://ir.ozone.ru/s3/multimedia-1-i/wc300/13529682450.jpg,"Jijivisha Чехол на автомобиль внедорожник двухслойный с алюминиевой пленкой, защита от ультрафиолета, солнца, дождя и пыли, с молнией размер YL+ 465x180x180 см",https://www.ozon.ru/product/2888602256,2888602256,Jijivisha,"汽车罩
Чехол на автомобиль",跨境卖家可售,2678₽,27,79936₽,-64%,-63%,17.3%,31956,6060,1595,7.77%,0.06%,0.0%,0.0%,0.08%,19.4%,6.64%,16.7%,0₽,4.8,678,AlfaMet,本土卖家,FBO,1760.0 g,"2025-09-23
1 年"
177,#VALUE!,https://ir.ozone.ru/s3/multimedia-1-o/wc300/10698307440.jpg,"Чехол на автомобиль, Пластик, 1 шт.",https://www.ozon.ru/product/3874384732,3874384732,,"汽车罩
Чехол на автомобиль",跨境卖家可售,188₽,27,4977₽,23%,29%,49%,17743,1103,1130,10.08%,0.0%,5.01%,100.0%,0.15%,23.7%,46.35%,7.5%,0₽,4.6,70,NovaPartsStore,跨境卖家,RFBS,55.0 g,"2026-04-08
5 个月"
178,#VALUE!,https://ir.ozone.ru/s3/multimedia-1-t/wc300/12939364937.jpg,"Чехол на автомобиль 470x170x125, PEVA, 1 шт.",https://www.ozon.ru/product/5090155136,5090155136,,"汽车罩
Чехол на автомобиль",跨境卖家可售,1747₽,27,37992₽,50%,124%,50%,25026,4879,1576,13.32%,0.22%,50.0%,100.0%,0.1%,12.4%,16.76%,7.7%,0₽,4.9,8,Wanjiaotao,跨境卖家,RFBS,1100.0 g,"2026-07-16
2 个月"
179,#VALUE!,https://ir-20.ozone.ru/s3/multimedia-1-s/wc300/7433274376.jpg,Накидка защитная магнитная на крыло автомобиля,https://www.ozon.ru/product/745063623,745063623,Forsage,"汽车罩
Чехол на автомобиль",跨境卖家可售,616₽,27,17611₽,13%,-1%,7%,10174,1966,449,11.35%,0.66%,0.0%,0.0%,0.26%,51.0%,0.0%,7.7%,0₽,4.8,406,FORSAGE OFFICIAL STORE,本土卖家,FBS,440.0 g,"2022-10-13
4 年"
180,#VALUE!,https://ir.ozone.ru/s3/multimedia-1-s/wc300/8117628544.jpg,"Чехол на автомобиль 480х180х150, PEVA, Алюминий, 1 шт.",https://www.ozon.ru/product/1787939649,1787939649,,"汽车罩
Чехол на автомобиль",跨境卖家可售,1891₽,27,58014₽,0%,-12%,13.1%,7843,2011,537,9.86%,0.09%,16.45%,95.91%,0.31%,45.3%,0.0%,25.0%,0₽,4.5,421,ИП Подольская А.К.,本土卖家,FBO,2200.0 g,"2024-12-16
1 年 9 个月"
181,#VALUE!,https://ir.ozone.ru/s3/multimedia-1-s/wc300/9481587724.jpg,"Чехол на автомобиль 500x200x190, Оксфорд, Велюр антистресс, 1 шт.",https://www.ozon.ru/product/1979057735,1979057735,,"汽车罩
Чехол на автомобиль",跨境卖家可售,4904₽,27,133957₽,29%,37%,50%,82393,1784,3328,8.8%,0.0%,32.49%,100.0%,0.03%,8.9%,16.13%,3.9%,0₽,4.7,294,Бутик Yaskawa,跨境卖家,RFBS,4900.0 g,"2025-03-28
1 年 6 个月"
182,#VALUE!,https://ir.ozone.ru/s3/multimedia-1-p/wc300/7652959549.jpg,"Тент чехол на машину для седана PSV с подкладкой и молнией, размер XL (490x180x150), Черный",https://www.ozon.ru/product/2302391786,2302391786,PSV,"汽车罩
Чехол на автомобиль",跨境卖家可售,3012₽,26,71702₽,37%,20%,16.4%,35441,14836,2003,4.69%,0.08%,50.38%,100.0%,0.07%,25.5%,15.39%,16.7%,35613₽,4.5,1546,PSV - Автоаксессуары,本土卖家,FBO,2900.0 g,"2025-06-16
1 年 3 个月"
183,#VALUE!,https://ir.ozone.ru/s3/multimedia-1-s/wc300/9442804096.jpg,"Чехол на автомобиль для джипа, тент на машину для кроссовера, размер YXL, 490x190x180",https://www.ozon.ru/product/3723759648,3723759648,SEAMETAL,"汽车罩
Чехол на автомобиль",跨境卖家可售,2119₽,26,66356₽,53%,21%,16.6%,30712,2845,2350,5.1%,0.03%,45.61%,100.0%,0.08%,21.7%,6.65%,57.7%,0₽,4.8,165,AUTOMAN,本土卖家,FBS,1377.0 g,"2026-03-23
6 个月"
184,#VALUE!,https://ir.ozone.ru/s3/multimedia-1-c/wc300/11872542900.jpg,Чехол для автомобиля водонепроницаемый L REXANT,https://www.ozon.ru/product/1536527407,1536527407,REXANT,"汽车罩
Чехол на автомобиль",跨境卖家可售,2341₽,26,65460₽,-72%,-72%,16.7%,24125,15047,613,11.58%,0.07%,2.68%,100.0%,0.09%,29.6%,45.79%,23.9%,20286₽,4.8,290,Официальный магазин СДС,本土卖家,FBO,1000.0 g,"2024-04-08
2 年 5 个月"
185,#VALUE!,https://ir.ozone.ru/s3/multimedia-1-2/wc300/13474794458.jpg,"Чехол на автомобиль 460x185x170, Оксфорд 210D, Хлопок, 1 шт.",https://www.ozon.ru/product/2936399987,2936399987,,"汽车罩
Чехол на автомобиль",跨境卖家可售,6882₽,26,177497₽,420%,439%,50%,42356,16659,3570,8.06%,0.11%,58.16%,100.0%,0.06%,8.7%,14.83%,4.0%,0₽,4.9,56,МЕЧТА 7,跨境卖家,RFBS,6500.0 g,"2025-10-06
11 个月"
186,#VALUE!,https://ir.ozone.ru/s3/multimedia-1-u/wc300/9013847322.jpg,"Чехол на автомобиль, ПВХ (поливинилхлорид), 1 шт.",https://www.ozon.ru/product/3497959115,3497959115,,"汽车罩
Чехол на автомобиль",跨境卖家可售,346₽,26,8597₽,160%,139%,-6.8%,2851,1524,121,7.43%,0.13%,9.43%,100.0%,0.91%,288.9%,0.0%,7.7%,873₽,4.3,41,В автосервис,本土卖家,FBS,200.0 g,"2026-02-04
7 个月"
187,#VALUE!,https://ir.ozone.ru/s3/multimedia-1-c/wc300/8250390516.jpg,"Тент для автомобиля УРАЛ 4320 5,75м Синий цвет (двухсторонний ПВХ материал 650 г/кв.м)",https://www.ozon.ru/product/4417405787,4417405787,,"汽车罩
Чехол на автомобиль",跨境卖家可售,20322₽,26,512993₽,189%,196%,16.8%,5225,1900,553,9.04%,0.0%,0.0%,0.0%,0.38%,40.0%,0.0%,0.0%,0₽,5.0,35,ТЕНТ ЭКСПЕРТ,本土卖家,FBS,20000.0 g,"2026-05-23
4 个月"
188,#VALUE!,https://ir.ozone.ru/s3/multimedia-1-s/wc300/11712269512.jpg,"Чехол на автомобиль 690X480, Пластик, 1 шт.",https://www.ozon.ru/product/4799178515,4799178515,,"汽车罩
Чехол на автомобиль",跨境卖家可售,285₽,26,7290₽,-11%,-6%,51.6%,10369,1232,831,4.81%,0.48%,65.87%,100.0%,0.21%,55.0%,1.04%,9.1%,0₽,4.6,1716,NovaMart,跨境卖家,RFBS,280.0 g,"2026-06-19
3 个月"
189,#VALUE!,https://ir.ozone.ru/s3/multimedia-1-h/wc300/7533313181.jpg,"Чехол на автомобиль 500x200x190, Велюр искусственный, Оксфорд, 1 шт.",https://www.ozon.ru/product/2121317194,2121317194,,"汽车罩
Чехол на автомобиль",跨境卖家可售,4965₽,25,125753₽,32%,40%,50%,64574,6516,2620,7.09%,0.15%,36.23%,100.0%,0.04%,15.1%,13.79%,10.8%,0₽,4.7,1084,Бутик Yaskawa,跨境卖家,RFBS,4950.0 g,"2025-05-11
1 年 4 个月"
190,#VALUE!,https://ir.ozone.ru/s3/multimedia-1-4/wc300/11783162560.jpg,Тент-чехол на седан. Размер 3 (седан) M,https://www.ozon.ru/product/2314222100,2314222100,AUTOPILOT,"汽车罩
Чехол на автомобиль",跨境卖家可售,3119₽,25,83845₽,-11%,-21%,15.5%,29551,5024,2722,3.19%,0.01%,0.0%,0.0%,0.08%,26.4%,5.22%,17.4%,0₽,4.8,1607,Аксессуары Автопилот,本土卖家,FBS,2307.0 g,"2025-06-18
1 年 3 个月"
191,#VALUE!,https://ir.ozone.ru/s3/multimedia-1-e/wc300/8839509458.jpg,"Aradela Чехол на автомобиль 450x180x168, Оксфорд, 1 шт.",https://www.ozon.ru/product/3409075242,3409075242,Aradela,"汽车罩
Чехол на автомобиль",跨境卖家可售,6768₽,25,168046₽,25%,38%,50%,56817,9846,3158,8.54%,0.23%,33.07%,100.0%,0.04%,7.8%,13.74%,14.3%,0₽,4.7,720,Aradela Car Parts & Accessories,跨境卖家,RFBS,7000.0 g,"2026-01-19
8 个月"
192,#VALUE!,https://ir.ozone.ru/s3/multimedia-1-s/wc300/9132914260.jpg,"Jijivisha Летний универсальный тент-чехол для автомобиля, материал PEVA + алюминиевая пленка, защита от солнца, жары, ультрафиолета, дождя и пыли, размер XL 520х175х120 см",https://www.ozon.ru/product/1813981455,1813981455,Jijivisha,"汽车罩
Чехол на автомобиль",跨境卖家可售,1946₽,25,49949₽,-35%,-40%,15.6%,19177,3370,859,5.47%,0.08%,0.0%,0.0%,0.12%,48.9%,5.28%,30.5%,0₽,4.6,6815,Jijivisha Top,本土卖家,FBO,1300.0 g,"2025-01-03
1 年 8 个月"
193,#VALUE!,https://ir.ozone.ru/s3/multimedia-1-2/wc300/7208083406.jpg,"Чехол на автомобиль 500x200x190, Оксфорд, 1 шт.",https://www.ozon.ru/product/1939732775,1939732775,,"汽车罩
Чехол на автомобиль",跨境卖家可售,4864₽,25,122547₽,32%,38%,50%,49816,3471,2463,7.06%,0.11%,21.66%,100.0%,0.05%,13.8%,16.78%,4.2%,0₽,4.7,2059,Бутик-магазин 2,跨境卖家,RFBS,4950.0 g,"2025-03-14
1 年 6 个月"
194,#VALUE!,https://ir.ozone.ru/s3/multimedia-1-s/wc300/14889134224.jpg,Тент чехол автомобильный всесезонный с молнией и подкладом,https://www.ozon.ru/product/3185005127,3185005127,CARELIA,"汽车罩
Чехол на автомобиль",跨境卖家可售,3087₽,25,81709₽,-45%,-56%,17.8%,11115,7420,710,8.16%,0.16%,0.0%,0.0%,0.22%,43.1%,2.15%,20.0%,0₽,4.5,322,MAGIC PEARL,本土卖家,FBO,2350.0 g,"2025-12-02
9 个月"
195,#VALUE!,https://ir.ozone.ru/s3/multimedia-1-x/wc300/8300368113.jpg,Тент на Газель 3302 БИЗНЕС/двухсторонний усиленный ПВХ материал/плотность 550 г/м2,https://www.ozon.ru/product/3087445262,3087445262,ДЕРБИ,"汽车罩
Чехол на автомобиль",跨境卖家可售,6987₽,24,147454₽,1100%,1249%,20.2%,14070,4518,1310,14.12%,0.35%,0.0%,0.0%,0.17%,13.0%,0.0%,12.5%,57313₽,4.7,22,Tent37,本土卖家,FBS,14000.0 g,"2025-11-10
10 个月"
196,#VALUE!,https://ir.ozone.ru/s3/multimedia-1-f/wc300/7071185463.jpg,"Чехол на автомобиль 500x200x190, Оксфорд, 1 шт.",https://www.ozon.ru/product/1738457744,1738457744,,"汽车罩
Чехол на автомобиль",跨境卖家可售,3427₽,24,89574₽,-20%,-13%,51%,16274,199,1286,11.27%,0.0%,6.43%,31.4%,0.14%,15.2%,0.0%,9.1%,0₽,4.6,138,Друзья из Китая,跨境卖家,FBP,5000.0 g,"2024-10-23
1 年 11 个月"
197,#VALUE!,https://ir.ozone.ru/s3/multimedia-1-d/wc300/13172905957.jpg,"Jijivisha Чехол на автомобиль 540x175x120, Фольга, 1 шт.",https://www.ozon.ru/product/3513164666,3513164666,Jijivisha,"汽车罩
Чехол на автомобиль",跨境卖家可售,1263₽,24,47760₽,-69%,-64%,12.1%,59695,10950,3035,6.29%,0.1%,0.03%,4.31%,0.04%,11.5%,20.92%,13.7%,0₽,4.7,550,Car Protector,本土卖家,FBO,2200.0 g,"2026-02-08
7 个月"
198,#VALUE!,https://ir.ozone.ru/s3/multimedia-1-v/wc300/12367703515.jpg,"Чехол на автомобиль, Оксфорд 210D, 1 шт.",https://www.ozon.ru/product/5017236136,5017236136,,"汽车罩
Чехол на автомобиль",跨境卖家可售,1511₽,24,35240₽,700%,720%,50%,10837,3364,1335,7.11%,0.26%,50.0%,100.0%,0.21%,24.2%,13.96%,0.0%,0₽,4.7,33,Starlight Emporium,跨境卖家,RFBS,1200.0 g,"2026-07-10
2 个月"
199,#VALUE!,https://ir.ozone.ru/s3/multimedia-1-k/wc300/13187143460.jpg,"Чехол на автомобиль 480x190x180, Оксфорд, Хлопок, 1 шт.",https://www.ozon.ru/product/2923568885,2923568885,,"汽车罩
Чехол на автомобиль",跨境卖家可售,4111₽,24,97942₽,243%,267%,50%,9873,95,1130,11.23%,1.05%,26.42%,100.0%,0.22%,17.3%,0.0%,9.1%,0₽,4.7,305,You lian da,跨境卖家,RFBS,4900.0 g,"2025-10-01
11 个月"
200,#VALUE!,https://ir.ozone.ru/s3/multimedia-1-8/wc300/11163226832.jpg,"Чехол на автомобиль 600x350, Пластик, 1 шт.",https://www.ozon.ru/product/4592472959,4592472959,,"汽车罩
Чехол на автомобиль",跨境卖家可售,172₽,24,4136₽,72%,87%,47.8%,7858,1240,497,10.66%,0.32%,0.0%,0.0%,0.27%,39.6%,0.0%,0.0%,0₽,4.1,8,lejia1,跨境卖家,RFBS,196.0 g,"2026-06-05
3 个月"
201,#VALUE!,https://ir.ozone.ru/s3/multimedia-1-7/wc300/13592558275.jpg,"Тент-чехол на автомобиль универсальный YXL 520x200x190 накидка для машины от солнца, дождя и снега",https://www.ozon.ru/product/5279955491,5279955491,,"汽车罩
Чехол на автомобиль",跨境卖家可售,1763₽,24,43413₽,-48%,-43%,12.4%,6958,1636,350,8.57%,0.3%,75.2%,100.0%,0.14%,33.3%,5.34%,10.0%,60472₽,4.3,35,СомСтройРемонт,本土卖家,FBO,2500.0 g,"2026-07-30
1 个月"
202,#VALUE!,https://ir.ozone.ru/s3/multimedia-1-w/wc300/8257759088.jpg,"Чехол на автомобиль Тойота Прадо, ABS пластик, EVA, 1 шт.",https://www.ozon.ru/product/1739623430,1739623430,,"汽车罩
Чехол на автомобиль",跨境卖家可售,2276₽,23,52822₽,1050%,953%,50%,9534,2949,671,11.32%,0.16%,0.0%,0.0%,0.23%,28.9%,12.47%,22.8%,0₽,4.7,281,Чата green аллитерационная электронная коммерция LTD,跨境卖家,RFBS,2800.0 g,"2024-10-24
1 年 11 个月"
203,#VALUE!,https://ir.ozone.ru/s3/multimedia-1-l/wc300/13185478209.jpg,"Чехол на автомобиль 530*250, Оксфорд, Композитный материал, 1 шт.",https://www.ozon.ru/product/5266597126,5266597126,,"汽车罩
Чехол на автомобиль",跨境卖家可售,1246₽,23,28238₽,284%,284%,54.9%,14488,1349,1381,11.22%,0.07%,51.31%,100.0%,0.15%,14.2%,16.75%,4.6%,0₽,4.5,2,maozibaihuo,跨境卖家,RFBS,1300.0 g,"2026-07-29
1 个月"
204,#VALUE!,https://ir.ozone.ru/s3/multimedia-1-7/wc300/7439581051.jpg,"Чехол для автомобиля, тент для машины универсальный",https://www.ozon.ru/product/749583983,749583983,Автохранитель,"汽车罩
Чехол на автомобиль",跨境卖家可售,6172₽,23,162364₽,-15%,-22%,19.7%,34653,24154,1381,4.12%,0.02%,11.7%,100.0%,0.06%,38.6%,13.71%,22.8%,0₽,4.9,824,Автохранитель,本土卖家,FBO,2880.0 g,"2022-10-17
3 年 11 个月"
205,#VALUE!,https://ir-20.ozone.ru/s3/multimedia-1-5/wc300/11949222965.jpg,"Чехол на автомобиль 495х190х185, ABS пластик, EVA, 1 шт.",https://www.ozon.ru/product/4880209283,4880209283,,"汽车罩
Чехол на автомобиль",跨境卖家可售,2088₽,23,47516₽,229%,272%,50%,19200,1236,1035,12.07%,0.48%,11.1%,79.65%,0.11%,17.6%,31.63%,13.7%,0₽,,,ТеплаяГлина,跨境卖家,RFBS,2000.0 g,"2026-06-28
2 个月"
206,#VALUE!,https://ir.ozone.ru/s3/multimedia-1-e/wc300/8240187614.jpg,"Чехол на автомобиль 520x200x190cm, Подходит для внедорожник и минивэн, Оксфорд 210D, Хлопок, 1 шт.",https://www.ozon.ru/product/3041893385,3041893385,,"汽车罩
Чехол на автомобиль",跨境卖家可售,4050₽,23,98172₽,22%,32%,51%,35972,3297,2022,10.88%,0.21%,0.0%,0.0%,0.06%,10.0%,24.66%,18.2%,0₽,4.5,21,Огромное богатство,跨境卖家,FBP,5100.0 g,"2025-10-30
10 个月"
207,#VALUE!,https://ir.ozone.ru/s3/multimedia-1-2/wc300/13323838178.jpg,"Tozaroa Чехол на автомобиль Защитный тент-чехол на автомобиль Lada Granta (Лада Гранта) 2011-2026 седан / спорт Tozaroa cover Всесезонный водонепроницаемый чехол на машину от солнца, дождя и снега, тент для автомобиля, PEVA, 1 шт.",https://www.ozon.ru/product/5303879057,5303879057,Tozaroa,"汽车罩
Чехол на автомобиль",跨境卖家可售,1453₽,23,30949₽,156%,150%,55%,16922,6139,1607,8.46%,0.21%,0.0%,0.0%,0.14%,16.9%,17.82%,4.4%,0₽,,7,Tozaroa cover,跨境卖家,RFBS,1000.0 g,"2026-08-01
1 个月"
208,#VALUE!,https://ir.ozone.ru/s3/multimedia-1-7/wc300/7208083303.jpg,"Чехол на автомобиль 500x190x150, Оксфорд, 1 шт.",https://www.ozon.ru/product/1939732024,1939732024,,"汽车罩
Чехол на автомобиль",跨境卖家可售,4864₽,22,107427₽,70%,73%,50%,36925,15024,3287,3.58%,0.11%,21.66%,100.0%,0.05%,14.4%,23.06%,0.0%,0₽,4.7,2059,Бутик-магазин 2,跨境卖家,RFBS,4950.0 g,"2025-03-14
1 年 6 个月"
209,#VALUE!,https://ir-20.ozone.ru/s3/multimedia-1-g/wc300/7228133260.jpg,"Чехол на автомобиль 430x180x150, Оксфорд, Велюр искусственный, 1 шт.",https://www.ozon.ru/product/1939733428,1939733428,,"汽车罩
Чехол на автомобиль",跨境卖家可售,4874₽,22,108589₽,-9%,-6%,50%,45600,8412,3354,5.6%,0.03%,21.21%,100.0%,0.05%,11.7%,6.6%,9.1%,0₽,4.7,2059,Бутик-магазин 2,跨境卖家,RFBS,4950.0 g,"2025-03-14
1 年 6 个月"
210,#VALUE!,https://ir.ozone.ru/s3/multimedia-1-b/wc300/13617432695.jpg,"Jijivisha Чехол на автомобиль 540x175x150, Фольга, 1 шт.",https://www.ozon.ru/product/3513165580,3513165580,Jijivisha,"汽车罩
Чехол на автомобиль",跨境卖家可售,1358₽,22,47330₽,-49%,-50%,12.8%,54984,5808,2903,7.44%,0.0%,3.75%,27.26%,0.04%,9.7%,24.16%,28.6%,0₽,4.7,550,Car Protector,本土卖家,FBO,2200.0 g,"2026-02-08
7 个月"
211,#VALUE!,https://ir.ozone.ru/s3/multimedia-1-4/wc300/11910267328.jpg,"Чехол на автомобиль 530*250, ABS пластик, 1 шт.",https://www.ozon.ru/product/4865548393,4865548393,,"汽车罩
Чехол на автомобиль",跨境卖家可售,1635₽,22,34972₽,5%,-17%,50%,84841,4359,5725,8.59%,0.38%,61.79%,100.0%,0.03%,4.5%,16.56%,9.1%,0₽,4.4,9,FANSHUANGCAI,跨境卖家,RFBS,1100.0 g,"2026-06-26
2 个月"
212,#VALUE!,https://ir.ozone.ru/s3/multimedia-1-8/wc300/7533313172.jpg,"Чехол на автомобиль 500x200x190, Велюр искусственный, Оксфорд, 1 шт.",https://www.ozon.ru/product/2121317001,2121317001,,"汽车罩
Чехол на автомобиль",跨境卖家可售,4965₽,22,110117₽,-16%,-11%,50%,46182,5937,1909,6.7%,0.25%,37.18%,100.0%,0.04%,15.6%,10.58%,5.0%,0₽,4.7,1084,Бутик Yaskawa,跨境卖家,RFBS,4950.0 g,"2025-05-11
1 年 4 个月"
213,#VALUE!,https://ir.ozone.ru/s3/multimedia-1-l/wc300/7999408641.jpg,"Чехол на автомобиль, Оксфорд, 1 шт.",https://www.ozon.ru/product/2734297469,2734297469,,"汽车罩
Чехол на автомобиль",跨境卖家可售,2189₽,22,49910₽,100%,100%,50%,12041,4128,783,12.13%,0.29%,10.0%,70.12%,0.18%,23.2%,15.39%,4.6%,0₽,5.0,7,Liu-min01,跨境卖家,RFBS,4000.0 g,"2025-08-23
1 年 1 个月"
214,#VALUE!,https://ir.ozone.ru/s3/multimedia-1-k/wc300/11805200228.jpg,"Чехол на автомобиль 530*250, Полиэстер, 1 шт.",https://www.ozon.ru/product/4956403043,4956403043,,"汽车罩
Чехол на автомобиль",跨境卖家可售,2371₽,22,35851₽,-55%,-44%,50%,35129,4352,3808,7.74%,0.22%,43.38%,100.0%,0.06%,7.5%,16.57%,22.8%,0₽,4.1,60,Людмила,跨境卖家,RFBS,1315.0 g,"2026-07-04
2 个月"
215,#VALUE!,https://ir.ozone.ru/s3/multimedia-1-p/wc300/14889131125.jpg,Тент чехол автомобильный всесезонный с молнией и подкладом,https://www.ozon.ru/product/3849274277,3849274277,CARELIA,"汽车罩
Чехол на автомобиль",跨境卖家可售,3108₽,22,77736₽,-34%,-40%,17.9%,17837,6471,802,7.73%,0.07%,0.0%,0.0%,0.12%,35.5%,11.9%,0.0%,0₽,4.5,322,MAGIC PEARL,本土卖家,FBO,2100.0 g,"2026-04-05
5 个月"
216,#VALUE!,https://ir.ozone.ru/s3/multimedia-1-z/wc300/7108986779.jpg,"Чехол на автомобиль, Оксфорд, 1 шт.",https://www.ozon.ru/product/3325525376,3325525376,,"汽车罩
Чехол на автомобиль",跨境卖家可售,3148₽,21,66108₽,2000%,2420%,50%,8638,5566,868,11.86%,0.43%,0.0%,0.0%,0.24%,20.4%,31.8%,14.3%,0₽,5.0,1,Taoyue,跨境卖家,RFBS,2300.0 g,"2026-01-04
8 个月"
217,#VALUE!,https://ir-20.ozone.ru/s3/multimedia-1-1/wc300/7547350897.jpg,"Чехол на автомобиль 500х200х185, PEVA, 1 шт.",https://www.ozon.ru/product/2179672844,2179672844,,"汽车罩
Чехол на автомобиль",跨境卖家可售,1132₽,21,34881₽,75%,124%,54.9%,24133,2696,1134,12.87%,0.07%,55.42%,100.0%,0.09%,14.4%,5.57%,4.8%,0₽,4.6,25,gufanxi,跨境卖家,RFBS,2500.0 g,"2025-05-24
1 年 4 个月"
218,#VALUE!,https://ir.ozone.ru/s3/multimedia-1-e/wc300/13474784858.jpg,"Чехол на автомобиль 480x190x180, Оксфорд 210D, Хлопок, 1 шт.",https://www.ozon.ru/product/2936399768,2936399768,,"汽车罩
Чехол на автомобиль",跨境卖家可售,6882₽,21,143816₽,600%,645%,50%,37736,15005,3008,8.14%,0.09%,58.16%,100.0%,0.05%,8.2%,14.59%,0.0%,0₽,4.9,56,МЕЧТА 7,跨境卖家,RFBS,7000.0 g,"2025-10-06
11 个月"
219,#VALUE!,https://ir.ozone.ru/s3/multimedia-1-a/wc300/8400344554.jpg,"Кабина на погрузчик, чехол на погрузчик вилочный грузоподъемностью 1-2.7T, тент на погрузчик универсальная мягкая кабина, водонепроницаемая, ветрозащитная, ПВХ",https://www.ozon.ru/product/3133815610,3133815610,TENT-CHEHOL,"汽车罩
Чехол на автомобиль",跨境卖家可售,8910₽,21,185469₽,110%,108%,20.3%,6494,1840,1066,4.22%,0.16%,0.12%,100.0%,0.31%,44.4%,0.0%,6.7%,0₽,5.0,16,Тенты и Чехлы,本土卖家,FBS,3000.0 g,"2025-11-20
10 个月"
220,#VALUE!,https://ir.ozone.ru/s3/multimedia-1-1/wc300/8474889745.jpg,"Чехол на автомобиль 470x185x150cm, Подходит для хэтчбек и седан, Оксфорд, Хлопок, 1 шт.",https://www.ozon.ru/product/3200642166,3200642166,,"汽车罩
Чехол на автомобиль",跨境卖家可售,4622₽,21,89293₽,600%,683%,51%,27618,3829,2002,8.99%,0.39%,0.0%,0.0%,0.05%,7.8%,43.54%,7.2%,0₽,5.0,20,Polar Bear Car Boutique,跨境卖家,FBP,4200.0 g,"2025-12-05
9 个月"
221,#VALUE!,https://ir.ozone.ru/s3/multimedia-1-0/wc300/12876205212.jpg,"Jijivisha Чехол на автомобиль, PEVA, 1 шт.",https://www.ozon.ru/product/3513164796,3513164796,Jijivisha,"汽车罩
Чехол на автомобиль",跨境卖家可售,1473₽,21,36168₽,-30%,-37%,13.6%,16054,2328,1777,6.8%,0.3%,0.76%,11.35%,0.12%,15.7%,5.25%,21.1%,7823₽,4.2,912,Car Protector,本土卖家,FBO,1500.0 g,"2026-02-08
7 个月"
222,#VALUE!,https://ir.ozone.ru/s3/multimedia-1-3/wc300/9470842995.jpg,"Чехол на автомобиль Lada Granta,Защита от града，Защита от ультрафиолета，Защита от снега и мороза，Защита от пыли и песка，Молния на двери；подходит для всех сезонов；Высокопрочный материал, Оксфорд 210D, 1 шт.",https://www.ozon.ru/product/3739653796,3739653796,,"汽车罩
Чехол на автомобиль",跨境卖家可售,1733₽,21,39816₽,2000%,2499%,50%,23668,4151,1117,9.66%,0.26%,0.0%,0.0%,0.08%,18.5%,17.54%,5.0%,0₽,4.4,112,YaYa,跨境卖家,RFBS,1200.0 g,"2026-03-25
6 个月"
223,#VALUE!,https://ir.ozone.ru/s3/multimedia-1-y/wc300/8323501210.jpg,"Чехол на автомобиль, тент для автомобиля, размер 435 x180 x160 (М)",https://www.ozon.ru/product/5417179402,5417179402,Gandi Clo,"汽车罩
Чехол на автомобиль",跨境卖家可售,3113₽,21,64101₽,100%,100%,13.9%,11267,7281,864,7.63%,0.1%,81.99%,100.0%,0.19%,31.8%,6.85%,14.3%,12595₽,4.9,265,TOP STORE,本土卖家,FBO,1263.0 g,"2026-08-10
1 个月"
224,#VALUE!,https://ir.ozone.ru/s3/multimedia-1-l/wc300/8449090761.jpg,"Чехол на автомобиль 500x200x190, Велюр искусственный, Оксфорд, 1 шт.",https://www.ozon.ru/product/3280100313,3280100313,,"汽车罩
Чехол на автомобиль",跨境卖家可售,4124₽,21,82240₽,62%,74%,50%,18497,175,1097,10.2%,0.57%,47.64%,100.0%,0.11%,18.8%,0.0%,28.6%,0₽,4.8,83,easy shop,跨境卖家,RFBS,5500.0 g,"2025-12-24
9 个月"
225,#VALUE!,https://ir.ozone.ru/s3/multimedia-1-y/wc300/8752452586.jpg,"Чехол на автомобиль Chery Tiggo 7 Pro /Chery Tiggo 7 Pro Max, Рипстоп, 1 шт.",https://www.ozon.ru/product/3360175026,3360175026,,"汽车罩
Чехол на автомобиль",跨境卖家可售,2265₽,20,45740₽,54%,49%,50%,13997,3017,673,16.49%,0.29%,50.05%,100.0%,0.14%,18.0%,13.72%,5.0%,0₽,4.8,12,yangmao-D,跨境卖家,RFBS,3300.0 g,"2026-01-10
8 个月"
226,#VALUE!,https://ir.ozone.ru/s3/multimedia-1-5/wc300/7208083409.jpg,"Чехол на автомобиль 470x185x150, Оксфорд, 1 шт.",https://www.ozon.ru/product/1939732028,1939732028,,"汽车罩
Чехол на автомобиль",跨境卖家可售,4904₽,20,97882₽,67%,74%,50%,27471,6911,3056,3.99%,0.02%,21.54%,100.0%,0.06%,13.9%,9.58%,5.9%,0₽,4.7,2059,Бутик-магазин 2,跨境卖家,RFBS,4950.0 g,"2025-03-14
1 年 6 个月"
227,#VALUE!,https://ir.ozone.ru/s3/multimedia-1-y/wc300/8899319554.jpg,"Чехол на автомобиль 430x180x150, Оксфорд, 1 шт.",https://www.ozon.ru/product/3128998776,3128998776,,"汽车罩
Чехол на автомобиль",跨境卖家可售,3411₽,20,73566₽,900%,1025%,50%,19290,1637,1563,9.02%,0.0%,13.98%,100.0%,0.11%,14.9%,23.82%,14.3%,0₽,4.5,181,премиальное производство,跨境卖家,RFBS,4000.0 g,"2025-11-19
10 个月"
228,#VALUE!,https://ir.ozone.ru/s3/multimedia-1-0/wc300/8845827696.jpg,"Чехол на автомобиль 500x200x190, Оксфорд, 1 шт.",https://www.ozon.ru/product/3412840494,3412840494,,"汽车罩
Чехол на автомобиль",跨境卖家可售,4295₽,20,82193₽,-20%,-3%,51%,23674,313,1927,7.31%,0.0%,14.56%,10.19%,0.07%,12.1%,0.0%,11.8%,0₽,4.6,138,Друзья из Китая,跨境卖家,FBP,5000.0 g,"2026-01-20
8 个月"
229,#VALUE!,https://ir.ozone.ru/s3/multimedia-1-d/wc300/7613625973.jpg,"Чехол-тент на автомобиль универсальный, защита от солнца, дождя, пыли",https://www.ozon.ru/product/4894670826,4894670826,,"汽车罩
Чехол на автомобиль",跨境卖家可售,2419₽,20,57182₽,-56%,-60%,15%,56195,46412,1261,6.02%,0.03%,62.49%,100.0%,0.03%,25.0%,47.57%,15.8%,0₽,4.3,324,PROTECTOR,本土卖家,FBO,2000.0 g,"2026-06-29
2 个月"
230,#VALUE!,https://ir.ozone.ru/s3/multimedia-1-y/wc300/10083070834.jpg,Тент чехол для автомобиля ZDK Размер M 450*175*150 см (хлопок),https://www.ozon.ru/product/947099345,947099345,ZDK,"汽车罩
Чехол на автомобиль",跨境卖家可售,1975₽,20,44682₽,0%,-6%,16.8%,23416,10615,610,6.39%,0.0%,0.0%,0.0%,0.09%,51.3%,9.89%,25.0%,0₽,4.5,476,ZDK,本土卖家,FBO,1000.0 g,"2023-04-20
3 年 5 个月"
231,#VALUE!,https://ir.ozone.ru/s3/multimedia-1-e/wc300/8525757506.jpg,"XICBOOM Чехол на автомобиль 490x190x150, Оксфорд 210D, 1 шт.",https://www.ozon.ru/product/1586126801,1586126801,XICBOOM,"汽车罩
Чехол на автомобиль",跨境卖家可售,2702₽,20,54505₽,-17%,-15%,51%,32172,2664,1799,6.61%,0.26%,40.09%,100.0%,0.06%,16.0%,24.81%,5.3%,0₽,4.8,4880,Tengxi auto supplies franchise store,跨境卖家,FBP,1500.0 g,"2024-05-27
2 年 4 个月"
232,#VALUE!,https://ir.ozone.ru/s3/multimedia-1-n/wc300/11740908551.jpg,"Тент автомобильный зимний утеплённый ""Наташа"" . Тент чехол зимний 4.9*2*2",https://www.ozon.ru/product/2449081815,2449081815,Oumanni,"汽车罩
Чехол на автомобиль",跨境卖家可售,12706₽,20,279061₽,186%,184%,20.5%,16284,4794,2109,4.97%,0.12%,3.08%,5.09%,0.12%,18.1%,0.0%,21.1%,0₽,4.9,27,АВТОДОМ,本土卖家,FBO,6000.0 g,"2025-07-11
1 年 2 个月"
233,#VALUE!,https://ir.ozone.ru/s3/multimedia-1-x/wc300/8201388633.jpg,"Чехол на автомобиль Nissan Qashqai, Мембранные материалы, Ткань, 1 шт.",https://www.ozon.ru/product/3008791605,3008791605,,"汽车罩
Чехол на автомобиль",跨境卖家可售,1733₽,20,33291₽,400%,392%,50%,19508,2434,1005,9.75%,0.45%,34.36%,100.0%,0.1%,20.4%,32.75%,15.0%,0₽,4.6,48,Good luck koi,跨境卖家,RFBS,1600.0 g,"2025-10-23
11 个月"
234,#VALUE!,https://ir.ozone.ru/s3/multimedia-1-4/wc300/13186672276.jpg,"Чехол на автомобиль 520x200x190cm, Подходит для внедорожник и минивэн, Оксфорд, Хлопок, 1 шт.",https://www.ozon.ru/product/2923558491,2923558491,,"汽车罩
Чехол на автомобиль",跨境卖家可售,4175₽,20,80841₽,-42%,-39%,50%,15707,617,1323,10.35%,0.32%,28.79%,100.0%,0.12%,13.9%,0.0%,5.3%,0₽,4.7,305,You lian da,跨境卖家,RFBS,5100.0 g,"2025-10-01
11 个月"
235,#VALUE!,https://ir.ozone.ru/s3/multimedia-1-o/wc300/11127635448.jpg,"Чехол на автомобиль Lada 2114 ,Хэтчбек 5 дв,защита от царапин и плесени,молния на двер,Всесезонный,Зимний чехол для автомобиля,материал авиационного стандарта, Оксфорд 210D, 1 шт.",https://www.ozon.ru/product/4578269405,4578269405,,"汽车罩
Чехол на автомобиль",跨境卖家可售,2382₽,20,44244₽,300%,309%,50%,11906,5533,799,13.89%,0.36%,8.59%,100.0%,0.17%,18.0%,22.79%,10.0%,0₽,,,xinjudian1,跨境卖家,RFBS,2500.0 g,"2026-06-04
3 个月"
236,#VALUE!,https://ir.ozone.ru/s3/multimedia-1-r/wc300/11384242407.jpg,"Чехол на автомобиль 600x350, Пластик, 1 шт.",https://www.ozon.ru/product/4679103803,4679103803,,"汽车罩
Чехол на автомобиль",跨境卖家可售,213₽,20,4259₽,-17%,-9%,49.7%,11701,993,563,11.54%,0.0%,0.0%,0.0%,0.15%,26.2%,0.0%,11.8%,0₽,5.0,31,Yulingrui,跨境卖家,RFBS,196.0 g,"2026-06-11
3 个月"
237,#VALUE!,https://ir.ozone.ru/s3/multimedia-1-f/wc300/11637430719.jpg,"Чехол на автомобиль Lada Vesta Cross（2015-2025）/Лада Веста Кросс,Седан,защищает от дождя,пыли и снега,подходит для всех сезонов,высокоплотная,материал авиационного стандарта, Оксфорд 210D, 1 шт.",https://www.ozon.ru/product/4736534357,4736534357,,"汽车罩
Чехол на автомобиль",跨境卖家可售,2445₽,20,40818₽,900%,944%,50%,14574,7997,915,10.38%,0.17%,27.52%,100.0%,0.13%,20.0%,15.93%,21.1%,0₽,,,BBBBDAN,跨境卖家,RFBS,1600.0 g,"2026-06-15
3 个月"
238,#VALUE!,https://ir.ozone.ru/s3/multimedia-1-q/wc300/8323465202.jpg,"Чехол на автомобиль, тент для автомобиля, размер 530 х200 х150 (XL)",https://www.ozon.ru/product/5417189289,5417189289,Gandi Clo,"汽车罩
Чехол на автомобиль",跨境卖家可售,2753₽,20,56020₽,1900%,2280%,15.9%,22891,16583,1258,6.67%,0.07%,56.29%,100.0%,0.09%,23.8%,16.67%,30.0%,5316₽,4.7,265,TOP STORE,本土卖家,FBO,2884.0 g,"2026-08-10
1 个月"
239,#VALUE!,https://ir.ozone.ru/s3/multimedia-1-j/wc300/7831171675.jpg,"Тент чехол на автомобиль для седана и хетчбека PSV размер M, без молнии",https://www.ozon.ru/product/356288024,356288024,PSV,"汽车罩
Чехол на автомобиль",跨境卖家可售,2265₽,19,46054₽,-39%,-38%,16%,37556,11877,1686,6.04%,0.07%,52.56%,100.0%,0.04%,15.7%,20.03%,31.3%,1012₽,4.7,2238,PSV - Автоаксессуары,本土卖家,FBS,2055.0 g,"2021-10-18
5 年"
240,#VALUE!,https://ir.ozone.ru/s3/multimedia-1-h/wc300/12822496325.jpg,"Чехол на автомобиль Автомобильный чехол тент для автомобиля для  Lada Niva Legend 4X4, 210D, оксфордская ткань, 1 шт., Оксфорд 210D, 1 шт.",https://www.ozon.ru/product/5153786412,5153786412,,"汽车罩
Чехол на автомобиль",跨境卖家可售,4080₽,19,88663₽,-54%,-58%,18.5%,14145,4279,737,7.86%,0.32%,11.03%,38.23%,0.12%,29.3%,4.4%,35.3%,21114₽,4.8,36,Auto Land,本土卖家,FBS,2100.0 g,"2026-07-21
2 个月"
241,#VALUE!,https://ir.ozone.ru/s3/multimedia-1-6/wc300/14099376174.jpg,"Чехол на автомобиль зимний - полный обхват 465x185x150, Оксфорд, Хлопок, 1 шт.",https://www.ozon.ru/product/4936810370,4936810370,,"汽车罩
Чехол на автомобиль",跨境卖家可售,6581₽,19,126382₽,27%,31%,50%,54229,8642,5628,6.14%,0.38%,29.97%,100.0%,0.03%,5.2%,7.65%,5.6%,0₽,4.5,17,Отличная машина,跨境卖家,RFBS,5500.0 g,"2026-07-03
2 个月"
242,#VALUE!,https://ir.ozone.ru/s3/multimedia-1-p/wc300/7084478401.jpg,"Чехол на автомобиль, Оксфорд, 1 шт.",https://www.ozon.ru/product/1638551985,1638551985,,"汽车罩
Чехол на автомобиль",跨境卖家可售,467₽,19,8724₽,217%,219%,53.8%,11426,2276,567,7.76%,0.04%,0.0%,0.0%,0.17%,43.2%,39.3%,5.3%,0₽,5.0,71,carhome,跨境卖家,RFBS,100.0 g,"2024-07-25
2 年 2 个月"
243,#VALUE!,https://ir.ozone.ru/s3/multimedia-1-w/wc300/7433276720.jpg,"Накидка защитная магнитная на крыло 1050х630мм, в чехле",https://www.ozon.ru/product/1953058677,1953058677,ROCKFORCE,"汽车罩
Чехол на автомобиль",跨境卖家可售,591₽,19,11952₽,1800%,1866%,5.3%,5548,847,555,5.94%,0.23%,0.0%,0.0%,0.32%,54.5%,0.0%,5.6%,0₽,4.8,254,FORSAGE OFFICIAL STORE,本土卖家,FBS,233.0 g,"2025-03-19
1 年 6 个月"
244,#VALUE!,https://ir.ozone.ru/s3/multimedia-1-i/wc300/9554218542.jpg,"Чехол на автомобиль ГАЗ 3110 Волга  Долговечный, воздухопр, Оксфорд, 1 шт.",https://www.ozon.ru/product/3775877829,3775877829,,"汽车罩
Чехол на автомобиль",跨境卖家可售,3265₽,19,60451₽,59%,63%,50%,3446,1144,264,14.39%,0.34%,39.73%,100.0%,0.52%,47.4%,0.0%,27.8%,0₽,4.9,25,авто,跨境卖家,RFBS,2900.0 g,"2026-03-29
5 个月"
245,#VALUE!,https://ir.ozone.ru/s3/multimedia-1-b/wc300/12664855883.jpg,"QUANHAO Чехол на автомобиль 470x185x150, Оксфорд, 1 шт.",https://www.ozon.ru/product/5041727897,5041727897,QUANHAO,"汽车罩
Чехол на автомобиль",跨境卖家可售,2480₽,19,45732₽,73%,69%,51%,15385,2345,1497,7.88%,0.21%,56.6%,100.0%,0.12%,16.1%,9.82%,15.8%,0₽,4.5,12,Мир Автоаксессуаров,跨境卖家,FBP,2540.0 g,"2026-07-12
2 个月"
246,#VALUE!,https://ir.ozone.ru/s3/multimedia-s/wc300/6838616188.jpg,"XICBOOM Чехол на автомобиль ""C"" Применяется для кроссоверов и внедорожников(485x195x180cm）, Оксфорд, Брезент, 1 шт.",https://www.ozon.ru/product/1303317250,1303317250,XICBOOM,"汽车罩
Чехол на автомобиль",跨境卖家可售,1850₽,18,48915₽,125%,128%,50%,16798,2766,1112,6.47%,0.14%,47.5%,100.0%,0.08%,19.4%,7.7%,0.0%,0₽,4.8,4880,Tengxi auto supplies franchise store,跨境卖家,RFBS,1500.0 g,"2023-11-22
2 年 10 个月"
247,#VALUE!,https://ir.ozone.ru/s3/multimedia-1-l/wc300/13318996737.jpg,"Tozaroa Чехол на автомобиль Защитный тент-чехол на автомобиль Lada Granta (Лада Гранта) 2011-2026 лифтбек / кросс / спорт Tozaroa cover Всесезонный водонепроницаемый чехол на машину от солнца, дождя и снега, тент на авто, PEVA, 1 шт.",https://www.ozon.ru/product/5303861454,5303861454,Tozaroa,"汽车罩
Чехол на автомобиль",跨境卖家可售,1366₽,18,22416₽,100%,108%,55%,15314,4964,1391,7.54%,0.24%,2.56%,67.49%,0.1%,15.2%,20.92%,6.3%,0₽,4.4,7,Tozaroa cover,跨境卖家,RFBS,900.0 g,"2026-08-01
1 个月"
248,#VALUE!,https://ir.ozone.ru/s3/multimedia-1-8/wc300/10290631400.jpg,"Чехол на автомобиль Nissan Qashqai  Q80F, ABS пластик, EVA, 1 шт.",https://www.ozon.ru/product/2514148762,2514148762,,"汽车罩
Чехол на автомобиль",跨境卖家可售,1521₽,18,26815₽,100%,100%,50%,10019,2277,662,10.87%,0.26%,0.0%,0.0%,0.17%,23.6%,16.15%,5.9%,0₽,4.8,27,huiyueguoji07,跨境卖家,RFBS,1610.0 g,"2025-07-21
1 年 2 个月"
249,#VALUE!,https://ir.ozone.ru/s3/multimedia-1-i/wc300/7992252630.jpg,104 см Черный чехол на светодиодную балку,https://www.ozon.ru/product/3562690976,3562690976,,"汽车罩
Чехол на автомобиль",跨境卖家可售,514₽,18,9712₽,260%,252%,4.1%,627,126,92,15.21%,1.58%,36.75%,100.0%,2.55%,114.3%,0.0%,31.3%,54824₽,4.9,256,Стеванс Маркет,本土卖家,FBO,75.0 g,"2026-02-27
6 个月"
250,#VALUE!,https://ir.ozone.ru/s3/multimedia-1-q/wc300/13186803374.jpg,"Чехол на автомобиль 520x200x190cm, Подходит для внедорожник и минивэн, Оксфорд, Хлопок, 1 шт.",https://www.ozon.ru/product/2923560964,2923560964,,"汽车罩
Чехол на автомобиль",跨境卖家可售,4175₽,18,73189₽,-15%,-12%,50%,16067,449,1375,12.36%,0.66%,25.99%,100.0%,0.11%,10.6%,0.0%,0.0%,0₽,4.7,305,You lian da,跨境卖家,RFBS,5100.0 g,"2025-10-01
11 个月"
251,#VALUE!,https://ir.ozone.ru/s3/multimedia-1-g/wc300/13859597320.jpg,"Чехол на автомобиль 450x185x150, Оксфорд 210D, Хлопок, 1 шт.",https://www.ozon.ru/product/2936399868,2936399868,,"汽车罩
Чехол на автомобиль",跨境卖家可售,6780₽,18,122760₽,800%,811%,50%,23723,5690,2129,7.37%,0.14%,58.16%,100.0%,0.08%,11.5%,10.9%,5.6%,0₽,4.9,56,МЕЧТА 7,跨境卖家,RFBS,6000.0 g,"2025-10-06
11 个月"
252,#VALUE!,https://ir.ozone.ru/s3/multimedia-1-z/wc300/12306512627.jpg,"Чехол на автомобиль 600x350, Пластик, 1 шт.",https://www.ozon.ru/product/4997918918,4997918918,,"汽车罩
Чехол на автомобиль",跨境卖家可售,186₽,18,3170₽,100%,100%,49%,3424,1031,211,14.21%,0.09%,0.0%,0.0%,0.53%,60.0%,20.34%,0.0%,0₽,5.0,5,Z1,跨境卖家,RFBS,80.0 g,"2026-07-08
2 个月"
253,#VALUE!,https://ir-20.ozone.ru/s3/multimedia-1-c/wc300/9971188896.jpg,"Чехол на автомобиль Feen, тент для автомобиля, размер L",https://www.ozon.ru/product/1627191535,1627191535,Feen,"汽车罩
Чехол на автомобиль",跨境卖家可售,2760₽,18,56233₽,-38%,-43%,16.4%,8080,3968,657,6.84%,0.1%,20.96%,100.0%,0.22%,40.0%,9.04%,17.7%,0₽,4.7,951,ДМ,本土卖家,FBO,2500.0 g,"2024-07-12
2 年 2 个月"
254,#VALUE!,https://ir.ozone.ru/s3/multimedia-1-m/wc300/7533313186.jpg,"Чехол на автомобиль 470x185x150, Велюр искусственный, Оксфорд, 1 шт.",https://www.ozon.ru/product/2121317225,2121317225,,"汽车罩
Чехол на автомобиль",跨境卖家可售,4965₽,18,90079₽,64%,73%,50%,79437,24601,3640,4.5%,0.1%,34.95%,100.0%,0.02%,11.0%,50.33%,5.6%,0₽,4.7,1084,Бутик Yaskawa,跨境卖家,RFBS,4950.0 g,"2025-05-11
1 年 4 个月"
255,#VALUE!,https://ir.ozone.ru/s3/multimedia-1-o/wc300/13191866916.jpg,"Чехол на автомобиль Changan UNI-V I 2021-2026 SD-L для седана (до 470х180х150 см) / Мембранные материалы, Ткань, 1 шт. / защитный тент от солнца, дождя, снега и пыли",https://www.ozon.ru/product/3963670285,3963670285,Фабрика Гаврилов,"汽车罩
Чехол на автомобиль",跨境卖家可售,2694₽,18,59347₽,500%,395%,18.3%,22634,9921,563,9.23%,0.18%,5.0%,5.29%,0.08%,34.6%,5.21%,66.7%,0₽,5.0,1,купичехлы,本土卖家,FBS,2000.0 g,"2026-04-16
5 个月"
256,#VALUE!,https://ir.ozone.ru/s3/multimedia-1-z/wc300/13940382743.jpg,"Чехол на автомобиль TOZAROA чехол-тент на автомобиль Lada 2114 (Лада 2114, ВАЗ-2114) 2001–2013, защита от дождя, снега, солнца и пыли, для улицы, парковки и гаража, PEVA, 1 шт.",https://www.ozon.ru/product/5488518379,5488518379,,"汽车罩
Чехол на автомобиль",跨境卖家可售,1463₽,18,26334₽,100%,100%,55%,13053,10160,713,11.36%,0.39%,0.0%,0.0%,0.14%,22.2%,14.09%,5.6%,0₽,3.0,2,Tozaroa cover,跨境卖家,RFBS,1005.0 g,"2026-08-16
1 个月"
257,#VALUE!,https://ir.ozone.ru/s3/multimedia-1-h/wc300/11848727789.jpg,"Пленка на руль, рычаг КПП и ручник 10х150м (15мкм) с ручкой",https://www.ozon.ru/product/1117874412,1117874412,,"汽车罩
Чехол на автомобиль",跨境卖家可售,2615₽,17,48629₽,100%,100%,17.2%,7761,2177,165,6.66%,0.45%,1.03%,22.12%,0.18%,127.3%,4.58%,0.0%,0₽,5.0,106,AUTOMOBILIS: товары для авто,本土卖家,FBO,3400.0 g,"2023-08-03
3 年 2 个月"
258,#VALUE!,https://ir.ozone.ru/s3/multimedia-1-m/wc300/7724502526.jpg,"Чехол на автомобиль для Haval M6(хавал м6) Q, EVA, Алюминий, 1 шт.",https://www.ozon.ru/product/2519155472,2519155472,,"汽车罩
Чехол на автомобиль",跨境卖家可售,2984₽,17,51436₽,100%,100%,50%,9182,2431,571,11.73%,0.16%,50.0%,100.0%,0.16%,22.4%,24.43%,6.7%,0₽,5.0,8,Счастливый кот,跨境卖家,RFBS,5000.0 g,"2025-07-22
1 年 2 个月"
259,#VALUE!,https://ir.ozone.ru/s3/multimedia-1-9/wc300/8249949621.jpg,"Чехол на автомобиль 480x190x180, Хлопок, Оксфорд 210D, 1 шт.",https://www.ozon.ru/product/2927074508,2927074508,,"汽车罩
Чехол на автомобиль",跨境卖家可售,6828₽,17,117322₽,184%,182%,50%,16133,3631,1278,7.51%,0.08%,57.99%,100.0%,0.11%,17.7%,2.01%,5.9%,0₽,4.8,310,DMPL,跨境卖家,RFBS,7000.0 g,"2025-10-02
11 个月"
260,#VALUE!,https://ir.ozone.ru/s3/multimedia-1-i/wc300/8482993542.jpg,"Чехол на автомобиль 200х140х228, Металлизированный материал, Полиэфир, 1 шт.",https://www.ozon.ru/product/3204604616,3204604616,,"汽车罩
Чехол на автомобиль",跨境卖家可售,892₽,17,14824₽,-27%,-9%,54.9%,32796,2685,1239,11.38%,0.03%,0.0%,0.0%,0.05%,12.1%,29.79%,11.8%,0₽,4.8,34,Daoxianghua,跨境卖家,RFBS,350.0 g,"2025-12-06
9 个月"
261,#VALUE!,https://ir.ozone.ru/s3/multimedia-1-h/wc300/14889132017.jpg,Тент чехол автомобильный всесезонный с молнией и подкладом,https://www.ozon.ru/product/3185005094,3185005094,CARELIA,"汽车罩
Чехол на автомобиль",跨境卖家可售,3328₽,17,59459₽,22%,3%,18.1%,24661,14625,849,5.77%,0.06%,0.0%,0.0%,0.06%,32.7%,14.14%,6.7%,0₽,4.5,322,MAGIC PEARL,本土卖家,FBO,1940.0 g,"2025-12-02
9 个月"
262,#VALUE!,https://ir.ozone.ru/s3/multimedia-1-h/wc300/9495912725.jpg,"Чехол на автомобиль 500*200*190, Оксфорд, 1 шт.",https://www.ozon.ru/product/3755732058,3755732058,,"汽车罩
Чехол на автомобиль",跨境卖家可售,4965₽,17,85083₽,750%,755%,50%,45319,11517,2054,7.2%,0.13%,40.14%,100.0%,0.04%,11.5%,29.86%,11.8%,0₽,4.7,294,Бутик Yaskawa,跨境卖家,RFBS,5200.0 g,"2026-03-26
6 个月"
263,#VALUE!,https://ir.ozone.ru/s3/multimedia-1-b/wc300/9495912827.jpg,"Чехол на автомобиль 430*180*150, Оксфорд, 1 шт.",https://www.ozon.ru/product/3755732236,3755732236,,"汽车罩
Чехол на автомобиль",跨境卖家可售,4965₽,17,84691₽,184%,205%,50%,28490,4417,1575,6.85%,0.06%,39.17%,100.0%,0.05%,13.9%,8.87%,0.0%,0₽,4.7,294,Бутик Yaskawa,跨境卖家,RFBS,4900.0 g,"2026-03-26
6 个月"
264,#VALUE!,https://ir.ozone.ru/s3/multimedia-1-0/wc300/11434488444.jpg,Автомобильный тент-чехол Седан (4.7 4.9 м),https://www.ozon.ru/product/4701927780,4701927780,GOODSTORAGE,"汽车罩
Чехол на автомобиль",跨境卖家可售,1238₽,17,23816₽,-52%,-51%,14.6%,9130,1325,807,6.19%,0.37%,0.0%,0.0%,0.18%,32.0%,0.0%,18.8%,0₽,4.5,48,GOODSTORAGE,本土卖家,FBS,1500.0 g,"2026-06-12
3 个月"
265,#VALUE!,https://ir.ozone.ru/s3/multimedia-1-k/wc300/8995346984.jpg,"Чехол на автомобиль УАЗ Patriot зимний,защитный/высокопрочный，Сгущаться двухслойный с мягкой подкладкой, от царапин и плесени, Оксфорд 210D, 1 шт.",https://www.ozon.ru/product/3489421463,3489421463,,"汽车罩
Чехол на автомобиль",跨境卖家可售,3527₽,17,56978₽,113%,127%,50%,10052,3343,521,10.74%,0.29%,0.0%,0.0%,0.16%,28.6%,9.14%,6.3%,0₽,5.0,8,quanqiumaoyi2dian,跨境卖家,RFBS,2700.0 g,"2026-02-03
7 个月"
266,#VALUE!,https://ir.ozone.ru/s3/multimedia-1-x/wc300/9032440029.jpg,"Чехол на автомобиль Lada Granta,Защита от града，Защита от ультрафиолета，Защита от снега и мороза，Защита от пыли и песка，Молния на двери；подходит для всех сезонов；Высокопрочный материал, Оксфорд 210D, 1 шт.",https://www.ozon.ru/product/3506746283,3506746283,,"汽车罩
Чехол на автомобиль",跨境卖家可售,1533₽,17,24121₽,750%,691%,50%,19103,3901,940,10.42%,0.25%,18.75%,100.0%,0.08%,16.3%,2.85%,6.3%,0₽,4.3,27,fast star 08,跨境卖家,RFBS,2000.0 g,"2026-02-06
7 个月"
267,#VALUE!,https://ir.ozone.ru/s3/multimedia-1-u/wc300/10888112766.jpg,"Чехол на автомобиль Daewoo Matiz(2000-2015) Молния на двери,Всесезонны,защитный/высокопрочный，двухслойный с мягкой подкладкой,защита от солнца  и дождя и пыли и града и снега, 1 шт.",https://www.ozon.ru/product/4478138187,4478138187,,"汽车罩
Чехол на автомобиль",跨境卖家可售,2063₽,17,32252₽,-56%,-52%,50%,14030,3905,994,10.56%,0.46%,50.45%,100.0%,0.12%,16.2%,5.3%,23.6%,0₽,4.6,11,«Линь Цзин» Кросс-Бордер ЭКом5,跨境卖家,RFBS,1500.0 g,"2026-05-28
3 个月"
268,#VALUE!,https://ir.ozone.ru/s3/multimedia-1-f/wc300/9604247919.jpg,"Чехол на автомобиль CHEVROLET NIVA сумкой для хранения, Оксфорд ПВХ, 1 шт.",https://www.ozon.ru/product/4834057461,4834057461,,"汽车罩
Чехол на автомобиль",跨境卖家可售,1887₽,17,32079₽,1600%,1567%,50%,8325,3470,711,12.09%,0.28%,51.3%,100.0%,0.2%,19.8%,23.25%,5.9%,0₽,5.0,1,guse2,跨境卖家,RFBS,1350.0 g,"2026-06-23
3 个月"
269,#VALUE!,https://ir.ozone.ru/s3/multimedia-1-g/wc300/13177476844.jpg,"Чехол на автомобиль 510*240, Полиэстер, 1 шт.",https://www.ozon.ru/product/5264466111,5264466111,,"汽车罩
Чехол на автомобиль",跨境卖家可售,1054₽,17,18332₽,1600%,1747%,56%,9502,3873,1176,8.07%,0.3%,0.0%,0.0%,0.16%,15.8%,13.75%,13.4%,0₽,,,J.X.КитайСкорость,跨境卖家,FBP,1100.0 g,"2026-07-29
1 个月"
270,#VALUE!,https://ir.ozone.ru/s3/multimedia-s/wc300/6626793484.jpg,"Тент на Газель 3302 БИЗНЕС, 6 люверсов (550 г/кв.м, двухстронний ПВХ материал)",https://www.ozon.ru/product/1401800078,1401800078,Автопласт,"汽车罩
Чехол на автомобиль",跨境卖家可售,8170₽,16,130851₽,7%,8%,19.3%,6527,1919,302,10.92%,0.1%,0.0%,0.0%,0.25%,48.5%,0.0%,6.3%,0₽,4.9,309,АВТОТЕНТ,本土卖家,FBS,12000.0 g,"2024-01-24
2 年 8 个月"
271,#VALUE!,https://ir.ozone.ru/s3/multimedia-1-h/wc300/7208083421.jpg,"Чехол на автомобиль 430x180x150, Оксфорд, Велюр искусственный, 1 шт.",https://www.ozon.ru/product/1939730954,1939730954,,"汽车罩
Чехол на автомобиль",跨境卖家可售,4833₽,16,78020₽,100%,100%,50%,46407,16459,3877,4.66%,0.14%,22.15%,100.0%,0.03%,8.8%,27.06%,6.3%,0₽,4.7,2059,Бутик-магазин 2,跨境卖家,RFBS,4950.0 g,"2025-03-14
1 年 6 个月"
272,#VALUE!,https://ir.ozone.ru/s3/multimedia-1-s/wc300/11812660696.jpg,"Чехол на автомобиль 530*250, Оксфорд, Композитный материал, 1 шт.",https://www.ozon.ru/product/4833368042,4833368042,,"汽车罩
Чехол на автомобиль",跨境卖家可售,1628₽,16,27189₽,-16%,-8%,50%,10914,1892,739,6.63%,0.52%,28.13%,6.08%,0.13%,28.6%,0.0%,42.9%,0₽,3.6,31,Быстрая Покупка,跨境卖家,RFBS,1300.0 g,"2026-06-23
3 个月"
273,#VALUE!,https://ir.ozone.ru/s3/multimedia-1-i/wc300/7992252630.jpg,86 см Черный чехол на светодиодную балку,https://www.ozon.ru/product/3562691356,3562691356,,"汽车罩
Чехол на автомобиль",跨境卖家可售,460₽,16,7753₽,24%,21%,2%,3113,1174,333,6.6%,0.59%,35.44%,100.0%,0.45%,63.6%,0.0%,35.8%,5558₽,4.9,256,Стеванс Маркет,本土卖家,FBS,75.0 g,"2026-02-27
6 个月"
274,#VALUE!,https://ir.ozone.ru/s3/multimedia-1-h/wc300/7953069221.jpg,"Чехол на автомобиль, Оксфорд",https://www.ozon.ru/product/2924581560,2924581560,,"汽车罩
Чехол на автомобиль",跨境卖家可售,572₽,16,8421₽,-31%,-26%,54.2%,41442,1186,1853,9.39%,0.0%,48.19%,100.0%,0.03%,7.5%,34.02%,0.0%,0₽,4.1,100,The Cozy Corner,跨境卖家,RFBS,400.0 g,"2025-10-01
11 个月"
275,#VALUE!,https://ir.ozone.ru/s3/multimedia-1-c/wc300/12876424428.jpg,"Двухслойный автомобильный чехол YM, размер 430х180х150 см, защита от УФ, дождя, пыли и солнца",https://www.ozon.ru/product/2888605928,2888605928,Jijivisha,"汽车罩
Чехол на автомобиль",跨境卖家可售,2771₽,16,46738₽,-61%,-64%,16%,30475,3288,1469,8.1%,0.0%,3.65%,7.33%,0.05%,11.8%,11.59%,14.3%,0₽,4.8,678,AlfaMet,本土卖家,FBO,2200.0 g,"2025-09-23
1 年"
276,#VALUE!,https://ir.ozone.ru/s3/multimedia-1-o/wc300/13870156092.jpg,"Чехол на автомобиль 430x180x150, Хлопок, Оксфорд 210D, 1 шт.",https://www.ozon.ru/product/2927074480,2927074480,,"汽车罩
Чехол на автомобиль",跨境卖家可售,6762₽,16,110064₽,700%,720%,50%,54553,24044,4274,5.75%,0.2%,57.7%,100.0%,0.03%,6.5%,23.72%,6.3%,0₽,4.8,310,DMPL,跨境卖家,RFBS,6000.0 g,"2025-10-02
11 个月"
277,#VALUE!,https://ir.ozone.ru/s3/multimedia-1-a/wc300/13719539314.jpg,"Чехол на автомобиль 480x190x180, Хлопок, Оксфорд, 1 шт.",https://www.ozon.ru/product/2937183840,2937183840,,"汽车罩
Чехол на автомобиль",跨境卖家可售,4769₽,16,78477₽,300%,300%,50%,25528,1225,2070,9.08%,0.08%,54.64%,100.0%,0.05%,7.4%,11.07%,14.3%,0₽,4.8,71,DMPL,跨境卖家,RFBS,4900.0 g,"2025-10-06
11 个月"
278,#VALUE!,https://ir.ozone.ru/s3/multimedia-1-u/wc300/13474792362.jpg,"Чехол на автомобиль 520x200x190, Оксфорд 210D, Хлопок, 1 шт.",https://www.ozon.ru/product/2936399706,2936399706,,"汽车罩
Чехол на автомобиль",跨境卖家可售,6780₽,16,109020₽,700%,732%,50%,4213,396,832,8.53%,0.0%,58.04%,100.0%,0.38%,22.5%,0.0%,0.0%,0₽,4.9,56,МЕЧТА 7,跨境卖家,RFBS,8500.0 g,"2025-10-06
11 个月"
279,#VALUE!,https://ir.ozone.ru/s3/multimedia-1-h/wc300/13719539753.jpg,"Чехол на автомобиль 460x185x170, Хлопок, Оксфорд, 1 шт.",https://www.ozon.ru/product/2937183914,2937183914,,"汽车罩
Чехол на автомобиль",跨境卖家可售,4769₽,16,76899₽,78%,87%,50%,56798,8461,3886,8.0%,0.16%,56.0%,100.0%,0.03%,5.1%,30.36%,12.5%,0₽,4.8,71,DMPL,跨境卖家,RFBS,4500.0 g,"2025-10-06
11 个月"
280,#VALUE!,https://ir.ozone.ru/s3/multimedia-1-8/wc300/13719540320.jpg,"Чехол на автомобиль 520x200x190, Хлопок, Оксфорд, 1 шт.",https://www.ozon.ru/product/2937183930,2937183930,,"汽车罩
Чехол на автомобиль",跨境卖家可售,4769₽,16,76396₽,1500%,1529%,50%,4343,535,763,11.53%,0.18%,54.74%,100.0%,0.37%,18.2%,0.53%,6.3%,0₽,4.8,71,DMPL,跨境卖家,RFBS,5100.0 g,"2025-10-06
11 个月"
281,#VALUE!,https://ir.ozone.ru/s3/multimedia-1-u/wc300/7272835086.jpg,Тент для автомобиля УРАЛ 4320 (двухсторонний ПВХ материал 550 г/кв.м),https://www.ozon.ru/product/5123600206,5123600206,,"汽车罩
Чехол на автомобиль",跨境卖家可售,17938₽,16,282278₽,78%,99%,19.1%,4677,1992,224,9.37%,0.25%,0.0%,0.0%,0.3%,66.7%,0.0%,0.0%,0₽,4.7,3,ТЕНТ ЭКСПЕРТ,本土卖家,FBS,18000.0 g,"2026-07-18
2 个月"
282,#VALUE!,https://ir.ozone.ru/s3/multimedia-1-2/wc300/11951357510.jpg,"Чехол на автомобиль 530*255, Полиэстер, 1 шт.",https://www.ozon.ru/product/5042718634,5042718634,,"汽车罩
Чехол на автомобиль",跨境卖家可售,1222₽,16,18596₽,46%,44%,55%,12992,402,1070,12.89%,0.24%,31.78%,100.0%,0.12%,11.6%,13.02%,6.3%,0₽,1.0,2,jingxiao,跨境卖家,RFBS,1100.0 g,"2026-07-12
2 个月"
283,#VALUE!,https://ir.ozone.ru/s3/multimedia-1-z/wc300/14252087519.jpg,"Tozaroa Чехол на автомобиль TOZAROA чехол на автомобиль Lada Vesta Лада Веста SW универсал Cross Sport Sportline 2015-2026, защитный тент-чехол для машины, от дождя, снега, наледи, грязи, пыли, листьев, для улицы, парковки, PEVA, 1 шт.",https://www.ozon.ru/product/5578750542,5578750542,Tozaroa,"汽车罩
Чехол на автомобиль",跨境卖家可售,1608₽,16,25491₽,100%,100%,50.1%,7244,5253,618,11.16%,0.39%,0.0%,0.0%,0.21%,21.7%,22.84%,6.7%,0₽,,,Tozaroa cover,跨境卖家,RFBS,1001.0 g,"2026-08-23
1 个月"
284,#VALUE!,https://ir.ozone.ru/s3/multimedia-1-3/wc300/9845766399.jpg,Автомобильный тент для машины / чехол для автомобиля универсальный ZDK Размер XL (540х175х120см),https://www.ozon.ru/product/201099337,201099337,ZDK,"汽车罩
Чехол на автомобиль",跨境卖家可售,1486₽,16,27294₽,100%,88%,15.1%,9316,3560,462,12.33%,0.22%,0.0%,0.0%,0.16%,26.3%,5.31%,13.4%,0₽,4.0,476,ZDK,本土卖家,FBO,1000.0 g,"2020-10-14
6 年"
285,#VALUE!,https://ir.ozone.ru/s3/multimedia-1-m/wc300/8839510150.jpg,"Aradela Чехол на автомобиль 430x180x160, Оксфорд, 1 шт.",https://www.ozon.ru/product/3409077437,3409077437,Aradela,"汽车罩
Чехол на автомобиль",跨境卖家可售,5246₽,16,99119₽,100%,100%,50%,25394,7021,1419,9.65%,0.27%,42.71%,100.0%,0.06%,10.2%,8.4%,7.2%,0₽,4.7,720,Aradela Car Parts & Accessories,跨境卖家,RFBS,6500.0 g,"2026-01-19
8 个月"
286,#VALUE!,https://ir.ozone.ru/s3/multimedia-1/wc300/6723346609.jpg,"Тент для Газель 3302 старого образца (400 г/кв.м, двухсторонний ПВХ материал)",https://www.ozon.ru/product/1674109015,1674109015,Автопласт,"汽车罩
Чехол на автомобиль",跨境卖家可售,6621₽,16,105251₽,700%,711%,15%,6450,3028,399,10.52%,0.16%,0.0%,0.0%,0.25%,38.1%,0.0%,0.0%,0₽,5.0,34,АВТОТЕНТ,本土卖家,FBS,8200.0 g,"2024-08-29
2 年 1 个月"
287,#VALUE!,https://ir.ozone.ru/s3/multimedia-1-m/wc300/7256039962.jpg,"XICBOOM Чехол на автомобиль Toyota Camry/Solara, Оксфорд 210D, 1 шт.",https://www.ozon.ru/product/1816113595,1816113595,XICBOOM,"汽车罩
Чехол на автомобиль",跨境卖家可售,2905₽,16,49608₽,0%,6%,51%,12573,3255,734,8.85%,0.18%,50.61%,100.0%,0.12%,23.1%,2.56%,20.0%,0₽,4.9,155,Tengxi auto supplies franchise store,跨境卖家,FBP,1500.0 g,"2025-01-05
1 年 8 个月"
288,#VALUE!,https://ir.ozone.ru/s3/multimedia-1-p/wc300/11933862721.jpg,"Чехол на автомобиль Chevrole Niva, ABS пластик, EVA, 1 шт.",https://www.ozon.ru/product/4874670021,4874670021,,"汽车罩
Чехол на автомобиль",跨境卖家可售,1710₽,16,26863₽,78%,98%,50%,6324,2062,557,8.61%,0.29%,49.81%,100.0%,0.25%,33.3%,11.58%,6.3%,0₽,4.7,3,HenghengTechnologyCo.Ttd,跨境卖家,RFBS,1500.0 g,"2026-06-27
2 个月"
289,#VALUE!,https://ir.ozone.ru/s3/multimedia-1-7/wc300/11984724907.jpg,"Чехол на автомобиль Cумкой для хранения, Чехол на автомобиль, тент для автомобиля, для Lada 2115 1997-2012, Оксфорд 210D, 1 шт.",https://www.ozon.ru/product/4892352927,4892352927,,"汽车罩
Чехол на автомобиль",跨境卖家可售,1486₽,16,24420₽,1500%,1496%,55%,12318,2894,788,11.42%,0.38%,50.32%,100.0%,0.13%,17.8%,18.84%,6.3%,0₽,4.7,3,ZH004,跨境卖家,RFBS,1800.0 g,"2026-06-29
2 个月"
290,#VALUE!,https://ir.ozone.ru/s3/multimedia-1-c/wc300/9288941340.jpg,"Чехол на автомобиль Lada 2107 защитный/высокопрочный，Сгущаться двухслойный с мягкой подкладкой, от царапин и плесени, Оксфорд, 1 шт.",https://www.ozon.ru/product/2836448351,2836448351,,"汽车罩
Чехол на автомобиль",跨境卖家可售,3223₽,16,47456₽,434%,407%,50%,4380,644,385,11.68%,0.31%,59.47%,100.0%,0.32%,31.1%,0.0%,14.3%,0₽,4.8,156,Магазин качественных автозапчастей,跨境卖家,RFBS,2600.0 g,"2025-09-11
1 年"
291,#VALUE!,https://ir.ozone.ru/s3/multimedia-1-v/wc300/13474785955.jpg,"Чехол на автомобиль 460x185x170, Оксфорд 210D, Хлопок, 1 шт.",https://www.ozon.ru/product/2936400017,2936400017,,"汽车罩
Чехол на автомобиль",跨境卖家可售,6780₽,16,110916₽,1500%,1592%,50%,26094,11887,2210,7.82%,0.12%,58.28%,100.0%,0.06%,9.2%,20.58%,6.3%,0₽,4.9,56,МЕЧТА 7,跨境卖家,RFBS,6500.0 g,"2025-10-06
11 个月"
292,#VALUE!,https://ir.ozone.ru/s3/multimedia-1-9/wc300/8474889429.jpg,"Чехол на автомобиль 40x190x180cm, Подходит для внедорожник и минивэн, Оксфорд, Хлопок, 1 шт.",https://www.ozon.ru/product/3200643687,3200643687,,"汽车罩
Чехол на автомобиль",跨境卖家可售,4815₽,16,71071₽,167%,195%,51%,25736,3425,1905,7.76%,0.35%,0.0%,0.0%,0.05%,8.8%,26.13%,15.4%,0₽,5.0,20,Polar Bear Car Boutique,跨境卖家,FBP,4900.0 g,"2025-12-05
9 个月"
293,#VALUE!,https://ir.ozone.ru/s3/multimedia-1-0/wc300/8397222084.jpg,Тент для прицепа КРЕПЫШ 8213 03 высокий Курганские прицепы (400 г/кв.м двухсторонний ПВХ) цвет серый,https://www.ozon.ru/product/4716949749,4716949749,АВТОПЛАСТ-НН,"汽车罩
Чехол на автомобиль",跨境卖家可售,4393₽,16,73078₽,7%,2%,17.7%,14707,2487,1011,6.62%,0.16%,0.0%,0.0%,0.11%,23.9%,0.0%,6.3%,0₽,4.9,25,ТЕНТ ЭКСПЕРТ,本土卖家,FBS,3300.0 g,"2026-06-13
3 个月"
294,#VALUE!,https://ir.ozone.ru/s3/multimedia-s/wc300/6838616188.jpg,"XICBOOM Чехол на автомобиль ""A"" Применяется для кроссоверов и внедорожников(450x185x180cm）, Оксфорд, Брезент, 1 шт.",https://www.ozon.ru/product/1303329140,1303329140,XICBOOM,"汽车罩
Чехол на автомобиль",跨境卖家可售,2638₽,15,39648₽,16%,17%,50%,10864,743,907,7.49%,0.13%,48.75%,100.0%,0.11%,17.6%,0.48%,0.0%,0₽,4.8,4880,Tengxi auto supplies franchise store,跨境卖家,RFBS,1500.0 g,"2023-11-22
2 年 10 个月"
295,#VALUE!,https://ir.ozone.ru/s3/multimedia-1-3/wc300/12151469955.jpg,Чехлы на сидение 1300х790мм Карман (рул. 500шт) одноразовые белые,https://www.ozon.ru/product/1117818248,1117818248,,"汽车罩
Чехол на автомобиль",跨境卖家可售,2997₽,15,50692₽,150%,141%,16.8%,4358,1455,127,15.74%,0.13%,2.42%,30.48%,0.25%,55.0%,3.67%,22.3%,0₽,5.0,79,AUTOMOBILIS: товары для авто,本土卖家,FBS,5800.0 g,"2023-08-03
3 年 2 个月"
296,#VALUE!,https://ir.ozone.ru/s3/multimedia-1-s/wc300/7162125220.jpg,"Чехол на автомобиль 540, Оксфорд, Синтепон, 1 шт.",https://www.ozon.ru/product/3038420794,3038420794,,"汽车罩
Чехол на автомобиль",跨境卖家可售,6635₽,15,100515₽,400%,391%,51%,14487,1274,1304,7.2%,0.15%,0.0%,0.0%,0.09%,13.8%,0.0%,0.0%,0₽,4.7,131,PET PA,跨境卖家,FBP,11000.0 g,"2025-10-29
10 个月"
297,#VALUE!,https://ir.ozone.ru/s3/multimedia-1-e/wc300/7228131782.jpg,"Чехол на автомобиль 525x195x150, Оксфорд, Велюр искусственный, 1 шт.",https://www.ozon.ru/product/1939730782,1939730782,,"汽车罩
Чехол на автомобиль",跨境卖家可售,4874₽,15,74210₽,-25%,-22%,50%,60913,21539,4274,3.64%,0.11%,21.1%,100.0%,0.02%,9.0%,47.74%,14.3%,0₽,4.7,2059,Бутик-магазин 2,跨境卖家,RFBS,4950.0 g,"2025-03-14
1 年 6 个月"
298,#VALUE!,https://ir.ozone.ru/s3/multimedia-1-j/wc300/11809558531.jpg,"Чехол на автомобиль, Мех искусственный, Велюр искусственный, 1 шт.",https://www.ozon.ru/product/4832399380,4832399380,,"汽车罩
Чехол на автомобиль",跨境卖家可售,1363₽,15,20228₽,1400%,1375%,55%,15342,1060,1341,4.77%,0.37%,44.23%,100.0%,0.08%,18.8%,19.2%,50.0%,0₽,,,GLEAMWAY,跨境卖家,RFBS,600.0 g,"2026-06-23
3 个月"
299,#VALUE!,https://ir.ozone.ru/s3/multimedia-1-c/wc300/9253589304.jpg,Авто чехол тент на машину от солнца и дождя универсальный,https://www.ozon.ru/product/3286461300,3286461300,ASPOLIFE,"汽车罩
Чехол на автомобиль",跨境卖家可售,4043₽,15,63905₽,115%,81%,17%,37445,7898,1606,5.29%,0.06%,62.55%,100.0%,0.03%,15.3%,11.37%,15.4%,0₽,4.6,56,ASPOLIFE,本土卖家,FBO,3100.0 g,"2025-12-25
9 个月"
300,#VALUE!,https://ir.ozone.ru/s3/multimedia-1-5/wc300/9694437773.jpg,"Чехол на большой пикап (до 615х205х195 см) / Мембранные материалы, Ткань, 1 шт. / тент для полноразмерных пикапов / размер TXL / подходит Ford F-150, RAM 1500, Toyota Tundra, Chevrolet Silverado",https://www.ozon.ru/product/3823307852,3823307852,Фабрика Гаврилов,"汽车罩
Чехол на автомобиль",跨境卖家可售,4606₽,15,70131₽,25%,31%,19.8%,9407,2581,149,19.46%,0.07%,8.0%,6.17%,0.16%,51.7%,0.78%,53.4%,27178₽,5.0,4,купичехлы,本土卖家,FBS,2000.0 g,"2026-04-02
5 个月"
301,#VALUE!,https://ir.ozone.ru/s3/multimedia-1-5/wc300/13940374289.jpg,"Чехол на автомобиль TOZAROA автомобильный чехол-тент для Lada 21099 1990–2011, серый однослойный PEVA, защита от дождя, снега, солнца и пыли, для улицы, парковки и гаража, PEVA, 1 шт.",https://www.ozon.ru/product/5488519852,5488519852,,"汽车罩
Чехол на автомобиль",跨境卖家可售,1463₽,15,21945₽,100%,100%,55%,8733,6435,576,11.8%,0.49%,5.0%,71.09%,0.17%,22.1%,15.87%,0.0%,0₽,3.0,2,Tozaroa cover,跨境卖家,RFBS,1010.0 g,"2026-08-16
1 个月"
302,#VALUE!,https://ir.ozone.ru/s3/multimedia-1-o/wc300/7438949160.jpg,"Чехол для автомобиля, тент для машины универсальный",https://www.ozon.ru/product/746408379,746408379,Автохранитель,"汽车罩
Чехол на автомобиль",跨境卖家可售,6694₽,15,104784₽,275%,232%,19.9%,21753,15882,846,5.43%,0.03%,9.57%,100.0%,0.07%,32.6%,9.88%,33.4%,0₽,4.9,824,Автохранитель,本土卖家,FBS,3200.0 g,"2022-10-14
4 年"
303,#VALUE!,https://ir.ozone.ru/s3/multimedia-1-3/wc300/7831167447.jpg,"Тент чехол на автомобиль для седана и хетчбека PSV размер L, без молнии",https://www.ozon.ru/product/356288027,356288027,PSV,"汽车罩
Чехол на автомобиль",跨境卖家可售,2124₽,15,36319₽,-59%,-53%,16%,33789,11143,1342,3.94%,0.09%,54.22%,100.0%,0.04%,26.4%,18.44%,21.5%,0₽,4.7,2238,PSV - Автоаксессуары,本土卖家,FBS,1967.0 g,"2021-10-19
5 年"
304,#VALUE!,https://ir.ozone.ru/s3/multimedia-1-g/wc300/11387743144.jpg,"Jijivisha Летний универсальный тент-чехол для автомобиля, защита от солнца, жары, ультрафиолета, дождя и пыли, размер M 430х160х130 см",https://www.ozon.ru/product/1633792359,1633792359,Jijivisha,"汽车罩
Чехол на автомобиль",跨境卖家可售,1501₽,15,24116₽,-7%,-4%,13.6%,24057,4044,903,6.97%,0.12%,0.0%,0.0%,0.05%,19.0%,10.24%,16.7%,0₽,4.3,4426,Jijivisha Top,本土卖家,FBO,1100.0 g,"2024-07-20
2 年 2 个月"
305,#VALUE!,https://ir.ozone.ru/s3/multimedia-1-k/wc300/8254880804.jpg,"Тент на ГАЗель 3302 нового образца, 8 люверсов (650 г/кв.м, импортный ПВХ материал)",https://www.ozon.ru/product/1693474281,1693474281,Автопласт,"汽车罩
Чехол на автомобиль",跨境卖家可售,7800₽,15,116420₽,150%,153%,17.3%,5445,2357,421,8.31%,0.04%,0.0%,0.0%,0.24%,37.1%,0.0%,7.7%,0₽,5.0,3,АВТОТЕНТ,本土卖家,FBS,14000.0 g,"2024-09-14
2 年"
306,#VALUE!,https://ir.ozone.ru/s3/multimedia-1-f/wc300/11783151447.jpg,Тент-чехол на седан. Размер 3 (седан) L,https://www.ozon.ru/product/1917290407,1917290407,AUTOPILOT,"汽车罩
Чехол на автомобиль",跨境卖家可售,2917₽,15,47641₽,-54%,-56%,15.1%,21995,5227,1830,3.98%,0.13%,8.17%,100.0%,0.05%,16.4%,7.65%,8.4%,0₽,4.8,1607,Аксессуары Автопилот,本土卖家,FBS,2350.0 g,"2025-03-05
1 年 6 个月"
307,#VALUE!,https://ir.ozone.ru/s3/multimedia-1-3/wc300/9481603935.jpg,"Чехол на автомобиль 500x190x150, Оксфорд, Велюр антистресс, 1 шт.",https://www.ozon.ru/product/1979057475,1979057475,,"汽车罩
Чехол на автомобиль",跨境卖家可售,4904₽,15,74316₽,275%,289%,50%,46097,17111,2370,6.41%,0.11%,32.11%,100.0%,0.03%,9.2%,32.08%,7.2%,0₽,4.7,294,Бутик Yaskawa,跨境卖家,RFBS,4810.0 g,"2025-03-28
1 年 6 个月"
308,#VALUE!,https://ir.ozone.ru/s3/multimedia-1-n/wc300/7228132403.jpg,"Чехол на автомобиль 500x190x150, Оксфорд, Велюр искусственный, 1 шт.",https://www.ozon.ru/product/1939732765,1939732765,,"汽车罩
Чехол на автомобиль",跨境卖家可售,4976₽,15,74797₽,150%,168%,50%,49692,2368,3536,4.24%,0.08%,20.64%,100.0%,0.03%,10.0%,19.01%,0.0%,0₽,4.7,2059,Бутик-магазин 2,跨境卖家,RFBS,4950.0 g,"2025-03-14
1 年 6 个月"
309,#VALUE!,https://ir.ozone.ru/s3/multimedia-1-l/wc300/7270296717.jpg,"Чехол на автомобиль. Кроссовер и внедорожник. Всесезонный. Размер 6L. Тент на машину от солнца, дождя и снега",https://www.ozon.ru/product/2701817413,2701817413,Наши тенты,"汽车罩
Чехол на автомобиль",跨境卖家可售,4451₽,15,69906₽,37%,24%,19.2%,23664,18666,906,7.06%,0.06%,14.78%,100.0%,0.06%,23.4%,9.0%,13.4%,0₽,4.7,150,Наши тенты,本土卖家,FBS,1800.0 g,"2025-08-18
1 年 1 个月"
310,#VALUE!,https://ir.ozone.ru/s3/multimedia-1-5/wc300/8249949689.jpg,"Чехол на автомобиль 470x185x150, Хлопок, Оксфорд 210D, 1 шт.",https://www.ozon.ru/product/2927074541,2927074541,,"汽车罩
Чехол на автомобиль",跨境卖家可售,6828₽,15,103435₽,1400%,1414%,50%,20654,4234,1508,7.69%,0.14%,57.92%,100.0%,0.07%,12.1%,4.48%,0.0%,0₽,4.8,310,DMPL,跨境卖家,RFBS,6500.0 g,"2025-10-02
11 个月"
311,#VALUE!,https://ir.ozone.ru/s3/multimedia-1-u/wc300/11174915370.jpg,Чехол на автомобиль,https://www.ozon.ru/product/4218024347,4218024347,,"汽车罩
Чехол на автомобиль",跨境卖家可售,2784₽,15,39279₽,200%,178%,50%,7634,2843,658,5.47%,0.38%,25.76%,100.0%,0.2%,41.7%,14.4%,20.0%,0₽,4.8,5,GlobalTradePoint2,跨境卖家,RFBS,1541.0 g,"2026-05-07
4 个月"
312,#VALUE!,https://ir.ozone.ru/s3/multimedia-1-7/wc300/10322053279.jpg,"Чехол на автомобиль, Оксфорд 210D, 1 шт.",https://www.ozon.ru/product/4234674627,4234674627,,"汽车罩
Чехол на автомобиль",跨境卖家可售,2337₽,15,36031₽,25%,40%,51%,17719,4440,1297,7.78%,0.27%,0.0%,0.0%,0.08%,14.9%,20.31%,6.7%,0₽,5.0,2,jiaboyun,跨境卖家,FBP,2659.0 g,"2026-05-08
4 个月"
313,#VALUE!,https://ir.ozone.ru/s3/multimedia-1-4/wc300/9495912748.jpg,"Чехол на автомобиль 460*180*170, Оксфорд, 1 шт.",https://www.ozon.ru/product/3755732243,3755732243,,"汽车罩
Чехол на автомобиль",跨境卖家可售,4965₽,15,74724₽,275%,275%,50%,43688,15469,2498,6.32%,0.16%,39.82%,100.0%,0.03%,8.9%,34.59%,14.3%,0₽,4.7,294,Бутик Yaskawa,跨境卖家,RFBS,4900.0 g,"2026-03-26
6 个月"
314,#VALUE!,https://ir.ozone.ru/s3/multimedia-1-z/wc300/9495912707.jpg,"Чехол на автомобиль 460*180*170, Оксфорд, 1 шт.",https://www.ozon.ru/product/3755732549,3755732549,,"汽车罩
Чехол на автомобиль",跨境卖家可售,4935₽,15,74849₽,16%,22%,50%,37206,8800,2063,6.2%,0.07%,39.54%,100.0%,0.04%,10.9%,16.41%,7.2%,0₽,4.7,294,Бутик Yaskawa,跨境卖家,RFBS,4900.0 g,"2026-03-26
6 个月"
315,#VALUE!,https://ir.ozone.ru/s3/multimedia-1-w/wc300/11306294816.jpg,"Чехол на автомобиль 470x185x150, Велюр искусственный, Оксфорд, 1 шт.",https://www.ozon.ru/product/4648579471,4648579471,,"汽车罩
Чехол на автомобиль",跨境卖家可售,3525₽,15,50154₽,-22%,-23%,50%,10758,277,1786,7.55%,0.36%,59.99%,100.0%,0.14%,11.1%,0.0%,20.0%,0₽,4.5,41,Сибирский резерв,跨境卖家,RFBS,4950.0 g,"2026-06-09
3 个月"
316,#VALUE!,https://ir.ozone.ru/s3/multimedia-1-7/wc300/12463450855.jpg,"Чехол на автомобиль, Оксфорд, Оксфорд 210D",https://www.ozon.ru/product/5046179929,5046179929,,"汽车罩
Чехол на автомобиль",跨境卖家可售,1592₽,15,22872₽,400%,392%,49.9%,1719,547,450,4.88%,0.18%,44.65%,100.0%,0.87%,68.2%,8.07%,13.4%,0₽,5.0,2,QZP,跨境卖家,RFBS,1069.0 g,"2026-07-12
2 个月"
317,#VALUE!,https://ir.ozone.ru/s3/multimedia-1-q/wc300/11405019446.jpg,"тент-чехол для автомобиля, всесезонный, размер 485*190*185",https://www.ozon.ru/product/5453949793,5453949793,Spirit auto,"汽车罩
Чехол на автомобиль",跨境卖家可售,3780₽,15,56700₽,100%,100%,18.6%,16649,7033,691,9.4%,0.11%,35.0%,100.0%,0.09%,23.1%,5.24%,13.4%,0₽,5.0,148,Teen sprit,本土卖家,FBO,1500.0 g,"2026-08-13
1 个月"
318,#VALUE!,https://ir.ozone.ru/s3/multimedia-1-b/wc300/7206957623.jpg,"Чехол на автомобиль 460x180x170, Оксфорд, 1 шт.",https://www.ozon.ru/product/3325561194,3325561194,,"汽车罩
Чехол на автомобиль",跨境卖家可售,2766₽,14,40750₽,-34%,-36%,50%,20478,518,1358,11.34%,0.96%,0.0%,0.0%,0.07%,9.1%,1.62%,7.2%,0₽,4.3,13,zhouxin,跨境卖家,RFBS,2500.0 g,"2026-01-04
8 个月"
319,#VALUE!,https://ir.ozone.ru/s3/multimedia-1-k/wc300/8824861172.jpg,"Aradela Чехол на автомобиль 470x190x185, Оксфорд, 1 шт.",https://www.ozon.ru/product/1764217892,1764217892,Aradela,"汽车罩
Чехол на автомобиль",跨境卖家可售,6823₽,14,93024₽,40%,47%,50%,6145,131,554,8.48%,0.76%,35.92%,100.0%,0.21%,27.7%,0.0%,0.0%,0₽,4.8,720,Aradela Car Parts & Accessories,跨境卖家,RFBS,7500.0 g,"2024-11-21
1 年 10 个月"
320,#VALUE!,https://ir.ozone.ru/s3/multimedia-1-4/wc300/7248717436.jpg,"XICBOOM Чехол на автомобиль Mazda 6, Оксфорд 210D, 1 шт.",https://www.ozon.ru/product/1796687880,1796687880,XICBOOM,"汽车罩
Чехол на автомобиль",跨境卖家可售,2905₽,14,42954₽,-18%,-17%,51%,15860,6739,758,9.63%,0.13%,51.19%,100.0%,0.08%,17.8%,17.04%,7.7%,0₽,4.9,30,Tengxi auto supplies franchise store,跨境卖家,FBP,1500.0 g,"2024-12-22
1 年 9 个月"
321,#VALUE!,https://ir.ozone.ru/s3/multimedia-1-v/wc300/7433275135.jpg,"Накидка защитная магнитная на крыло, 830х630 мм",https://www.ozon.ru/product/1950281638,1950281638,ROCKFORCE,"汽车罩
Чехол на автомобиль",跨境卖家可售,503₽,14,7500₽,180%,363%,3.8%,10864,866,523,6.3%,0.57%,0.0%,0.0%,0.13%,42.4%,0.0%,14.3%,156₽,4.8,254,FORSAGE OFFICIAL STORE,本土卖家,FBS,200.0 g,"2025-03-18
1 年 6 个月"
322,#VALUE!,https://ir.ozone.ru/s3/multimedia-1-q/wc300/7533313226.jpg,"Чехол на автомобиль 460x180x170, Велюр искусственный, Оксфорд, 1 шт.",https://www.ozon.ru/product/2121317320,2121317320,,"汽车罩
Чехол на автомобиль",跨境卖家可售,4965₽,14,70021₽,367%,392%,50%,15285,2932,1076,5.11%,0.2%,34.95%,100.0%,0.07%,20.0%,2.6%,18.2%,0₽,4.7,1084,Бутик Yaskawa,跨境卖家,RFBS,4950.0 g,"2025-05-11
1 年 4 个月"
323,#VALUE!,https://ir.ozone.ru/s3/multimedia-1-w/wc300/8249949608.jpg,"Чехол на автомобиль 460x185x170, Хлопок, Оксфорд 210D, 1 шт.",https://www.ozon.ru/product/2927074466,2927074466,,"汽车罩
Чехол на автомобиль",跨境卖家可售,6828₽,14,96448₽,250%,254%,50%,9962,3819,1285,8.32%,0.05%,57.66%,100.0%,0.14%,13.1%,1.6%,0.0%,0₽,4.8,310,DMPL,跨境卖家,RFBS,6500.0 g,"2025-10-02
11 个月"
324,#VALUE!,https://ir.ozone.ru/s3/multimedia-1-6/wc300/14889138234.jpg,Тент чехол автомобильный всесезонный с молнией и подкладом,https://www.ozon.ru/product/3185006736,3185006736,CARELIA,"汽车罩
Чехол на автомобиль",跨境卖家可售,2771₽,14,47186₽,-18%,-28%,17.3%,20435,13862,786,7.37%,0.07%,0.0%,0.0%,0.07%,24.1%,18.71%,7.2%,0₽,4.5,322,MAGIC PEARL,本土卖家,FBO,1790.0 g,"2025-12-02
9 个月"
325,#VALUE!,https://ir.ozone.ru/s3/multimedia-1-z/wc300/9120991895.jpg,"Чехол на автомобиль, тент для автомобиля, M, универсальный",https://www.ozon.ru/product/3543450348,3543450348,Heavy Booster,"汽车罩
Чехол на автомобиль",跨境卖家可售,3311₽,14,46582₽,-78%,-76%,18.2%,10581,571,1093,4.3%,0.0%,65.09%,100.0%,0.11%,25.5%,0.0%,33.4%,5795₽,4.6,1669,Heavy Booster,本土卖家,FBO,1975.0 g,"2026-02-19
7 个月"
326,#VALUE!,https://ir.ozone.ru/s3/multimedia-1-q/wc300/9117511946.jpg,"Чехол на автомобиль Hyundai Solaris（2011-2025）Двухслойный Усиленный авточехол , молния на дверь,легкая установка,Для улицы, ветроустойчивый, Купить сейчас, Оксфорд 210D, 1 шт.",https://www.ozon.ru/product/3955275990,3955275990,,"汽车罩
Чехол на автомобиль",跨境卖家可售,2535₽,14,34374₽,250%,292%,51%,6627,2485,377,12.2%,0.16%,0.0%,0.0%,0.18%,26.1%,14.06%,25.0%,0₽,4.8,6,ramon,跨境卖家,FBP,2950.0 g,"2026-04-15
5 个月"
327,#VALUE!,https://ir.ozone.ru/s3/multimedia-1-q/wc300/7745620850.jpg,"Чехол на автомобиль, тент для автомобиля, XL, универсальный",https://www.ozon.ru/product/4055821588,4055821588,Heavy Booster,"汽车罩
Чехол на автомобиль",跨境卖家可售,6034₽,14,68433₽,-92%,-87%,18.9%,10310,739,849,4.59%,0.27%,23.64%,100.0%,0.11%,28.2%,0.0%,36.4%,2340₽,4.6,1669,Heavy Booster,本土卖家,FBO,2175.0 g,"2026-04-23
5 个月"
328,#VALUE!,https://ir.ozone.ru/s3/multimedia-1-y/wc300/10958497018.jpg,"Чехол на автомобиль Renault  LoganⅠ/Ⅱ(2004-2022)/Рено Логан,Седан,защищает от дождя,пыли и снега,подходит для всех сезонов,высокоплотная,материал авиационного стандарта, Оксфорд 210D, 1 шт.",https://www.ozon.ru/product/4507508446,4507508446,,"汽车罩
Чехол на автомобиль",跨境卖家可售,1981₽,14,26147₽,-7%,3%,50%,11297,3228,824,11.16%,0.4%,54.34%,100.0%,0.11%,13.0%,13.36%,16.7%,0₽,4.4,16,xingyao-33,跨境卖家,RFBS,1500.0 g,"2026-05-30
3 个月"
329,#VALUE!,https://ir.ozone.ru/s3/multimedia-1-l/wc300/12237771081.jpg,"Чехол на автомобиль, Пластик, 1 шт.",https://www.ozon.ru/product/4974663782,4974663782,,"汽车罩
Чехол на автомобиль",跨境卖家可售,354₽,14,4503₽,75%,50%,53%,1088,571,162,4.93%,0.0%,10.81%,75.32%,1.19%,162.5%,5.52%,0.0%,0₽,5.0,2,Wanning jila,跨境卖家,RFBS,350.0 g,"2026-07-06
2 个月"
330,#VALUE!,https://ir.ozone.ru/s3/multimedia-1-t/wc300/14197399949.jpg,"Чехол на автомобиль 460x180x170, Оксфорд, 1 шт.",https://www.ozon.ru/product/5563611912,5563611912,,"汽车罩
Чехол на автомобиль",跨境卖家可售,2559₽,14,35826₽,100%,100%,50%,5900,2898,732,6.01%,0.41%,45.76%,100.0%,0.2%,27.3%,67.71%,0.0%,0₽,,,Салон автотоваров,跨境卖家,RFBS,2400.0 g,"2026-08-22
1 个月"
331,#VALUE!,https://ir.ozone.ru/s3/multimedia-1-g/wc300/11910263344.jpg,"Чехол на автомобиль 530*250, ABS пластик, 1 шт.",https://www.ozon.ru/product/4865547221,4865547221,,"汽车罩
Чехол на автомобиль",跨境卖家可售,1762₽,14,23067₽,134%,98%,50%,26123,1773,3017,7.65%,0.16%,62.41%,100.0%,0.05%,6.1%,8.4%,14.3%,0₽,4.4,9,FANSHUANGCAI,跨境卖家,RFBS,1100.0 g,"2026-06-26
2 个月"
332,#VALUE!,https://ir.ozone.ru/s3/multimedia-1-3/wc300/14961836271.jpg,Тент для автомобиля КАМАЗ 5350 (двухсторонний ПВХ материал 550 г/кв.м),https://www.ozon.ru/product/4893089725,4893089725,,"汽车罩
Чехол на автомобиль",跨境卖家可售,14828₽,14,205367₽,40%,45%,18.4%,7219,2385,811,4.93%,0.12%,0.0%,0.0%,0.19%,35.0%,0.0%,7.7%,0₽,4.8,17,ТЕНТ ЭКСПЕРТ,本土卖家,FBS,20000.0 g,"2026-06-29
2 个月"
333,#VALUE!,https://ir.ozone.ru/s3/multimedia-1-e/wc300/13474786370.jpg,"Чехол на автомобиль 470x185x150, Оксфорд 210D, Хлопок, 1 шт.",https://www.ozon.ru/product/2936400055,2936400055,,"汽车罩
Чехол на автомобиль",跨境卖家可售,6780₽,14,95415₽,600%,601%,50%,13466,2477,1877,6.39%,0.12%,58.11%,100.0%,0.1%,11.7%,5.14%,7.2%,0₽,4.9,56,МЕЧТА 7,跨境卖家,RFBS,6500.0 g,"2025-10-06
11 个月"
334,#VALUE!,https://ir.ozone.ru/s3/multimedia-1-y/wc300/13870143106.jpg,"Чехол на автомобиль 450x185x150, Хлопок, Оксфорд 210D, 1 шт.",https://www.ozon.ru/product/2927074469,2927074469,,"汽车罩
Чехол на автомобиль",跨境卖家可售,6828₽,14,97016₽,180%,185%,50%,6456,1507,1071,7.18%,0.13%,57.96%,100.0%,0.2%,16.9%,0.46%,7.7%,0₽,4.8,310,DMPL,跨境卖家,RFBS,6000.0 g,"2025-10-02
11 个月"
335,#VALUE!,https://ir.ozone.ru/s3/multimedia-1-4/wc300/8245808536.jpg,"Чехол на автомобиль Lada 2114 ,Хэтчбек 5 дв,защита от царапин и плесени,молния на двер,Всесезонный,Зимний чехол для автомобиля,материал авиационного стандарта, Оксфорд 210D, Хлопок, 1 шт.",https://www.ozon.ru/product/3478282069,3478282069,,"汽车罩
Чехол на автомобиль",跨境卖家可售,2535₽,14,36217₽,75%,77%,51%,17525,4966,648,13.73%,0.32%,0.0%,0.0%,0.07%,13.5%,26.85%,8.4%,0₽,4.6,3,PET PA,跨境卖家,FBP,2500.0 g,"2026-01-31
7 个月"
336,#VALUE!,https://ir.ozone.ru/s3/multimedia-1-b/wc300/12664855883.jpg,"QUANHAO Чехол на автомобиль 480x190x180, Оксфорд, 1 шт.",https://www.ozon.ru/product/5041728743,5041728743,QUANHAO,"汽车罩
Чехол на автомобиль",跨境卖家可售,2480₽,14,34407₽,75%,88%,51%,13033,1137,1207,6.21%,0.08%,57.33%,100.0%,0.11%,18.7%,8.06%,7.2%,0₽,4.5,12,Мир Автоаксессуаров,跨境卖家,FBP,2850.0 g,"2026-07-12
2 个月"
337,#VALUE!,https://ir.ozone.ru/s3/multimedia-1-3/wc300/13988041347.jpg,"Чехол на автомобиль TOZAROA чехол-тент на автомобиль Lada Priora (Лада Приора) 2007–2013, универсал 5-дверный, защита от дождя, снега, солнца и пыли, для улицы, парковки и гаража, PEVA, 1 шт.",https://www.ozon.ru/product/5502283131,5502283131,,"汽车罩
Чехол на автомобиль",跨境卖家可售,1463₽,14,23464₽,100%,100%,55%,5457,3798,437,9.38%,0.07%,5.22%,100.0%,0.26%,34.1%,9.84%,21.5%,0₽,,,Tozaroa cover,跨境卖家,RFBS,1005.0 g,"2026-08-17
1 个月"
338,#VALUE!,https://ir.ozone.ru/s3/multimedia-1-j/wc300/10090253359.jpg,"Чехол для автомобиля, тент для автомобиля, размер 570 х 205 х 165(XXXL)",https://www.ozon.ru/product/5650120351,5650120351,Gandi Clo,"汽车罩
Чехол на автомобиль",跨境卖家可售,2562₽,14,35868₽,100%,100%,18.1%,10295,6838,1248,4.4%,0.1%,81.28%,100.0%,0.21%,40.0%,10.0%,4.6%,0₽,5.0,2590,TOP STORE,本土卖家,FBO,1200.0 g,"2026-08-30
< 1 个月"
339,#VALUE!,https://ir.ozone.ru/s3/multimedia-1-i/wc300/13039608942.jpg,"Чехол на автомобиль 500x200x190, Оксфорд, 1 шт.",https://www.ozon.ru/product/3129004339,3129004339,,"汽车罩
Чехол на автомобиль",跨境卖家可售,3872₽,14,47894₽,-44%,-49%,50%,9522,82,754,12.2%,2.43%,15.16%,100.0%,0.12%,12.0%,0.0%,9.1%,0₽,4.6,181,премиальное производство,跨境卖家,RFBS,4980.0 g,"2025-11-19
10 个月"
340,#VALUE!,https://ir.ozone.ru/s3/multimedia-1-a/wc300/8400344554.jpg,"Кабина на погрузчик, чехол на погрузчик, вилочный грузоподъемностью 1-2.7T, тент на погрузчик универсальная мягкая кабина, водонепроницаемая, ветрозащитная, ПВХ",https://www.ozon.ru/product/3133496121,3133496121,TENT-CHEHOL,"汽车罩
Чехол на автомобиль",跨境卖家可售,8704₽,14,120395₽,600%,635%,20.2%,9278,4615,742,5.12%,0.06%,48.0%,100.0%,0.15%,36.8%,3.21%,10.0%,0₽,5.0,5,Тент-Чехол,本土卖家,FBS,3000.0 g,"2025-11-20
10 个月"
341,#VALUE!,https://ir.ozone.ru/s3/multimedia-1-u/wc300/7101617574.jpg,"Тент автомобильный CARTAGE Premium, защита от воды , ""XXL"" , 530x200x150 см",https://www.ozon.ru/product/383467412,383467412,Cartage,"汽车罩
Чехол на автомобиль",跨境卖家可售,2005₽,13,26065₽,100%,100%,15.8%,13738,9072,684,6.87%,0.06%,10.99%,100.0%,0.09%,27.7%,17.89%,15.4%,0₽,,,Сима-Ленд - Интерьер,本土卖家,FBO,1229.0 g,"2023-06-28
3 年 3 个月"
342,#VALUE!,https://ir.ozone.ru/s3/multimedia-1-j/wc300/7013883007.jpg,"МобильПРО Чехол на автомобиль 530х200х150, Оксфорд, 1 шт.",https://www.ozon.ru/product/1560402576,1560402576,МобильПРО,"汽车罩
Чехол на автомобиль",跨境卖家可售,3432₽,13,47023₽,334%,307%,11.2%,30537,10481,1399,6.93%,0.04%,5.47%,100.0%,0.04%,13.4%,9.45%,30.8%,0₽,4.9,3331,QUANTUM,本土卖家,FBS,3000.0 g,"2024-04-26
2 年 5 个月"
343,#VALUE!,https://ir.ozone.ru/s3/multimedia-1-y/wc300/8824861222.jpg,"Aradela Чехол на автомобиль 460x180x150, Оксфорд, 1 шт.",https://www.ozon.ru/product/1764217762,1764217762,Aradela,"汽车罩
Чехол на автомобиль",跨境卖家可售,6605₽,13,85239₽,-19%,-14%,50%,84840,11837,4085,7.39%,0.27%,35.67%,100.0%,0.01%,4.0%,32.96%,8.4%,0₽,4.8,720,Aradela Car Parts & Accessories,跨境卖家,RFBS,7000.0 g,"2024-11-21
1 年 10 个月"
344,#VALUE!,https://ir.ozone.ru/s3/multimedia-1-z/wc300/12739318415.jpg,"Чехол на автомобиль 430x180x150, Полиэстер, PEVA, 1 шт.",https://www.ozon.ru/product/5128497826,5128497826,,"汽车罩
Чехол на автомобиль",跨境卖家可售,3190₽,13,43419₽,-8%,-10%,50%,12308,167,1612,7.63%,0.0%,13.75%,100.0%,0.08%,8.1%,0.0%,0.0%,0₽,4.5,181,премиальное производство,跨境卖家,RFBS,4500.0 g,"2026-07-19
2 个月"
345,#VALUE!,https://ir.ozone.ru/s3/multimedia-1-f/wc300/8645831727.jpg,"XICBOOM Чехол на автомобиль BMW 5 Series 528i 530i 535i 540i 550i M550i M550, Оксфорд 210D, 1 шт.",https://www.ozon.ru/product/1778802780,1778802780,XICBOOM,"汽车罩
Чехол на автомобиль",跨境卖家可售,2978₽,13,41569₽,63%,72%,51%,9933,3078,287,11.14%,0.12%,49.38%,100.0%,0.12%,37.5%,1.78%,8.4%,0₽,4.9,25,Tengxi auto supplies franchise store,跨境卖家,FBP,1600.0 g,"2024-12-07
1 年 9 个月"
346,#VALUE!,https://ir-20.ozone.ru/s3/multimedia-1-u/wc300/7047005286.jpg,"Чехол на автомобиль Geely Monjaro  F89N, Мембранные материалы, Ткань, 1 шт.",https://www.ozon.ru/product/2013936418,2013936418,,"汽车罩
Чехол на автомобиль",跨境卖家可售,1569₽,13,21206₽,30%,53%,51%,9755,991,540,7.96%,0.6%,21.18%,7.7%,0.1%,23.3%,9.33%,10.0%,0₽,4.2,109,Льготный,跨境卖家,FBP,3597.0 g,"2025-04-09
1 年 5 个月"
347,#VALUE!,https://ir.ozone.ru/s3/multimedia-1-u/wc300/9215225310.jpg,"ZHJYDM Чехол на автомобиль Lada Niva Legend 3-door, Оксфорд 210D, 1 шт.",https://www.ozon.ru/product/3600923420,3600923420,ZHJYDM,"汽车罩
Чехол на автомобиль",跨境卖家可售,2669₽,13,34697₽,1200%,917%,50%,5368,2183,363,11.01%,0.04%,50.0%,100.0%,0.24%,32.5%,31.74%,23.1%,0₽,4.9,40,Zhuohang Jiayi,跨境卖家,RFBS,1350.0 g,"2026-03-07
6 个月"
348,#VALUE!,https://ir.ozone.ru/s3/multimedia-1-z/wc300/13870159451.jpg,"Чехол на автомобиль 450x185x150, Хлопок, Оксфорд 210D, 1 шт.",https://www.ozon.ru/product/2927074246,2927074246,,"汽车罩
Чехол на автомобиль",跨境卖家可售,6762₽,13,89310₽,550%,523%,50%,3280,268,1137,5.1%,0.0%,57.66%,100.0%,0.4%,22.4%,0.07%,7.7%,0₽,4.8,310,DMPL,跨境卖家,RFBS,6000.0 g,"2025-10-02
11 个月"
349,#VALUE!,https://ir.ozone.ru/s3/multimedia-1-c/wc300/13189904508.jpg,"Чехол на автомобиль Mitsubishi L200 пикап 2005 2024, размер PK-TM, защитный тент для пикапа",https://www.ozon.ru/product/3912411494,3912411494,Фабрика Гаврилов,"汽车罩
Чехол на автомобиль",跨境卖家可售,3681₽,13,57072₽,0%,-10%,18.9%,6580,4625,331,8.45%,0.1%,0.19%,90.89%,0.17%,39.3%,1.82%,18.2%,4943₽,5.0,9,купичехлы,本土卖家,FBS,2000.0 g,"2026-04-11
5 个月"
350,#VALUE!,https://ir-20.ozone.ru/s3/multimedia-1-v/wc300/9504298507.jpg,"Чехол на автомобиль 600x350, Пластик, 1 шт.",https://www.ozon.ru/product/3761058684,3761058684,,"汽车罩
Чехол на автомобиль",跨境卖家可售,224₽,13,2932₽,63%,75%,51.2%,6116,601,218,9.17%,0.16%,85.0%,100.0%,0.16%,50.0%,0.0%,0.0%,0₽,4.7,87,luotonghkun,跨境卖家,FBP,196.0 g,"2026-03-27
6 个月"
351,#VALUE!,https://ir.ozone.ru/s3/multimedia-1-p/wc300/15280384453.jpg,"Чехол на автомобиль 520x200x185, Хлопок, Оксфорд 210D, 1 шт.",https://www.ozon.ru/product/4978956592,4978956592,,"汽车罩
Чехол на автомобиль",跨境卖家可售,6885₽,13,90524₽,225%,241%,50%,3961,359,765,10.45%,0.0%,57.66%,100.0%,0.33%,16.3%,0.0%,0.0%,0₽,4.8,310,DMPL,跨境卖家,RFBS,8500.0 g,"2026-07-06
2 个月"
352,#VALUE!,https://ir.ozone.ru/s3/multimedia-1-l/wc300/11984728089.jpg,"Чехол на автомобиль Cумкой для хранения, Чехол на автомобиль, тент для автомобиля, для Lada 2114 2001-2013, Оксфорд 210D, 1 шт.",https://www.ozon.ru/product/4892349048,4892349048,,"汽车罩
Чехол на автомобиль",跨境卖家可售,1545₽,13,19649₽,1200%,1244%,49.9%,6561,3146,606,9.07%,0.5%,49.8%,100.0%,0.18%,21.8%,21.0%,8.4%,0₽,5.0,2,ZH004,跨境卖家,RFBS,2000.0 g,"2026-06-29
2 个月"
353,#VALUE!,https://ir.ozone.ru/s3/multimedia-b/wc300/6842769527.jpg,"XICBOOM Чехол на автомобиль Тойота Прадо, Мембранные материалы, Ткань, 1 шт.",https://www.ozon.ru/product/1311441073,1311441073,XICBOOM,"汽车罩
Чехол на автомобиль",跨境卖家可售,4940₽,13,65197₽,0%,7%,50%,12752,4869,493,8.72%,0.14%,43.58%,100.0%,0.09%,27.9%,4.92%,8.4%,0₽,4.8,115,Tengxi auto supplies franchise store,跨境卖家,RFBS,3500.0 g,"2023-11-27
2 年 10 个月"
354,#VALUE!,https://ir.ozone.ru/s3/multimedia-1-m/wc300/7013934814.jpg,"МобильПРО Чехол на автомобиль 490х185х150, Оксфорд, 1 шт.",https://www.ozon.ru/product/1560404209,1560404209,МобильПРО,"汽车罩
Чехол на автомобиль",跨境卖家可售,3411₽,13,49772₽,-19%,-29%,12.5%,20908,8226,1503,3.99%,0.02%,8.71%,75.12%,0.06%,21.7%,6.08%,7.7%,0₽,4.9,3331,QUANTUM,本土卖家,FBO,2900.0 g,"2024-04-26
2 年 5 个月"
355,#VALUE!,https://ir.ozone.ru/s3/multimedia-1-b/wc300/7533313211.jpg,"Чехол на автомобиль 460x180x170, Велюр искусственный, Оксфорд, 1 шт.",https://www.ozon.ru/product/2121317209,2121317209,,"汽车罩
Чехол на автомобиль",跨境卖家可售,4915₽,13,64214₽,160%,168%,50%,21021,1749,1547,5.36%,0.17%,35.62%,100.0%,0.06%,14.5%,3.96%,8.4%,0₽,4.7,1084,Бутик Yaskawa,跨境卖家,RFBS,4950.0 g,"2025-05-11
1 年 4 个月"
356,#VALUE!,https://ir.ozone.ru/s3/multimedia-1-i/wc300/8350535538.jpg,"Чехол на автомобиль Lada Kalina I (404x170x150) Всесезонный，Двухслойный Усиленный авточехол ,УФ защита + водонепроницаемый, молния на дверь,легкая установка,Для улицы, ветроустойчивый, Купить сейчас, Оксфорд, 1 шт.",https://www.ozon.ru/product/3122141977,3122141977,,"汽车罩
Чехол на автомобиль",跨境卖家可售,2131₽,13,28315₽,1200%,345%,50%,6385,2448,316,15.5%,0.16%,67.35%,100.0%,0.2%,26.5%,28.27%,15.4%,0₽,4.8,14,Xr,跨境卖家,RFBS,2950.0 g,"2025-11-18
10 个月"
357,#VALUE!,https://ir.ozone.ru/s3/multimedia-1-o/wc300/8343444660.jpg,"Чехол на автомобиль 500x200x190, Оксфорд, Хлопок, 1 шт.",https://www.ozon.ru/product/3116716603,3116716603,,"汽车罩
Чехол на автомобиль",跨境卖家可售,4830₽,13,56858₽,160%,191%,51%,18150,2006,913,7.77%,0.24%,0.0%,0.0%,0.05%,12.7%,27.98%,0.0%,0₽,5.0,9,HUANGKONGFEN,跨境卖家,FBP,4500.0 g,"2025-11-17
10 个月"
358,#VALUE!,https://ir.ozone.ru/s3/multimedia-1-t/wc300/7992344117.jpg,104 см Синий чехол на светодиодную балку,https://www.ozon.ru/product/3562738489,3562738489,,"汽车罩
Чехол на автомобиль",跨境卖家可售,526₽,13,6946₽,160%,161%,4.5%,1808,711,223,7.17%,0.14%,38.49%,100.0%,0.77%,87.5%,0.0%,42.9%,8364₽,4.9,256,Стеванс Маркет,本土卖家,FBO,75.0 g,"2026-02-27
6 个月"
359,#VALUE!,https://ir.ozone.ru/s3/multimedia-1-e/wc300/9925577618.jpg,"Чехол на автомобиль 447×187.5×158 cm, Оксфорд, Хлопок, 1 шт.",https://www.ozon.ru/product/4019012265,4019012265,,"汽车罩
Чехол на автомобиль",跨境卖家可售,4932₽,13,64485₽,-35%,-34%,50%,22997,11912,1197,5.51%,0.18%,38.06%,100.0%,0.04%,15.2%,18.82%,22.3%,0₽,4.6,14,NFD Shop,跨境卖家,RFBS,5500.0 g,"2026-04-20
5 个月"
360,#VALUE!,https://ir.ozone.ru/s3/multimedia-1-3/wc300/9495912783.jpg,"Чехол на автомобиль 470*185*150, Оксфорд, 1 шт.",https://www.ozon.ru/product/3755732709,3755732709,,"汽车罩
Чехол на автомобиль",跨境卖家可售,4935₽,13,65036₽,225%,242%,50%,29176,7697,1741,7.0%,0.1%,39.54%,100.0%,0.04%,9.8%,16.12%,0.0%,0₽,4.7,294,Бутик Yaskawa,跨境卖家,RFBS,4900.0 g,"2026-03-26
6 个月"
361,#VALUE!,https://ir.ozone.ru/s3/multimedia-1-y/wc300/9347031502.jpg,"Чехол на автомобиль Lada Vesta SW （2017-2026）Всесезонный,Молния на двери,защита от солнца  и дождя и пыли и града и снега,двухслойный с мягкой подкладкой, Оксфорд 210D, 1 шт.",https://www.ozon.ru/product/3955255413,3955255413,,"汽车罩
Чехол на автомобиль",跨境卖家可售,2684₽,13,36369₽,225%,217%,51%,20661,2563,790,6.96%,0.03%,0.0%,0.0%,0.05%,20.0%,24.95%,0.0%,0₽,4.8,15,ramon,跨境卖家,FBP,2950.0 g,"2026-04-15
5 个月"
362,#VALUE!,https://ir.ozone.ru/s3/multimedia-0/wc300/6723263448.jpg,"Тент для Газель 3302 старого образца (550 г/кв.м, двухстронний усиленный ПВХ материал)",https://www.ozon.ru/product/4735957209,4735957209,,"汽车罩
Чехол на автомобиль",跨境卖家可售,7361₽,13,94510₽,-46%,-45%,17.6%,10444,4480,618,6.63%,0.15%,0.0%,0.0%,0.12%,31.7%,0.0%,7.7%,0₽,4.7,9,ТЕНТ ЭКСПЕРТ,本土卖家,FBS,12000.0 g,"2026-06-15
3 个月"
363,#VALUE!,https://ir.ozone.ru/s3/multimedia-1-0/wc300/12472599384.jpg,"Чехол на автомобиль Daewoo Matiz(2000-2015) Молния на двери,Всесезонны,защитный/высокопрочный，двухслойный с мягкой подкладкой,защита от солнца  и дождя и пыли и града и снега, Оксфорд, 1 шт.",https://www.ozon.ru/product/5048876311,5048876311,,"汽车罩
Чехол на автомобиль",跨境卖家可售,1885₽,13,24088₽,100%,100%,50%,4714,3173,608,9.37%,0.44%,50.0%,100.0%,0.28%,22.8%,26.58%,7.7%,0₽,5.0,2,Отличный магазин,跨境卖家,RFBS,2000.0 g,"2026-07-13
2 个月"
364,#VALUE!,https://ir.ozone.ru/s3/multimedia-1-k/wc300/14462907788.jpg,"Чехол-тент на автомобиль для кроссовера и внедорожника YXL 525/195/185 см, Oxford, всесезонный, серебристый",https://www.ozon.ru/product/5642050271,5642050271,,"汽车罩
Чехол на автомобиль",跨境卖家可售,2394₽,13,31122₽,100%,100%,15.5%,9008,6003,971,3.81%,0.06%,4.1%,9.96%,0.14%,35.1%,14.36%,7.7%,0₽,4.7,41,Glare,本土卖家,FBS,2200.0 g,"2026-08-29
< 1 个月"
365,#VALUE!,https://ir.ozone.ru/s3/multimedia-1-e/wc300/9845754314.jpg,"Чехол для авто, тент автомобильный ZDK Размер XL 540*175*120 см",https://www.ozon.ru/product/248728350,248728350,ZDK,"汽车罩
Чехол на автомобиль",跨境卖家可售,1548₽,12,18576₽,1100%,872%,15.3%,6567,4477,409,7.33%,0.17%,0.0%,0.0%,0.18%,40.0%,14.34%,33.4%,0₽,3.6,113,ZOOWELL,本土卖家,FBO,1000.0 g,"2021-03-31
5 年 6 个月"
366,#VALUE!,https://ir.ozone.ru/s3/multimedia-1-d/wc300/13407900673.jpg,"Чехол на автомобиль Авточехол-тент TOZAROA для хэтчбека и универсала, размер 2XS, 4100×1900×1500 мм, водонепроницаемый от снега, дождя, солнца и пыли, подходит для Opel Astra, LADA Kalina, Volkswagen Golf, PEVA, 1 шт.",https://www.ozon.ru/product/5330777626,5330777626,,"汽车罩
Чехол на автомобиль",跨境卖家可售,1281₽,12,15372₽,1100%,1123%,55%,7583,4206,834,8.03%,0.19%,8.98%,100.0%,0.15%,16.4%,21.32%,0.0%,0₽,5.0,7,Tozaroa cover,跨境卖家,RFBS,1000.0 g,"2026-08-03
1 个月"
367,#VALUE!,https://ir.ozone.ru/s3/multimedia-1-5/wc300/11740824401.jpg,"Тент автомобильный зимний утеплённый ""Наташа"" . Тент чехол зимний 4.8*1.7*1.6",https://www.ozon.ru/product/2449316120,2449316120,Oumanni,"汽车罩
Чехол на автомобиль",跨境卖家可售,12933₽,12,154909₽,1100%,967%,19.9%,12338,4657,1998,3.65%,0.12%,0.0%,0.0%,0.1%,16.4%,0.0%,50.0%,0₽,4.9,27,АВТОДОМ,本土卖家,FBS,6000.0 g,"2025-07-11
1 年 2 个月"
368,#VALUE!,https://ir-20.ozone.ru/s3/multimedia-1-b/wc300/13474785647.jpg,"Чехол на автомобиль 500x200x190, Оксфорд 210D, Хлопок, 1 шт.",https://www.ozon.ru/product/2936400038,2936400038,,"汽车罩
Чехол на автомобиль",跨境卖家可售,6882₽,12,82254₽,300%,294%,50%,8685,579,1122,7.04%,0.34%,58.14%,100.0%,0.14%,15.2%,0.0%,0.0%,0₽,4.9,56,МЕЧТА 7,跨境卖家,RFBS,8000.0 g,"2025-10-06
11 个月"
369,#VALUE!,https://ir.ozone.ru/s3/multimedia-1-l/wc300/10653811941.jpg,"Чехол на автомобиль, Taffeta, Мембранные материалы, 1 шт.",https://www.ozon.ru/product/3766057974,3766057974,,"汽车罩
Чехол на автомобиль",跨境卖家可售,2546₽,12,28798₽,50%,65%,51%,10946,1607,596,5.87%,0.37%,19.54%,26.68%,0.06%,20.0%,12.72%,42.9%,0₽,4.3,13,Авто Стиль,跨境卖家,FBP,2500.0 g,"2026-03-27
6 个月"
370,#VALUE!,https://ir.ozone.ru/s3/multimedia-1-z/wc300/9495912959.jpg,"Чехол на автомобиль 480*190*180, Оксфорд, 1 шт.",https://www.ozon.ru/product/3755733136,3755733136,,"汽车罩
Чехол на автомобиль",跨境卖家可售,4965₽,12,59501₽,200%,199%,50%,28283,6331,1714,6.24%,0.04%,39.77%,100.0%,0.04%,9.3%,19.31%,20.0%,0₽,4.7,294,Бутик Yaskawa,跨境卖家,RFBS,5000.0 g,"2026-03-26
6 个月"
371,#VALUE!,https://ir.ozone.ru/s3/multimedia-1-0/wc300/7140756564.jpg,"Тент на Газель Фермер БИЗНЕС, 5 люверсов (550 г/кв.м, двухсторонний усиленный ПВХ материал)",https://www.ozon.ru/product/4735966562,4735966562,,"汽车罩
Чехол на автомобиль",跨境卖家可售,6793₽,12,81031₽,200%,213%,17.5%,3877,2122,262,9.54%,0.28%,0.0%,0.0%,0.31%,48.0%,0.0%,16.7%,0₽,5.0,3,ТЕНТ ЭКСПЕРТ,本土卖家,FBS,9900.0 g,"2026-06-15
3 个月"
372,#VALUE!,https://ir.ozone.ru/s3/multimedia-1-8/wc300/11302720748.jpg,"Чехол на автомобиль JETOUR DASHING/Джетур Дэшинг,Внедорожник 5 дв,защищает от дождя,пыли и снега,подходит для всех сезонов,высокоплотная,материал авиационного стандарта, Оксфорд 210D, 1 шт.",https://www.ozon.ru/product/4770681496,4770681496,,"汽车罩
Чехол на автомобиль",跨境卖家可售,1687₽,12,19641₽,140%,148%,50%,15489,3493,720,13.05%,0.31%,45.87%,100.0%,0.08%,12.8%,26.2%,16.7%,0₽,3.9,3,baichuang 2,跨境卖家,RFBS,2000.0 g,"2026-06-17
3 个月"
373,#VALUE!,https://ir.ozone.ru/s3/multimedia-8/wc300/6840362276.jpg,"Тент на ГАЗель 3302 нового образца, 8 люверсов (400 г/кв.м, двухсторонний ПВХ материал)",https://www.ozon.ru/product/4735969028,4735969028,Автопласт,"汽车罩
Чехол на автомобиль",跨境卖家可售,6775₽,12,79791₽,-20%,-19%,17.5%,9665,4023,678,6.04%,0.22%,0.0%,0.0%,0.1%,24.4%,0.0%,10.0%,0₽,5.0,8,ТЕНТ ЭКСПЕРТ,本土卖家,FBS,8700.0 g,"2026-06-15
3 个月"
374,#VALUE!,https://ir.ozone.ru/s3/multimedia-1-t/wc300/11436066209.jpg,"Чехол на автомобиль Toyota Passo Зимняя утеплённая/ водонепроницаемая/Защита от снега и царапин/Заказной чехол 1:1, Оксфорд 210D, 1 шт.",https://www.ozon.ru/product/4699981196,4699981196,,"汽车罩
Чехол на автомобиль",跨境卖家可售,2977₽,12,35267₽,200%,167%,50%,2948,1139,450,6.22%,0.43%,0.0%,0.0%,0.41%,42.9%,1.98%,16.7%,0₽,4.0,2,Бутик товаров для дома в Бинсине,跨境卖家,RFBS,4000.0 g,"2026-06-12
3 个月"
375,#VALUE!,https://ir.ozone.ru/s3/multimedia-1-s/wc300/11988345808.jpg,Тент для автомобиля КАМАЗ 5350 (двухсторонний ПВХ материал 550 г/кв.м),https://www.ozon.ru/product/4894129822,4894129822,,"汽车罩
Чехол на автомобиль",跨境卖家可售,21157₽,12,250090₽,100%,104%,19.5%,3876,1484,475,3.78%,0.26%,0.0%,0.0%,0.26%,55.6%,0.0%,0.0%,0₽,4.8,17,ТЕНТ ЭКСПЕРТ,本土卖家,FBS,20000.0 g,"2026-06-29
2 个月"
376,#VALUE!,https://ir.ozone.ru/s3/multimedia-1-b/wc300/12664855883.jpg,"QUANHAO Чехол на автомобиль 500x190x150, Оксфорд, 1 шт.",https://www.ozon.ru/product/5041729784,5041729784,QUANHAO,"汽车罩
Чехол на автомобиль",跨境卖家可售,2532₽,12,30335₽,200%,141%,51%,3088,233,749,4.93%,0.0%,56.31%,100.0%,0.36%,29.7%,0.0%,9.1%,0₽,4.6,12,Мир Автоаксессуаров,跨境卖家,FBP,2800.0 g,"2026-07-12
2 个月"
377,#VALUE!,https://ir.ozone.ru/s3/multimedia-1-4/wc300/12355321324.jpg,Тент на а/м ЛуАЗ 969 М Хаки,https://www.ozon.ru/product/5014184032,5014184032,,"汽车罩
Чехол на автомобиль",跨境卖家可售,14086₽,12,166729₽,10%,8%,19.8%,5914,2507,767,3.65%,0.35%,3.66%,26.58%,0.19%,39.3%,0.0%,18.2%,33535₽,4.6,18,Тент Эксперт,本土卖家,FBS,6300.0 g,"2026-07-09
2 个月"
378,#VALUE!,https://ir.ozone.ru/s3/multimedia-1-t/wc300/14765290301.jpg,"Тент чехол на машину автомобильный, от солнца дождя и снега",https://www.ozon.ru/product/5721127922,5721127922,,"汽车罩
Чехол на автомобиль",跨境卖家可售,1780₽,12,21360₽,100%,100%,14.8%,10654,7716,475,5.68%,0.09%,0.0%,0.0%,0.11%,44.4%,29.08%,8.4%,0₽,,1,Магазин 5796470,本土卖家,FBS,1750.0 g,"2026-09-07
< 1 个月"
379,#VALUE!,https://ir.ozone.ru/s3/multimedia-1-g/wc300/14360056108.jpg,"Чехол на автомобиль TOZAROA чехол на автомобиль Lada 2110, Iskra Sedan, Богдан, Премьер 1995-2026, размер 3M, универсальный тент для машины на осень и",https://www.ozon.ru/product/5612305312,5612305312,,"汽车罩
Чехол на автомобиль",跨境卖家可售,1488₽,12,17856₽,100%,100%,55%,2346,811,412,11.89%,0.49%,0.0%,0.0%,0.51%,24.5%,0.0%,8.4%,0₽,,,Tozaroa cover,跨境卖家,RFBS,1000.0 g,"2026-08-26
< 1 个月"
380,#VALUE!,https://ir.ozone.ru/s3/multimedia-1-w/wc300/10175290448.jpg,Тент УАЗ 469 / 3151 черный сверхплотный,https://www.ozon.ru/product/1849867615,1849867615,,"汽车罩
Чехол на автомобиль",跨境卖家可售,7570₽,12,85546₽,140%,175%,19.3%,639,176,97,6.18%,1.7%,0.0%,0.0%,1.1%,116.7%,0.0%,14.3%,565559₽,4.9,29,Uaz Upgrade,本土卖家,FBS,8380.0 g,"2025-01-28
1 年 8 个月"
381,#VALUE!,https://ir.ozone.ru/s3/multimedia-1-o/wc300/13474794552.jpg,"Чехол на автомобиль 500x200x190, Оксфорд 210D, Хлопок, 1 шт.",https://www.ozon.ru/product/2835142243,2835142243,,"汽车罩
Чехол на автомобиль",跨境卖家可售,6762₽,12,81900₽,300%,314%,50%,5159,404,1004,6.87%,0.0%,58.17%,100.0%,0.23%,17.4%,0.0%,25.0%,0₽,4.9,56,МЕЧТА 7,跨境卖家,RFBS,5000.0 g,"2025-09-10
1 年"
382,#VALUE!,https://ir.ozone.ru/s3/multimedia-1-d/wc300/11567514901.jpg,"Чехол на автомобиль 500x200x190cm, Подходит для внедорожников и минивэнов, Оксфорд, Хлопок, 1 шт.",https://www.ozon.ru/product/2923555941,2923555941,,"汽车罩
Чехол на автомобиль",跨境卖家可售,4115₽,12,49426₽,1100%,1212%,50%,8436,274,612,8.82%,0.36%,26.31%,100.0%,0.13%,20.4%,0.0%,18.2%,0₽,4.7,305,You lian da,跨境卖家,RFBS,4500.0 g,"2025-10-01
11 个月"
383,#VALUE!,https://ir-20.ozone.ru/s3/multimedia-1-k/wc300/8946842276.jpg,"Чехол на автомобиль 480x175x120, PEVA, 1 шт.",https://www.ozon.ru/product/3467649669,3467649669,,"汽车罩
Чехол на автомобиль",跨境卖家可售,1193₽,12,13460₽,34%,29%,55%,31293,1655,2108,8.2%,0.24%,0.0%,0.0%,0.04%,6.4%,10.5%,18.2%,0₽,4.6,104,Уютный Уголок,跨境卖家,RFBS,1600.0 g,"2026-01-29
7 个月"
384,#VALUE!,https://ir.ozone.ru/s3/multimedia-1-c/wc300/9138160668.jpg,"Чехол на автомобиль УАЗ Patriot зимний,защитный/высокопрочный，Сгущаться двухслойный с мягкой подкладкой, от царапин и плесени, Оксфорд 210D, 1 шт.",https://www.ozon.ru/product/4240923041,4240923041,,"汽车罩
Чехол на автомобиль",跨境卖家可售,2654₽,12,31614₽,500%,484%,50%,5279,1635,312,10.89%,0.12%,0.0%,0.0%,0.23%,35.3%,19.16%,8.4%,0₽,4.8,5,xiaoxiaodedian,跨境卖家,RFBS,2700.0 g,"2026-05-09
4 个月"
385,#VALUE!,https://ir-20.ozone.ru/s3/multimedia-1-t/wc300/7992344117.jpg,60 см Синий чехол на светодиодную балку,https://www.ozon.ru/product/3562739201,3562739201,,"汽车罩
Чехол на автомобиль",跨境卖家可售,414₽,12,5359₽,34%,26%,-0.3%,3341,909,325,5.23%,0.22%,39.25%,100.0%,0.33%,64.7%,0.0%,27.3%,2769₽,4.9,256,Стеванс Маркет,本土卖家,FBO,75.0 g,"2026-02-27
6 个月"
386,#VALUE!,https://ir.ozone.ru/s3/multimedia-1-i/wc300/9872138682.jpg,"Чехол на автомобиль 433×180×161, Брезент, Хлопок, 1 шт.",https://www.ozon.ru/product/3987380031,3987380031,,"汽车罩
Чехол на автомобиль",跨境卖家可售,4931₽,12,59902₽,0%,5%,50%,17281,10696,925,7.56%,0.15%,35.0%,100.0%,0.07%,17.1%,10.91%,8.4%,0₽,4.9,16,NFD Shop,跨境卖家,RFBS,5500.0 g,"2026-04-17
5 个月"
387,#VALUE!,https://ir.ozone.ru/s3/multimedia-1-m/wc300/11998414858.jpg,"Чехол на автомобиль Mitsubishi Outlander, 1 шт.",https://www.ozon.ru/product/5134587053,5134587053,,"汽车罩
Чехол на автомобиль",跨境卖家可售,1379₽,12,16268₽,1100%,1165%,55%,2367,1194,443,7.22%,0.33%,50.0%,100.0%,0.51%,37.5%,30.6%,16.7%,0₽,,,МирТоваров,跨境卖家,RFBS,1500.0 g,"2026-07-19
2 个月"
388,#VALUE!,https://ir.ozone.ru/s3/multimedia-1-w/wc300/12542003312.jpg,"Чехол на автомобиль UAZ Hunter, 1 шт.",https://www.ozon.ru/product/5069383941,5069383941,,"汽车罩
Чехол на автомобиль",跨境卖家可售,2477₽,12,30060₽,500%,491%,50%,4347,3098,362,7.45%,0.35%,49.68%,100.0%,0.28%,44.4%,26.03%,16.7%,0₽,,,vstar,跨境卖家,RFBS,1000.0 g,"2026-07-14
2 个月"
389,#VALUE!,https://ir.ozone.ru/s3/multimedia-1-f/wc300/9720651579.jpg,"Чехол на автомобиль, 1 шт.",https://www.ozon.ru/product/3164341167,3164341167,,"汽车罩
Чехол на автомобиль",跨境卖家可售,417₽,12,4806₽,100%,106%,53.4%,4158,268,273,12.08%,0.37%,0.0%,0.0%,0.29%,36.4%,1.81%,0.0%,0₽,4.8,41,appo31int,跨境卖家,RFBS,470.0 g,"2025-11-27
10 个月"
390,#VALUE!,https://ir.ozone.ru/s3/multimedia-1-e/wc300/8683435238.jpg,"XICBOOM Чехол на автомобиль Lada 4x4(внедорожников), Оксфорд 210D, 1 шт.",https://www.ozon.ru/product/3318092098,3318092098,XICBOOM,"汽车罩
Чехол на автомобиль",跨境卖家可售,3050₽,11,34735₽,-43%,-41%,51%,24322,4670,1416,7.62%,0.27%,58.3%,100.0%,0.04%,8.3%,5.2%,11.2%,0₽,4.8,60,Tengxi auto supplies franchise store,跨境卖家,FBP,1550.0 g,"2026-01-02
8 个月"
391,#VALUE!,https://ir.ozone.ru/s3/multimedia-1-t/wc300/7224490829.jpg,"XICBOOM Чехол на автомобиль BMW x3, Оксфорд 210D, 1 шт.",https://www.ozon.ru/product/1781904844,1781904844,XICBOOM,"汽车罩
Чехол на автомобиль",跨境卖家可售,3050₽,11,37685₽,175%,197%,51%,10012,4920,353,7.36%,0.12%,46.83%,100.0%,0.11%,42.3%,9.31%,9.1%,0₽,4.9,26,Tengxi auto supplies franchise store,跨境卖家,FBP,1700.0 g,"2024-12-10
1 年 9 个月"
392,#VALUE!,https://ir.ozone.ru/s3/multimedia-1-n/wc300/10952062871.jpg,"JijivishaТент-Чехол для автомобиля,тент для машины универсальный,400х160х120 CM",https://www.ozon.ru/product/1633779844,1633779844,Jijivisha,"汽车罩
Чехол на автомобиль",跨境卖家可售,1112₽,11,12894₽,1000%,535%,10.8%,7061,2856,639,8.29%,0.42%,0.0%,0.0%,0.16%,20.8%,0.0%,27.3%,0₽,4.3,4426,Jijivisha Top,本土卖家,FBO,1100.0 g,"2024-07-20
2 年 2 个月"
393,#VALUE!,https://ir.ozone.ru/s3/multimedia-1-y/wc300/7433276146.jpg,"Накидка защитная магнитная на крыло автомобиля 1050х630мм, в чехле",https://www.ozon.ru/product/1952588516,1952588516,Forsage,"汽车罩
Чехол на автомобиль",跨境卖家可售,639₽,11,7382₽,267%,81%,6.5%,6305,748,374,9.09%,0.26%,0.0%,0.0%,0.17%,32.4%,0.0%,0.0%,0₽,4.8,406,FORSAGE OFFICIAL STORE,本土卖家,FBS,233.0 g,"2025-03-19
1 年 6 个月"
394,#VALUE!,https://ir.ozone.ru/s3/multimedia-1-s/wc300/7570510264.jpg,Тент чехол для автомобиля универсальный защитный от дождя и снега L (520х192х120см) летний камуфляж ADCT010,https://www.ozon.ru/product/1974295218,1974295218,Airline,"汽车罩
Чехол на автомобиль",跨境卖家可售,3423₽,11,40060₽,450%,370%,18.4%,5447,1730,453,6.18%,0.05%,0.0%,0.0%,0.2%,39.3%,1.43%,18.2%,0₽,4.8,481,CARVILLESHOP,本土卖家,FBS,1496.0 g,"2025-03-26
1 年 6 个月"
395,#VALUE!,https://ir.ozone.ru/s3/multimedia-1-g/wc300/11852855584.jpg,"Чехол на автомобиль Kia Rio III(2011-2015)/Киа Рио,Седан,защищает от дождя,пыли и снега,подходит для всех сезонов,высокоплотная,материал авиационного стандарта, Оксфорд 210D, 1 шт.",https://www.ozon.ru/product/4846471884,4846471884,,"汽车罩
Чехол на автомобиль",跨境卖家可售,1958₽,11,20157₽,100%,100%,50%,7732,2571,625,9.44%,0.42%,54.64%,100.0%,0.14%,18.6%,24.95%,0.0%,0₽,5.0,8,xingyao-11,跨境卖家,RFBS,1500.0 g,"2026-06-25
3 个月"
396,#VALUE!,https://ir.ozone.ru/s3/multimedia-1-p/wc300/7533313117.jpg,"Чехол на автомобиль 480x190x180, Велюр искусственный, Оксфорд, 1 шт.",https://www.ozon.ru/product/2121317214,2121317214,,"汽车罩
Чехол на автомобиль",跨境卖家可售,4965₽,11,54749₽,175%,178%,50%,41294,2285,2054,7.25%,0.04%,35.38%,100.0%,0.02%,6.0%,32.77%,11.2%,0₽,4.7,1084,Бутик Yaskawa,跨境卖家,RFBS,4950.0 g,"2025-05-11
1 年 4 个月"
397,#VALUE!,https://ir.ozone.ru/s3/multimedia-1-t/wc300/7992344117.jpg,111 см Синий чехол на светодиодную балку,https://www.ozon.ru/product/3562738514,3562738514,,"汽车罩
Чехол на автомобиль",跨境卖家可售,644₽,11,7794₽,267%,289%,7.7%,1823,872,267,8.61%,0.57%,35.11%,100.0%,0.6%,47.8%,0.0%,27.3%,4692₽,4.9,256,Стеванс Маркет,本土卖家,FBO,75.0 g,"2026-02-27
6 个月"
398,#VALUE!,https://ir.ozone.ru/s3/multimedia-1-3/wc300/8036155371.jpg,"Чехол на автомобиль, Оксфорд",https://www.ozon.ru/product/2886536044,2886536044,,"汽车罩
Чехол на автомобиль",跨境卖家可售,2841₽,11,31251₽,1000%,1036%,50%,10224,1951,648,9.87%,0.2%,50.0%,100.0%,0.1%,15.6%,25.22%,0.0%,0₽,4.6,22,Победный магазин,跨境卖家,RFBS,4500.0 g,"2025-09-23
1 年"
399,#VALUE!,https://ir.ozone.ru/s3/multimedia-1-p/wc300/13859592613.jpg,"Чехол на автомобиль 430x180x150, Оксфорд 210D, Хлопок, 1 шт.",https://www.ozon.ru/product/2936399590,2936399590,,"汽车罩
Чехол на автомобиль",跨境卖家可售,6780₽,11,76263₽,1000%,1028%,50%,9471,2662,1440,5.0%,0.03%,58.24%,100.0%,0.12%,15.3%,3.09%,0.0%,0₽,4.9,56,МЕЧТА 7,跨境卖家,RFBS,6000.0 g,"2025-10-06
11 个月"
400,#VALUE!,https://ir.ozone.ru/s3/multimedia-1-c/wc300/8343443856.jpg,"Чехол на автомобиль 500x200x190cm, Подходит для внедорожников и минивэнов, Оксфорд, Хлопок, 1 шт.",https://www.ozon.ru/product/3116720940,3116720940,,"汽车罩
Чехол на автомобиль",跨境卖家可售,4856₽,11,50040₽,267%,311%,51%,13345,1574,697,6.88%,0.12%,0.0%,0.0%,0.06%,16.7%,46.69%,12.5%,0₽,5.0,9,HUANGKONGFEN,跨境卖家,FBP,4500.0 g,"2025-11-17
10 个月"
401,#VALUE!,https://ir.ozone.ru/s3/multimedia-1-d/wc300/8474889757.jpg,"Чехол на автомобиль 430x180x150, Подходит для хэтчбеков, Оксфорд, Хлопок, 1 шт.",https://www.ozon.ru/product/3200644000,3200644000,,"汽车罩
Чехол на автомобиль",跨境卖家可售,4622₽,11,45450₽,450%,522%,51%,2685,50,717,5.43%,0.0%,0.0%,0.0%,0.34%,23.1%,0.0%,0.0%,0₽,5.0,20,Polar Bear Car Boutique,跨境卖家,FBP,4500.0 g,"2025-12-05
9 个月"
402,#VALUE!,https://ir.ozone.ru/s3/multimedia-1-r/wc300/8851306311.jpg,"Aradela Чехол на автомобиль 430x180x160, Оксфорд, Велюр искусственный, 1 шт.",https://www.ozon.ru/product/3415105370,3415105370,Aradela,"汽车罩
Чехол на автомобиль",跨境卖家可售,6222₽,11,68763₽,267%,297%,50%,3451,50,236,14.4%,2.0%,43.9%,100.0%,0.32%,32.4%,0.0%,0.0%,0₽,4.7,720,Aradela Car Parts & Accessories,跨境卖家,RFBS,6000.0 g,"2026-01-20
8 个月"
403,#VALUE!,https://ir-20.ozone.ru/s3/multimedia-1-k/wc300/10125683732.jpg,"Тент чехол на машину для внедорожника PSV с подкладкой и молнией, премиум 3-х слойный, размер M (465x180x168), серебристый, водонепроницаемый",https://www.ozon.ru/product/4072327350,4072327350,PSV,"汽车罩
Чехол на автомобиль",跨境卖家可售,4882₽,11,51063₽,-45%,-54%,16.8%,55411,18420,1346,6.31%,0.05%,52.08%,100.0%,0.02%,12.9%,17.55%,18.2%,0₽,4.6,22,PSV - Автоаксессуары,本土卖家,FBS,6100.0 g,"2026-04-24
5 个月"
404,#VALUE!,https://ir.ozone.ru/s3/multimedia-1-f/wc300/9891435291.jpg,"Чехол на автомобиль, Алькантара, 1 шт.",https://www.ozon.ru/product/4519864030,4519864030,,"汽车罩
Чехол на автомобиль",跨境卖家可售,1167₽,11,10773₽,84%,85%,55%,9680,2230,544,7.53%,0.22%,20.49%,77.7%,0.11%,26.8%,20.16%,9.1%,0₽,4.5,8,GJGJ,跨境卖家,RFBS,432.0 g,"2026-05-31
3 个月"
405,#VALUE!,https://ir.ozone.ru/s3/multimedia-1-j/wc300/11586065887.jpg,"Чехол на автомобиль Lada 2107/Лада 2107,Седан,защищает от дождя,пыли и снега,подходит для всех сезонов,высокоплотная,материал авиационного стандарта, Оксфорд 210D, 1 шт.",https://www.ozon.ru/product/4737133540,4737133540,,"汽车罩
Чехол на автомобиль",跨境卖家可售,2386₽,11,25586₽,450%,514%,50%,9561,5135,526,13.49%,0.33%,27.5%,100.0%,0.12%,15.5%,39.47%,18.2%,0₽,5.0,1,BBBBDAN,跨境卖家,RFBS,1350.0 g,"2026-06-15
3 个月"
406,#VALUE!,https://ir.ozone.ru/s3/multimedia-1-d/wc300/12142008517.jpg,"Чехол на автомобиль, Оксфорд, 1 шт.",https://www.ozon.ru/product/4944355326,4944355326,,"汽车罩
Чехол на автомобиль",跨境卖家可售,1604₽,11,20589₽,84%,81%,50%,3488,1339,308,9.09%,0.29%,50.96%,100.0%,0.32%,39.3%,8.3%,54.6%,0₽,3.7,3,WHSYD,跨境卖家,RFBS,1532.0 g,"2026-07-03
2 个月"
407,#VALUE!,https://ir.ozone.ru/s3/multimedia-1-5/wc300/13274382461.jpg,"Чехол на автомобиль Лада Калина универсал  S74Q, Мембранные материалы, 1 шт.",https://www.ozon.ru/product/5292194948,5292194948,,"汽车罩
Чехол на автомобиль",跨境卖家可售,1924₽,11,20774₽,1000%,1025%,50%,10179,4464,762,11.94%,0.38%,50.0%,100.0%,0.11%,12.1%,31.33%,18.2%,0₽,5.0,1,Китайско-российская дружба,跨境卖家,RFBS,1900.0 g,"2026-07-31
1 个月"
408,#VALUE!,https://ir.ozone.ru/s3/multimedia-1-r/wc300/14768178147.jpg,Чехол на автомобиль всесезонный двухцветный 210D OXFORD тройная фиксация для SUV кроссовер YL+ 5000x1900x1850 мм,https://www.ozon.ru/product/5721942766,5721942766,,"汽车罩
Чехол на автомобиль",跨境卖家可售,2510₽,11,27610₽,100%,100%,16.9%,9720,5253,3047,3.61%,0.13%,0.0%,0.0%,0.11%,10.0%,30.85%,0.0%,0₽,,302,TrendWay,本土卖家,FBO,1850.0 g,"2026-09-07
< 1 个月"
409,#VALUE!,https://ir-20.ozone.ru/s3/multimedia-a/wc300/6895097038.jpg,"XICBOOM Чехол на автомобиль Haval Jolion, Мембранные материалы, Нетканое полотно, 1 шт.",https://www.ozon.ru/product/1390786303,1390786303,XICBOOM,"汽车罩
Чехол на автомобиль",跨境卖家可售,4502₽,11,49762₽,23%,21%,50%,13422,2323,415,8.67%,0.08%,51.56%,100.0%,0.06%,22.2%,3.13%,0.0%,0₽,5.0,107,Tengxi auto supplies franchise store,跨境卖家,RFBS,3500.0 g,"2024-01-17
2 年 8 个月"
410,#VALUE!,https://ir.ozone.ru/s3/multimedia-1-5/wc300/11740824401.jpg,"Тент автомобильный зимний утеплённый ""Наташа"" . Тент чехол зимний 4.4*1.7*1.6",https://www.ozon.ru/product/2448898369,2448898369,Oumanni,"汽车罩
Чехол на автомобиль",跨境卖家可售,12254₽,11,132482₽,38%,32%,19.8%,11228,4297,1443,4.29%,0.18%,0.0%,0.0%,0.1%,17.7%,0.0%,0.0%,0₽,4.9,27,АВТОДОМ,本土卖家,FBS,6000.0 g,"2025-07-11
1 年 2 个月"
411,#VALUE!,https://ir.ozone.ru/s3/multimedia-1-n/wc300/11839723727.jpg,"Чехол на автомобиль 530*255, Полиэстер, 1 шт.",https://www.ozon.ru/product/4842681463,4842681463,,"汽车罩
Чехол на автомобиль",跨境卖家可售,2143₽,11,22547₽,84%,97%,50%,49514,4851,3092,11.9%,0.59%,50.13%,100.0%,0.02%,3.0%,20.41%,9.1%,0₽,5.0,1,vstar,跨境卖家,RFBS,1100.0 g,"2026-06-24
3 个月"
412,#VALUE!,https://ir.ozone.ru/s3/multimedia-1-t/wc300/7538452373.jpg,"Накидка защитная магнитная на крыло автомобиля 590х790мм, в чехле ROCKFORCE",https://www.ozon.ru/product/2138293951,2138293951,ROCKFORCE,"汽车罩
Чехол на автомобиль",跨境卖家可售,928₽,11,11308₽,1000%,1102%,12.2%,1908,512,77,6.49%,0.19%,0.0%,0.0%,0.58%,220.0%,3.78%,0.0%,0₽,4.8,81,"Торговый дом ""Абсолют""",本土卖家,FBS,198.0 g,"2025-05-15
1 年 4 个月"
413,#VALUE!,https://ir.ozone.ru/s3/multimedia-1-b/wc300/8851306511.jpg,"Aradela Чехол на автомобиль 410x180x168, Оксфорд, Велюр искусственный, 1 шт.",https://www.ozon.ru/product/3415105257,3415105257,Aradela,"汽车罩
Чехол на автомобиль",跨境卖家可售,6659₽,11,73620₽,84%,96%,50%,5286,28,1263,4.11%,0.0%,46.41%,100.0%,0.19%,19.2%,0.0%,0.0%,0₽,4.7,720,Aradela Car Parts & Accessories,跨境卖家,RFBS,7000.0 g,"2026-01-20
8 个月"
414,#VALUE!,https://ir.ozone.ru/s3/multimedia-1-b/wc300/7509544319.jpg,"Чехол на автомобиль, Мембранные материалы, Ткань, 1 шт.",https://www.ozon.ru/product/3302545337,3302545337,,"汽车罩
Чехол на автомобиль",跨境卖家可售,1439₽,11,15319₽,267%,301%,54.9%,10910,1369,585,7.69%,0.21%,18.4%,100.0%,0.08%,20.0%,22.57%,22.3%,0₽,4.1,6,Продукция Yunchuang,跨境卖家,RFBS,1600.0 g,"2025-12-29
8 个月"
415,#VALUE!,https://ir.ozone.ru/s3/multimedia-1-y/wc300/8992724722.jpg,"Чехол на автомобиль, ПВХ (поливинилхлорид), 1 шт.",https://www.ozon.ru/product/3498049553,3498049553,,"汽车罩
Чехол на автомобиль",跨境卖家可售,362₽,11,4180₽,267%,264%,-5.4%,1095,757,60,26.66%,0.13%,10.05%,100.0%,0.91%,62.5%,0.0%,60.0%,328₽,4.3,41,В автосервис,本土卖家,FBS,216.0 g,"2026-02-04
7 个月"
416,#VALUE!,https://ir-20.ozone.ru/s3/multimedia-1-9/wc300/9725281425.jpg,"Чехол на автомобиль 530x200x130, Полиэстер, 1 шт.",https://www.ozon.ru/product/3899315855,3899315855,,"汽车罩
Чехол на автомобиль",跨境卖家可售,6238₽,11,22726₽,-32%,-24%,50%,1283,171,137,10.94%,1.16%,53.3%,100.0%,0.86%,73.3%,0.0%,36.4%,0₽,3.9,,Fyhj,跨境卖家,RFBS,1420.0 g,"2026-04-10
5 个月"
417,#VALUE!,https://ir.ozone.ru/s3/multimedia-1-7/wc300/9345965263.jpg,"Чехол на автомобиль Lada 2109 защищающий от снега, Сгущаться двухслойный с мягкой подкладкой, устойчивый к царапинам, полное покрытие автомобиля, Оксфорд 210D, 1 шт.",https://www.ozon.ru/product/3955257793,3955257793,,"汽车罩
Чехол на автомобиль",跨境卖家可售,2684₽,11,30940₽,1000%,937%,51%,7378,2361,374,9.89%,0.04%,0.0%,0.0%,0.14%,27.0%,22.56%,0.0%,0₽,4.8,15,ramon,跨境卖家,FBP,2686.0 g,"2026-04-15
5 个月"
418,#VALUE!,https://ir.ozone.ru/s3/multimedia-1-3/wc300/12360165591.jpg,"Тент-чехол на автомобиль Хендэ Гетц I Рестайлинг (2005-2011), Размер 415*175*155 см, DP-TC-2M, Водонепроницаемый чехол на Hyundai Getz, защита от солнца, дождя, снега, грязи",https://www.ozon.ru/product/5048845557,5048845557,AUTOPILOT,"汽车罩
Чехол на автомобиль",跨境卖家可售,3420₽,11,39630₽,267%,233%,19.1%,1960,918,128,16.4%,0.21%,0.0%,0.0%,0.56%,52.4%,0.45%,18.2%,0₽,3.6,3,ЗащитныеНакидки,本土卖家,FBS,1200.0 g,"2026-07-13
2 个月"
419,#VALUE!,https://ir.ozone.ru/s3/multimedia-1-r/wc300/13871909043.jpg,"Чехол на автомобиль Cумкой для хранения, Чехол на автомобиль, тент для автомобиля, для Lada 2115 1997-2012, Оксфорд 210D, 1 шт.",https://www.ozon.ru/product/5469117959,5469117959,,"汽车罩
Чехол на автомобиль",跨境卖家可售,1746₽,11,17431₽,1000%,1157%,50%,5432,3557,508,12.0%,0.3%,0.0%,0.0%,0.18%,16.4%,11.96%,20.0%,0₽,,,HANCHUANBAIHUO,跨境卖家,RFBS,1350.0 g,"2026-08-14
1 个月"
420,#VALUE!,https://ir.ozone.ru/s3/multimedia-1-t/wc300/14425720841.jpg,"GPCar Чехол на автомобиль 450x175x150, Taffeta, Оксфорд, 1 шт.",https://www.ozon.ru/product/5386428961,5386428961,GPCar,"汽车罩
Чехол на автомобиль",跨境卖家可售,3430₽,11,37740₽,1000%,1366%,18.7%,7571,5154,576,10.59%,0.15%,0.0%,0.0%,0.15%,18.0%,4.09%,9.1%,0₽,5.0,5,Джипикар,本土卖家,FBS,900.0 g,"2026-08-07
1 个月"
421,#VALUE!,https://ir.ozone.ru/s3/multimedia-1-h/wc300/13948044137.jpg,"Чехол на автомобиль TOZAROA чехол-тент на автомобиль Lada Kalina (Лада Калина) 2004–2013, хэтчбек 5-дверный,защита от дождя, снега, солнца и пыли, для улицы, парковки и гаража, PEVA, 1 шт.",https://www.ozon.ru/product/5490426353,5490426353,,"汽车罩
Чехол на автомобиль",跨境卖家可售,2109₽,11,23199₽,100%,100%,50%,2262,979,388,9.53%,0.61%,0.0%,0.0%,0.49%,29.7%,0.0%,18.2%,0₽,,,Tozaroa cover,跨境卖家,RFBS,1001.0 g,"2026-08-16
1 个月"
422,#VALUE!,https://ir-20.ozone.ru/s3/multimedia-1-9/wc300/7831102221.jpg,"Тент чехол на автомобиль для седана и хетчбека PSV с молнией на водительской двери, размер L",https://www.ozon.ru/product/358708328,358708328,PSV,"汽车罩
Чехол на автомобиль",跨境卖家可售,2094₽,10,23793₽,-59%,-61%,16%,47435,6692,1272,5.58%,0.04%,54.64%,100.0%,0.02%,14.1%,29.57%,10.0%,0₽,4.7,2238,PSV - Автоаксессуары,本土卖家,FBO,2120.0 g,"2021-10-21
4 年 11 个月"
423,#VALUE!,https://ir.ozone.ru/s3/multimedia-1-z/wc300/8240187779.jpg,"Чехол на автомобиль 460x185x170, Подходит для внедорожник, Оксфорд 210D, Хлопок, 1 шт.",https://www.ozon.ru/product/3041892576,3041892576,,"汽车罩
Чехол на автомобиль",跨境卖家可售,3683₽,10,38313₽,234%,221%,51%,14175,1540,1122,9.0%,0.25%,0.0%,0.0%,0.07%,9.9%,14.13%,0.0%,0₽,4.5,21,Огромное богатство,跨境卖家,FBP,4500.0 g,"2025-10-30
10 个月"
424,#VALUE!,https://ir.ozone.ru/s3/multimedia-1-6/wc300/7221496434.jpg,"XICBOOM Чехол на автомобиль BMW 6 серия, Оксфорд 210D, 1 шт.",https://www.ozon.ru/product/1778787678,1778787678,XICBOOM,"汽车罩
Чехол на автомобиль",跨境卖家可售,2978₽,10,32152₽,100%,100%,51%,7966,4687,466,6.0%,0.17%,49.38%,100.0%,0.13%,35.7%,15.55%,20.0%,0₽,4.8,510,Tengxi auto supplies franchise store,跨境卖家,FBP,1600.0 g,"2024-12-07
1 年 9 个月"
425,#VALUE!,https://ir.ozone.ru/s3/multimedia-1-t/wc300/13424018357.jpg,"Чехол на автомобиль 378x168x164, Оксфорд, 1 шт.",https://www.ozon.ru/product/5335684942,5335684942,,"汽车罩
Чехол на автомобиль",跨境卖家可售,5673₽,10,56730₽,100%,100%,50%,2523,1205,320,8.43%,0.24%,50.0%,100.0%,0.4%,37.0%,1.45%,10.0%,0₽,,,ПремиумТоварСервис,跨境卖家,RFBS,2300.0 g,"2026-08-04
1 个月"
426,#VALUE!,https://ir.ozone.ru/s3/multimedia-1-3/wc300/7513911687.jpg,"XICBOOM Чехол на автомобиль BMW x5, Оксфорд 210D, 1 шт.",https://www.ozon.ru/product/1894703146,1894703146,XICBOOM,"汽车罩
Чехол на автомобиль",跨境卖家可售,2978₽,10,32084₽,234%,261%,51%,17200,7945,680,6.47%,0.15%,50.14%,100.0%,0.06%,22.7%,24.93%,0.0%,0₽,4.9,711,Tengxi auto supplies franchise store,跨境卖家,FBP,1750.0 g,"2025-02-23
1 年 7 个月"
427,#VALUE!,https://ir.ozone.ru/s3/multimedia-1-e/wc300/13407896174.jpg,"Чехол на автомобиль Авточехол-тент TOZAROA для хэтчбека и универсала, размер 2S, 3600×1900×1500 мм, водонепроницаемый от снега, дождя, солнца и пыли, подходит для Daewoo Matiz, Honda Civic, Toyota Yaris, PEVA, 1 шт.",https://www.ozon.ru/product/5330784642,5330784642,,"汽车罩
Чехол на автомобиль",跨境卖家可售,1439₽,10,13608₽,400%,401%,54.9%,4955,2119,741,5.26%,0.42%,3.76%,100.0%,0.18%,23.1%,12.72%,0.0%,0₽,5.0,7,Tozaroa cover,跨境卖家,RFBS,1000.0 g,"2026-08-03
1 个月"
428,#VALUE!,https://ir.ozone.ru/s3/multimedia-1-y/wc300/13344508834.jpg,"Чехол на автомобиль 410×180×169, Искусственные материалы, Оксфорд, 1 шт.",https://www.ozon.ru/product/5312400898,5312400898,,"汽车罩
Чехол на автомобиль",跨境卖家可售,3225₽,10,32152₽,234%,222%,50%,3134,1616,442,5.65%,0.18%,28.94%,27.23%,0.29%,36.0%,15.37%,33.4%,0₽,,,Sundancui Trading Firm,跨境卖家,RFBS,4000.0 g,"2026-08-02
1 个月"
429,#VALUE!,https://ir.ozone.ru/s3/multimedia-8/wc300/6766596296.jpg,"Чехол на автомобиль Toyota Camry  L25K, Мембранные материалы, Ткань, 1 шт.",https://www.ozon.ru/product/2013938882,2013938882,,"汽车罩
Чехол на автомобиль",跨境卖家可售,1569₽,10,17050₽,150%,159%,51%,5271,734,347,7.49%,0.4%,2.82%,100.0%,0.19%,38.5%,0.0%,0.0%,0₽,4.2,109,Льготный,跨境卖家,FBP,3217.0 g,"2025-04-09
1 年 5 个月"
430,#VALUE!,https://ir.ozone.ru/s3/multimedia-1-2/wc300/7739449922.jpg,Тент - чехол для автомобиля от солнца и пыли,https://www.ozon.ru/product/2294023782,2294023782,AUTOTENT,"汽车罩
Чехол на автомобиль",跨境卖家可售,748₽,10,8173₽,900%,344%,-9.3%,4852,861,407,6.87%,0.58%,73.04%,100.0%,0.21%,35.7%,0.0%,20.0%,1004₽,4.8,40,ELITPLIT,本土卖家,FBO,5100.0 g,"2025-06-14
1 年 3 个月"
431,#VALUE!,https://ir.ozone.ru/s3/multimedia-1-d/wc300/7533313141.jpg,"Чехол на автомобиль 480x190x180, Велюр искусственный, Оксфорд, 1 шт.",https://www.ozon.ru/product/2121317158,2121317158,,"汽车罩
Чехол на автомобиль",跨境卖家可售,4965₽,10,49853₽,-59%,-56%,50%,35431,4429,1853,6.09%,0.09%,35.38%,100.0%,0.04%,11.5%,11.25%,7.7%,0₽,4.7,1084,Бутик Yaskawa,跨境卖家,RFBS,4950.0 g,"2025-05-11
1 年 4 个月"
432,#VALUE!,https://ir.ozone.ru/s3/multimedia-1-y/wc300/8086250086.jpg,"Чехол на автомобиль 460x185x170, Подходит для SUV, Оксфорд, Хлопок, 1 шт.",https://www.ozon.ru/product/2923557730,2923557730,,"汽车罩
Чехол на автомобиль",跨境卖家可售,4111₽,10,41598₽,12%,14%,50%,9222,90,987,8.81%,0.0%,24.97%,100.0%,0.09%,9.2%,0.0%,12.5%,0₽,4.7,305,You lian da,跨境卖家,RFBS,4500.0 g,"2025-10-01
11 个月"
433,#VALUE!,https://ir.ozone.ru/s3/multimedia-1-j/wc300/10198946899.jpg,"Чехол на автомобиль Lada Vesta SW Cross двухслойный с мягкой подкладкой，Всесезонный，защитный/высокопрочный，защита от солнца  и дождя и пыли и града и снега ，Молния на двери, Оксфорд, 1 шт.",https://www.ozon.ru/product/2819663648,2819663648,,"汽车罩
Чехол на автомобиль",跨境卖家可售,3319₽,10,30642₽,100%,100%,50%,6578,605,453,10.81%,0.16%,55.5%,100.0%,0.15%,20.4%,0.0%,20.0%,0₽,4.8,184,Магазин качественных автозапчастей,跨境卖家,RFBS,2602.0 g,"2025-09-07
1 年"
434,#VALUE!,https://ir.ozone.ru/s3/multimedia-1-p/wc300/13859594125.jpg,"Чехол на автомобиль 500x190x150, Оксфорд 210D, Хлопок, 1 шт.",https://www.ozon.ru/product/2936399620,2936399620,,"汽车罩
Чехол на автомобиль",跨境卖家可售,6780₽,10,68250₽,900%,960%,50%,4125,445,1467,5.18%,0.0%,58.32%,100.0%,0.24%,13.2%,0.22%,10.0%,0₽,4.9,56,МЕЧТА 7,跨境卖家,RFBS,7000.0 g,"2025-10-06
11 个月"
435,#VALUE!,https://ir.ozone.ru/s3/multimedia-1-v/wc300/8249949571.jpg,"Чехол на автомобиль 500x200x190, Хлопок, Оксфорд 210D, 1 шт.",https://www.ozon.ru/product/2927074212,2927074212,,"汽车罩
Чехол на автомобиль",跨境卖家可售,6882₽,10,69089₽,400%,425%,50%,10253,4426,933,7.28%,0.09%,57.66%,100.0%,0.1%,14.7%,2.54%,0.0%,0₽,4.8,310,DMPL,跨境卖家,RFBS,8000.0 g,"2025-10-02
11 个月"
436,#VALUE!,https://ir.ozone.ru/s3/multimedia-1-s/wc300/13859594776.jpg,"Чехол на автомобиль 450x185x150, Оксфорд 210D, Хлопок, 1 шт.",https://www.ozon.ru/product/2936399692,2936399692,,"汽车罩
Чехол на автомобиль",跨境卖家可售,6780₽,10,68250₽,400%,420%,50%,5095,725,1011,6.52%,0.0%,58.28%,100.0%,0.2%,15.2%,1.45%,0.0%,0₽,4.9,56,МЕЧТА 7,跨境卖家,RFBS,6000.0 g,"2025-10-06
11 个月"
437,#VALUE!,https://ir-20.ozone.ru/s3/multimedia-1-l/wc300/9895873341.jpg,"Yus&L Чехол на автомобиль 220, Оксфорд, 1 шт.",https://www.ozon.ru/product/3185116110,3185116110,Yus&L,"汽车罩
Чехол на автомобиль",跨境卖家可售,482₽,10,4623₽,400%,401%,53.8%,19425,585,929,9.9%,0.34%,28.84%,100.0%,0.05%,9.8%,5.13%,0.0%,0₽,4.7,30,Киты,跨境卖家,RFBS,467.0 g,"2025-12-02
9 个月"
438,#VALUE!,https://ir.ozone.ru/s3/multimedia-1-g/wc300/8824861384.jpg,"Aradela Чехол на автомобиль 490x200x185, Оксфорд, 1 шт.",https://www.ozon.ru/product/3247799048,3247799048,Aradela,"汽车罩
Чехол на автомобиль",跨境卖家可售,6877₽,10,69542₽,-24%,-19%,50%,3751,117,305,8.19%,0.0%,37.51%,100.0%,0.27%,40.0%,0.0%,0.0%,0₽,4.7,716,Aradela Car Parts & Accessories,跨境卖家,RFBS,7300.0 g,"2025-12-17
9 个月"
439,#VALUE!,https://ir.ozone.ru/s3/multimedia-1-w/wc300/8275759412.jpg,"Чехол на автомобиль 460x185x170cm, Подходит для внедорожников, Хлопок, Велюр антистресс, 1 шт.",https://www.ozon.ru/product/3401605468,3401605468,,"汽车罩
Чехол на автомобиль",跨境卖家可售,3318₽,10,33180₽,234%,218%,50%,3491,27,320,9.37%,3.7%,16.96%,100.0%,0.29%,33.3%,0.0%,0.0%,0₽,,7,премиальное производство,跨境卖家,RFBS,4500.0 g,"2026-01-17
8 个月"
440,#VALUE!,https://ir-20.ozone.ru/s3/multimedia-1-3/wc300/8851306431.jpg,"Aradela Чехол на автомобиль 460x180x150, Оксфорд, Велюр искусственный, 1 шт.",https://www.ozon.ru/product/3415105168,3415105168,Aradela,"汽车罩
Чехол на автомобиль",跨境卖家可售,6659₽,10,66783₽,150%,170%,50%,3160,28,156,12.17%,0.0%,40.07%,100.0%,0.28%,47.4%,0.0%,11.2%,0₽,4.7,716,Aradela Car Parts & Accessories,跨境卖家,RFBS,7000.0 g,"2026-01-20
8 个月"
441,#VALUE!,https://ir.ozone.ru/s3/multimedia-1-w/wc300/10591227212.jpg,"Чехол на автомобиль 615х205х195 , Мембранные материалы, 1 шт.",https://www.ozon.ru/product/4364619198,4364619198,,"汽车罩
Чехол на автомобиль",跨境卖家可售,2489₽,10,24883₽,900%,881%,50%,2197,946,137,10.94%,0.1%,0.0%,0.0%,0.41%,60.0%,17.85%,44.5%,0₽,3.0,1,CT,跨境卖家,RFBS,2222.0 g,"2026-05-19
4 个月"
442,#VALUE!,https://ir.ozone.ru/s3/multimedia-1-3/wc300/9870052035.jpg,"Чехол на автомобиль 480×190×170, Брезент, Хлопок, 1 шт.",https://www.ozon.ru/product/3986213650,3986213650,,"汽车罩
Чехол на автомобиль",跨境卖家可售,4931₽,10,49658₽,234%,269%,50%,16258,10671,791,7.83%,0.14%,36.07%,100.0%,0.06%,14.5%,15.13%,22.3%,0₽,5.0,2,NFD Shop,跨境卖家,RFBS,5500.0 g,"2026-04-17
5 个月"
443,#VALUE!,https://ir.ozone.ru/s3/multimedia-1-h/wc300/13940378585.jpg,"Чехол на автомобиль TOZAROA автомобильный чехол-тент для Lada 2101 1970–1988, серый однослойный PEVA, защита от дождя, снега, солнца и пыли, для улицы, парковки и гаража, PEVA, 1 шт.",https://www.ozon.ru/product/5488519780,5488519780,,"汽车罩
Чехол на автомобиль",跨境卖家可售,1510₽,10,17260₽,100%,100%,50%,6156,4456,430,11.62%,0.38%,5.0%,59.98%,0.15%,18.0%,7.28%,22.3%,0₽,3.0,2,Tozaroa cover,跨境卖家,RFBS,1011.0 g,"2026-08-16
1 个月"
444,#VALUE!,https://ir.ozone.ru/s3/multimedia-1-j/wc300/13935144871.jpg,"Чехол на автомобиль TOZAROA чехол-тент на автомобиль Lada Vesta (Лада Веста) SW Cross 2022–2026, защита от дождя, снега, солнца и пыли, для улицы, парковки и гаража, PEVA, 1 шт.",https://www.ozon.ru/product/5487190040,5487190040,,"汽车罩
Чехол на автомобиль",跨境卖家可售,1737₽,10,17315₽,100%,100%,50%,6111,4078,646,6.34%,0.29%,5.0%,100.0%,0.16%,24.4%,11.39%,0.0%,0₽,4.5,2,Tozaroa cover,跨境卖家,RFBS,1000.0 g,"2026-08-16
1 个月"
445,#VALUE!,https://ir.ozone.ru/s3/multimedia-1-e/wc300/7038215186.jpg,"XICBOOM Чехол на автомобиль ""A"" Применяется для  кроссоверов и внедорожников(450x185x180cm）, Оксфорд, Брезент, 1 шт.",https://www.ozon.ru/product/1586890423,1586890423,XICBOOM,"汽车罩
Чехол на автомобиль",跨境卖家可售,2766₽,10,30168₽,43%,43%,51%,11571,739,1004,5.37%,0.0%,37.68%,100.0%,0.08%,16.7%,17.68%,0.0%,0₽,4.8,4880,Tengxi auto supplies franchise store,跨境卖家,FBP,1500.0 g,"2024-05-28
2 年 4 个月"
446,#VALUE!,https://ir.ozone.ru/s3/multimedia-1-b/wc300/9671341043.jpg,"Автомобильный тент, чехол на автомобиль ZDK Cotton Размер XXL 530*200*150 см (хлопок)",https://www.ozon.ru/product/947090821,947090821,ZDK,"汽车罩
Чехол на автомобиль",跨境卖家可售,2221₽,10,27164₽,-38%,-40%,14.4%,19888,7920,352,8.23%,0.05%,0.0%,0.0%,0.05%,31.0%,11.4%,33.4%,0₽,4.3,89,Nonstopika,本土卖家,FBO,2108.0 g,"2023-04-20
3 年 5 个月"
447,#VALUE!,https://ir.ozone.ru/s3/multimedia-1-n/wc300/7120829579.jpg,"XICBOOM Чехол на автомобиль Toyota RAV4/RAV4 Prime, Оксфорд 210D, 1 шт.",https://www.ozon.ru/product/1681873805,1681873805,XICBOOM,"汽车罩
Чехол на автомобиль",跨境卖家可售,3508₽,10,31610₽,100%,100%,51%,6663,839,372,6.98%,0.11%,50.67%,100.0%,0.09%,23.1%,9.06%,0.0%,0₽,4.9,162,Tengxi auto supplies franchise store,跨境卖家,FBP,1624.0 g,"2024-09-05
2 年"
448,#VALUE!,https://ir.ozone.ru/s3/multimedia-1-4/wc300/7570505236.jpg,Тент чехол для автомобиля универсальный защитный от дождя и снега XL(500*195*160см) летний камуфляж ADCT011,https://www.ozon.ru/product/1974295253,1974295253,Airline,"汽车罩
Чехол на автомобиль",跨境卖家可售,4131₽,10,45797₽,150%,137%,19%,7293,2737,534,5.24%,0.1%,0.72%,10.35%,0.14%,35.7%,2.32%,20.0%,0₽,4.8,481,CARVILLESHOP,本土卖家,FBO,2046.0 g,"2025-03-26
1 年 6 个月"
449,#VALUE!,https://ir.ozone.ru/s3/multimedia-1-4/wc300/8006993500.jpg,"Чехол на автомобиль / тент на машину / защищает от дождя, пыли и снега, подходит для всех сезонов, универсальный для SUV",https://www.ozon.ru/product/2863617297,2863617297,SEAMETAL,"汽车罩
Чехол на автомобиль",跨境卖家可售,2338₽,10,30634₽,25%,-5%,16.7%,26937,4088,1135,8.37%,0.07%,14.39%,100.0%,0.04%,10.5%,11.17%,10.0%,0₽,4.9,45,SEAMETAL,本土卖家,FBO,1020.0 g,"2025-09-17
1 年"
450,#VALUE!,https://ir.ozone.ru/s3/multimedia-1-j/wc300/7704774163.jpg,"Тент толстый УАЗ 469, 3151 камуфляж",https://www.ozon.ru/product/1917102743,1917102743,Завод Автозапчастей,"汽车罩
Чехол на автомобиль",跨境卖家可售,9519₽,10,96363₽,25%,30%,20.7%,6626,2564,351,9.97%,0.15%,0.0%,0.0%,0.15%,28.6%,0.0%,10.0%,2801₽,5.0,41,УАЗОВОД73,本土卖家,FBS,9000.0 g,"2025-03-05
1 年 6 个月"
451,#VALUE!,https://ir.ozone.ru/s3/multimedia-1-c/wc300/11928357552.jpg,"Чехол на автомобиль 489×184×145, Искусственные материалы, Оксфорд, 1 шт.",https://www.ozon.ru/product/4872603075,4872603075,,"汽车罩
Чехол на автомобиль",跨境卖家可售,5060₽,10,50600₽,900%,953%,50%,8651,4818,525,8.57%,0.14%,32.3%,100.0%,0.12%,22.2%,17.63%,10.0%,0₽,4.0,1,LIFE Car Cover Shop,跨境卖家,RFBS,5000.0 g,"2026-06-27
2 个月"
452,#VALUE!,https://ir.ozone.ru/s3/multimedia-1-7/wc300/8338198471.jpg,"XICBOOM Чехол на автомобиль M'(440x180x145 см)Подходит для седанов, Оксфорд 210D, 1 шт.",https://www.ozon.ru/product/3113374713,3113374713,XICBOOM,"汽车罩
Чехол на автомобиль",跨境卖家可售,2638₽,10,27594₽,100%,100%,51%,9964,243,1135,5.63%,0.0%,53.93%,100.0%,0.1%,15.6%,2.47%,0.0%,0₽,4.8,4880,Tengxi auto supplies franchise store,跨境卖家,FBP,1350.0 g,"2025-11-16
10 个月"
453,#VALUE!,https://ir.ozone.ru/s3/multimedia-1-e/wc300/8931487910.jpg,"Чехол на автомобиль, Алькантара, 1 шт.",https://www.ozon.ru/product/4193649603,4193649603,,"汽车罩
Чехол на автомобиль",跨境卖家可售,703₽,10,7670₽,400%,330%,54.9%,7071,1267,411,6.81%,0.07%,45.41%,68.11%,0.14%,35.7%,15.66%,0.0%,0₽,4.8,20,Магазин Тяньхун,跨境卖家,RFBS,478.0 g,"2026-05-05
4 个月"
454,#VALUE!,https://ir.ozone.ru/s3/multimedia-1-w/wc300/10885224344.jpg,"Юпитер Чехол на автомобиль Lada Granta,Защита от града，Защита от ультрафиолета，Защита от снега и мороза，Защита от пыли и песка，Молния на двери；подходит для всех сезонов；Высокопрочный материал, Оксфорд 210D, 1 шт.",https://www.ozon.ru/product/4477663269,4477663269,Юпитер,"汽车罩
Чехол на автомобиль",跨境卖家可售,2583₽,10,26175₽,25%,29%,12.9%,10819,3684,480,8.33%,0.16%,0.0%,0.0%,0.09%,25.0%,26.3%,10.0%,0₽,4.5,2,ABULIEDIAN2,,FBS,1200.0 g,"2026-05-28
3 个月"
455,#VALUE!,https://ir.ozone.ru/s3/multimedia-1/wc300/6723346609.jpg,"Тент для Газель 3302 старого образца (400 г/кв.м, двухсторонний ПВХ материал)",https://www.ozon.ru/product/4451432109,4451432109,,"汽车罩
Чехол на автомобиль",跨境卖家可售,6671₽,10,65682₽,-10%,-7%,17.2%,7935,4507,459,7.18%,0.13%,0.0%,0.0%,0.11%,27.3%,0.0%,0.0%,0₽,5.0,4,ТЕНТ ЭКСПЕРТ,本土卖家,FBS,8700.0 g,"2026-05-26
4 个月"
456,#VALUE!,https://ir.ozone.ru/s3/multimedia-1-d/wc300/14962202257.jpg,Тент для автомобиля УРАЛ 4320 (двухсторонний ПВХ материал 550 г/кв.м) 4 метра,https://www.ozon.ru/product/4417405767,4417405767,,"汽车罩
Чехол на автомобиль",跨境卖家可售,17308₽,10,169681₽,900%,1006%,19%,3908,2080,237,7.17%,0.14%,0.0%,0.0%,0.23%,52.9%,0.0%,11.2%,0₽,5.0,4,ТЕНТ ЭКСПЕРТ,本土卖家,FBS,18000.0 g,"2026-05-23
4 个月"
457,#VALUE!,https://ir.ozone.ru/s3/multimedia-1-2/wc300/8678361494.jpg,"Чехол на автомобиль Mitsubishi Lancer защитный от снега наледи /Двухслойный подкладкой и молнией/устойчивый к царапинам/ полное покрытие автомобиля, Оксфорд, 1 шт.",https://www.ozon.ru/product/4740488719,4740488719,,"汽车罩
Чехол на автомобиль",跨境卖家可售,2782₽,10,29236₽,900%,884%,51%,5690,1825,536,4.66%,0.32%,0.0%,0.0%,0.18%,40.0%,18.29%,10.0%,0₽,5.0,1,Зоо Избранное,跨境卖家,FBP,2758.0 g,"2026-06-15
3 个月"
458,#VALUE!,https://ir.ozone.ru/s3/multimedia-1-7/wc300/7064234719.jpg,"Чехол на автомобиль, EVA, Алюминий, 1 шт.",https://www.ozon.ru/product/4598389415,4598389415,,"汽车罩
Чехол на автомобиль",跨境卖家可售,1527₽,10,15030₽,100%,100%,50%,3282,2337,301,6.64%,0.17%,14.99%,100.0%,0.3%,50.0%,27.54%,0.0%,0₽,5.0,1,Shuolu-6,跨境卖家,RFBS,1700.0 g,"2026-06-05
3 个月"
459,#VALUE!,https://ir.ozone.ru/s3/multimedia-1-y/wc300/12337277470.jpg,"Чехол на автомобиль Hyundai Tucson, 1 шт.",https://www.ozon.ru/product/5008428039,5008428039,,"汽车罩
Чехол на автомобиль",跨境卖家可售,1781₽,10,17486₽,900%,840%,50%,2354,1486,278,13.3%,0.47%,0.0%,0.0%,0.42%,27.0%,17.69%,20.0%,0₽,,,xunyi1,跨境卖家,RFBS,1900.0 g,"2026-07-09
2 个月"
460,#VALUE!,https://ir.ozone.ru/s3/multimedia-1-w/wc300/8323482632.jpg,"Чехол на автомобиль, тент для автомобиля, размер 490 x190 x150 (L)",https://www.ozon.ru/product/5417186549,5417186549,Gandi Clo,"汽车罩
Чехол на автомобиль",跨境卖家可售,3106₽,10,28470₽,900%,1093%,18.8%,8205,6136,628,4.77%,0.16%,82.87%,100.0%,0.11%,30.0%,18.47%,11.2%,35385₽,4.7,265,TOP STORE,本土卖家,FBO,998.0 g,"2026-08-10
1 个月"
461,#VALUE!,https://ir.ozone.ru/s3/multimedia-1-b/wc300/13743947999.jpg,"Чехол на автомобиль 530*250, Оксфорд, Композитный материал",https://www.ozon.ru/product/5430407605,5430407605,,"汽车罩
Чехол на автомобиль",跨境卖家可售,1220₽,10,11932₽,900%,1024%,55.1%,2236,1143,331,7.25%,0.34%,49.65%,100.0%,0.45%,41.7%,9.26%,10.0%,0₽,5.0,1,LKX,跨境卖家,RFBS,1302.0 g,"2026-08-11
1 个月"
462,#VALUE!,https://ir.ozone.ru/s3/multimedia-1-j/wc300/13940375131.jpg,"Чехол на автомобиль TOZAROA автомобильный чехол-тент для Lada 2105 1979–2011, серый однослойный PEVA, защита от дождя, снега, солнца и пыли, для улицы, парковки и гаража, PEVA, 1 шт.",https://www.ozon.ru/product/5488519393,5488519393,,"汽车罩
Чехол на автомобиль",跨境卖家可售,1759₽,10,17590₽,100%,100%,50%,5740,4541,336,12.2%,0.26%,5.0%,100.0%,0.16%,22.0%,12.79%,11.2%,0₽,3.0,2,Tozaroa cover,跨境卖家,RFBS,1009.0 g,"2026-08-16
1 个月"
463,#VALUE!,https://ir.ozone.ru/s3/multimedia-1-u/wc300/14331842562.jpg,"Чехол на автомобиль 480*185*145, Полиэстер, 1 шт.",https://www.ozon.ru/product/5603534577,5603534577,,"汽车罩
Чехол на автомобиль",跨境卖家可售,1979₽,10,19790₽,100%,100%,50%,2830,1830,300,6.33%,0.38%,61.42%,100.0%,0.35%,52.6%,20.75%,0.0%,0₽,,,ESHKDI,跨境卖家,RFBS,1000.0 g,"2026-08-26
< 1 个月"
464,#VALUE!,https://ir.ozone.ru/s3/multimedia-1-x/wc300/9898722789.jpg,"Чехол-тент (чехол, тент) на автомобиль Лада Гранта I Рестайлинг (2018-2026) лифтбек зимний от снега, дождя. Тент на машину LADA (ВАЗ) Granta для защиты краски, кузова",https://www.ozon.ru/product/1391179018,1391179018,AUTOPILOT,"汽车罩
Чехол на автомобиль",跨境卖家可售,3604₽,9,35827₽,-50%,-52%,17.3%,4414,1635,265,12.07%,0.18%,0.0%,0.0%,0.18%,25.0%,0.62%,12.5%,0₽,4.6,32,ЗащитныеНакидки,本土卖家,FBS,1100.0 g,"2024-01-16
2 年 8 个月"
465,#VALUE!,https://ir.ozone.ru/s3/multimedia-9/wc300/6666132357.jpg,"Тент на Газель 3302 БИЗНЕС, 6 люверсов (550 г/кв.м, двухстронний ПВХ материал)",https://www.ozon.ru/product/1408135070,1408135070,Автопласт,"汽车罩
Чехол на автомобиль",跨境卖家可售,7306₽,9,65754₽,350%,410%,19%,3150,1269,149,12.08%,0.07%,0.0%,0.0%,0.29%,50.0%,0.0%,0.0%,0₽,4.9,309,АВТОТЕНТ,本土卖家,FBS,12000.0 g,"2024-01-29
2 年 8 个月"
466,#VALUE!,https://ir.ozone.ru/s3/multimedia-1-6/wc300/8061383094.jpg,"Чехол на автомобиль Renault Sandero Stepway(2015-2022) Всесезонный,Молния на двери,защита от солнца  и дождя и пыли и града и снега,двухслойный с мягкой подкладкой, Оксфорд 210D, 1 шт.",https://www.ozon.ru/product/3038433156,3038433156,,"汽车罩
Чехол на автомобиль",跨境卖家可售,2609₽,9,24644₽,200%,240%,51%,9533,3174,365,10.13%,0.31%,37.9%,100.0%,0.09%,24.3%,20.65%,11.2%,0₽,4.8,8,PET PA,跨境卖家,FBP,2950.0 g,"2025-10-29
10 个月"
467,#VALUE!,https://ir.ozone.ru/s3/multimedia-1-r/wc300/7125841359.jpg,"XICBOOM Чехол на автомобиль Toyota Camry, Брезент, Оксфорд 210D, 1 шт.",https://www.ozon.ru/product/1688421084,1688421084,XICBOOM,"汽车罩
Чехол на автомобиль",跨境卖家可售,3050₽,9,30124₽,200%,230%,51%,9722,1276,457,9.4%,0.07%,48.14%,100.0%,0.08%,18.6%,0.71%,25.0%,0₽,4.9,155,Tengxi auto supplies franchise store,跨境卖家,FBP,1500.0 g,"2024-09-10
2 年"
468,#VALUE!,https://ir.ozone.ru/s3/multimedia-1-j/wc300/12066970879.jpg,Ультракрепкий тент-чехол на седан. Размер 3 (седан) L.,https://www.ozon.ru/product/1926225792,1926225792,AUTOPILOT,"汽车罩
Чехол на автомобиль",跨境卖家可售,4934₽,9,46165₽,100%,100%,17.5%,16274,2406,1386,2.74%,0.12%,26.79%,100.0%,0.05%,21.1%,5.45%,37.5%,5513₽,4.8,1607,Аксессуары Автопилот,本土卖家,FBS,2950.0 g,"2025-03-09
1 年 6 个月"
469,#VALUE!,https://ir.ozone.ru/s3/multimedia-1-j/wc300/7652959615.jpg,"Тент чехол на машину для седана PSV с подкладкой и молнией, размер XXL (530x200x150), Серый",https://www.ozon.ru/product/2302392524,2302392524,PSV,"汽车罩
Чехол на автомобиль",跨境卖家可售,2675₽,9,27775₽,-31%,-25%,15.7%,16817,4348,1165,4.03%,0.06%,50.66%,100.0%,0.04%,14.9%,12.32%,0.0%,0₽,4.5,1546,PSV - Автоаксессуары,本土卖家,FBS,3100.0 g,"2025-06-16
1 年 3 个月"
470,#VALUE!,https://ir.ozone.ru/s3/multimedia-1-h/wc300/9165674357.jpg,"Чехол на автомобиль, Оксфорд, 1 шт.",https://www.ozon.ru/product/3575489202,3575489202,,"汽车罩
Чехол на автомобиль",跨境卖家可售,2559₽,9,23504₽,800%,857%,51%,12660,3243,868,8.87%,0.18%,35.06%,100.0%,0.06%,9.1%,32.98%,0.0%,0₽,4.0,1,Иванова Ольга,跨境卖家,FBP,3008.0 g,"2026-03-02
6 个月"
471,#VALUE!,https://ir.ozone.ru/s3/multimedia-1-1/wc300/13870158769.jpg,"Чехол на автомобиль 430x180x150, Хлопок, Оксфорд 210D, 1 шт.",https://www.ozon.ru/product/2927074218,2927074218,,"汽车罩
Чехол на автомобиль",跨境卖家可售,6762₽,9,60858₽,800%,788%,50%,22844,9900,1568,7.84%,0.14%,57.69%,100.0%,0.04%,8.1%,9.05%,10.0%,0₽,4.8,310,DMPL,跨境卖家,RFBS,6000.0 g,"2025-10-02
11 个月"
472,#VALUE!,https://ir.ozone.ru/s3/multimedia-1-b/wc300/12467172719.jpg,"Чехол на автомобиль 480x190x180, Оксфорд, 1 шт.",https://www.ozon.ru/product/3129000708,3129000708,,"汽车罩
Чехол на автомобиль",跨境卖家可售,3346₽,9,31078₽,800%,835%,50%,7668,568,773,8.15%,0.0%,13.98%,100.0%,0.16%,19.0%,5.71%,16.7%,0₽,4.5,181,премиальное производство,跨境卖家,RFBS,4000.0 g,"2025-11-19
10 个月"
473,#VALUE!,https://ir.ozone.ru/s3/multimedia-1-b/wc300/10372221587.jpg,"Чехол на автомобиль 115×110×155cm, 1 шт.",https://www.ozon.ru/product/4258759300,4258759300,,"汽车罩
Чехол на автомобиль",跨境卖家可售,5078₽,9,45835₽,350%,427%,50%,10946,2051,831,6.97%,0.24%,35.11%,100.0%,0.07%,13.8%,4.95%,37.5%,0₽,4.7,6,kklove,跨境卖家,RFBS,6000.0 g,"2026-05-11
4 个月"
474,#VALUE!,https://ir.ozone.ru/s3/multimedia-1-o/wc300/9120993864.jpg,"Чехол на автомобиль, тент для автомобиля, размер L",https://www.ozon.ru/product/3543452438,3543452438,Heavy Booster,"汽车罩
Чехол на автомобиль",跨境卖家可售,2907₽,9,30492₽,125%,143%,17.5%,8855,197,550,6.0%,0.0%,68.68%,100.0%,0.1%,27.3%,0.0%,33.4%,15505₽,4.6,1669,Heavy Booster,本土卖家,FBO,1895.0 g,"2026-02-19
7 个月"
475,#VALUE!,https://ir.ozone.ru/s3/multimedia-1-5/wc300/8851307441.jpg,"Aradela Чехол на автомобиль 400x175x155, Оксфорд, Велюр искусственный, 1 шт.",https://www.ozon.ru/product/3415106196,3415106196,Aradela,"汽车罩
Чехол на автомобиль",跨境卖家可售,6113₽,9,63067₽,125%,196%,50%,3440,56,153,13.07%,0.0%,46.78%,100.0%,0.23%,40.0%,0.0%,0.0%,0₽,4.7,720,Aradela Car Parts & Accessories,跨境卖家,RFBS,6000.0 g,"2026-01-20
8 个月"
476,#VALUE!,https://ir.ozone.ru/s3/multimedia-1-o/wc300/9032849808.jpg,"Чехол на автомобиль Lada Granta,Защита от града，Защита от ультрафиолета，Защита от снега и мороза，Защита от пыли и песка，Молния на двери；подходит для всех сезонов；Высокопрочный материал, Оксфорд 210D, 1 шт.",https://www.ozon.ru/product/3507033158,3507033158,,"汽车罩
Чехол на автомобиль",跨境卖家可售,1545₽,9,14038₽,13%,7%,49.9%,14833,1964,641,11.7%,0.2%,0.0%,0.0%,0.06%,12.0%,10.16%,22.3%,0₽,4.8,20,fast star 21,跨境卖家,RFBS,2000.0 g,"2026-02-06
7 个月"
477,#VALUE!,https://ir.ozone.ru/s3/multimedia-1-x/wc300/8851649217.jpg,"Aradela Чехол на автомобиль 470x190x185, Оксфорд, Велюр искусственный, 1 шт.",https://www.ozon.ru/product/3413511506,3413511506,Aradela,"汽车罩
Чехол на автомобиль",跨境卖家可售,6823₽,9,60054₽,200%,194%,50%,5913,60,739,7.98%,0.0%,45.09%,100.0%,0.14%,13.6%,0.0%,0.0%,0₽,4.7,720,Aradela Car Parts & Accessories,跨境卖家,RFBS,7500.0 g,"2026-01-20
8 个月"
478,#VALUE!,https://ir.ozone.ru/s3/multimedia-s/wc300/6626793484.jpg,"Тент на Газель 3302 БИЗНЕС, 6 люверсов (600 г/кв.м, двухстронний усиленный ПВХ материал)",https://www.ozon.ru/product/4417406112,4417406112,АВТОПЛАСТ-НН,"汽车罩
Чехол на автомобиль",跨境卖家可售,8002₽,9,73509₽,-72%,-72%,18%,8061,3181,425,10.82%,0.09%,0.0%,0.0%,0.11%,19.6%,0.0%,0.0%,0₽,4.8,16,ТЕНТ ЭКСПЕРТ,本土卖家,FBS,12000.0 g,"2026-05-23
4 个月"
479,#VALUE!,https://ir.ozone.ru/s3/multimedia-1-x/wc300/11243808717.jpg,"Чехол на автомобиль Ниссан Жук Nissan Juke (2010-2019)  сумкой для хранения, Оксфорд 210D, 1 шт.",https://www.ozon.ru/product/4624204056,4624204056,,"汽车罩
Чехол на автомобиль",跨境卖家可售,1545₽,9,14170₽,100%,100%,49.9%,3138,1024,354,4.8%,0.48%,49.8%,100.0%,0.29%,52.9%,12.67%,11.2%,0₽,5.0,3,ZhiXing,跨境卖家,RFBS,2000.0 g,"2026-06-07
3 个月"
480,#VALUE!,https://ir.ozone.ru/s3/multimedia-1-x/wc300/11306385681.jpg,"Чехол на автомобиль 430x180x150, Велюр искусственный, Оксфорд, 1 шт.",https://www.ozon.ru/product/4648601616,4648601616,,"汽车罩
Чехол на автомобиль",跨境卖家可售,2570₽,9,31433₽,0%,4%,50%,8706,211,1375,7.7%,0.0%,57.77%,100.0%,0.11%,9.4%,0.0%,10.0%,0₽,4.5,41,Сибирский резерв,跨境卖家,RFBS,4950.0 g,"2026-06-09
3 个月"
481,#VALUE!,https://ir.ozone.ru/s3/multimedia-1-k/wc300/8254880804.jpg,"Тент на ГАЗель 3302 нового образца, 8 люверсов (650 г/кв.м, импортный ПВХ материал)",https://www.ozon.ru/product/4735969168,4735969168,,"汽车罩
Чехол на автомобиль",跨境卖家可售,7957₽,9,70888₽,50%,74%,17.4%,5017,3078,288,9.02%,0.12%,0.0%,0.0%,0.18%,34.6%,0.0%,0.0%,0₽,5.0,3,ТЕНТ ЭКСПЕРТ,本土卖家,FBS,14000.0 g,"2026-06-15
3 个月"
482,#VALUE!,https://ir.ozone.ru/s3/multimedia-1-0/wc300/7270462188.jpg,Тент для автомобиля УРАЛ 4320 (двухсторонний ПВХ материал 550 г/кв.м),https://www.ozon.ru/product/4672114076,4672114076,Автопласт,"汽车罩
Чехол на автомобиль",跨境卖家可售,17308₽,9,154373₽,50%,91%,19%,4778,1889,231,9.95%,0.21%,0.0%,0.0%,0.19%,39.1%,0.0%,11.2%,0₽,5.0,10,ТЕНТ ЭКСПЕРТ,本土卖家,FBS,18000.0 g,"2026-06-10
3 个月"
483,#VALUE!,https://ir.ozone.ru/s3/multimedia-1-d/wc300/11434593253.jpg,Автомобильный тент-чехол Большой седан (4.9 5.1 м),https://www.ozon.ru/product/4701925862,4701925862,GOODSTORAGE,"汽车罩
Чехол на автомобиль",跨境卖家可售,1238₽,9,12257₽,-40%,-40%,14.6%,1671,449,280,8.92%,0.0%,0.0%,0.0%,0.48%,32.0%,0.0%,12.5%,7219₽,4.5,48,GOODSTORAGE,本土卖家,FBS,1500.0 g,"2026-06-12
3 个月"
484,#VALUE!,https://ir.ozone.ru/s3/multimedia-1-q/wc300/11405019446.jpg,"Чехол на автомобиль / тент на машину / защищает от дождя, пыли и снега, подходит для всех сезонов, 1 шт., универсальный, размер 4900*1800*1500 ммТкань Оксфорд",https://www.ozon.ru/product/4687366416,4687366416,,"汽车罩
Чехол на автомобиль",跨境卖家可售,1701₽,9,17139₽,-10%,-14%,15.3%,17303,3126,599,9.18%,0.15%,14.31%,22.74%,0.05%,14.5%,11.33%,37.5%,0₽,3.4,11,Хит Товары,本土卖家,FBO,1080.0 g,"2026-06-11
3 个月"
485,#VALUE!,https://ir.ozone.ru/s3/multimedia-1-x/wc300/11532036273.jpg,"Чехол на автомобиль, Алюминий, 1 шт.",https://www.ozon.ru/product/4733154238,4733154238,,"汽车罩
Чехол на автомобиль",跨境卖家可售,1522₽,9,13227₽,-71%,-67%,50%,10020,850,769,4.29%,0.11%,32.03%,8.97%,0.09%,27.3%,17.33%,11.2%,0₽,4.1,23,Просто хорошо Prosto khorosho,跨境卖家,RFBS,1480.0 g,"2026-06-15
3 个月"
486,#VALUE!,https://ir.ozone.ru/s3/multimedia-1-y/wc300/12539313826.jpg,"Чехол на автомобиль 600x350, Пластик, 1 шт.",https://www.ozon.ru/product/5068616980,5068616980,,"汽车罩
Чехол на автомобиль",跨境卖家可售,188₽,9,1633₽,0%,-5%,49%,2048,1472,162,9.25%,0.33%,0.0%,0.0%,0.44%,60.0%,23.45%,0.0%,0₽,5.0,1,WUWU,跨境卖家,RFBS,172.0 g,"2026-07-14
2 个月"
487,#VALUE!,https://ir.ozone.ru/s3/multimedia-1-x/wc300/12627764133.jpg,"Чехол на автомобиль 510*240, Полиэстер, 1 шт.",https://www.ozon.ru/product/4882899116,4882899116,,"汽车罩
Чехол на автомобиль",跨境卖家可售,1494₽,9,13498₽,-74%,-75%,55%,20825,3134,1241,5.96%,0.12%,55.6%,100.0%,0.04%,10.8%,8.52%,25.0%,0₽,3.8,88,Star Box,跨境卖家,RFBS,1296.0 g,"2026-06-28
2 个月"
488,#VALUE!,https://ir.ozone.ru/s3/multimedia-1-4/wc300/14488117456.jpg,Чехол на автомобиль,https://www.ozon.ru/product/5649219084,5649219084,,"汽车罩
Чехол на автомобиль",跨境卖家可售,28₽,9,252₽,100%,100%,-149.3%,49,0,20,45.0%,0.0%,0.0%,0.0%,18.37%,100.0%,0.0%,22.3%,4821₽,,1214,TOP STORE,本土卖家,FBS,960.0 g,"2026-08-30
< 1 个月"
489,#VALUE!,https://ir.ozone.ru/s3/multimedia-1-d/wc300/13988034301.jpg,"Чехол на автомобиль TOZAROA чехол-тент на автомобиль Lada Priora (Лада Приора) 2013–2018, седан, защита от дождя, снега, солнца и пыли, для улицы, парковки и гаража, PEVA, 1 шт.",https://www.ozon.ru/product/5502283498,5502283498,,"汽车罩
Чехол на автомобиль",跨境卖家可售,1803₽,9,16227₽,100%,100%,50%,5727,4101,505,7.52%,0.19%,2.0%,100.0%,0.16%,23.7%,35.16%,11.2%,0₽,,,Tozaroa cover,跨境卖家,RFBS,1000.0 g,"2026-08-17
1 个月"
490,#VALUE!,https://ir.ozone.ru/s3/multimedia-1-u/wc300/14122477686.jpg,"Чехол на автомобиль Лада Калина универсал  S74Q, Мембранные материалы, 1 шт.",https://www.ozon.ru/product/5488492962,5488492962,,"汽车罩
Чехол на автомобиль",跨境卖家可售,2477₽,9,21843₽,800%,977%,50%,3930,2761,430,8.37%,0.14%,0.0%,0.0%,0.23%,25.0%,19.94%,11.2%,0₽,,,PandaBox,跨境卖家,RFBS,2200.0 g,"2026-08-16
1 个月"
491,#VALUE!,https://ir.ozone.ru/s3/multimedia-5/wc300/6747840581.jpg,"XICBOOM Чехол на автомобиль Mazda Cx-5, Мембранные материалы, Ткань, 1 шт.",https://www.ozon.ru/product/1173042877,1173042877,XICBOOM,"汽车罩
Чехол на автомобиль",跨境卖家可售,4502₽,9,40782₽,80%,77%,50%,6653,1711,341,12.31%,0.11%,37.37%,100.0%,0.14%,21.4%,2.27%,11.2%,0₽,4.9,1620,Tengxi auto supplies franchise store,跨境卖家,RFBS,3300.0 g,"2023-09-05
3 年 1 个月"
492,#VALUE!,https://ir.ozone.ru/s3/multimedia-x/wc300/6834290469.jpg,"XICBOOM Чехол на автомобиль ""D"" Применяется для кроссоверов и внедорожников(510x195x180cm), Оксфорд, 1 шт.",https://www.ozon.ru/product/1088906769,1088906769,XICBOOM,"汽车罩
Чехол на автомобиль",跨境卖家可售,2896₽,9,26609₽,-19%,-17%,50%,11173,1421,572,6.29%,0.0%,51.14%,100.0%,0.08%,25.0%,6.59%,22.3%,0₽,4.8,4874,Tengxi auto supplies franchise store,跨境卖家,RFBS,1700.0 g,"2023-07-20
3 年 2 个月"
493,#VALUE!,https://ir.ozone.ru/s3/multimedia-1-p/wc300/8803369429.jpg,"Чехол на автомобиль, Оксфорд, Велюр искусственный, 1 шт.",https://www.ozon.ru/product/3390581073,3390581073,,"汽车罩
Чехол на автомобиль",跨境卖家可售,6133₽,9,55386₽,800%,850%,50%,52891,9740,2795,5.79%,0.21%,48.0%,100.0%,0.02%,5.6%,19.36%,11.2%,0₽,4.6,31,ZimaCover,跨境卖家,RFBS,5500.0 g,"2026-01-15
8 个月"
494,#VALUE!,https://ir.ozone.ru/s3/multimedia-z/wc300/6390757895.jpg,Чехол на автомобиль,https://www.ozon.ru/product/1653227139,1653227139,,"汽车罩
Чехол на автомобиль",跨境卖家可售,1416₽,9,14346₽,125%,152%,56%,15525,1290,1146,8.98%,0.07%,0.0%,0.0%,0.05%,7.8%,23.0%,0.0%,0₽,4.9,13,Easylink,跨境卖家,FBP,1122.0 g,"2024-08-09
2 年 1 个月"
495,#VALUE!,https://ir.ozone.ru/s3/multimedia-1-0/wc300/8824861512.jpg,"Aradela Чехол на автомобиль 450x180x168, Оксфорд, 1 шт.",https://www.ozon.ru/product/1771812649,1771812649,Aradela,"汽车罩
Чехол на автомобиль",跨境卖家可售,6768₽,9,61566₽,50%,64%,50%,4651,90,425,8.94%,0.0%,25.88%,100.0%,0.15%,18.4%,0.0%,14.3%,0₽,4.8,720,Aradela Car Parts & Accessories,跨境卖家,RFBS,7000.0 g,"2024-11-30
1 年 10 个月"
496,#VALUE!,https://ir.ozone.ru/s3/multimedia-1-7/wc300/7384885819.jpg,Чехол на автомобиль 13XL / тент на машину / универсальный,https://www.ozon.ru/product/1746337891,1746337891,Heavy Booster,"汽车罩
Чехол на автомобиль",跨境卖家可售,2621₽,9,23526₽,350%,291%,17.2%,23632,11952,931,2.25%,0.02%,68.0%,100.0%,0.03%,38.1%,42.97%,0.0%,0₽,4.6,1665,Heavy Booster,本土卖家,FBO,2078.0 g,"2024-10-31
1 年 11 个月"
497,#VALUE!,https://ir.ozone.ru/s3/multimedia-1-q/wc300/7129257938.jpg,"XICBOOM Чехол на автомобиль Toyota Land Cruiser, Оксфорд 210D, 1 шт.",https://www.ozon.ru/product/1692007559,1692007559,XICBOOM,"汽车罩
Чехол на автомобиль",跨境卖家可售,3050₽,9,28632₽,13%,19%,51%,12623,1241,567,10.58%,0.0%,48.14%,100.0%,0.07%,15.0%,11.65%,0.0%,0₽,4.8,513,Tengxi auto supplies franchise store,跨境卖家,FBP,1700.0 g,"2024-09-13
2 年"
498,#VALUE!,https://ir.ozone.ru/s3/multimedia-1-i/wc300/7433283186.jpg,"Накидки ПВХ защитные для салона автомобиля, 3 шт.",https://www.ozon.ru/product/1953034943,1953034943,Forsage,"汽车罩
Чехол на автомобиль",跨境卖家可售,1873₽,9,17379₽,100%,100%,15.4%,1471,291,163,10.42%,0.34%,0.0%,0.0%,0.61%,52.9%,0.0%,0.0%,0₽,4.8,406,FORSAGE OFFICIAL STORE,本土卖家,FBS,883.0 g,"2025-03-19
1 年 6 个月"
499,#VALUE!,https://ir.ozone.ru/s3/multimedia-1-0/wc300/7601791428.jpg,"Чехол на автомобиль Toyota Camry  L25K, Мембранные материалы, Ткань, 1 шт.",https://www.ozon.ru/product/2013936521,2013936521,,"汽车罩
Чехол на автомобиль",跨境卖家可售,1580₽,9,14501₽,350%,336%,50%,2193,1035,195,12.3%,0.57%,0.0%,0.0%,0.41%,37.5%,53.65%,11.2%,0₽,4.8,24,DSADA,跨境卖家,RFBS,3217.0 g,"2025-04-09
1 年 5 个月"
500,#VALUE!,https://ir.ozone.ru/s3/multimedia-1-h/wc300/15028311293.jpg,Тент-чехол на внедорожник. Размер B (L). Камуфляж,https://www.ozon.ru/product/1922822221,1922822221,AUTOPILOT,"汽车罩
Чехол на автомобиль",跨境卖家可售,5102₽,9,45710₽,-55%,-59%,18.9%,38176,6833,1484,5.32%,0.13%,22.03%,100.0%,0.02%,8.9%,19.35%,28.6%,5025₽,4.8,1607,Аксессуары Автопилот,本土卖家,FBS,2350.0 g,"2025-03-07
1 年 6 个月"
501,#VALUE!,https://ir.ozone.ru/s3/multimedia-1-q/wc300/12841805042.jpg,"Чехол на автомобиль для Haval M6(хавал м6) H64F, Синтетика",https://www.ozon.ru/product/5159336727,5159336727,,"汽车罩
Чехол на автомобиль",跨境卖家可售,2005₽,9,18133₽,350%,365%,50%,2730,1679,513,6.62%,0.29%,50.0%,100.0%,0.33%,26.5%,12.78%,22.3%,0₽,,,QZP,跨境卖家,RFBS,800.0 g,"2026-07-21
2 个月"
502,#VALUE!,https://ir.ozone.ru/s3/multimedia-1-t/wc300/15028342733.jpg,Тент-чехол на внедорожник. Размер D (XL). Камуфляж,https://www.ozon.ru/product/1922822687,1922822687,AUTOPILOT,"汽车罩
Чехол на автомобиль",跨境卖家可售,5480₽,9,48519₽,-44%,-47%,19.2%,52247,17659,1984,4.43%,0.06%,22.59%,100.0%,0.02%,9.1%,34.21%,0.0%,0₽,4.8,1607,Аксессуары Автопилот,本土卖家,FBS,2500.0 g,"2025-03-07
1 年 6 个月"
503,#VALUE!,https://ir.ozone.ru/s3/multimedia-1-8/wc300/8028870128.jpg,"Чехол на автомобиль Jolion, 1 шт.",https://www.ozon.ru/product/2880620651,2880620651,,"汽车罩
Чехол на автомобиль",跨境卖家可售,2477₽,9,22289₽,200%,171%,50%,11596,2007,763,9.17%,0.14%,0.0%,0.0%,0.08%,12.9%,15.3%,0.0%,0₽,4.6,26,Weidianxun,跨境卖家,RFBS,4000.0 g,"2025-09-21
1 年"
504,#VALUE!,https://ir.ozone.ru/s3/multimedia-1-2/wc300/11890205102.jpg,"Чехол на автомобиль hyundai accent тагаз Сгущаться Двухслойный Усиленный авточехол ,молния на двер,Всесезонный ,защита от царапин и плесени, Оксфорд, 1 шт.",https://www.ozon.ru/product/2751718709,2751718709,,"汽车罩
Чехол на автомобиль",跨境卖家可售,2791₽,9,25805₽,800%,720%,50%,3925,1422,247,11.74%,0.35%,55.21%,100.0%,0.23%,31.0%,17.82%,0.0%,0₽,4.7,67,Магазин качественных автозапчастей,跨境卖家,RFBS,4200.0 g,"2025-08-26
1 年 1 个月"
505,#VALUE!,https://ir.ozone.ru/s3/multimedia-1-1/wc300/8249949829.jpg,"Чехол на автомобиль 500x200x190, Хлопок, Оксфорд 210D, 1 шт.",https://www.ozon.ru/product/2927074419,2927074419,,"汽车罩
Чехол на автомобиль",跨境卖家可售,6882₽,9,62987₽,200%,213%,50%,4041,394,605,7.43%,0.25%,58.74%,100.0%,0.22%,20.0%,0.0%,0.0%,0₽,4.2,310,DMPL,跨境卖家,RFBS,8000.0 g,"2025-10-02
11 个月"
506,#VALUE!,https://ir.ozone.ru/s3/multimedia-1-j/wc300/15152728843.jpg,"Чехол на автомобиль 400x175x160, Оксфорд 210D, Хлопок, 1 шт.",https://www.ozon.ru/product/2936399973,2936399973,,"汽车罩
Чехол на автомобиль",跨境卖家可售,6780₽,9,61020₽,800%,846%,50%,2438,103,842,7.0%,0.0%,58.18%,100.0%,0.37%,15.3%,0.0%,11.2%,0₽,4.9,56,МЕЧТА 7,跨境卖家,RFBS,5500.0 g,"2025-10-06
11 个月"
507,#VALUE!,https://ir.ozone.ru/s3/multimedia-1-5/wc300/7933764029.jpg,"Toyota Чехол на автомобиль, Оксфорд, 1 шт.",https://www.ozon.ru/product/3286686431,3286686431,Toyota,"汽车罩
Чехол на автомобиль",跨境卖家可售,2766₽,9,26251₽,800%,849%,50%,6018,1832,340,11.76%,0.21%,0.0%,0.0%,0.13%,20.0%,11.43%,0.0%,0₽,4.3,5,zhouxin,跨境卖家,RFBS,2339.0 g,"2025-12-25
9 个月"
508,#VALUE!,https://ir.ozone.ru/s3/multimedia-1-i/wc300/7992252630.jpg,111 см Черный чехол на светодиодную балку,https://www.ozon.ru/product/3562690737,3562690737,,"汽车罩
Чехол на автомобиль",跨境卖家可售,528₽,9,4970₽,800%,747%,4.7%,896,489,78,14.1%,0.4%,47.36%,100.0%,1.0%,81.8%,0.0%,55.6%,7478₽,4.9,256,Стеванс Маркет,本土卖家,FBS,75.0 g,"2026-02-27
6 个月"
509,#VALUE!,https://ir.ozone.ru/s3/multimedia-1-e/wc300/9797048078.jpg,"Чехол на автомобиль УАЗ Хантер, ABS пластик, EVA, 1 шт.",https://www.ozon.ru/product/3941017949,3941017949,,"汽车罩
Чехол на автомобиль",跨境卖家可售,1745₽,9,16894₽,200%,174%,51%,2751,556,409,7.09%,0.53%,0.0%,0.0%,0.29%,27.6%,0.0%,0.0%,0₽,3.8,15,KANGTUHAI,跨境卖家,FBP,1900.0 g,"2026-04-14
5 个月"
510,#VALUE!,https://ir.ozone.ru/s3/multimedia-1-f/wc300/9604247919.jpg,"Чехол на автомобиль CHEVROLET NIVA сумкой для хранения, Оксфорд ПВХ, 1 шт.",https://www.ozon.ru/product/3822960101,3822960101,,"汽车罩
Чехол на автомобиль",跨境卖家可售,2835₽,9,23333₽,-48%,-33%,51%,7568,2086,448,6.69%,0.28%,10.18%,11.39%,0.11%,26.7%,21.56%,25.0%,0₽,4.7,52,TopReplace,跨境卖家,FBP,1350.0 g,"2026-04-02
5 个月"
511,#VALUE!,https://ir.ozone.ru/s3/multimedia-1-y/wc300/9495912742.jpg,"Чехол на автомобиль 480*190*180, Оксфорд, 1 шт.",https://www.ozon.ru/product/3755732611,3755732611,,"汽车罩
Чехол на автомобиль",跨境卖家可售,4965₽,9,45439₽,0%,10%,50%,35455,1309,1897,6.06%,0.0%,39.77%,100.0%,0.03%,7.8%,8.49%,0.0%,0₽,4.7,294,Бутик Yaskawa,跨境卖家,RFBS,5000.0 g,"2026-03-26
6 个月"
512,#VALUE!,https://ir.ozone.ru/s3/multimedia-j/wc300/6636338047.jpg,"Тент на ГАЗель 3302 нового образца, 8 люверсов (400гр/кв.м, двухсторонний ПВХ материал)",https://www.ozon.ru/product/4534629107,4534629107,Автопласт,"汽车罩
Чехол на автомобиль",跨境卖家可售,10078₽,9,90702₽,800%,1401%,19%,1276,645,107,11.21%,0.15%,0.0%,0.0%,0.63%,66.7%,0.0%,12.5%,0₽,5.0,1,ТЕНТ ЭКСПЕРТ,本土卖家,FBS,8700.0 g,"2026-06-01
3 个月"
513,#VALUE!,https://ir-20.ozone.ru/s3/multimedia-1-k/wc300/8254876124.jpg,"Тент на Газель 3302 БИЗНЕС, 6 люверсов (450 г/кв.м, односторонний усиленный ПВХ материал)",https://www.ozon.ru/product/4735968703,4735968703,,"汽车罩
Чехол на автомобиль",跨境卖家可售,6788₽,9,60018₽,80%,84%,17.5%,6451,3651,339,8.25%,0.16%,0.0%,0.0%,0.11%,25.0%,0.0%,14.3%,0₽,5.0,3,ТЕНТ ЭКСПЕРТ,本土卖家,FBS,9700.0 g,"2026-06-15
3 个月"
514,请使用新版Excel2024查看图片,https://ir-20.ozone.ru/s3/multimedia-1-p/wc300/12572676817.jpg,Тент на а/м ЛуАЗ 969 М Черный,https://www.ozon.ru/product/5078157857,5078157857,,"汽车罩
Чехол на автомобиль",跨境卖家可售,14027₽,9,126344₽,13%,17%,19.8%,5948,2327,700,3.57%,0.25%,3.96%,54.55%,0.15%,36.0%,0.0%,22.3%,2642₽,4.7,18,Тент Эксперт,本土卖家,FBS,6300.0 g,"2026-07-15
2 个月"
515,#VALUE!,https://ir.ozone.ru/s3/multimedia-1-n/wc300/14360055827.jpg,"Чехол на автомобиль TOZAROA чехол на автомобиль Lada 2108, 2109 1984-2006, размер 2XS, тент для автомобиля на осень и зиму, защита кузова от дождя, мокрого снега, наледи, пыли, грязи и листьев, для улицы, PEVA, 1 шт.",https://www.ozon.ru/product/5612304967,5612304967,,"汽车罩
Чехол на автомобиль",跨境卖家可售,1415₽,9,12735₽,100%,100%,55%,3841,3115,216,9.72%,0.25%,11.03%,30.33%,0.23%,42.9%,26.7%,11.2%,0₽,,,Tozaroa cover,跨境卖家,RFBS,1000.0 g,"2026-08-26
< 1 个月"
516,#VALUE!,https://ir.ozone.ru/s3/multimedia-1-i/wc300/7044185790.jpg,"XICBOOM Чехол на автомобиль BMW 3 Series, Мембранные материалы, Ткань, 1 шт.",https://www.ozon.ru/product/1570620352,1570620352,XICBOOM,"汽车罩
Чехол на автомобиль",跨境卖家可售,4721₽,8,37416₽,-28%,-27%,51%,20768,8497,592,6.25%,0.14%,51.56%,100.0%,0.04%,21.6%,21.7%,12.5%,0₽,4.9,1615,Tengxi auto supplies franchise store,跨境卖家,FBP,3200.0 g,"2024-05-10
2 年 4 个月"
517,#VALUE!,https://ir.ozone.ru/s3/multimedia-1-g/wc300/7224239500.jpg,"XICBOOM Чехол на автомобиль BMW x5, Оксфорд 210D, 1 шт.",https://www.ozon.ru/product/1781694992,1781694992,XICBOOM,"汽车罩
Чехол на автомобиль",跨境卖家可售,2978₽,8,26380₽,-28%,-20%,51%,7543,1013,390,9.74%,0.29%,54.44%,100.0%,0.11%,21.1%,1.06%,0.0%,0₽,4.9,711,Tengxi auto supplies franchise store,跨境卖家,FBP,1750.0 g,"2024-12-10
1 年 9 个月"
518,#VALUE!,https://ir.ozone.ru/s3/multimedia-1-y/wc300/7150980598.jpg,"Чехол на автомобиль 500x200x190, Оксфорд, Велюр искусственный, 1 шт.",https://www.ozon.ru/product/1939757776,1939757776,,"汽车罩
Чехол на автомобиль",跨境卖家可售,4869₽,8,39456₽,100%,121%,50%,4353,64,946,4.96%,0.0%,22.12%,100.0%,0.18%,17.0%,0.0%,0.0%,0₽,4.7,2059,Бутик-магазин 2,跨境卖家,RFBS,4950.0 g,"2025-03-14
1 年 6 个月"
519,#VALUE!,https://ir.ozone.ru/s3/multimedia-1-i/wc300/11809967454.jpg,"Чехол на автомобиль, Мех искусственный, Велюр искусственный, 2 шт.",https://www.ozon.ru/product/4840913858,4840913858,,"汽车罩
Чехол на автомобиль",跨境卖家可售,2948₽,8,23560₽,700%,734%,50%,26578,1105,2044,6.26%,0.36%,44.2%,100.0%,0.03%,6.3%,12.4%,25.0%,0₽,,,Vigors,跨境卖家,RFBS,1150.0 g,"2026-06-24
3 个月"
520,#VALUE!,https://ir.ozone.ru/s3/multimedia-1-w/wc300/14560109816.jpg,"Чехол на автомобиль 460x185x170, Хлопок, Оксфорд, 1 шт.",https://www.ozon.ru/product/2695487678,2695487678,,"汽车罩
Чехол на автомобиль",跨境卖家可售,4769₽,8,38030₽,100%,112%,50%,11311,1925,1159,7.59%,0.1%,56.27%,100.0%,0.07%,9.1%,7.91%,0.0%,0₽,4.7,310,DMPL,跨境卖家,RFBS,4500.0 g,"2025-08-16
1 年 1 个月"
521,#VALUE!,https://ir.ozone.ru/s3/multimedia-1-i/wc300/7992252630.jpg,130 см Черный чехол на светодиодную балку,https://www.ozon.ru/product/3562691540,3562691540,,"汽车罩
Чехол на автомобиль",跨境卖家可售,590₽,8,5416₽,100%,131%,6.5%,1689,794,161,7.45%,0.62%,44.58%,100.0%,0.47%,66.7%,0.0%,25.0%,4775₽,4.9,256,Стеванс Маркет,本土卖家,FBS,75.0 g,"2026-02-27
6 个月"
522,#VALUE!,https://ir.ozone.ru/s3/multimedia-1-w/wc300/7919872376.jpg,"Чехол на автомобиль 39, Оксфорд ПВХ, Оксфорд, 1 шт.",https://www.ozon.ru/product/2787966178,2787966178,,"汽车罩
Чехол на автомобиль",跨境卖家可售,416₽,8,3208₽,700%,732%,53.3%,10048,338,572,11.01%,0.0%,0.0%,0.0%,0.07%,11.1%,21.0%,0.0%,0₽,4.9,10,G G Colors,跨境卖家,RFBS,342.0 g,"2025-09-01
1 年"
523,#VALUE!,https://ir.ozone.ru/s3/multimedia-1-4/wc300/13996111288.jpg,"Чехол на автомобиль 480x190x180, Оксфорд, Хлопок, 1 шт.",https://www.ozon.ru/product/2835129744,2835129744,,"汽车罩
Чехол на автомобиль",跨境卖家可售,4544₽,8,36400₽,167%,162%,50%,13229,897,983,7.12%,0.22%,57.88%,100.0%,0.06%,11.4%,27.11%,0.0%,0₽,4.8,56,МЕЧТА 7,跨境卖家,RFBS,4900.0 g,"2025-09-10
1 年"
524,#VALUE!,https://ir.ozone.ru/s3/multimedia-1-u/wc300/7313728746.jpg,Тент укрывной на автомобиль / чехол для автомобиля S 3.5х5.5 см,https://www.ozon.ru/product/2875631160,2875631160,,"汽车罩
Чехол на автомобиль",跨境卖家可售,513₽,8,4435₽,300%,290%,6.2%,5334,2986,355,8.16%,0.26%,50.0%,100.0%,0.15%,27.6%,0.0%,25.0%,0₽,3.6,9,Катушка для рыбалки!,本土卖家,FBS,150.0 g,"2025-09-20
1 年"
525,#VALUE!,https://ir.ozone.ru/s3/multimedia-1-1/wc300/8370823321.jpg,"Чехол на автомобиль, 1 шт.",https://www.ozon.ru/product/3135496512,3135496512,,"汽车罩
Чехол на автомобиль",跨境卖家可售,423₽,8,3384₽,100%,112%,53.4%,6356,431,276,10.86%,0.23%,31.47%,100.0%,0.13%,26.7%,3.22%,0.0%,0₽,4.8,27,Загадка Востока,跨境卖家,RFBS,350.0 g,"2025-11-21
10 个月"
526,#VALUE!,https://ir.ozone.ru/s3/multimedia-1-i/wc300/7992252630.jpg,121 см Черный чехол на светодиодную балку,https://www.ozon.ru/product/4141055144,4141055144,,"汽车罩
Чехол на автомобиль",跨境卖家可售,626₽,8,5410₽,167%,160%,7.3%,1393,780,116,12.93%,0.25%,35.72%,100.0%,0.57%,53.3%,0.0%,25.0%,7905₽,4.9,256,Стеванс Маркет,本土卖家,FBS,75.0 g,"2026-04-30
4 个月"
527,#VALUE!,https://ir.ozone.ru/s3/multimedia-1-d/wc300/12921366865.jpg,"Jijivisha Универсальный чехол на автомобиль, с комбинированным цветом и наполнением + молнией + фиксирующими ремнями с застежками, размер 540*175*120 см, Гарантия на пять лет",https://www.ozon.ru/product/3184749670,3184749670,Jijivisha,"汽车罩
Чехол на автомобиль",跨境卖家可售,2629₽,8,21032₽,100%,100%,17.1%,28482,3566,1122,7.3%,0.08%,0.0%,0.0%,0.03%,9.8%,26.05%,25.0%,0₽,4.7,381,AlfaMet,本土卖家,FBO,3200.0 g,"2025-12-02
9 个月"
528,#VALUE!,https://ir.ozone.ru/s3/multimedia-1-t/wc300/7992344117.jpg,55 см Синий чехол на светодиодную балку,https://www.ozon.ru/product/4141165056,4141165056,,"汽车罩
Чехол на автомобиль",跨境卖家可售,424₽,8,3642₽,167%,159%,0.4%,2119,856,240,3.33%,0.23%,31.44%,100.0%,0.33%,87.5%,0.0%,42.9%,1513₽,4.9,256,Стеванс Маркет,本土卖家,FBO,75.0 g,"2026-04-30
4 个月"
529,#VALUE!,https://ir.ozone.ru/s3/multimedia-1-u/wc300/10438978818.jpg,Чехол на автомобиль,https://www.ozon.ru/product/4291351270,4291351270,,"汽车罩
Чехол на автомобиль",跨境卖家可售,251₽,8,2008₽,700%,704%,51.2%,1934,1082,173,11.56%,0.55%,50.76%,100.0%,0.41%,40.0%,56.92%,25.0%,0₽,5.0,6,LAN JING A,跨境卖家,RFBS,190.0 g,"2026-05-13
4 个月"
530,#VALUE!,https://ir.ozone.ru/s3/multimedia-1-0/wc300/8947075896.jpg,"Чехол на автомобиль 430x175x150cm, PEVA, 1 шт.",https://www.ozon.ru/product/3467783744,3467783744,,"汽车罩
Чехол на автомобиль",跨境卖家可售,1299₽,8,9921₽,100%,100%,55%,13732,936,1415,7.7%,0.32%,0.0%,0.0%,0.06%,7.3%,5.4%,12.5%,0₽,4.6,104,Уютный Уголок,跨境卖家,RFBS,1600.0 g,"2026-01-29
7 个月"
531,#VALUE!,https://ir.ozone.ru/s3/multimedia-1-f/wc300/7962446679.jpg,"Чехол на автомобиль Lada Niva Legend Bronto зимний,защитный/высокопрочный，Сгущаться двухслойный с мягкой подкладкой, от царапин и плесени, Оксфорд 210D, 1 шт.",https://www.ozon.ru/product/3955259000,3955259000,,"汽车罩
Чехол на автомобиль",跨境卖家可售,2609₽,8,22147₽,167%,198%,51%,8952,2275,581,5.5%,0.21%,0.0%,0.0%,0.08%,21.9%,16.19%,28.6%,0₽,4.8,15,ramon,跨境卖家,FBP,2700.0 g,"2026-04-15
5 个月"
532,#VALUE!,https://ir.ozone.ru/s3/multimedia-1-n/wc300/9495912875.jpg,"Чехол на автомобиль 500*190*150, Оксфорд, 1 шт.",https://www.ozon.ru/product/3755732434,3755732434,,"汽车罩
Чехол на автомобиль",跨境卖家可售,4965₽,8,40422₽,15%,21%,50%,24971,8174,1582,5.56%,0.06%,39.77%,100.0%,0.03%,9.1%,21.41%,12.5%,0₽,4.7,294,Бутик Yaskawa,跨境卖家,RFBS,5000.0 g,"2026-03-26
6 个月"
533,#VALUE!,https://ir.ozone.ru/s3/multimedia-1-t/wc300/9694767629.jpg,"Чехол на автомобиль Nissan Note хэтчбек 2005 2024, размер HB-2M, защитный тент на авто",https://www.ozon.ru/product/4044514820,4044514820,,"汽车罩
Чехол на автомобиль",跨境卖家可售,2214₽,8,16499₽,700%,629%,50%,6580,1191,296,10.81%,0.16%,0.0%,0.0%,0.11%,21.9%,23.81%,0.0%,0₽,4.7,18,YAWH,跨境卖家,RFBS,2000.0 g,"2026-04-22
5 个月"
534,#VALUE!,https://ir.ozone.ru/s3/multimedia-1-5/wc300/10617515969.jpg,"Чехол на автомобиль Для LADA GRANTA CROSS, EVA, ABS пластик, 1 шт.",https://www.ozon.ru/product/4373630046,4373630046,,"汽车罩
Чехол на автомобиль",跨境卖家可售,2503₽,8,20024₽,700%,769%,50%,3998,3002,326,14.72%,0.06%,13.51%,22.38%,0.2%,16.7%,32.28%,0.0%,0₽,,,Liu-min01,跨境卖家,RFBS,2500.0 g,"2026-05-20
4 个月"
535,#VALUE!,https://ir.ozone.ru/s3/multimedia-1-b/wc300/10088407775.jpg,Market1 Чехол на автомобиль,https://www.ozon.ru/product/4104322028,4104322028,Market1,"汽车罩
Чехол на автомобиль",跨境卖家可售,1721₽,8,15749₽,-79%,-80%,16.7%,7418,613,680,7.5%,0.0%,0.0%,0.0%,0.09%,13.7%,0.0%,14.3%,3395₽,4.6,121,MarketONE,本土卖家,FBO,900.0 g,"2026-04-27
4 个月"
536,#VALUE!,https://ir.ozone.ru/s3/multimedia-1-o/wc300/10757752044.jpg,"Чехол на автомобиль, Пластик, 1 шт.",https://www.ozon.ru/product/4615513324,4615513324,,"汽车罩
Чехол на автомобиль",跨境卖家可售,328₽,8,2574₽,167%,190%,52.7%,1084,191,238,9.24%,0.0%,4.97%,100.0%,0.65%,31.8%,0.0%,14.3%,0₽,4.6,70,NovaPartsStore,跨境卖家,RFBS,180.0 g,"2026-06-06
3 个月"
537,#VALUE!,https://ir.ozone.ru/s3/multimedia-1-y/wc300/8947076902.jpg,"Чехол на автомобиль 400×160×120, PEVA, 1 шт.",https://www.ozon.ru/product/4799421320,4799421320,,"汽车罩
Чехол на автомобиль",跨境卖家可售,1167₽,8,8682₽,700%,683%,55%,16015,2576,1546,8.79%,0.15%,50.0%,100.0%,0.05%,5.9%,5.69%,0.0%,0₽,4.6,104,Уютный Уголок,跨境卖家,RFBS,1600.0 g,"2026-06-19
3 个月"
538,#VALUE!,https://ir.ozone.ru/s3/multimedia-1-g/wc300/11024219860.jpg,Тент для автомобиля УРАЛ 4320 (двухсторонний ПВХ материал 550 г/кв.м),https://www.ozon.ru/product/4657561436,4657561436,Автопласт,"汽车罩
Чехол на автомобиль",跨境卖家可售,25671₽,8,189181₽,167%,169%,17.9%,2985,1240,186,9.13%,0.08%,0.0%,0.0%,0.23%,41.2%,0.0%,14.3%,0₽,5.0,2,ТЕНТ ЭКСПЕРТ,本土卖家,FBS,20000.0 g,"2026-06-09
3 个月"
539,#VALUE!,https://ir.ozone.ru/s3/multimedia-8/wc300/6840362276.jpg,"Тент на ГАЗель 3302 нового образца, 8 люверсов (плотность 550гр/кв.м, двухсторонний усиленный ПВХ материал)",https://www.ozon.ru/product/4735966428,4735966428,Автопласт,"汽车罩
Чехол на автомобиль",跨境卖家可售,7359₽,8,57960₽,60%,65%,17.6%,6288,2879,326,11.34%,0.03%,0.0%,0.0%,0.11%,18.9%,0.0%,0.0%,0₽,4.8,6,ТЕНТ ЭКСПЕРТ,本土卖家,FBS,12000.0 g,"2026-06-15
3 个月"
540,#VALUE!,https://ir.ozone.ru/s3/multimedia-1-p/wc300/12219763669.jpg,"Чехол на автомобиль 600x350, Пластик, 1 шт.",https://www.ozon.ru/product/4969545538,4969545538,,"汽车罩
Чехол на автомобиль",跨境卖家可售,213₽,8,1328₽,100%,72%,49.7%,1137,656,173,2.31%,0.45%,31.25%,100.0%,0.44%,125.0%,0.0%,0.0%,0₽,5.0,1,QINYUE,跨境卖家,RFBS,172.0 g,"2026-07-06
2 个月"
541,#VALUE!,https://ir.ozone.ru/s3/multimedia-1-7/wc300/12122505907.jpg,"Чехол на автомобиль 530*250, Оксфорд, Композитный материал, 1 шт.",https://www.ozon.ru/product/4938195550,4938195550,,"汽车罩
Чехол на автомобиль",跨境卖家可售,1156₽,8,11773₽,60%,62%,55%,11441,906,866,7.39%,0.22%,0.0%,0.0%,0.06%,10.9%,7.0%,0.0%,0₽,3.0,9,wenxingangwan,跨境卖家,RFBS,1300.0 g,"2026-07-03
2 个月"
542,#VALUE!,https://ir.ozone.ru/s3/multimedia-1-u/wc300/13222499934.jpg,"Чехол на автомобиль Автомобильный чехол тент для автомобиля для Шевроле Круз Chevrolet Cruze , 210D, оксфордская ткань, 1 шт., Оксфорд 210D, 1 шт.",https://www.ozon.ru/product/5277178158,5277178158,,"汽车罩
Чехол на автомобиль",跨境卖家可售,3643₽,8,29479₽,100%,124%,18.1%,2500,1246,182,14.28%,0.24%,9.76%,100.0%,0.32%,30.8%,6.22%,12.5%,0₽,5.0,6,Auto Land,本土卖家,FBO,2100.0 g,"2026-07-30
1 个月"
543,#VALUE!,https://ir.ozone.ru/s3/multimedia-1-i/wc300/13996109898.jpg,"Чехол на автомобиль 460x185x170, Оксфорд, Хлопок, 1 шт.",https://www.ozon.ru/product/5491821336,5491821336,,"汽车罩
Чехол на автомобиль",跨境卖家可售,4554₽,8,36432₽,700%,749%,50%,2026,245,328,9.75%,0.0%,58.12%,100.0%,0.39%,25.0%,0.0%,12.5%,0₽,4.8,56,МЕЧТА 7,跨境卖家,RFBS,4500.0 g,"2026-08-16
1 个月"
544,#VALUE!,https://ir.ozone.ru/s3/multimedia-1-o/wc300/14113451508.jpg,"Чехол на автомобиль 35, Синтетика, 1 шт.",https://www.ozon.ru/product/5539503526,5539503526,,"汽车罩
Чехол на автомобиль",跨境卖家可售,389₽,8,2688₽,100%,100%,53%,417,240,37,2.7%,0.0%,0.0%,0.0%,1.92%,800.0%,0.0%,0.0%,0₽,,,AJ1,跨境卖家,RFBS,120.0 g,"2026-08-20
1 个月"
545,#VALUE!,https://ir.ozone.ru/s3/multimedia-1-4/wc300/14488117456.jpg,Чехол на автомобиль,https://www.ozon.ru/product/5649218320,5649218320,,"汽车罩
Чехол на автомобиль",跨境卖家可售,29₽,8,232₽,100%,100%,-144.2%,53,0,25,36.0%,0.0%,0.0%,0.0%,15.09%,88.9%,0.0%,12.5%,4821₽,,,TOP STORE,本土卖家,FBS,960.0 g,"2026-08-30
< 1 个月"
546,#VALUE!,https://ir.ozone.ru/s3/multimedia-1-3/wc300/13996110711.jpg,"Чехол на автомобиль 480x190x180, Оксфорд, Хлопок, 1 шт.",https://www.ozon.ru/product/5491831186,5491831186,,"汽车罩
Чехол на автомобиль",跨境卖家可售,4554₽,8,36432₽,100%,100%,50%,5335,1387,497,9.05%,0.07%,57.81%,100.0%,0.15%,17.8%,4.36%,0.0%,0₽,4.8,56,МЕЧТА 7,跨境卖家,RFBS,4900.0 g,"2026-08-16
1 个月"
547,#VALUE!,https://ir.ozone.ru/s3/multimedia-1-5/wc300/14765498321.jpg,"Тент чехол на машину автомобильный, от солнца дождя и снега",https://www.ozon.ru/product/5721199788,5721199788,,"汽车罩
Чехол на автомобиль",跨境卖家可售,2312₽,8,18496₽,100%,100%,16.5%,17734,10566,607,6.26%,0.05%,0.0%,0.0%,0.05%,21.1%,59.25%,0.0%,0₽,5.0,1,Магазин 5796470,本土卖家,FBS,1900.0 g,"2026-09-07
< 1 个月"
548,#VALUE!,https://ir.ozone.ru/s3/multimedia-1-4/wc300/14488117456.jpg,Чехол на автомобиль,https://www.ozon.ru/product/5649218664,5649218664,,"汽车罩
Чехол на автомобиль",跨境卖家可售,29₽,8,232₽,100%,100%,-144.2%,49,0,20,40.0%,0.0%,0.0%,0.0%,16.33%,100.0%,0.0%,12.5%,4821₽,,,TOP STORE,本土卖家,FBS,960.0 g,"2026-08-30
< 1 个月"
549,#VALUE!,https://ir.ozone.ru/s3/multimedia-1-4/wc300/14488117456.jpg,Чехол на автомобиль,https://www.ozon.ru/product/5649218686,5649218686,,"汽车罩
Чехол на автомобиль",跨境卖家可售,29₽,8,232₽,100%,100%,-144.2%,48,0,19,42.1%,0.0%,0.0%,0.0%,16.67%,100.0%,0.0%,12.5%,4821₽,,1214,TOP STORE,本土卖家,FBS,960.0 g,"2026-08-30
< 1 个月"
550,#VALUE!,https://ir.ozone.ru/s3/multimedia-1-4/wc300/14488117456.jpg,Чехол на автомобиль,https://www.ozon.ru/product/5649218722,5649218722,,"汽车罩
Чехол на автомобиль",跨境卖家可售,29₽,8,232₽,100%,100%,-144.2%,47,0,18,50.0%,0.0%,0.0%,0.0%,17.02%,88.9%,0.0%,12.5%,4821₽,,,TOP STORE,本土卖家,FBS,960.0 g,"2026-08-30
< 1 个月"
551,#VALUE!,https://ir.ozone.ru/s3/multimedia-1-4/wc300/14488117456.jpg,Чехол на автомобиль,https://www.ozon.ru/product/5649219064,5649219064,,"汽车罩
Чехол на автомобиль",跨境卖家可售,29₽,8,232₽,100%,100%,-144.2%,55,0,21,38.09%,0.0%,0.0%,0.0%,14.55%,100.0%,0.0%,12.5%,4821₽,,,TOP STORE,本土卖家,FBS,960.0 g,"2026-08-30
< 1 个月"
552,#VALUE!,https://ir-20.ozone.ru/s3/multimedia-1-4/wc300/14488117456.jpg,Чехол на автомобиль,https://www.ozon.ru/product/5649219404,5649219404,,"汽车罩
Чехол на автомобиль",跨境卖家可售,29₽,8,232₽,100%,100%,-144.2%,51,0,19,47.36%,0.0%,0.0%,0.0%,15.69%,88.9%,0.0%,12.5%,4821₽,,,TOP STORE,本土卖家,FBS,960.0 g,"2026-08-30
< 1 个月"
553,#VALUE!,https://ir-20.ozone.ru/s3/multimedia-1-4/wc300/14488117456.jpg,Чехол на автомобиль,https://www.ozon.ru/product/5649219412,5649219412,,"汽车罩
Чехол на автомобиль",跨境卖家可售,29₽,8,232₽,100%,100%,-144.2%,39,0,16,50.0%,0.0%,0.0%,0.0%,20.51%,100.0%,0.0%,12.5%,4821₽,,265,TOP STORE,本土卖家,FBS,960.0 g,"2026-08-30
< 1 个月"
554,#VALUE!,https://ir-20.ozone.ru/s3/multimedia-1-4/wc300/14488117456.jpg,Чехол на автомобиль,https://www.ozon.ru/product/5649219468,5649219468,,"汽车罩
Чехол на автомобиль",跨境卖家可售,28₽,8,224₽,100%,100%,-149.3%,67,2,26,34.61%,0.0%,0.0%,0.0%,11.94%,88.9%,0.0%,25.0%,4821₽,,265,TOP STORE,本土卖家,FBS,960.0 g,"2026-08-30
< 1 个月"
555,#VALUE!,https://ir.ozone.ru/s3/multimedia-1-8/wc300/9845822132.jpg,"Чехол для авто, тент автомобильный ZDK Размер XXL 580*175*120 см",https://www.ozon.ru/product/599842871,599842871,ZDK,"汽车罩
Чехол на автомобиль",跨境卖家可售,1374₽,8,10992₽,700%,373%,12.9%,5374,3435,242,7.02%,0.02%,0.0%,0.0%,0.15%,47.1%,8.71%,12.5%,0₽,3.6,113,ZOOWELL,本土卖家,FBO,1000.0 g,"2022-05-28
4 年 4 个月"
556,#VALUE!,https://ir.ozone.ru/s3/multimedia-1-3/wc300/7438946403.jpg,"Чехол для автомобиля, тент для машины универсальный",https://www.ozon.ru/product/749438695,749438695,Автохранитель,"汽车罩
Чехол на автомобиль",跨境卖家可售,8461₽,8,67225₽,167%,153%,20.3%,1556,255,303,6.93%,0.0%,10.1%,100.0%,0.51%,38.1%,0.0%,0.0%,10173₽,4.9,824,Автохранитель,本土卖家,FBS,3400.0 g,"2022-10-17
3 年 11 个月"
557,#VALUE!,https://ir-20.ozone.ru/s3/multimedia-1-1/wc300/7082557345.jpg,Чехол на автомобиль / тент на машину / универсальный,https://www.ozon.ru/product/817187465,817187465,Heavy Booster,"汽车罩
Чехол на автомобиль",跨境卖家可售,3114₽,8,20941₽,100%,95%,16.6%,16181,4240,357,5.04%,0.02%,21.58%,100.0%,0.05%,44.4%,8.94%,12.5%,0₽,4.5,892,Heavy Booster,本土卖家,FBO,1967.0 g,"2022-12-11
3 年 10 个月"
558,#VALUE!,https://ir.ozone.ru/s3/multimedia-1-6/wc300/10088408526.jpg,Market1 Чехол на автомобиль,https://www.ozon.ru/product/4104293839,4104293839,Market1,"汽车罩
Чехол на автомобиль",跨境卖家可售,2065₽,8,18435₽,-88%,-81%,17.5%,22766,915,1126,4.79%,0.1%,0.0%,0.0%,0.04%,14.8%,0.0%,37.5%,0₽,4.6,121,MarketONE,本土卖家,FBS,900.0 g,"2026-04-27
4 个月"
559,#VALUE!,https://ir-20.ozone.ru/s3/multimedia-1-q/wc300/8845936298.jpg,"Чехол на автомобиль Lada Granta(2011-2025)/Лада Гранта,Седан,защищает от дождя,пыли и снега,подходит для всех сезонов,высокоплотная,материал авиационного стандарта, Оксфорд 210D, 1 шт.",https://www.ozon.ru/product/4098976331,4098976331,,"汽车罩
Чехол на автомобиль",跨境卖家可售,2611₽,8,20800₽,300%,326%,50%,13266,2888,798,9.64%,0.13%,0.0%,0.0%,0.06%,10.4%,40.21%,25.0%,0₽,4.5,8,ramon,跨境卖家,RFBS,1500.0 g,"2026-04-27
4 个月"
560,#VALUE!,https://ir.ozone.ru/s3/multimedia-l/wc300/6679315533.jpg,"Чехлы автомобильные универсальные комплект на весь салон, 9 предметов",https://www.ozon.ru/product/1037868783,1037868783,MR MARKET ROCKET,"汽车罩
Чехол на автомобиль",跨境卖家可售,2285₽,8,19495₽,300%,386%,15.7%,3684,319,362,8.56%,0.0%,0.0%,0.0%,0.19%,22.6%,0.0%,14.3%,0₽,3.8,47,Gefu-market,本土卖家,FBO,1100.0 g,"2023-06-17
3 年 3 个月"
561,#VALUE!,https://ir.ozone.ru/s3/multimedia-1-3/wc300/7581010431.jpg,"XICBOOM Чехол на автомобиль 490x185x150, Оксфорд, Брезент, 1 шт.",https://www.ozon.ru/product/1074628519,1074628519,XICBOOM,"汽车罩
Чехол на автомобиль",跨境卖家可售,2702₽,8,21939₽,100%,100%,50%,16434,1918,595,8.73%,0.05%,52.8%,100.0%,0.05%,15.4%,11.23%,12.5%,0₽,4.8,4880,Tengxi auto supplies franchise store,跨境卖家,RFBS,1517.0 g,"2023-07-11
3 年 3 个月"
562,#VALUE!,https://ir.ozone.ru/s3/multimedia-1-a/wc300/6943851622.jpg,"XICBOOM Чехол на автомобиль Kia K5, Мембранные материалы, Ткань, 1 шт.",https://www.ozon.ru/product/1453552853,1453552853,XICBOOM,"汽车罩
Чехол на автомобиль",跨境卖家可售,4801₽,8,39384₽,300%,343%,50%,6722,4225,199,12.06%,0.14%,48.83%,100.0%,0.12%,33.3%,6.71%,37.5%,0₽,4.9,1615,Tengxi auto supplies franchise store,跨境卖家,RFBS,3100.0 g,"2024-03-06
2 年 7 个月"
563,#VALUE!,https://ir.ozone.ru/s3/multimedia-1-2/wc300/8839509806.jpg,"Aradela Чехол на автомобиль 400x175x155, Оксфорд, 1 шт.",https://www.ozon.ru/product/3409075313,3409075313,Aradela,"汽车罩
Чехол на автомобиль",跨境卖家可售,6113₽,8,48767₽,34%,55%,50%,8323,2683,474,8.43%,0.26%,40.17%,100.0%,0.11%,22.5%,3.47%,0.0%,0₽,4.7,720,Aradela Car Parts & Accessories,跨境卖家,RFBS,6500.0 g,"2026-01-19
8 个月"
564,#VALUE!,https://ir.ozone.ru/s3/multimedia-1-h/wc300/9900666053.jpg,"Чехол-тент (чехол, тент) на автомобиль Чери Тигго 7 Про Макс (2022-2026) внедорожник 5 дверей зимний от снега, дождя. Тент на машину Chery Tiggo 7 Pro Max для защиты краски, кузова",https://www.ozon.ru/product/1391436609,1391436609,AUTOPILOT,"汽车罩
Чехол на автомобиль",跨境卖家可售,4912₽,8,41894₽,100%,83%,18.6%,2365,782,148,8.78%,0.12%,0.0%,0.0%,0.3%,53.8%,0.0%,14.3%,0₽,4.9,44,ЗащитныеНакидки,本土卖家,FBS,1800.0 g,"2024-01-17
2 年 8 个月"
565,#VALUE!,https://ir.ozone.ru/s3/multimedia-1-z/wc300/9898587755.jpg,"Чехол-тент (чехол, тент) на автомобиль Джили Монжаро (2021-2026) внедорожник 5 дверей зимний от снега, дождя. Тент на машину Geely Monjaro для защиты краски, кузова",https://www.ozon.ru/product/1391436571,1391436571,AUTOPILOT,"汽车罩
Чехол на автомобиль",跨境卖家可售,4358₽,8,36030₽,0%,-11%,18.2%,3571,1304,252,7.53%,0.3%,0.0%,0.0%,0.2%,36.8%,1.43%,33.4%,0₽,4.8,46,ЗащитныеНакидки,本土卖家,FBS,1800.0 g,"2024-01-16
2 年 8 个月"
566,#VALUE!,https://ir.ozone.ru/s3/multimedia-1-3/wc300/7115470923.jpg,"XICBOOM Чехол на автомобиль Ford Focus, Оксфорд 210D, 1 шт.",https://www.ozon.ru/product/1675289821,1675289821,XICBOOM,"汽车罩
Чехол на автомобиль",跨境卖家可售,2905₽,8,23961₽,700%,768%,51%,8386,1276,385,9.87%,0.23%,50.61%,100.0%,0.07%,15.8%,13.07%,0.0%,0₽,5.0,24,Tengxi auto supplies franchise store,跨境卖家,FBP,1400.0 g,"2024-08-30
2 年 1 个月"
567,#VALUE!,https://ir-20.ozone.ru/s3/multimedia-1-9/wc300/7339834305.jpg,"XICBOOM Чехол на автомобиль Subaru Forester, Оксфорд 210D, 1 шт.",https://www.ozon.ru/product/1894692459,1894692459,XICBOOM,"汽车罩
Чехол на автомобиль",跨境卖家可售,2978₽,8,24572₽,700%,727%,51%,10085,4939,441,8.84%,0.06%,50.47%,100.0%,0.07%,17.9%,26.85%,0.0%,0₽,4.9,36,Tengxi auto supplies franchise store,跨境卖家,FBP,1700.0 g,"2025-02-23
1 年 7 个月"
568,#VALUE!,https://ir.ozone.ru/s3/multimedia-1-7/wc300/11833388107.jpg,"Тент-чехол на внедорожник. Размер C (L+). ""Лес""",https://www.ozon.ru/product/1923043305,1923043305,AUTOPILOT,"汽车罩
Чехол на автомобиль",跨境卖家可售,5288₽,8,42640₽,100%,100%,19.6%,27198,4611,1896,4.69%,0.04%,21.18%,100.0%,0.03%,9.0%,14.39%,0.0%,0₽,4.8,1607,Аксессуары Автопилот,本土卖家,FBS,2408.0 g,"2025-03-07
1 年 6 个月"
569,#VALUE!,https://ir.ozone.ru/s3/multimedia-1-f/wc300/12847940187.jpg,"Чехол на автомобиль 530*250, Оксфорд, Композитный материал, 1 шт.",https://www.ozon.ru/product/5161829117,5161829117,,"汽车罩
Чехол на автомобиль",跨境卖家可售,1527₽,8,12496₽,-43%,-37%,50%,12687,2126,743,8.47%,0.14%,59.13%,100.0%,0.06%,12.7%,8.63%,12.5%,0₽,3.2,11,Простая жизнь,跨境卖家,RFBS,1302.0 g,"2026-07-22
2 个月"
570,#VALUE!,https://ir.ozone.ru/s3/multimedia-1-l/wc300/7507831089.jpg,"Чехол на автомобиль, Мембранные материалы, Ткань, 1 шт.",https://www.ozon.ru/product/2202365297,2202365297,,"汽车罩
Чехол на автомобиль",跨境卖家可售,1474₽,8,11746₽,100%,82%,55%,3749,1334,258,11.24%,0.52%,40.47%,100.0%,0.21%,27.6%,17.13%,0.0%,0₽,4.1,19,Perfect Lamps,跨境卖家,RFBS,3000.0 g,"2025-05-28
1 年 4 个月"
571,#VALUE!,https://ir.ozone.ru/s3/multimedia-1-v/wc300/9742502263.jpg,"Чехол на автомобиль Renault Sandero Stepway(2015-2022) Всесезонный,Молния на двери,защита от солнца  и дождя и пыли и града и снега,двухслойный с мягкой подкладкой, Оксфорд 210D, 1 шт.",https://www.ozon.ru/product/2338403265,2338403265,,"汽车罩
Чехол на автомобиль",跨境卖家可售,3373₽,8,21315₽,700%,542%,50%,8829,2914,405,9.38%,0.1%,56.2%,100.0%,0.08%,18.4%,30.85%,14.3%,0₽,5.0,44,Auto parts direct store,跨境卖家,RFBS,2950.0 g,"2025-06-22
1 年 3 个月"
572,#VALUE!,https://ir.ozone.ru/s3/multimedia-1-1/wc300/7547350897.jpg,"Чехол на автомобиль, PEVA, 1 шт.",https://www.ozon.ru/product/4842250693,4842250693,,"汽车罩
Чехол на автомобиль",跨境卖家可售,1437₽,8,11480₽,-82%,-82%,9%,4940,423,188,11.17%,0.47%,8.36%,48.52%,0.12%,28.6%,0.0%,0.0%,22426₽,4.5,89,Sokol,本土卖家,FBS,2154.0 g,"2026-06-24
3 个月"
573,#VALUE!,https://ir.ozone.ru/s3/multimedia-1-0/wc300/10544455260.jpg,"Чехол на автомобиль Changan UNI-S(CS55 Plus)Двухслойный Усиленный авточехол ,молния на двер,Всесезонный ,защита от царапин и плесени, PEVA, 1 шт.",https://www.ozon.ru/product/2674637411,2674637411,,"汽车罩
Чехол на автомобиль",跨境卖家可售,3538₽,8,25983₽,100%,100%,50%,3819,214,240,12.08%,0.93%,47.74%,100.0%,0.21%,27.6%,0.0%,0.0%,0₽,4.8,48,Магазин качественных автозапчастей,跨境卖家,RFBS,2750.0 g,"2025-08-14
1 年 1 个月"
574,#VALUE!,https://ir.ozone.ru/s3/multimedia-1-t/wc300/14560108661.jpg,"Чехол на автомобиль 480x190x180, Хлопок, Оксфорд, 1 шт.",https://www.ozon.ru/product/2695473489,2695473489,,"汽车罩
Чехол на автомобиль",跨境卖家可售,4769₽,8,40956₽,-28%,-31%,50%,31268,1742,1848,8.76%,0.17%,53.32%,100.0%,0.03%,5.6%,21.07%,0.0%,0₽,4.7,310,DMPL,跨境卖家,RFBS,4900.0 g,"2025-08-16
1 年 1 个月"
575,#VALUE!,https://ir.ozone.ru/s3/multimedia-1-n/wc300/7950722243.jpg,"Чехол на автомобиль Lada Vesta двухслойный с мягкой подкладкой，Всесезонный，защитный/высокопрочный，защита от солнца  и дождя и пыли и града и снега ，Молния на двери, Оксфорд, 1 шт.",https://www.ozon.ru/product/2815898151,2815898151,,"汽车罩
Чехол на автомобиль",跨境卖家可售,3066₽,8,23273₽,300%,248%,50%,8208,2468,393,9.66%,0.16%,54.58%,100.0%,0.1%,21.1%,35.69%,0.0%,0₽,4.8,184,Магазин качественных автозапчастей,跨境卖家,RFBS,2602.0 g,"2025-09-06
1 年"
576,#VALUE!,https://ir.ozone.ru/s3/multimedia-1-w/wc300/7735628048.jpg,"Чехол на автомобиль Тойота Прадо S, Мембранные материалы, Ткань, 1 шт.",https://www.ozon.ru/product/2583469663,2583469663,,"汽车罩
Чехол на автомобиль",跨境卖家可售,1828₽,8,14623₽,-20%,-16%,50%,9210,1084,550,8.36%,0.27%,38.0%,100.0%,0.09%,17.4%,14.3%,0.0%,0₽,4.8,27,daydayup,跨境卖家,RFBS,3500.0 g,"2025-07-31
1 年 1 个月"
577,#VALUE!,https://ir.ozone.ru/s3/multimedia-1-8/wc300/7533313172.jpg,"Чехол на автомобиль 500x200x190, Велюр искусственный, Оксфорд, 1 шт.",https://www.ozon.ru/product/4964627161,4964627161,,"汽车罩
Чехол на автомобиль",跨境卖家可售,5878₽,8,21326₽,-47%,-48%,50%,3215,368,405,4.44%,0.54%,60.55%,100.0%,0.22%,38.9%,17.29%,28.6%,0₽,1.0,3,qwer4,跨境卖家,RFBS,4950.0 g,"2026-07-05
2 个月"
578,#VALUE!,https://ir.ozone.ru/s3/multimedia-1-o/wc300/9418274016.jpg,"Чехол на автомобиль 600x350, Пластик, 1 шт.",https://www.ozon.ru/product/3710188127,3710188127,,"汽车罩
Чехол на автомобиль",跨境卖家可售,186₽,8,1449₽,100%,100%,49%,4164,1142,193,8.29%,0.26%,13.63%,100.0%,0.19%,50.0%,2.85%,12.5%,0₽,5.0,1,facai112,跨境卖家,RFBS,196.0 g,"2026-03-21
6 个月"
579,#VALUE!,https://ir.ozone.ru/s3/multimedia-1-n/wc300/8868447131.jpg,"JijivishaТент-Чехол для автомобиля,тент для машины универсальный,PEVA+алюминиевая пленка,400х160х120CM,гарантия на один год",https://www.ozon.ru/product/3248823477,3248823477,Jijivisha,"汽车罩
Чехол на автомобиль",跨境卖家可售,1169₽,8,9352₽,100%,100%,11.4%,2829,1645,211,8.05%,0.12%,0.0%,0.0%,0.28%,47.1%,0.0%,,0₽,4.2,11,Ozon Россия,本土卖家,OZON,2200.0 g,"2025-12-24
9 个月"
580,#VALUE!,https://ir-20.ozone.ru/s3/multimedia-1-h/wc300/8474898833.jpg,"Чехол на автомобиль 520x200x190cm, Подходит для внедорожник и минивэн, Оксфорд, Хлопок, 1 шт.",https://www.ozon.ru/product/3200643701,3200643701,,"汽车罩
Чехол на автомобиль",跨境卖家可售,4751₽,8,34666₽,167%,198%,51%,15799,1957,668,9.73%,0.15%,0.0%,0.0%,0.04%,10.8%,25.51%,14.3%,0₽,4.5,27,Polar Bear Car Boutique,跨境卖家,FBP,5100.0 g,"2025-12-05
9 个月"
581,#VALUE!,https://ir.ozone.ru/s3/multimedia-1-z/wc300/14344616123.jpg,"Чехол на автомобиль 466x160x250, Металлизированный материал, Полиэфир, 1 шт.",https://www.ozon.ru/product/4291036743,4291036743,,"汽车罩
Чехол на автомобиль",跨境卖家可售,1456₽,8,16560₽,-64%,-65%,56%,29979,2167,1770,6.72%,0.09%,62.17%,100.0%,0.02%,5.9%,12.31%,14.3%,0₽,4.8,9,whhapple,跨境卖家,FBP,1800.0 g,"2026-05-13
4 个月"
582,#VALUE!,https://ir.ozone.ru/s3/multimedia-1-n/wc300/10405785119.jpg,"Чехол на автомобиль VAZ Niva 2121 ащитный от снега наледи /Двухслойный подкладкой и молнией/устойчивый к царапинам/полное покрытие автомобиля, Оксфорд, 1 шт.",https://www.ozon.ru/product/4275532925,4275532925,,"汽车罩
Чехол на автомобиль",跨境卖家可售,2537₽,8,20768₽,700%,645%,51%,3044,748,310,12.58%,0.26%,0.0%,0.0%,0.23%,17.9%,0.0%,28.6%,0₽,,,Китайский бутик-2,跨境卖家,FBP,2725.0 g,"2026-05-12
4 个月"
583,#VALUE!,https://ir.ozone.ru/s3/multimedia-1-x/wc300/7746184509.jpg,"Чехол на автомобиль 520x180x175, Рипстоп, 1 шт.",https://www.ozon.ru/product/3875184211,3875184211,,"汽车罩
Чехол на автомобиль",跨境卖家可售,2524₽,8,21003₽,100%,89%,51%,8510,1646,486,9.67%,0.48%,2.85%,100.0%,0.09%,17.0%,25.89%,0.0%,0₽,5.0,2,GLARY,跨境卖家,FBP,2400.0 g,"2026-04-08
5 个月"
584,#VALUE!,https://ir.ozone.ru/s3/multimedia-1-7/wc300/9720669391.jpg,"Чехол на автомобиль, Оксфорд, 1 шт.",https://www.ozon.ru/product/3900884989,3900884989,,"汽车罩
Чехол на автомобиль",跨境卖家可售,5280₽,8,31865₽,-12%,87%,50%,4628,227,303,10.56%,0.88%,57.48%,100.0%,0.17%,25.0%,0.0%,75.0%,0₽,4.3,15,PLUSH,跨境卖家,RFBS,1420.0 g,"2026-04-10
5 个月"
585,#VALUE!,https://ir-20.ozone.ru/s3/multimedia-1-a/wc300/10683244990.jpg,"Чехол на автомобиль, Алькантара, 1 шт.",https://www.ozon.ru/product/4496691819,4496691819,,"汽车罩
Чехол на автомобиль",跨境卖家可售,1140₽,8,7773₽,300%,293%,55%,7074,1719,655,8.24%,0.17%,15.09%,73.35%,0.11%,14.8%,24.89%,25.0%,0₽,3.5,4,LJKHO,跨境卖家,RFBS,465.0 g,"2026-05-29
3 个月"
586,#VALUE!,https://ir.ozone.ru/s3/multimedia-1-5/wc300/10624976825.jpg,"Чехол на автомобиль 530×200×150 см, Полиэстер, 1 шт.",https://www.ozon.ru/product/4376474063,4376474063,,"汽车罩
Чехол на автомобиль",跨境卖家可售,1779₽,8,14724₽,60%,71%,14.4%,5083,1466,335,8.95%,0.2%,69.61%,100.0%,0.16%,26.7%,0.0%,0.0%,0₽,4.4,37,MD LIDER,本土卖家,FBS,1900.0 g,"2026-05-20
4 个月"
587,#VALUE!,https://ir.ozone.ru/s3/multimedia-1-2/wc300/12788853770.jpg,"Чехол на автомобиль Daewoo Matiz(2000-2015) Молния на двери,Всесезонны,защитный/высокопрочный，двухслойный с мягкой подкладкой,защита от солнца  и дождя и пыли и града и снега, Оксфорд, 1 шт.",https://www.ozon.ru/product/5143473553,5143473553,,"汽车罩
Чехол на автомобиль",跨境卖家可售,1840₽,8,15008₽,700%,756%,50%,3302,1850,549,4.18%,0.43%,0.0%,0.0%,0.18%,26.1%,19.04%,0.0%,0₽,,,Jingtuoyu Department Store,跨境卖家,RFBS,1999.0 g,"2026-07-20
2 个月"
588,#VALUE!,https://ir.ozone.ru/s3/multimedia-1-i/wc300/11307254238.jpg,"Чехол на автомобиль, Алюминий, 1 шт.",https://www.ozon.ru/product/4648894571,4648894571,,"汽车罩
Чехол на автомобиль",跨境卖家可售,1770₽,8,15542₽,60%,67%,50%,12127,4896,557,7.36%,0.28%,15.0%,12.31%,0.06%,17.1%,23.76%,0.0%,0₽,5.0,4,FENGGANG,跨境卖家,RFBS,2300.0 g,"2026-06-09
3 个月"
589,#VALUE!,https://ir.ozone.ru/s3/multimedia-1-5/wc300/11434331885.jpg,"Чехол на автомобиль УАЗ Хантер, Мембранные материалы, Ткань, 1 шт.",https://www.ozon.ru/product/4699331993,4699331993,,"汽车罩
Чехол на автомобиль",跨境卖家可售,2023₽,8,16559₽,100%,100%,50%,1861,1257,207,10.14%,0.47%,0.0%,0.0%,0.43%,38.1%,8.64%,12.5%,0₽,,,Юйцзин Шанмао,跨境卖家,RFBS,1350.0 g,"2026-06-12
3 个月"
590,#VALUE!,https://ir.ozone.ru/s3/multimedia-1-g/wc300/11436154216.jpg,"Чехол на автомобиль Toyota Wish Зимняя утеплённая/ водонепроницаемая/Защита от снега и царапин/Заказной чехол 1:1, Оксфорд 210D, 1 шт.",https://www.ozon.ru/product/4700022605,4700022605,,"汽车罩
Чехол на автомобиль",跨境卖家可售,3006₽,8,24614₽,100%,86%,50%,3015,860,478,6.48%,0.46%,0.0%,0.0%,0.27%,25.8%,0.0%,25.0%,0₽,5.0,2,Бутик товаров для дома в Бинсине,跨境卖家,RFBS,4000.0 g,"2026-06-12
3 个月"
591,#VALUE!,https://ir.ozone.ru/s3/multimedia-1-o/wc300/13925534532.jpg,Тент для машины седан авто универсальный летний / зимний / автомобильный,https://www.ozon.ru/product/5467895015,5467895015,,"汽车罩
Чехол на автомобиль",跨境卖家可售,2741₽,8,27920₽,100%,100%,18.4%,4228,3031,236,10.16%,0.0%,0.0%,0.0%,0.19%,33.3%,5.42%,12.5%,0₽,5.0,3,Guizhou Province Liping,本土卖家,FBS,2300.0 g,"2026-08-14
1 个月"
592,#VALUE!,https://ir.ozone.ru/s3/multimedia-1-g/wc300/13407900460.jpg,"Чехол на автомобиль Авточехол-тент TOZAROA для хэтчбека и универсала, размер 2M, 4500×1900×1500 мм, водонепроницаемый от снега, дождя, солнца и пыли, подходит для Skoda Octavia, LADA Granta, Ford Focus, PEVA, 1 шт.",https://www.ozon.ru/product/5330777095,5330777095,,"汽车罩
Чехол на автомобиль",跨境卖家可售,1319₽,8,10552₽,700%,771%,55%,6137,3036,646,8.04%,0.23%,13.68%,100.0%,0.11%,13.5%,17.86%,14.3%,0₽,5.0,7,Tozaroa cover,跨境卖家,RFBS,1000.0 g,"2026-08-03
1 个月"
593,#VALUE!,https://ir.ozone.ru/s3/multimedia-1-4/wc300/14488117456.jpg,Чехол на автомобиль,https://www.ozon.ru/product/5649218121,5649218121,,"汽车罩
Чехол на автомобиль",跨境卖家可售,29₽,8,232₽,100%,100%,-144.2%,49,0,18,61.11%,0.0%,0.0%,0.0%,16.33%,72.7%,0.0%,12.5%,4821₽,,,TOP STORE,本土卖家,FBS,960.0 g,"2026-08-30
< 1 个月"
594,#VALUE!,https://ir.ozone.ru/s3/multimedia-1-u/wc300/12852191442.jpg,"Чехол на автомобиль 470x185x150, Оксфорд, 1 шт.",https://www.ozon.ru/product/3129007651,3129007651,,"汽车罩
Чехол на автомобиль",跨境卖家可售,4142₽,8,30418₽,100%,100%,50%,4714,41,586,6.14%,0.0%,15.03%,100.0%,0.13%,16.7%,0.0%,0.0%,0₽,,181,премиальное производство,跨境卖家,RFBS,4980.0 g,"2025-11-19
10 个月"
595,#VALUE!,https://ir.ozone.ru/s3/multimedia-1-4/wc300/14488117456.jpg,Чехол на автомобиль,https://www.ozon.ru/product/5649218633,5649218633,,"汽车罩
Чехол на автомобиль",跨境卖家可售,29₽,8,232₽,100%,100%,-144.2%,44,0,19,47.36%,0.0%,0.0%,0.0%,18.18%,88.9%,0.0%,12.5%,4821₽,,,TOP STORE,本土卖家,FBS,960.0 g,"2026-08-30
< 1 个月"
596,#VALUE!,https://ir.ozone.ru/s3/multimedia-1-4/wc300/14488117456.jpg,Чехол на автомобиль,https://www.ozon.ru/product/5649218645,5649218645,,"汽车罩
Чехол на автомобиль",跨境卖家可售,29₽,8,232₽,100%,100%,-144.2%,43,0,16,50.0%,0.0%,0.0%,0.0%,18.6%,100.0%,0.0%,12.5%,4821₽,,,TOP STORE,本土卖家,FBS,960.0 g,"2026-08-30
< 1 个月"
597,#VALUE!,https://ir.ozone.ru/s3/multimedia-1-4/wc300/14488117456.jpg,Чехол на автомобиль,https://www.ozon.ru/product/5649218759,5649218759,,"汽车罩
Чехол на автомобиль",跨境卖家可售,29₽,8,232₽,100%,100%,-144.2%,42,0,16,50.0%,0.0%,0.0%,0.0%,19.05%,100.0%,0.0%,12.5%,4821₽,,,TOP STORE,本土卖家,FBS,960.0 g,"2026-08-30
< 1 个月"
598,#VALUE!,https://ir.ozone.ru/s3/multimedia-1-4/wc300/14488117456.jpg,Чехол на автомобиль,https://www.ozon.ru/product/5649218891,5649218891,,"汽车罩
Чехол на автомобиль",跨境卖家可售,29₽,8,232₽,100%,100%,-144.2%,50,0,21,38.09%,0.0%,0.0%,0.0%,16.0%,100.0%,0.0%,12.5%,4821₽,,,TOP STORE,本土卖家,FBS,960.0 g,"2026-08-30
< 1 个月"
599,#VALUE!,https://ir.ozone.ru/s3/multimedia-1-4/wc300/14488117456.jpg,Чехол на автомобиль,https://www.ozon.ru/product/5649218909,5649218909,,"汽车罩
Чехол на автомобиль",跨境卖家可售,29₽,8,232₽,100%,100%,-144.2%,52,0,20,45.0%,0.0%,0.0%,0.0%,15.38%,88.9%,0.0%,12.5%,4821₽,,,TOP STORE,本土卖家,FBS,960.0 g,"2026-08-30
< 1 个月"
600,#VALUE!,https://ir.ozone.ru/s3/multimedia-1-4/wc300/14488117456.jpg,Чехол на автомобиль,https://www.ozon.ru/product/5649219065,5649219065,,"汽车罩
Чехол на автомобиль",跨境卖家可售,29₽,8,232₽,100%,100%,-144.2%,50,0,20,60.0%,0.0%,0.0%,0.0%,16.0%,66.7%,0.0%,12.5%,4821₽,,,TOP STORE,本土卖家,FBS,960.0 g,"2026-08-30
< 1 个月"
601,#VALUE!,https://ir.ozone.ru/s3/multimedia-1-4/wc300/14488117456.jpg,Чехол на автомобиль,https://www.ozon.ru/product/5649219123,5649219123,,"汽车罩
Чехол на автомобиль",跨境卖家可售,29₽,8,232₽,100%,100%,-144.2%,42,0,16,56.25%,0.0%,0.0%,0.0%,19.05%,88.9%,0.0%,12.5%,4821₽,,,TOP STORE,本土卖家,FBS,960.0 g,"2026-08-30
< 1 个月"
602,#VALUE!,https://ir-20.ozone.ru/s3/multimedia-1-4/wc300/14488117456.jpg,Чехол на автомобиль,https://www.ozon.ru/product/5649219191,5649219191,,"汽车罩
Чехол на автомобиль",跨境卖家可售,29₽,8,232₽,100%,100%,-144.2%,40,0,17,52.94%,0.0%,0.0%,0.0%,20.0%,88.9%,0.0%,12.5%,4821₽,,,TOP STORE,本土卖家,FBS,960.0 g,"2026-08-30
< 1 个月"
603,#VALUE!,https://ir-20.ozone.ru/s3/multimedia-1-4/wc300/14488117456.jpg,Чехол на автомобиль,https://www.ozon.ru/product/5649219227,5649219227,,"汽车罩
Чехол на автомобиль",跨境卖家可售,29₽,8,232₽,100%,100%,-144.2%,49,0,18,50.0%,0.0%,0.0%,0.0%,16.33%,88.9%,0.0%,12.5%,4821₽,,,TOP STORE,本土卖家,FBS,960.0 g,"2026-08-30
< 1 个月"
604,#VALUE!,https://ir-20.ozone.ru/s3/multimedia-1-4/wc300/14488117456.jpg,Чехол на автомобиль,https://www.ozon.ru/product/5649219235,5649219235,,"汽车罩
Чехол на автомобиль",跨境卖家可售,29₽,8,232₽,100%,100%,-144.2%,43,0,16,50.0%,0.0%,0.0%,0.0%,18.6%,100.0%,0.0%,12.5%,4821₽,,,TOP STORE,本土卖家,FBS,960.0 g,"2026-08-30
< 1 个月"
605,#VALUE!,https://ir-20.ozone.ru/s3/multimedia-1-4/wc300/14488117456.jpg,Чехол на автомобиль,https://www.ozon.ru/product/5649219303,5649219303,,"汽车罩
Чехол на автомобиль",跨境卖家可售,29₽,8,232₽,100%,100%,-144.2%,43,0,16,56.25%,0.0%,0.0%,0.0%,18.6%,88.9%,0.0%,12.5%,4821₽,,,TOP STORE,本土卖家,FBS,960.0 g,"2026-08-30
< 1 个月"
606,#VALUE!,https://ir-20.ozone.ru/s3/multimedia-1-4/wc300/14488117456.jpg,Чехол на автомобиль,https://www.ozon.ru/product/5649219351,5649219351,,"汽车罩
Чехол на автомобиль",跨境卖家可售,29₽,8,232₽,100%,100%,-144.2%,55,0,22,36.36%,0.0%,0.0%,0.0%,14.55%,100.0%,0.0%,12.5%,4821₽,,,TOP STORE,本土卖家,FBS,960.0 g,"2026-08-30
< 1 个月"
607,#VALUE!,https://ir-20.ozone.ru/s3/multimedia-1-4/wc300/14488117456.jpg,Чехол на автомобиль,https://www.ozon.ru/product/5649219475,5649219475,,"汽车罩
Чехол на автомобиль",跨境卖家可售,29₽,8,232₽,100%,100%,-144.2%,61,0,23,60.86%,0.0%,0.0%,0.0%,13.11%,57.1%,0.0%,12.5%,4821₽,,,TOP STORE,本土卖家,FBS,960.0 g,"2026-08-30
< 1 个月"
608,#VALUE!,https://ir-20.ozone.ru/s3/multimedia-1-4/wc300/14488117456.jpg,Чехол на автомобиль,https://www.ozon.ru/product/5649219611,5649219611,,"汽车罩
Чехол на автомобиль",跨境卖家可售,29₽,8,232₽,100%,100%,-144.2%,46,0,18,50.0%,0.0%,0.0%,0.0%,17.39%,88.9%,0.0%,12.5%,4821₽,,1214,TOP STORE,本土卖家,FBS,960.0 g,"2026-08-30
< 1 个月"
609,#VALUE!,https://ir-20.ozone.ru/s3/multimedia-1-4/wc300/14488117456.jpg,Чехол на автомобиль,https://www.ozon.ru/product/5649219975,5649219975,,"汽车罩
Чехол на автомобиль",跨境卖家可售,29₽,8,232₽,100%,100%,-144.2%,45,0,17,47.05%,0.0%,0.0%,0.0%,17.78%,100.0%,0.0%,12.5%,4821₽,,,TOP STORE,本土卖家,FBS,960.0 g,"2026-08-30
< 1 个月"
610,#VALUE!,https://ir.ozone.ru/s3/multimedia-1-u/wc300/7728844674.jpg,"CHERY Чехол на автомобиль, Оксфорд, 1 шт.",https://www.ozon.ru/product/3325509986,3325509986,CHERY,"汽车罩
Чехол на автомобиль",跨境卖家可售,2845₽,7,19600₽,100%,100%,50%,7968,1295,494,12.34%,0.77%,0.0%,0.0%,0.09%,11.5%,13.06%,0.0%,0₽,4.9,15,fangjingyi,跨境卖家,RFBS,1839.0 g,"2026-01-04
8 个月"
611,#VALUE!,https://ir.ozone.ru/s3/multimedia-1-2/wc300/8720446178.jpg,"Чехол на автомобиль 245x114.5, Фольга, 1 шт.",https://www.ozon.ru/product/3340671090,3340671090,,"汽车罩
Чехол на автомобиль",跨境卖家可售,595₽,7,4165₽,100%,100%,55.5%,1876,149,220,12.27%,0.0%,51.88%,100.0%,0.21%,14.8%,0.0%,25.0%,0₽,4.7,55,Быть частью тебя,跨境卖家,FBP,350.0 g,"2026-01-06
8 个月"
612,#VALUE!,https://ir.ozone.ru/s3/multimedia-1-4/wc300/7212979624.jpg,"XICBOOM Чехол на автомобиль Lexus Rx Rx300 Rx330 Rx350 Rx400 Rx450 Rx500, Оксфорд 210D, 1 шт.",https://www.ozon.ru/product/1772143050,1772143050,XICBOOM,"汽车罩
Чехол на автомобиль",跨境卖家可售,3050₽,7,22376₽,17%,26%,51%,11683,6628,383,7.04%,0.1%,46.83%,100.0%,0.06%,25.9%,14.72%,14.3%,0₽,5.0,111,Tengxi auto supplies franchise store,跨境卖家,FBP,1712.0 g,"2024-11-30
1 年 10 个月"
613,#VALUE!,https://ir.ozone.ru/s3/multimedia-a/wc300/6895097038.jpg,"Чехол на автомобиль Haval Jolion, ABS пластик, EVA, 1 шт.",https://www.ozon.ru/product/3094695346,3094695346,,"汽车罩
Чехол на автомобиль",跨境卖家可售,2104₽,7,12921₽,100%,100%,50%,9165,1814,384,10.41%,0.38%,0.0%,0.0%,0.08%,17.5%,7.4%,14.3%,0₽,4.4,275,tuozhan,跨境卖家,RFBS,1700.0 g,"2025-11-11
10 个月"
614,#VALUE!,https://ir.ozone.ru/s3/multimedia-1-c/wc300/7037385168.jpg,"XICBOOM Чехол на автомобиль 490x185x150, Оксфорд, Брезент, 1 шт.",https://www.ozon.ru/product/1584922054,1584922054,XICBOOM,"汽车罩
Чехол на автомобиль",跨境卖家可售,2676₽,7,19747₽,600%,616%,51%,3849,50,556,7.01%,2.0%,48.44%,100.0%,0.18%,17.9%,0.0%,0.0%,0₽,4.8,4880,Tengxi auto supplies franchise store,跨境卖家,FBP,1513.0 g,"2024-05-25
2 年 4 个月"
615,#VALUE!,https://ir.ozone.ru/s3/multimedia-v/wc300/6858713875.jpg,"Чехол на автомобиль Рено Дастер, EVA, Брезент, 1 шт.",https://www.ozon.ru/product/3094695382,3094695382,,"汽车罩
Чехол на автомобиль",跨境卖家可售,2131₽,7,14035₽,75%,100%,50%,7838,1937,421,10.92%,0.41%,0.0%,0.0%,0.09%,15.2%,26.89%,0.0%,0₽,4.4,275,tuozhan,跨境卖家,RFBS,1700.0 g,"2025-11-11
10 个月"
616,#VALUE!,https://ir.ozone.ru/s3/multimedia-1-e/wc300/7038215186.jpg,"XICBOOM Чехол на автомобиль ""D"" Применяется для кроссоверов и внедорожников(510x195x180cm), Оксфорд, Брезент, 1 шт.",https://www.ozon.ru/product/1585909994,1585909994,XICBOOM,"汽车罩
Чехол на автомобиль",跨境卖家可售,2573₽,7,19706₽,600%,518%,51%,5628,143,736,3.39%,0.0%,48.31%,100.0%,0.09%,20.0%,0.0%,0.0%,0₽,4.8,4880,Tengxi auto supplies franchise store,跨境卖家,FBP,1700.0 g,"2024-05-27
2 年 4 个月"
617,#VALUE!,https://ir.ozone.ru/s3/multimedia-l/wc300/6861943929.jpg,"XICBOOM Чехол на автомобиль Nissan Qashqai, Мембранные материалы, Нетканое полотно, 1 шт.",https://www.ozon.ru/product/1342239004,1342239004,XICBOOM,"汽车罩
Чехол на автомобиль",跨境卖家可售,4938₽,7,35132₽,0%,6%,50%,7676,3643,280,4.64%,0.05%,47.28%,100.0%,0.08%,46.2%,6.68%,0.0%,0₽,4.9,707,Tengxi auto supplies franchise store,跨境卖家,RFBS,3300.0 g,"2023-12-15
2 年 9 个月"
618,#VALUE!,https://ir-20.ozone.ru/s3/multimedia-0/wc300/6723263448.jpg,"Тент для Газель 3302 старого образца (400 г/кв.м, двухсторонний ПВХ материал)",https://www.ozon.ru/product/1674104498,1674104498,Автопласт,"汽车罩
Чехол на автомобиль",跨境卖家可售,6540₽,7,45625₽,17%,40%,17%,5454,2624,372,5.37%,0.41%,0.0%,0.0%,0.11%,30.0%,0.0%,33.4%,0₽,4.7,27,АВТОТЕНТ,本土卖家,FBS,8700.0 g,"2024-08-29
2 年 1 个月"
619,#VALUE!,https://ir.ozone.ru/s3/multimedia-1-6/wc300/11783145714.jpg,Тент-чехол на седан. Размер 3 (седан) XL,https://www.ozon.ru/product/1919886710,1919886710,AUTOPILOT,"汽车罩
Чехол на автомобиль",跨境卖家可售,2941₽,7,22663₽,-30%,-29%,15.2%,21204,2528,1217,5.42%,0.03%,11.19%,100.0%,0.03%,9.1%,11.53%,0.0%,0₽,4.8,1607,Аксессуары Автопилот,本土卖家,FBS,2680.0 g,"2025-03-06
1 年 6 个月"
620,#VALUE!,https://ir-20.ozone.ru/s3/multimedia-1-w/wc300/10616913392.jpg,"yyy Чехол на автомобиль 159x115, Искусственные материалы, 1 шт.",https://www.ozon.ru/product/2117640020,2117640020,yyy,"汽车罩
Чехол на автомобиль",跨境卖家可售,384₽,7,2594₽,100%,100%,53.2%,5573,595,189,17.46%,0.16%,17.14%,100.0%,0.13%,21.2%,19.65%,14.3%,0₽,4.6,74,Универмаг Зои.,跨境卖家,RFBS,500.0 g,"2025-05-10
1 年 4 个月"
621,#VALUE!,https://ir.ozone.ru/s3/multimedia-1-4/wc300/7533313168.jpg,"Чехол на автомобиль 430x180x150, Велюр искусственный, Оксфорд, 1 шт.",https://www.ozon.ru/product/2121317060,2121317060,,"汽车罩
Чехол на автомобиль",跨境卖家可售,5214₽,7,35305₽,-50%,-46%,50%,31563,4706,1607,6.96%,0.02%,35.35%,100.0%,0.03%,7.1%,7.86%,0.0%,0₽,4.7,1084,Бутик Yaskawa,跨境卖家,RFBS,4950.0 g,"2025-05-11
1 年 4 个月"
622,#VALUE!,https://ir.ozone.ru/s3/multimedia-1-d/wc300/7937663989.jpg,"Чехол на автомобиль Toyota Corolla(1991-2026) Двухслойный Усиленный авточехол ,молния на двер,Всесезонный ,защита от царапин и плесени, PEVA, 1 шт.",https://www.ozon.ru/product/2672370502,2672370502,,"汽车罩
Чехол на автомобиль",跨境卖家可售,3091₽,7,21823₽,600%,521%,50%,4740,1276,180,13.88%,0.07%,48.1%,100.0%,0.13%,24.0%,34.6%,0.0%,0₽,4.7,44,Магазин качественных автозапчастей,跨境卖家,RFBS,2700.0 g,"2025-08-13
1 年 1 个月"
623,#VALUE!,https://ir.ozone.ru/s3/multimedia-1-c/wc300/13840219524.jpg,"Чехол на автомобиль 430x180x150, Хлопок, Оксфорд, 1 шт.",https://www.ozon.ru/product/2652109926,2652109926,,"汽车罩
Чехол на автомобиль",跨境卖家可售,4652₽,7,33938₽,600%,651%,50%,4982,382,912,4.82%,0.0%,56.14%,100.0%,0.14%,15.9%,1.77%,0.0%,0₽,4.8,71,DMPL,跨境卖家,RFBS,4000.0 g,"2025-08-10
1 年 1 个月"
624,#VALUE!,https://ir.ozone.ru/s3/multimedia-1-c/wc300/8249949660.jpg,"Чехол на автомобиль 470x185x150, Хлопок, Оксфорд 210D, 1 шт.",https://www.ozon.ru/product/2927074470,2927074470,,"汽车罩
Чехол на автомобиль",跨境卖家可售,6828₽,7,48351₽,75%,78%,50%,10820,2347,1333,4.65%,0.04%,57.75%,100.0%,0.06%,11.3%,4.75%,0.0%,0₽,4.8,310,DMPL,跨境卖家,RFBS,6500.0 g,"2025-10-02
11 个月"
625,#VALUE!,https://ir.ozone.ru/s3/multimedia-t/wc300/6845061449.jpg,"Чехол на автомобиль Шкода Октавия, Мембранные материалы, Ткань, 1 шт.",https://www.ozon.ru/product/2970588140,2970588140,,"汽车罩
Чехол на автомобиль",跨境卖家可售,2328₽,7,16814₽,100%,100%,50%,7076,1965,462,8.44%,0.25%,0.0%,0.0%,0.1%,17.9%,6.99%,0.0%,0₽,4.2,12,tuozhan,跨境卖家,RFBS,3200.0 g,"2025-10-14
11 个月"
626,#VALUE!,https://ir.ozone.ru/s3/multimedia-1-k/wc300/8574882176.jpg,"ZHJYDM Чехол на автомобиль Audi Q7 2007-2025,,С сумкой для хранения, Оксфорд 210D, 1 шт.",https://www.ozon.ru/product/3259313076,3259313076,ZHJYDM,"汽车罩
Чехол на автомобиль",跨境卖家可售,2663₽,7,18641₽,600%,405%,50%,2408,926,152,11.18%,0.32%,50.0%,60.12%,0.29%,41.2%,22.14%,0.0%,0₽,4.9,8,Zhuohang Jiayi,跨境卖家,RFBS,1350.0 g,"2025-12-19
9 个月"
627,#VALUE!,https://ir.ozone.ru/s3/multimedia-1-o/wc300/8406545136.jpg,"Чехол на автомобиль с юбкой,500x200x190см, Подходит для внедорожник, Оксфорд 210D, Хлопок, 1 шт.",https://www.ozon.ru/product/3260708880,3260708880,,"汽车罩
Чехол на автомобиль",跨境卖家可售,6064₽,7,42396₽,600%,629%,50%,2703,253,443,6.54%,0.0%,15.0%,100.0%,0.22%,20.7%,0.0%,0.0%,0₽,4.8,16,Семейный Склад,跨境卖家,RFBS,8000.0 g,"2025-12-19
9 个月"
628,#VALUE!,https://ir.ozone.ru/s3/multimedia-1-u/wc300/10160715306.jpg,"Чехол на автомобиль для Haval M6(хавал м6)  H64F, Синтетика, 1 шт.",https://www.ozon.ru/product/4153931522,4153931522,,"汽车罩
Чехол на автомобиль",跨境卖家可售,2182₽,7,14450₽,250%,208%,50%,13011,1244,722,8.72%,0.08%,44.57%,100.0%,0.05%,11.1%,16.7%,14.3%,0₽,4.3,44,linshuqinbaihuo,跨境卖家,RFBS,2200.0 g,"2026-05-01
4 个月"
629,#VALUE!,https://ir.ozone.ru/s3/multimedia-1-w/wc300/8453224436.jpg,"Чехол на автомобиль, Мех искусственный, 5 шт.",https://www.ozon.ru/product/3187555316,3187555316,,"汽车罩
Чехол на автомобиль",跨境卖家可售,4729₽,7,32493₽,134%,148%,50%,13354,60,1546,7.69%,0.0%,0.0%,0.0%,0.04%,5.0%,0.0%,0.0%,0₽,5.0,4,Дружественная торговля,跨境卖家,RFBS,2800.0 g,"2025-12-03
9 个月"
630,#VALUE!,https://ir.ozone.ru/s3/multimedia-1-x/wc300/8474891109.jpg,"Чехол на автомобиль 525x195x150cm, Подходит для седанов, Оксфорд, Хлопок, 1 шт.",https://www.ozon.ru/product/3200642640,3200642640,,"汽车罩
Чехол на автомобиль",跨境卖家可售,4661₽,7,29382₽,600%,750%,51%,1935,16,750,3.86%,0.0%,0.0%,0.0%,0.26%,17.2%,0.0%,0.0%,0₽,5.0,20,Polar Bear Car Boutique,跨境卖家,FBP,4600.0 g,"2025-12-05
9 个月"
631,#VALUE!,https://ir.ozone.ru/s3/multimedia-1-w/wc300/8899272428.jpg,"Чехол на автомобиль 460x180x170, Оксфорд, 1 шт.",https://www.ozon.ru/product/3128992796,3128992796,,"汽车罩
Чехол на автомобиль",跨境卖家可售,3617₽,7,24111₽,250%,232%,50%,7421,628,861,7.31%,0.15%,15.22%,100.0%,0.11%,12.7%,23.15%,12.5%,0₽,4.6,181,премиальное производство,跨境卖家,RFBS,4950.0 g,"2025-11-19
10 个月"
632,#VALUE!,https://ir.ozone.ru/s3/multimedia-1-c/wc300/8326575444.jpg,"Чехол на автомобиль, Металл, 1 шт.",https://www.ozon.ru/product/3105911000,3105911000,,"汽车罩
Чехол на автомобиль",跨境卖家可售,1299₽,7,8678₽,40%,36%,55%,16157,1027,1056,5.49%,0.19%,0.0%,0.0%,0.04%,12.1%,32.79%,14.3%,0₽,4.5,159,Fengqiao2,跨境卖家,RFBS,1800.0 g,"2025-11-14
10 个月"
633,#VALUE!,https://ir.ozone.ru/s3/multimedia-1-6/wc300/8561311314.jpg,"Чехол на автомобиль 430х160х150, Полиэстер, 1 шт.",https://www.ozon.ru/product/3250518728,3250518728,,"汽车罩
Чехол на автомобиль",跨境卖家可售,1592₽,7,11123₽,600%,710%,49.9%,4703,1668,269,8.55%,0.47%,30.15%,40.99%,0.13%,26.1%,22.44%,16.7%,0₽,4.9,5,facai112,跨境卖家,RFBS,1000.0 g,"2025-12-17
9 个月"
634,#VALUE!,https://ir.ozone.ru/s3/multimedia-1-9/wc300/8910453717.jpg,"Чехол на автомобиль Toyota Raize Двойной слой с ватой/Стропы на 4 колеса/100% водозащита/Фабрика напрямую, Оксфорд, 1 шт.",https://www.ozon.ru/product/4275595344,4275595344,,"汽车罩
Чехол на автомобиль",跨境卖家可售,2721₽,7,20226₽,600%,608%,51%,6094,2083,350,8.0%,0.38%,0.0%,0.0%,0.1%,21.4%,26.64%,0.0%,0₽,5.0,2,yunbianxiaomaipu,跨境卖家,FBP,2850.0 g,"2026-05-12
4 个月"
635,#VALUE!,https://ir.ozone.ru/s3/multimedia-1-v/wc300/8851306423.jpg,"Aradela Чехол на автомобиль 470x190x185, Оксфорд, Велюр искусственный, 1 шт.",https://www.ozon.ru/product/3415105718,3415105718,Aradela,"汽车罩
Чехол на автомобиль",跨境卖家可售,6823₽,7,48445₽,-42%,-37%,50%,6642,55,1003,5.88%,0.0%,33.79%,100.0%,0.09%,10.2%,0.0%,16.7%,0₽,4.7,720,Aradela Car Parts & Accessories,跨境卖家,RFBS,7210.0 g,"2026-01-20
8 个月"
636,#VALUE!,https://ir.ozone.ru/s3/multimedia-1-q/wc300/8851648850.jpg,"Aradela Чехол на автомобиль 450x180x168, Оксфорд, Велюр искусственный, 1 шт.",https://www.ozon.ru/product/3413511568,3413511568,Aradela,"汽车罩
Чехол на автомобиль",跨境卖家可售,6768₽,7,48063₽,-30%,-28%,50%,6039,33,779,5.0%,3.03%,43.73%,100.0%,0.1%,15.4%,0.0%,16.7%,0₽,4.7,720,Aradela Car Parts & Accessories,跨境卖家,RFBS,7000.0 g,"2026-01-20
8 个月"
637,#VALUE!,https://ir.ozone.ru/s3/multimedia-1-j/wc300/8851307851.jpg,"Aradela Чехол на автомобиль 490x200x185, Оксфорд, Велюр искусственный, 1 шт.",https://www.ozon.ru/product/3415105908,3415105908,Aradela,"汽车罩
Чехол на автомобиль",跨境卖家可售,6877₽,7,49231₽,600%,628%,50%,2865,30,139,13.66%,0.0%,50.0%,100.0%,0.21%,31.6%,0.0%,0.0%,0₽,4.7,716,Aradela Car Parts & Accessories,跨境卖家,RFBS,7000.0 g,"2026-01-20
8 个月"
638,#VALUE!,https://ir.ozone.ru/s3/multimedia-1-7/wc300/9194877871.jpg,"Чехол на автомобиль, Оксфорд, 1 шт.",https://www.ozon.ru/product/3931972030,3931972030,,"汽车罩
Чехол на автомобиль",跨境卖家可售,2237₽,7,12876₽,600%,478%,50%,9336,2058,734,6.13%,0.34%,11.4%,57.23%,0.05%,11.1%,13.48%,0.0%,0₽,3.7,6,Золотой Свет,跨境卖家,RFBS,3000.0 g,"2026-04-13
5 个月"
639,#VALUE!,https://ir.ozone.ru/s3/multimedia-1-7/wc300/13873362703.jpg,Тент на Луаз 969М Хаки,https://www.ozon.ru/product/3810487620,3810487620,,"汽车罩
Чехол на автомобиль",跨境卖家可售,8602₽,7,91497₽,600%,564%,19.4%,4692,1832,855,1.63%,0.27%,38.16%,19.85%,0.15%,50.0%,0.0%,14.3%,2525₽,4.6,32,ООО ТЕНТ ЛЮКС НН,本土卖家,FBS,6400.0 g,"2026-04-01
5 个月"
640,#VALUE!,https://ir.ozone.ru/s3/multimedia-1-n/wc300/10090283027.jpg,"Чехол для автомобиля, тент для автомобиля, размер 490 x190 x150 (L)",https://www.ozon.ru/product/3869444214,3869444214,Gandi Clo,"汽车罩
Чехол на автомобиль",跨境卖家可售,2272₽,7,17830₽,134%,181%,16.4%,5988,668,286,7.69%,0.0%,88.98%,100.0%,0.12%,31.8%,0.0%,28.6%,7629₽,4.6,2590,TOP STORE,本土卖家,FBO,2390.0 g,"2026-04-07
5 个月"
641,#VALUE!,https://ir.ozone.ru/s3/multimedia-1-y/wc300/9840673762.jpg,"Чехол на автомобиль Lada Vesta SW（2015-2025）/Лада Веста SW,Хэтчбек 5 дв,Универсальный для всех сезонов,защита автомобиля от дождя,снега,УФ-излучения,износостойкий и устойчивый к ветру, Оксфорд 210D, 1 шт.",https://www.ozon.ru/product/3968321764,3968321764,,"汽车罩
Чехол на автомобиль",跨境卖家可售,2535₽,7,18315₽,40%,48%,51%,5114,2842,471,11.25%,0.1%,0.0%,0.0%,0.12%,11.3%,15.33%,16.7%,0₽,,,PET PA,跨境卖家,FBP,2001.0 g,"2026-04-16
5 个月"
642,#VALUE!,https://ir.ozone.ru/s3/multimedia-1-a/wc300/9891496990.jpg,"Чехол на автомобиль 438×181×161.5 cm, Оксфорд 210D, Хлопок, 1 шт.",https://www.ozon.ru/product/3998109404,3998109404,,"汽车罩
Чехол на автомобиль",跨境卖家可售,4931₽,7,34896₽,134%,130%,50%,18332,13366,834,7.31%,0.15%,35.0%,100.0%,0.03%,8.2%,25.63%,20.0%,0₽,4.9,16,NFD Shop,跨境卖家,RFBS,5500.0 g,"2026-04-18
5 个月"
643,#VALUE!,https://ir-20.ozone.ru/s3/multimedia-1-a/wc300/9871248862.jpg,"Чехол на автомобиль 467×190×171, Брезент, Хлопок, 1 шт.",https://www.ozon.ru/product/3986864314,3986864314,,"汽车罩
Чехол на автомобиль",跨境卖家可售,4931₽,7,34503₽,600%,636%,50%,15458,6326,791,3.79%,0.09%,35.0%,100.0%,0.04%,20.0%,10.32%,0.0%,0₽,5.0,8,NFD Shop,跨境卖家,RFBS,5500.0 g,"2026-04-17
5 个月"
644,#VALUE!,https://ir.ozone.ru/s3/multimedia-1-0/wc300/10891078308.jpg,"Чехол на автомобиль LADA Iskra SW Cross(Лада Искра SW Cross), Синтетика, Мембранные материалы, 1 шт.",https://www.ozon.ru/product/4479461642,4479461642,,"汽车罩
Чехол на автомобиль",跨境卖家可售,2503₽,7,17055₽,40%,33%,50%,11332,3744,741,6.61%,0.37%,0.0%,0.0%,0.06%,14.3%,16.28%,28.6%,0₽,4.6,10,Liu-min01,跨境卖家,RFBS,5000.0 g,"2026-05-28
3 个月"
645,#VALUE!,https://ir.ozone.ru/s3/multimedia-1-r/wc300/11020392351.jpg,Тент Урал 4320 007 31 цвет серый,https://www.ozon.ru/product/4537280022,4537280022,ДЕРБИ,"汽车罩
Чехол на автомобиль",跨境卖家可售,20344₽,7,138376₽,100%,100%,20.4%,1163,510,126,9.52%,0.19%,0.0%,0.0%,0.6%,58.3%,0.0%,28.6%,0₽,4.8,249,Tent37,本土卖家,FBS,20000.0 g,"2026-06-01
3 个月"
646,#VALUE!,https://ir.ozone.ru/s3/multimedia-1-q/wc300/12526358606.jpg,"Чехол на автомобиль Ниссан Жук Nissan Juke (2010-2019) сумкой для хранения, Оксфорд 210D, 1 шт.",https://www.ozon.ru/product/5064986846,5064986846,,"汽车罩
Чехол на автомобиль",跨境卖家可售,1250₽,7,11176₽,75%,65%,55%,1866,776,360,4.72%,0.38%,42.89%,100.0%,0.38%,41.2%,0.0%,14.3%,0₽,4.0,1,Jitu Global Store,跨境卖家,RFBS,2000.0 g,"2026-07-14
2 个月"
647,#VALUE!,https://ir.ozone.ru/s3/multimedia-1-a/wc300/12261986326.jpg,"Чехол на автомобиль 426×170×171, Искусственные материалы, Оксфорд, 1 шт.",https://www.ozon.ru/product/4984388794,4984388794,,"汽车罩
Чехол на автомобиль",跨境卖家可售,5050₽,7,35332₽,600%,612%,50%,3955,3015,284,8.09%,0.13%,31.12%,100.0%,0.15%,26.1%,14.61%,16.7%,0₽,,,Умный Выбор Shop,跨境卖家,RFBS,5000.0 g,"2026-07-07
2 个月"
648,#VALUE!,https://ir.ozone.ru/s3/multimedia-1-9/wc300/14816263041.jpg,"Чехол на автомобиль универсальный, 490*180*150 см тент на машину из ткани Оксфорд, для седана, защита от дождя, пыли и снега,",https://www.ozon.ru/product/5109088740,5109088740,,"汽车罩
Чехол на автомобиль",跨境卖家可售,3285₽,7,23058₽,100%,100%,17.2%,21501,9248,520,6.73%,0.05%,22.48%,100.0%,0.03%,20.0%,36.1%,14.3%,0₽,,,Норивекса,本土卖家,FBO,2500.0 g,"2026-07-17
2 个月"
649,#VALUE!,https://ir.ozone.ru/s3/multimedia-1-b/wc300/12664855883.jpg,"QUANHAO Чехол на автомобиль 460x180x170, Оксфорд, 1 шт.",https://www.ozon.ru/product/5041729138,5041729138,QUANHAO,"汽车罩
Чехол на автомобиль",跨境卖家可售,2548₽,7,18959₽,75%,71%,51%,4545,408,796,8.04%,0.24%,58.68%,100.0%,0.15%,10.9%,0.0%,14.3%,0₽,4.6,12,Мир Автоаксессуаров,跨境卖家,FBP,2400.0 g,"2026-07-12
2 个月"
650,#VALUE!,https://ir.ozone.ru/s3/multimedia-1-h/wc300/14526827477.jpg,"Чехол на автомобиль 450x185x150, Оксфорд, Хлопок, 1 шт.",https://www.ozon.ru/product/5037361320,5037361320,,"汽车罩
Чехол на автомобиль",跨境卖家可售,4552₽,7,31888₽,600%,612%,50%,31571,7392,2011,7.85%,0.2%,58.43%,100.0%,0.02%,4.4%,42.44%,14.3%,0₽,4.8,56,МЕЧТА 7,跨境卖家,RFBS,4100.0 g,"2026-07-11
2 个月"
651,#VALUE!,https://ir.ozone.ru/s3/multimedia-1-b/wc300/12720844487.jpg,"Чехол на автомобиль Чехол для автомобиля, предохраняющий от снега, солнца и дождя / водонепроницаемый тент / накидка для Chery Tiggo 8/8 Pro/8 Pro Max (480x188x178 см)., PEVA, 1 шт.",https://www.ozon.ru/product/5123083946,5123083946,,"汽车罩
Чехол на автомобиль",跨境卖家可售,1847₽,7,12929₽,100%,100%,50%,2303,1633,292,5.13%,0.3%,49.84%,100.0%,0.26%,40.0%,19.27%,0.0%,0₽,,,Дом Товаров,跨境卖家,RFBS,1500.0 g,"2026-07-18
2 个月"
652,#VALUE!,https://ir.ozone.ru/s3/multimedia-1-w/wc300/8323449476.jpg,"Чехол на автомобиль, тент для автомобиля, размер 480х190х185 см (XXL)",https://www.ozon.ru/product/5456649760,5456649760,Gandi Clo,"汽车罩
Чехол на автомобиль",跨境卖家可售,3106₽,7,20262₽,100%,100%,18.8%,4028,2529,382,7.32%,0.0%,83.19%,100.0%,0.17%,25.0%,2.76%,28.6%,16149₽,4.9,265,TOP STORE,本土卖家,FBO,998.0 g,"2026-08-13
1 个月"
653,#VALUE!,https://ir.ozone.ru/s3/multimedia-1-d/wc300/13279073521.jpg,"Чехол на автомобиль Автомобильный чехол тент для автомобиля Volkswagen Polo Sedan 2010–2019 ,210D, оксфордская ткань, 1 шт., Оксфорд 210D, 1 шт.",https://www.ozon.ru/product/5279183040,5279183040,,"汽车罩
Чехол на автомобиль",跨境卖家可售,3769₽,7,28032₽,250%,310%,18.2%,5229,1969,369,6.77%,0.2%,14.14%,100.0%,0.13%,28.0%,6.01%,0.0%,0₽,4.8,36,Auto Land,本土卖家,FBS,2100.0 g,"2026-07-30
1 个月"
654,#VALUE!,https://ir.ozone.ru/s3/multimedia-1-j/wc300/12984171715.jpg,"Чехол на автомобиль Kia Rio III(2011-2015)/Киа Рио,Седан,защищает от дождя,пыли и снега,подходит для всех сезонов,высокоплотная,материал авиационного стандарта, Оксфорд 210D, 1 шт.",https://www.ozon.ru/product/5206372256,5206372256,,"汽车罩
Чехол на автомобиль",跨境卖家可售,2010₽,7,12882₽,250%,315%,50%,929,297,151,13.9%,0.33%,44.62%,100.0%,0.54%,23.8%,0.0%,20.0%,0₽,,,KairosL,跨境卖家,RFBS,1000.0 g,"2026-07-25
2 个月"
655,#VALUE!,https://ir.ozone.ru/s3/multimedia-1-a/wc300/13925474254.jpg,Тент для автомобиля седан укрывной чехол на авто защита на зиму,https://www.ozon.ru/product/5467847582,5467847582,,"汽车罩
Чехол на автомобиль",跨境卖家可售,3490₽,7,24430₽,100%,100%,17.5%,5409,4164,279,7.16%,0.09%,15.31%,55.22%,0.11%,30.0%,4.03%,0.0%,0₽,5.0,1,Guizhou Province Liping,本土卖家,FBO,2300.0 g,"2026-08-14
1 个月"
656,#VALUE!,https://ir.ozone.ru/s3/multimedia-1-3/wc300/10175229471.jpg,Тент УАЗ 469 / 3151 черный сверхплотный,https://www.ozon.ru/product/5445078004,5445078004,,"汽车罩
Чехол на автомобиль",跨境卖家可售,7637₽,7,53459₽,600%,691%,19.4%,1606,934,184,8.69%,0.42%,0.0%,0.0%,0.31%,31.3%,0.0%,20.0%,0₽,5.0,63,UAZ TUNING GROUP,本土卖家,FBS,8380.0 g,"2026-08-12
1 个月"
657,#VALUE!,https://ir.ozone.ru/s3/multimedia-1-b/wc300/14673889667.jpg,"Чехол на автомобиль, ABS пластик, 1 шт.",https://www.ozon.ru/product/5698091492,5698091492,,"汽车罩
Чехол на автомобиль",跨境卖家可售,4934₽,7,34538₽,100%,100%,50%,6385,3488,508,6.88%,0.14%,30.06%,100.0%,0.11%,20.0%,9.02%,0.0%,0₽,,,Car Rhino,跨境卖家,RFBS,4000.0 g,"2026-09-04
< 1 个月"
658,#VALUE!,https://ir.ozone.ru/s3/multimedia-1-j/wc300/7422365503.jpg,"Накидка на лобовое стекло автомобиля от снега, солнца, наледи и дождя",https://www.ozon.ru/product/646286991,646286991,GRN,"汽车罩
Чехол на автомобиль",跨境卖家可售,1501₽,7,9336₽,-62%,-47%,14.5%,20408,5480,738,5.82%,0.01%,26.88%,35.42%,0.03%,16.3%,15.61%,0.0%,0₽,4.8,1792,Удобный дом,本土卖家,FBS,610.0 g,"2022-07-19
4 年 2 个月"
659,#VALUE!,https://ir.ozone.ru/s3/multimedia-0/wc300/6534517524.jpg,"Тент УАЗ 469, 3151 ЧЕРНЫЙ сверхплотный",https://www.ozon.ru/product/840753391,840753391,УАССТИЛЬ,"汽车罩
Чехол на автомобиль",跨境卖家可售,9501₽,7,65535₽,40%,59%,20.4%,6166,2202,370,5.13%,0.31%,0.0%,0.0%,0.11%,36.8%,0.0%,0.0%,0₽,4.6,18,УАССТИЛЬ,本土卖家,FBS,3000.0 g,"2023-01-19
3 年 8 个月"
660,#VALUE!,https://ir.ozone.ru/s3/multimedia-1-8/wc300/12657594824.jpg,"Чехол на автомобиль Toyota Sienta защитный от снега наледи /Двухслойный подкладкой и молнией/устойчивый к царапинам/зимний полное покрытие автомобиля, Оксфорд",https://www.ozon.ru/product/3391572603,3391572603,,"汽车罩
Чехол на автомобиль",跨境卖家可售,2863₽,7,21914₽,250%,211%,50%,2587,1296,166,9.03%,0.3%,42.55%,100.0%,0.27%,46.7%,0.0%,14.3%,0₽,5.0,20,Магазин качественных автозапчастей,跨境卖家,RFBS,3000.0 g,"2026-01-15
8 个月"
661,#VALUE!,https://ir.ozone.ru/s3/multimedia-1-7/wc300/8824862203.jpg,"Aradela Чехол на автомобиль 430x180x160, Оксфорд, 1 шт.",https://www.ozon.ru/product/1818220641,1818220641,Aradela,"汽车罩
Чехол на автомобиль",跨境卖家可售,6222₽,7,43776₽,-50%,-45%,50%,4828,126,385,11.42%,1.58%,35.78%,100.0%,0.12%,13.6%,0.0%,0.0%,0₽,4.8,720,Aradela Car Parts & Accessories,跨境卖家,RFBS,6500.0 g,"2025-01-06
1 年 8 个月"
662,#VALUE!,https://ir.ozone.ru/s3/multimedia-1-k/wc300/7167563408.jpg,"Чехол на автомобиль зимний от снега, авто одеяло портативный гараж д455*в185 кроссовер Hyundai Tucson Volkswagen Tiguan, Ford Kuga,Toyota RAV4, Skoda Kodiaq",https://www.ozon.ru/product/1715803455,1715803455,,"汽车罩
Чехол на автомобиль",跨境卖家可售,13606₽,7,93572₽,600%,595%,19.3%,8588,4335,377,6.1%,0.16%,12.1%,63.08%,0.07%,26.1%,7.71%,0.0%,0₽,4.8,374,Стрелка,本土卖家,FBS,5500.0 g,"2024-10-06
1 年 11 个月"
663,#VALUE!,https://ir.ozone.ru/s3/multimedia-1-l/wc300/7570510221.jpg,Тент чехол для автомобиля с боковой молнией универсальный защитный от дождя и снега влагооталкивающий укрывной M (495х195х120см) летний камуфляж ADCT009,https://www.ozon.ru/product/1974295249,1974295249,Airline,"汽车罩
Чехол на автомобиль",跨境卖家可售,3067₽,7,23616₽,-23%,-21%,18%,6212,3034,483,4.76%,0.09%,0.0%,0.0%,0.11%,30.4%,4.51%,14.3%,0₽,4.8,481,CARVILLESHOP,本土卖家,FBS,1419.0 g,"2025-03-26
1 年 6 个月"
664,#VALUE!,https://ir.ozone.ru/s3/multimedia-1-v/wc300/7704727303.jpg,Тент толстый УАЗ 469 черный,https://www.ozon.ru/product/1917101295,1917101295,УАЗ,"汽车罩
Чехол на автомобиль",跨境卖家可售,9599₽,7,67193₽,600%,707%,20.7%,1834,1000,213,7.04%,0.2%,0.0%,0.0%,0.38%,46.7%,0.0%,28.6%,27889₽,5.0,51,УАЗОВОД73,本土卖家,FBS,9000.0 g,"2025-03-05
1 年 6 个月"
665,#VALUE!,https://ir.ozone.ru/s3/multimedia-1-o/wc300/7279435968.jpg,"XICBOOM Чехол на автомобиль Chevrolet Camaro, Оксфорд 210D, 1 шт.",https://www.ozon.ru/product/1837707581,1837707581,XICBOOM,"汽车罩
Чехол на автомобиль",跨境卖家可售,2978₽,7,22187₽,75%,99%,51%,9159,5187,346,3.17%,0.13%,49.38%,100.0%,0.07%,54.5%,23.21%,0.0%,0₽,4.8,20,Tengxi auto supplies franchise store,跨境卖家,FBP,1500.0 g,"2025-01-18
1 年 8 个月"
666,#VALUE!,https://ir.ozone.ru/s3/multimedia-1-4/wc300/11834793904.jpg,"Тент-чехол на седан. Размер 3 (седан) XL. ""Лес""",https://www.ozon.ru/product/1923043273,1923043273,AUTOPILOT,"汽车罩
Чехол на автомобиль",跨境卖家可售,5384₽,7,35530₽,600%,615%,19.1%,6680,1767,958,1.98%,0.0%,20.75%,100.0%,0.1%,36.8%,1.18%,28.6%,0₽,4.8,1607,Аксессуары Автопилот,本土卖家,FBS,2300.0 g,"2025-03-07
1 年 6 个月"
667,#VALUE!,https://ir-20.ozone.ru/s3/multimedia-1-3/wc300/7155058431.jpg,"Чехол на автомобиль Hyundai Santa Fe P, Брезент, Оксфорд 210D, 1 шт.",https://www.ozon.ru/product/2203618223,2203618223,,"汽车罩
Чехол на автомобиль",跨境卖家可售,2448₽,7,18055₽,250%,265%,51%,5901,2253,287,13.93%,0.26%,78.49%,100.0%,0.12%,17.5%,23.0%,0.0%,0₽,5.0,9,YADOX,跨境卖家,FBP,2500.0 g,"2025-05-28
1 年 4 个月"
668,#VALUE!,https://ir.ozone.ru/s3/multimedia-1-m/wc300/7589071498.jpg,"Чехол на автомобиль Тойота Прадо, Мембранные материалы, Текстиль, 1 шт.",https://www.ozon.ru/product/2226379807,2226379807,,"汽车罩
Чехол на автомобиль",跨境卖家可售,2654₽,7,17963₽,100%,100%,50%,5815,1766,260,11.53%,0.33%,17.33%,12.26%,0.12%,23.3%,23.56%,28.6%,0₽,5.0,13,Alisa,跨境卖家,RFBS,3000.0 g,"2025-06-03
1 年 3 个月"
669,#VALUE!,https://ir.ozone.ru/s3/multimedia-1-z/wc300/14081273855.jpg,"Чехол на автомобиль / Тент на машину / Чехол на автомобиль от солнца и дождя L , 470х170х120 см",https://www.ozon.ru/product/2202347069,2202347069,Cartage,"汽车罩
Чехол на автомобиль",跨境卖家可售,2082₽,7,14296₽,250%,343%,16%,6283,1370,1655,1.93%,0.14%,12.6%,100.0%,0.11%,21.9%,0.0%,28.6%,0₽,4.4,1325,Сима-Ленд - Интерьер,本土卖家,FBO,900.0 g,"2025-05-28
1 年 4 个月"
670,#VALUE!,https://ir.ozone.ru/s3/multimedia-1-1/wc300/8917257241.jpg,"Чехол на автомобиль, Полиэстер, 1 шт.",https://www.ozon.ru/product/3452469893,3452469893,,"汽车罩
Чехол на автомобиль",跨境卖家可售,277₽,7,1639₽,600%,526%,51.7%,9370,722,353,9.91%,0.0%,23.03%,100.0%,0.05%,14.3%,26.5%,20.0%,0₽,4.7,9,Poreitu,跨境卖家,RFBS,70.0 g,"2026-01-26
8 个月"
671,#VALUE!,https://ir.ozone.ru/s3/multimedia-1-x/wc300/10355715213.jpg,"Чехол на автомобиль Lada Granta Cross (2011-2026)(420x170x160）Двухслойный Усиленный авточехол ,молния на двер,Всесезонный ,В подарок сумка, PEVA, 1 шт.",https://www.ozon.ru/product/2622666615,2622666615,,"汽车罩
Чехол на автомобиль",跨境卖家可售,3605₽,7,24965₽,-23%,-20%,50%,3389,310,274,8.02%,0.64%,49.13%,100.0%,0.21%,31.8%,0.0%,28.6%,0₽,4.8,156,Магазин качественных автозапчастей,跨境卖家,RFBS,2800.0 g,"2025-08-06
1 年 1 个月"
672,#VALUE!,https://ir.ozone.ru/s3/multimedia-1-4/wc300/7923502516.jpg,"Чехол на автомобиль Suzuki Grand Vitara  Двухслойный Усиленный авточехол ,молния на двер,Всесезонный ,защита от царапин и плесени, Оксфорд, 1 шт.",https://www.ozon.ru/product/2691092489,2691092489,,"汽车罩
Чехол на автомобиль",跨境卖家可售,3113₽,7,25277₽,134%,172%,50%,3986,1054,212,10.37%,0.28%,47.73%,100.0%,0.15%,27.3%,22.24%,0.0%,0₽,4.8,37,Магазин качественных автозапчастей,跨境卖家,RFBS,2565.0 g,"2025-08-16
1 年 1 个月"
673,#VALUE!,https://ir.ozone.ru/s3/multimedia-1-k/wc300/8899526144.jpg,"Чехол на автомобиль, тент для машины универсальный, 495х190х150 см, черный, серый",https://www.ozon.ru/product/3442267139,3442267139,,"汽车罩
Чехол на автомобиль",跨境卖家可售,2765₽,7,20974₽,-37%,-41%,17.8%,3902,739,1238,3.63%,0.0%,66.74%,100.0%,0.18%,15.6%,0.0%,14.3%,0₽,4.7,193,Shield Case,本土卖家,FBO,1250.0 g,"2026-01-24
8 个月"
674,#VALUE!,https://ir.ozone.ru/s3/multimedia-1-q/wc300/14560108766.jpg,"Чехол на автомобиль 520x200x190, Хлопок, Оксфорд, 1 шт.",https://www.ozon.ru/product/2739646843,2739646843,,"汽车罩
Чехол на автомобиль",跨境卖家可售,4760₽,7,34125₽,600%,600%,50%,4688,793,533,8.06%,0.0%,52.74%,100.0%,0.15%,16.3%,0.75%,14.3%,0₽,4.7,310,DMPL,跨境卖家,RFBS,5100.0 g,"2025-08-24
1 年 1 个月"
675,#VALUE!,https://ir.ozone.ru/s3/multimedia-1-s/wc300/10564615072.jpg,"Чехол на автомобиль Kia rio  Двухслойный Усиленный авточехол ,молния на двер,Всесезонный ,В подарок сумка, Оксфорд, 1 шт.",https://www.ozon.ru/product/2699364523,2699364523,,"汽车罩
Чехол на автомобиль",跨境卖家可售,3197₽,7,20558₽,134%,119%,50%,4547,331,314,8.59%,0.3%,56.08%,100.0%,0.15%,25.9%,0.0%,28.6%,0₽,4.9,124,Магазин качественных автозапчастей,跨境卖家,RFBS,2800.0 g,"2025-08-17
1 年 1 个月"
676,#VALUE!,https://ir.ozone.ru/s3/multimedia-1-4/wc300/7249318348.jpg,"Тент-чехол на автомобиль ""НАШИ тенты"". Кроссовер и внедорожник. Всесезонный. Размер 6L. Защита от солнца, от снега, от дождя, зимний",https://www.ozon.ru/product/2701817977,2701817977,Наши тенты,"汽车罩
Чехол на автомобиль",跨境卖家可售,6405₽,7,38690₽,0%,-7%,20%,10441,8587,285,5.96%,0.01%,33.75%,100.0%,0.06%,35.3%,4.66%,0.0%,0₽,4.9,159,Наши тенты,本土卖家,FBS,1600.0 g,"2025-08-18
1 年 1 个月"
677,#VALUE!,https://ir.ozone.ru/s3/multimedia-1-4/wc300/12046899568.jpg,"Чехол на автомобиль 690X480, Пластик, 1 шт.",https://www.ozon.ru/product/4913021511,4913021511,,"汽车罩
Чехол на автомобиль",跨境卖家可售,264₽,7,1766₽,600%,692%,51.3%,828,477,91,3.29%,0.62%,0.0%,0.0%,0.85%,233.3%,0.0%,0.0%,0₽,4.6,5,jingshan,跨境卖家,RFBS,280.0 g,"2026-07-01
2 个月"
678,#VALUE!,https://ir.ozone.ru/s3/multimedia-1-8/wc300/13474803320.jpg,"Чехол на автомобиль 470x185x150, Оксфорд 210D, Хлопок, 1 шт.",https://www.ozon.ru/product/2936400053,2936400053,,"汽车罩
Чехол на автомобиль",跨境卖家可售,6933₽,7,48531₽,600%,648%,50%,4653,763,995,5.22%,0.0%,58.28%,100.0%,0.15%,13.5%,1.05%,0.0%,0₽,4.7,56,МЕЧТА 7,跨境卖家,RFBS,6500.0 g,"2025-10-06
11 个月"
679,#VALUE!,https://ir.ozone.ru/s3/multimedia-1-g/wc300/13840221040.jpg,"Чехол на автомобиль 450x185x150, Хлопок, Оксфорд, 1 шт.",https://www.ozon.ru/product/2937183957,2937183957,,"汽车罩
Чехол на автомобиль",跨境卖家可售,4652₽,7,33257₽,134%,146%,50%,8610,551,973,7.39%,0.0%,56.0%,100.0%,0.08%,9.7%,4.41%,0.0%,0₽,4.8,71,DMPL,跨境卖家,RFBS,4000.0 g,"2025-10-06
11 个月"
680,#VALUE!,https://ir.ozone.ru/s3/multimedia-1-x/wc300/8249949609.jpg,"Чехол на автомобиль 520x200x190, Хлопок, Оксфорд 210D, 1 шт.",https://www.ozon.ru/product/2927074731,2927074731,,"汽车罩
Чехол на автомобиль",跨境卖家可售,6780₽,7,47460₽,600%,611%,50%,4101,435,667,8.09%,0.45%,57.86%,100.0%,0.2%,14.8%,0.0%,12.5%,0₽,4.8,310,DMPL,跨境卖家,RFBS,8500.0 g,"2025-10-02
11 个月"
681,#VALUE!,https://ir.ozone.ru/s3/multimedia-8/wc300/6766596296.jpg,"Чехол на автомобиль Toyota Camry, ABS пластик, EVA, 1 шт.",https://www.ozon.ru/product/3099234703,3099234703,,"汽车罩
Чехол на автомобиль",跨境卖家可售,2107₽,7,14865₽,100%,100%,50%,7447,2410,421,9.26%,0.16%,0.0%,0.0%,0.09%,17.9%,39.55%,14.3%,0₽,4.3,193,tuozhan,跨境卖家,RFBS,1800.0 g,"2025-11-12
10 个月"
682,#VALUE!,https://ir.ozone.ru/s3/multimedia-1-s/wc300/8577350128.jpg,"Чехол на автомобиль с юбкой, 480x190x180см, Подходит для внедорожник, Оксфорд 210D, Хлопок, 1 шт.",https://www.ozon.ru/product/3260629369,3260629369,,"汽车罩
Чехол на автомобиль",跨境卖家可售,6101₽,7,43736₽,600%,719%,50%,5228,249,381,8.92%,0.4%,10.0%,100.0%,0.1%,14.7%,0.0%,20.0%,0₽,4.8,16,Семейный Склад,跨境卖家,RFBS,7500.0 g,"2025-12-19
9 个月"
683,#VALUE!,https://ir.ozone.ru/s3/multimedia-1-2/wc300/8582230226.jpg,"ZHJYDM Чехол на автомобиль Toyota Land Cruiser 200 2007-2021, Оксфорд 210D, 1 шт.",https://www.ozon.ru/product/3263573379,3263573379,ZHJYDM,"汽车罩
Чехол на автомобиль",跨境卖家可售,2606₽,7,18683₽,100%,100%,50%,5791,1862,300,8.33%,0.16%,50.0%,100.0%,0.12%,28.0%,13.04%,0.0%,0₽,5.0,13,Zhuohang Jiayi,跨境卖家,RFBS,1350.0 g,"2025-12-20
9 个月"
684,#VALUE!,https://ir.ozone.ru/s3/multimedia-1-t/wc300/12921405005.jpg,"Jijivisha Универсальный чехол на автомобиль, с комбинированным цветом и наполнением + молнией + фиксирующими ремнями с застежками, размер 430*175*120 см, Гарантия на пять лет",https://www.ozon.ru/product/3184749787,3184749787,Jijivisha,"汽车罩
Чехол на автомобиль",跨境卖家可售,2814₽,7,22650₽,134%,129%,17.6%,1633,262,299,5.68%,0.0%,0.0%,0.0%,0.43%,41.2%,1.44%,28.6%,11732₽,4.7,381,AlfaMet,本土卖家,FBO,2200.0 g,"2025-12-02
9 个月"
685,#VALUE!,https://ir.ozone.ru/s3/multimedia-1-k/wc300/8474889476.jpg,"Чехол на автомобиль 500x200x190cm, Подходит для внедорожников и минивэнов, Оксфорд, Хлопок, 1 шт.",https://www.ozon.ru/product/3200642543,3200642543,,"汽车罩
Чехол на автомобиль",跨境卖家可售,4776₽,7,33531₽,250%,311%,51%,16246,2489,1232,9.0%,0.24%,0.0%,0.0%,0.04%,5.4%,26.07%,16.7%,0₽,5.0,20,Polar Bear Car Boutique,跨境卖家,FBP,4500.0 g,"2025-12-05
9 个月"
686,#VALUE!,https://ir.ozone.ru/s3/multimedia-1-p/wc300/8629645345.jpg,"Чехол на автомобиль, 1 шт.",https://www.ozon.ru/product/3293315337,3293315337,,"汽车罩
Чехол на автомобиль",跨境卖家可售,1020₽,7,6453₽,100%,100%,55.1%,8436,548,657,7.76%,0.18%,26.12%,100.0%,0.08%,13.7%,9.71%,14.3%,0₽,4.9,26,FMP,跨境卖家,RFBS,700.0 g,"2025-12-27
9 个月"
687,#VALUE!,https://ir.ozone.ru/s3/multimedia-1-r/wc300/12921528591.jpg,"Jijivisha Универсальный чехол на автомобиль, с комбинированным цветом и наполнением + молнией + фиксирующими ремнями с застежками, размер 520*175*120 см, Гарантия на пять лет",https://www.ozon.ru/product/3184749993,3184749993,Jijivisha,"汽车罩
Чехол на автомобиль",跨境卖家可售,2738₽,7,20111₽,134%,120%,17.4%,2647,646,263,6.08%,0.15%,0.0%,0.0%,0.26%,43.8%,3.61%,14.3%,13237₽,4.7,381,AlfaMet,本土卖家,FBO,1800.0 g,"2025-12-02
9 个月"
688,#VALUE!,https://ir.ozone.ru/s3/multimedia-1-w/wc300/8683565900.jpg,"XICBOOM Чехол на автомобиль Lada 4x4(внедорожников), Оксфорд 210D, 1 шт.",https://www.ozon.ru/product/3318172221,3318172221,XICBOOM,"汽车罩
Чехол на автомобиль",跨境卖家可售,3050₽,7,22864₽,75%,88%,51%,15755,977,717,6.41%,0.0%,57.57%,100.0%,0.04%,15.2%,17.73%,0.0%,0₽,4.8,60,Tengxi auto supplies franchise store,跨境卖家,FBP,1550.0 g,"2026-01-02
8 个月"
689,#VALUE!,https://ir.ozone.ru/s3/multimedia-1-e/wc300/8651821874.jpg,"XICBOOM Чехол на автомобиль Lada 4x4(внедорожников),, Оксфорд 210D, 1 шт.",https://www.ozon.ru/product/3321694025,3321694025,XICBOOM,"汽车罩
Чехол на автомобиль",跨境卖家可售,2905₽,7,22508₽,17%,28%,51%,13451,682,580,7.58%,0.0%,50.61%,100.0%,0.04%,13.6%,8.06%,0.0%,0₽,4.8,60,Tengxi auto supplies franchise store,跨境卖家,FBP,1550.0 g,"2026-01-03
8 个月"
690,#VALUE!,https://ir-20.ozone.ru/s3/multimedia-1-v/wc300/8283568855.jpg,"Чехол на автомобиль 470x185x150, Оксфорд, 1 шт.",https://www.ozon.ru/product/3325534603,3325534603,,"汽车罩
Чехол на автомобиль",跨境卖家可售,3012₽,7,19704₽,-23%,-28%,50%,5474,67,375,12.26%,0.0%,0.0%,0.0%,0.11%,13.0%,0.0%,16.7%,0₽,4.0,4,Taoyue,跨境卖家,RFBS,1839.0 g,"2026-01-04
8 个月"
691,#VALUE!,https://ir.ozone.ru/s3/multimedia-1-3/wc300/8720446287.jpg,"Чехол на автомобиль 245x114.5, Фольга, 1 шт.",https://www.ozon.ru/product/3340667857,3340667857,,"汽车罩
Чехол на автомобиль",跨境卖家可售,492₽,7,3489₽,600%,638%,54.9%,10247,1196,466,11.15%,0.16%,51.4%,100.0%,0.06%,11.5%,23.11%,16.7%,0₽,4.7,55,Быть частью тебя,跨境卖家,FBP,350.0 g,"2026-01-06
8 个月"
692,#VALUE!,https://ir.ozone.ru/s3/multimedia-1-0/wc300/7686297180.jpg,"Чехол на автомобиль Daewoo Nexia（1994-2016） Молния на двери,Всесезонны,защитный/высокопрочный，двухслойный с мягкой подкладкой,защита от солнца  и дождя и пыли и града и снега, Оксфорд 210D, 1 шт.",https://www.ozon.ru/product/3345899475,3345899475,,"汽车罩
Чехол на автомобиль",跨境卖家可售,2448₽,7,17486₽,134%,121%,51%,2349,296,235,8.51%,0.33%,0.0%,0.0%,0.26%,30.0%,0.0%,16.7%,0₽,5.0,6,xin,跨境卖家,FBP,2950.0 g,"2026-01-07
8 个月"
693,#VALUE!,https://ir.ozone.ru/s3/multimedia-1-0/wc300/8946843588.jpg,"Чехол на автомобиль 580x175x120cm, PEVA, 1 шт.",https://www.ozon.ru/product/3467657887,3467657887,,"汽车罩
Чехол на автомобиль",跨境卖家可售,1234₽,7,7938₽,134%,130%,55%,9857,828,845,6.5%,0.12%,0.0%,0.0%,0.07%,12.7%,26.08%,28.6%,0₽,4.6,104,Уютный Уголок,跨境卖家,RFBS,1600.0 g,"2026-01-29
7 个月"
694,#VALUE!,https://ir.ozone.ru/s3/multimedia-1-z/wc300/10360424699.jpg,"Чехол на автомобиль Kia OptimaⅣ（2010-2020）,Седан,защита от царапин и плесени,молния на двер,Всесезонный,Зимний чехол для автомобиля,материал авиационного стандарта, Оксфорд 210D, 1 шт.",https://www.ozon.ru/product/4253682343,4253682343,,"汽车罩
Чехол на автомобиль",跨境卖家可售,1875₽,7,12186₽,0%,-23%,49.9%,4809,1267,314,7.32%,0.55%,26.92%,36.07%,0.15%,30.4%,9.21%,0.0%,0₽,5.0,6,tanxiaobing,跨境卖家,RFBS,2100.0 g,"2026-05-10
4 个月"
695,#VALUE!,https://ir.ozone.ru/s3/multimedia-1-o/wc300/10987128420.jpg,"Чехол на автомобиль SsangYong Kyron/Сан Йон Кайрон,Внедорожник 5 дв,защищает от дождя,пыли и снега,подходит для всех сезонов,высокоплотная,материал авиационного стандарта, Оксфорд 210D, 1 шт.",https://www.ozon.ru/product/4518499665,4518499665,,"汽车罩
Чехол на автомобиль",跨境卖家可售,2418₽,7,16926₽,600%,570%,50%,2995,823,249,8.83%,0.24%,0.0%,0.0%,0.23%,31.8%,16.28%,0.0%,0₽,5.0,2,KunyiI4,跨境卖家,RFBS,1500.0 g,"2026-05-31
3 个月"
696,#VALUE!,https://ir.ozone.ru/s3/multimedia-1-y/wc300/7291232818.jpg,"Тент на Газель БИЗНЕС 4,25м, удлинённая платформа, 9 люверсов; (650 г/кв.м двухсторонний ПВХ материал)",https://www.ozon.ru/product/4450995249,4450995249,,"汽车罩
Чехол на автомобиль",跨境卖家可售,12238₽,7,85182₽,134%,137%,17.7%,4251,1974,272,8.45%,0.25%,0.0%,0.0%,0.14%,26.1%,0.0%,0.0%,0₽,5.0,4,ТЕНТ ЭКСПЕРТ,本土卖家,FBS,17400.0 g,"2026-05-26
4 个月"
697,#VALUE!,https://ir.ozone.ru/s3/multimedia-1-y/wc300/8947076902.jpg,"Чехол на автомобиль 430×160×120cm, PEVA, 1 шт.",https://www.ozon.ru/product/4722657657,4722657657,,"汽车罩
Чехол на автомобиль",跨境卖家可售,1180₽,7,8111₽,250%,276%,54.9%,15808,1533,1598,7.25%,0.32%,50.0%,100.0%,0.04%,6.0%,30.52%,0.0%,0₽,4.6,104,Уютный Уголок,跨境卖家,RFBS,1600.0 g,"2026-06-14
3 个月"
698,#VALUE!,https://ir.ozone.ru/s3/multimedia-1-y/wc300/13023015622.jpg,"Чехол на автомобиль Hyundai Solaris（2011-2025）Двухслойный Усиленный авточехол , молния на дверь,легкая установка,Для улицы, ветроустойчивый, Купить сейчас, Оксфорд 210D, 1 шт.",https://www.ozon.ru/product/4681890779,4681890779,,"汽车罩
Чехол на автомобиль",跨境卖家可售,2363₽,7,14874₽,134%,129%,50%,6439,1684,557,9.33%,0.35%,27.17%,100.0%,0.11%,13.5%,32.86%,0.0%,0₽,4.5,2,BBBBDAN,跨境卖家,RFBS,1600.0 g,"2026-06-11
3 个月"
699,#VALUE!,https://ir.ozone.ru/s3/multimedia-1-7/wc300/11764157263.jpg,"Чехол на автомобиль Для CHEVROLET NIVA, EVA, ABS пластик, 1 шт.",https://www.ozon.ru/product/4816665925,4816665925,,"汽车罩
Чехол на автомобиль",跨境卖家可售,2730₽,7,19257₽,600%,670%,50%,1741,505,440,6.13%,0.39%,11.52%,29.97%,0.34%,22.2%,0.0%,0.0%,0₽,5.0,1,Liu-min01,跨境卖家,RFBS,2500.0 g,"2026-06-22
3 个月"
700,#VALUE!,https://ir.ozone.ru/s3/multimedia-1-m/wc300/11765858602.jpg,"Чехол на автомобиль 750x480, Пластик, 1 шт.",https://www.ozon.ru/product/4817445943,4817445943,,"汽车罩
Чехол на автомобиль",跨境卖家可售,331₽,7,2171₽,-77%,-77%,52.5%,4851,436,612,4.57%,0.0%,66.66%,100.0%,0.14%,25.0%,6.02%,0.0%,0₽,4.6,1716,NovaMart,跨境卖家,RFBS,260.0 g,"2026-06-22
3 个月"
701,#VALUE!,https://ir.ozone.ru/s3/multimedia-1-w/wc300/13261657496.jpg,"Автомобильный тент-чехол из плотной водоотталкивающей ткани Оксфорд, размер 5100*2000*1850 мм, универсальный для кроссоверов SUV, комплексная защита от солнца, дождя, пыли и снега",https://www.ozon.ru/product/5288534107,5288534107,,"汽车罩
Чехол на автомобиль",跨境卖家可售,1828₽,7,18070₽,100%,100%,14.2%,2120,1369,311,4.5%,0.21%,20.2%,100.0%,0.33%,50.0%,1.46%,42.9%,0₽,,,Вектор,本土卖家,FBS,3100.0 g,"2026-07-31
1 个月"
702,#VALUE!,https://ir.ozone.ru/s3/multimedia-1-0/wc300/12291265332.jpg,"Чехол на автомобиль 550*350, Пластик, 1 шт.",https://www.ozon.ru/product/5068175217,5068175217,,"汽车罩
Чехол на автомобиль",跨境卖家可售,186₽,7,1202₽,40%,40%,49%,1419,1007,102,4.9%,0.69%,65.2%,100.0%,0.35%,100.0%,0.0%,0.0%,0₽,5.0,1,GinghamRoots,跨境卖家,RFBS,161.0 g,"2026-07-14
2 个月"
703,#VALUE!,https://ir.ozone.ru/s3/multimedia-1-m/wc300/12586698598.jpg,"Чехол на автомобиль, Пластик, 1 шт.",https://www.ozon.ru/product/5082842901,5082842901,,"汽车罩
Чехол на автомобиль",跨境卖家可售,186₽,7,1312₽,75%,98%,49%,1914,743,107,14.01%,0.0%,3.44%,100.0%,0.37%,46.7%,0.0%,0.0%,0₽,5.0,2,COSTCO,跨境卖家,RFBS,170.0 g,"2026-07-15
2 个月"
704,#VALUE!,https://ir.ozone.ru/s3/multimedia-1-b/wc300/12664855883.jpg,"QUANHAO Чехол на автомобиль 500x200x190, Оксфорд, 1 шт.",https://www.ozon.ru/product/5041727771,5041727771,QUANHAO,"汽车罩
Чехол на автомобиль",跨境卖家可售,2532₽,7,17718₽,-13%,-13%,51%,2892,157,689,7.69%,0.0%,55.22%,100.0%,0.24%,13.2%,0.0%,0.0%,0₽,4.5,12,Мир Автоаксессуаров,跨境卖家,FBP,2600.0 g,"2026-07-12
2 个月"
705,#VALUE!,https://ir.ozone.ru/s3/multimedia-1-w/wc300/8408327216.jpg,Чехлы на передние сиденья для Лифан Х60 (X60) (2012-2018) / Lifan X60,https://www.ozon.ru/product/5396575779,5396575779,CarBa,"汽车罩
Чехол на автомобиль",跨境卖家可售,3282₽,7,23199₽,600%,560%,17.6%,12634,7642,303,5.28%,0.02%,0.0%,0.0%,0.06%,43.8%,6.72%,14.3%,0₽,,,Carloon,本土卖家,FBS,1500.0 g,"2026-08-08
1 个月"
706,#VALUE!,https://ir.ozone.ru/s3/multimedia-1-a/wc300/13940374510.jpg,"Чехол на автомобиль TOZAROA чехол-тент на автомобиль Lada 2109 (Лада 2109, ВАЗ-2109) 1987–2006, защита от дождя, снега, солнца и пыли, для улицы, парковки и гаража, PEVA, 1 шт.",https://www.ozon.ru/product/5488519921,5488519921,,"汽车罩
Чехол на автомобиль",跨境卖家可售,1769₽,7,12383₽,100%,100%,50%,8234,5716,604,10.59%,0.43%,0.0%,0.0%,0.09%,10.9%,12.45%,0.0%,0₽,3.0,2,Tozaroa cover,跨境卖家,RFBS,1000.0 g,"2026-08-16
1 个月"
707,#VALUE!,https://ir.ozone.ru/s3/multimedia-1-0/wc300/13407897960.jpg,"Чехол на автомобиль Авточехол-тент TOZAROA для кроссовера и внедорожника, S (4600×2000×1800 мм), водонепроницаемый от снега, дождя, солнца и пыли, для Toyota Land Cruiser Prado, Volkswagen Tiguan, Land Rover Range Rover, PEVA, 1 шт.",https://www.ozon.ru/product/5330764981,5330764981,,"汽车罩
Чехол на автомобиль",跨境卖家可售,1297₽,7,9079₽,600%,483%,55%,3787,2005,513,5.26%,0.19%,5.0%,15.54%,0.18%,25.9%,6.07%,0.0%,0₽,5.0,7,Tozaroa cover,跨境卖家,RFBS,1000.0 g,"2026-08-03
1 个月"
708,#VALUE!,https://ir.ozone.ru/s3/multimedia-1-y/wc300/13407900406.jpg,"Чехол на автомобиль Авточехол-тент TOZAROA для кроссовера и внедорожника, M (4800×2000×1800 мм), водонепроницаемый от снега, дождя, солнца и пыли, для Toyota Land Cruiser, Toyota Land Cruiser Prado, Volkswagen Tiguan, PEVA, 1 шт.",https://www.ozon.ru/product/5330777435,5330777435,,"汽车罩
Чехол на автомобиль",跨境卖家可售,1351₽,7,9457₽,100%,100%,55%,3875,1846,531,6.77%,0.27%,8.76%,100.0%,0.21%,22.2%,17.48%,25.0%,0₽,5.0,7,Tozaroa cover,跨境卖家,RFBS,1000.0 g,"2026-08-03
1 个月"
709,#VALUE!,https://ir.ozone.ru/s3/multimedia-1-v/wc300/9148869463.jpg,"Чехол на автомобиль 500x200x190, Оксфорд, 1 шт.",https://www.ozon.ru/product/3167260915,3167260915,,"汽车罩
Чехол на автомобиль",跨境卖家可售,5395₽,7,38253₽,250%,255%,50%,96815,15291,3555,6.3%,0.15%,18.2%,100.0%,0.01%,3.1%,60.13%,28.6%,0₽,4.7,42,NuoFandi,跨境卖家,RFBS,5100.0 g,"2025-11-28
9 个月"
710,#VALUE!,https://ir.ozone.ru/s3/multimedia-1-s/wc300/14484068776.jpg,"Чехол на автомобиль, Оксфорд",https://www.ozon.ru/product/5647893809,5647893809,,"汽车罩
Чехол на автомобиль",跨境卖家可售,399₽,7,2793₽,100%,100%,53.1%,868,174,147,6.12%,0.57%,48.41%,100.0%,0.81%,77.8%,0.0%,28.6%,0₽,,,Yujin Premium,跨境卖家,RFBS,334.0 g,"2026-08-30
< 1 个月"
711,#VALUE!,https://ir.ozone.ru/s3/multimedia-1-x/wc300/12722870085.jpg,"Чехол на автомобиль 495x190x150, Оксфорд, 1 шт.",https://www.ozon.ru/product/5668717433,5668717433,,"汽车罩
Чехол на автомобиль",跨境卖家可售,1360₽,7,9520₽,100%,100%,10.5%,2649,2019,144,15.97%,0.44%,37.0%,100.0%,0.26%,30.4%,2.67%,0.0%,3556₽,,,Kiwano,本土卖家,FBS,2000.0 g,"2026-09-01
< 1 个月"
712,#VALUE!,https://ir.ozone.ru/s3/multimedia-1-c/wc300/7570533360.jpg,Тент чехол для автомобиля с боковой молнией универсальный защитный от дождя и снега влагооталкивающий укрывной серый L 520х192х120см AC-FC-03,https://www.ozon.ru/product/270141970,270141970,Airline,"汽车罩
Чехол на автомобиль",跨境卖家可售,3689₽,6,24329₽,500%,538%,18.6%,2022,981,153,9.15%,0.0%,0.0%,0.0%,0.3%,42.9%,2.44%,66.7%,0₽,,481,CARVILLESHOP,本土卖家,FBS,1617.0 g,"2021-06-03
5 年 4 个月"
713,#VALUE!,https://ir.ozone.ru/s3/multimedia-1-7/wc300/7438947883.jpg,"Чехол для автомобиля, тент для машины универсальный",https://www.ozon.ru/product/749583978,749583978,Автохранитель,"汽车罩
Чехол на автомобиль",跨境卖家可售,6440₽,6,40687₽,200%,171%,19.8%,1803,369,339,4.71%,0.0%,16.33%,100.0%,0.28%,31.3%,0.0%,0.0%,985₽,4.9,824,Автохранитель,本土卖家,FBS,2500.0 g,"2022-10-17
3 年 11 个月"
714,#VALUE!,https://ir.ozone.ru/s3/multimedia-o/wc300/6825049476.jpg,"XICBOOM Чехол на автомобиль Mercedes-Benz E-Class, Мембранные материалы, Ткань, 1 шт.",https://www.ozon.ru/product/1278219366,1278219366,XICBOOM,"汽车罩
Чехол на автомобиль",跨境卖家可售,4592₽,6,27552₽,200%,217%,50%,4691,1289,267,9.73%,0.07%,47.05%,100.0%,0.09%,15.4%,3.79%,0.0%,0₽,4.9,1620,Tengxi auto supplies franchise store,跨境卖家,RFBS,3500.0 g,"2023-11-07
2 年 11 个月"
715,#VALUE!,https://ir-20.ozone.ru/s3/multimedia-2/wc300/6721435946.jpg,"XICBOOM Чехол на автомобиль Toyota RAV4, Мембранные материалы, Ткань, 1 шт.",https://www.ozon.ru/product/1120331084,1120331084,XICBOOM,"汽车罩
Чехол на автомобиль",跨境卖家可售,4720₽,6,28726₽,100%,100%,50%,8670,3486,316,12.34%,0.02%,52.89%,100.0%,0.07%,15.4%,6.46%,0.0%,0₽,4.9,101,Tengxi auto supplies franchise store,跨境卖家,RFBS,3250.0 g,"2023-08-05
3 年 2 个月"
716,#VALUE!,https://ir.ozone.ru/s3/multimedia-1-q/wc300/7240046102.jpg,"XICBOOM Чехол на автомобиль Hyundai Tucson, Мембранные материалы, Нетканое полотно, 1 шт.",https://www.ozon.ru/product/1384479178,1384479178,XICBOOM,"汽车罩
Чехол на автомобиль",跨境卖家可售,4793₽,6,28081₽,-15%,-13%,50%,6776,3366,247,10.93%,0.08%,50.06%,100.0%,0.07%,18.5%,9.92%,0.0%,0₽,4.9,707,Tengxi auto supplies franchise store,跨境卖家,RFBS,3500.0 g,"2024-01-13
2 年 8 个月"
717,#VALUE!,https://ir.ozone.ru/s3/multimedia-g/wc300/6901923256.jpg,"Чехол на автомобиль Haval M6, ABS пластик, EVA, 1 шт.",https://www.ozon.ru/product/3094693932,3094693932,,"汽车罩
Чехол на автомобиль",跨境卖家可售,2104₽,6,12700₽,200%,263%,50%,3084,1233,178,11.79%,0.24%,0.0%,0.0%,0.19%,28.6%,8.36%,16.7%,0₽,4.4,275,tuozhan,跨境卖家,RFBS,1750.0 g,"2025-11-11
10 个月"
718,#VALUE!,https://ir.ozone.ru/s3/multimedia-1-n/wc300/6935545067.jpg,"XICBOOM Чехол на автомобиль Митсубиси Аутлендер, Мембранные материалы, Ткань, 1 шт.",https://www.ozon.ru/product/1440073562,1440073562,XICBOOM,"汽车罩
Чехол на автомобиль",跨境卖家可售,4793₽,6,28681₽,0%,2%,50%,8191,3779,278,9.71%,0.1%,48.83%,100.0%,0.06%,18.5%,10.0%,20.0%,0₽,4.9,1615,Tengxi auto supplies franchise store,跨境卖家,RFBS,3500.0 g,"2024-02-28
2 年 7 个月"
719,#VALUE!,https://ir.ozone.ru/s3/multimedia-1-m/wc300/6939175954.jpg,"Чехол на автомобиль Hyundai Creta, EVA, ABS пластик, 1 шт.",https://www.ozon.ru/product/3094696764,3094696764,,"汽车罩
Чехол на автомобиль",跨境卖家可售,2104₽,6,12818₽,100%,100%,50%,4690,1201,450,8.66%,0.08%,0.0%,0.0%,0.13%,15.4%,11.85%,16.7%,0₽,4.4,275,tuozhan,跨境卖家,RFBS,1750.0 g,"2025-11-11
10 个月"
720,#VALUE!,https://ir.ozone.ru/s3/multimedia-1-z/wc300/12020673959.jpg,"Тент-чехол на пикап. Размер K (XL), ""Камуфляж""",https://www.ozon.ru/product/3049095620,3049095620,AUTOPILOT,"汽车罩
Чехол на автомобиль",跨境卖家可售,8138₽,6,51546₽,100%,100%,19.5%,22449,8603,1400,2.42%,0.08%,8.17%,100.0%,0.03%,17.6%,7.82%,33.4%,5203₽,4.8,1607,Аксессуары Автопилот,本土卖家,FBS,3400.0 g,"2025-10-31
10 个月"
721,#VALUE!,https://ir.ozone.ru/s3/multimedia-1-o/wc300/7183862988.jpg,"XICBOOM Чехол на автомобиль Nissan Murano, Оксфорд 210D, 1 шт.",https://www.ozon.ru/product/1748214530,1748214530,XICBOOM,"汽车罩
Чехол на автомобиль",跨境卖家可售,3050₽,6,17756₽,-50%,-52%,51%,6330,3270,411,4.86%,0.12%,49.75%,100.0%,0.08%,25.0%,16.63%,0.0%,0₽,4.8,514,Tengxi auto supplies franchise store,跨境卖家,FBP,1750.0 g,"2024-11-03
1 年 10 个月"
722,#VALUE!,https://ir.ozone.ru/s3/multimedia-a/wc300/6828405310.jpg,"Чехол на автомобиль УАЗ Хантер, Мембранные материалы, Ткань, 1 шт.",https://www.ozon.ru/product/1786117532,1786117532,,"汽车罩
Чехол на автомобиль",跨境卖家可售,2925₽,6,20340₽,100%,100%,50%,7667,1997,495,9.49%,0.5%,12.25%,15.08%,0.08%,12.8%,38.19%,16.7%,0₽,4.9,22,hengyuguoji25,跨境卖家,RFBS,2600.0 g,"2024-12-14
1 年 9 个月"
723,#VALUE!,https://ir.ozone.ru/s3/multimedia-1-f/wc300/7070737731.jpg,"Чехол на автомобиль для Haval M6(хавал м6)  H64F, Синтетика, Мембранные материалы, 1 шт.",https://www.ozon.ru/product/1922896390,1922896390,,"汽车罩
Чехол на автомобиль",跨境卖家可售,2955₽,6,16679₽,500%,569%,50%,9845,2560,438,11.41%,0.35%,39.28%,100.0%,0.05%,10.0%,18.37%,0.0%,0₽,4.3,74,GlobalRu,跨境卖家,RFBS,5012.0 g,"2025-03-07
1 年 6 个月"
724,#VALUE!,https://ir-20.ozone.ru/s3/multimedia-1-6/wc300/13407896274.jpg,"Чехол на автомобиль Авточехол-тент TOZAROA для кроссовера и внедорожника, XXXL (5800×2000×2000 мм), водонепроницаемый от снега, дождя, солнца и пыли, подходит для Cadillac Escalade, Cadillac Escalade-V, Lincoln Navigator, PEVA, 1 шт.",https://www.ozon.ru/product/5330784896,5330784896,,"汽车罩
Чехол на автомобиль",跨境卖家可售,1632₽,6,10893₽,50%,72%,50%,1417,130,481,4.78%,0.76%,9.15%,100.0%,0.49%,30.4%,0.0%,14.3%,0₽,4.3,7,Tozaroa cover,跨境卖家,RFBS,1000.0 g,"2026-08-03
1 个月"
725,#VALUE!,https://ir.ozone.ru/s3/multimedia-1-d/wc300/11807828257.jpg,"Чехол на автомобиль, Мех искусственный, Велюр искусственный, 1 шт.",https://www.ozon.ru/product/4831751332,4831751332,,"汽车罩
Чехол на автомобиль",跨境卖家可售,1338₽,6,8034₽,200%,217%,55%,3115,67,463,6.91%,0.0%,44.8%,100.0%,0.19%,18.8%,29.88%,0.0%,0₽,,,GLEAMWAY,跨境卖家,RFBS,600.0 g,"2026-06-23
3 个月"
726,#VALUE!,https://ir.ozone.ru/s3/multimedia-1-a/wc300/11903635630.jpg,"Чехол на автомобиль Daewoo Lanos （1997-2008）Молния на двери,Всесезонны,защитный/высокопрочный，двухслойный с мягкой подкладкой,защита от солнца  и дождя и пыли и града и снега, Оксфорд 210D, 1 шт.",https://www.ozon.ru/product/4863559446,4863559446,,"汽车罩
Чехол на автомобиль",跨境卖家可售,2427₽,6,14562₽,500%,463%,50%,1376,749,241,7.46%,0.0%,0.0%,0.0%,0.44%,33.3%,0.0%,33.4%,0₽,,,xihe,跨境卖家,RFBS,2950.0 g,"2026-06-26
2 个月"
727,#VALUE!,https://ir.ozone.ru/s3/multimedia-1-v/wc300/7248794935.jpg,"XICBOOM Чехол на автомобиль Mazda Mx-5, Оксфорд 210D, 1 шт.",https://www.ozon.ru/product/2711419082,2711419082,XICBOOM,"汽车罩
Чехол на автомобиль",跨境卖家可售,2905₽,6,18452₽,20%,33%,51%,3794,782,137,9.48%,0.25%,50.61%,100.0%,0.13%,38.5%,0.81%,0.0%,0₽,4.8,6,Tengxi auto supplies franchise store,跨境卖家,FBP,1350.0 g,"2025-08-19
1 年 1 个月"
728,#VALUE!,https://ir-20.ozone.ru/s3/multimedia-1-6/wc300/8019899538.jpg,"Чехол на автомобиль, тент для автомобиля, 5,20x1,90x1,50",https://www.ozon.ru/product/2390146026,2390146026,,"汽车罩
Чехол на автомобиль",跨境卖家可售,861₽,6,5623₽,100%,89%,7.5%,897,165,69,33.33%,0.6%,76.0%,100.0%,0.67%,26.1%,0.0%,83.4%,0₽,4.6,642,NEXORA,本土卖家,FBO,2048.0 g,"2025-07-01
1 年 2 个月"
729,#VALUE!,https://ir.ozone.ru/s3/multimedia-1-i/wc300/10683452322.jpg,"ZHJYDM Чехол на автомобиль Lada Granta Cross, Оксфорд 210D, 1 шт.",https://www.ozon.ru/product/3600331162,3600331162,ZHJYDM,"汽车罩
Чехол на автомобиль",跨境卖家可售,2656₽,6,15936₽,500%,358%,50%,6271,1109,282,10.99%,0.09%,50.0%,61.27%,0.1%,19.4%,35.27%,0.0%,0₽,4.9,40,Zhuohang Jiayi,跨境卖家,RFBS,1350.0 g,"2026-03-07
6 个月"
730,#VALUE!,https://ir.ozone.ru/s3/multimedia-1-c/wc300/8250390516.jpg,"Тент для автомобиля УРАЛ 4320 5,75м Синий цвет (двухсторонний ПВХ материал 650 г/кв.м)",https://www.ozon.ru/product/3559265768,3559265768,Автопласт,"汽车罩
Чехол на автомобиль",跨境卖家可售,21094₽,6,127000₽,50%,58%,17%,2788,1030,170,5.29%,0.58%,0.0%,0.0%,0.22%,66.7%,0.0%,33.4%,0₽,4.7,29,ГлавТент,本土卖家,FBS,22000.0 g,"2026-02-26
6 个月"
731,#VALUE!,https://ir.ozone.ru/s3/multimedia-1-t/wc300/8086257641.jpg,"Чехол на автомобиль 460x185x170cm, Подходит для внедорожник, Оксфорд, Хлопок, 1 шт.",https://www.ozon.ru/product/2923562370,2923562370,,"汽车罩
Чехол на автомобиль",跨境卖家可售,4111₽,6,24184₽,100%,94%,50%,4953,62,517,9.86%,0.0%,25.5%,100.0%,0.1%,9.8%,0.0%,20.0%,0₽,4.7,311,You lian da,跨境卖家,RFBS,4500.0 g,"2025-10-01
11 个月"
732,#VALUE!,https://ir.ozone.ru/s3/multimedia-1-s/wc300/13859605072.jpg,"Чехол на автомобиль 500x190x150, Оксфорд 210D, Хлопок, 1 шт.",https://www.ozon.ru/product/2936399840,2936399840,,"汽车罩
Чехол на автомобиль",跨境卖家可售,6780₽,6,41598₽,100%,100%,50%,9204,4321,1137,5.36%,0.11%,58.17%,100.0%,0.07%,9.8%,6.34%,0.0%,0₽,4.9,56,МЕЧТА 7,跨境卖家,RFBS,7000.0 g,"2025-10-06
11 个月"
733,#VALUE!,https://ir.ozone.ru/s3/multimedia-1-s/wc300/14526827200.jpg,"Чехол на автомобиль 460x185x170, Оксфорд, Хлопок, 1 шт.",https://www.ozon.ru/product/2835153134,2835153134,,"汽车罩
Чехол на автомобиль",跨境卖家可售,4552₽,6,27442₽,0%,2%,50%,16870,340,1368,8.04%,0.0%,58.67%,100.0%,0.04%,5.5%,15.51%,33.4%,0₽,4.8,56,МЕЧТА 7,跨境卖家,RFBS,4500.0 g,"2025-09-10
1 年"
734,#VALUE!,https://ir.ozone.ru/s3/multimedia-1-1/wc300/8616588049.jpg,"XICBOOM Чехол на автомобиль Hyundai Palisade, Мембранные материалы, Нетканое полотно, 1 шт.",https://www.ozon.ru/product/3278662126,3278662126,XICBOOM,"汽车罩
Чехол на автомобиль",跨境卖家可售,4648₽,6,28968₽,0%,7%,51%,4824,2048,156,7.05%,0.09%,65.7%,100.0%,0.1%,45.5%,3.27%,0.0%,0₽,5.0,28,Tengxi auto supplies franchise store,跨境卖家,FBP,3600.0 g,"2025-12-24
9 个月"
735,#VALUE!,https://ir.ozone.ru/s3/multimedia-1-v/wc300/14805295987.jpg,"Чехол на автомобиль 660x380, Пластик, 1 шт.",https://www.ozon.ru/product/4173039980,4173039980,,"汽车罩
Чехол на автомобиль",跨境卖家可售,236₽,6,1375₽,-85%,-86%,51.5%,4891,715,516,3.48%,0.0%,62.74%,100.0%,0.1%,27.8%,0.0%,0.0%,0₽,4.6,1716,NovaMart,跨境卖家,FBP,196.0 g,"2026-05-04
4 个月"
736,#VALUE!,https://ir.ozone.ru/s3/multimedia-1-u/wc300/12867016170.jpg,"Чехол на автомобиль 500x190x150, Оксфорд, 1 шт.",https://www.ozon.ru/product/3129006048,3129006048,,"汽车罩
Чехол на автомобиль",跨境卖家可售,3692₽,6,19863₽,50%,27%,50%,4432,63,601,5.82%,0.0%,18.6%,100.0%,0.14%,17.1%,0.0%,33.4%,0₽,4.6,181,премиальное производство,跨境卖家,RFBS,4980.0 g,"2025-11-19
10 个月"
737,#VALUE!,https://ir.ozone.ru/s3/multimedia-1-p/wc300/8400344785.jpg,"Кабина на погрузчик, чехол на погрузчик вилочный грузоподъемностью 1-3.6T, тент на погрузчик универсальная мягкая кабина, водонепроницаемая, ветрозащитная, ПВХ",https://www.ozon.ru/product/3134128590,3134128590,TENT-CHEHOL,"汽车罩
Чехол на автомобиль",跨境卖家可售,10540₽,6,61338₽,0%,6%,20.2%,7285,4325,592,3.37%,0.06%,48.88%,100.0%,0.08%,30.0%,13.08%,33.4%,0₽,5.0,5,Тент-Чехол,本土卖家,FBS,5100.0 g,"2025-11-20
10 个月"
738,#VALUE!,https://ir.ozone.ru/s3/multimedia-1-i/wc300/8315055198.jpg,"Чехол на автомобиль Tenet T7/Тенет T7,Внедорожник 5 дв,Утолщенный материал,не страшны низкие температуры -50°,защита от града,царапин,защита от воздействия окружающей среды,теплоизоляция,материал авиационного стандарта,Зимний чехол для автомобиля, Оксфорд 210D, Хлопок, 1 шт.",https://www.ozon.ru/product/3096812114,3096812114,,"汽车罩
Чехол на автомобиль",跨境卖家可售,7218₽,6,43290₽,500%,528%,50%,17112,9383,583,7.03%,0.2%,30.39%,100.0%,0.04%,14.6%,17.99%,0.0%,0₽,5.0,42,"Универмаг ""Матрешка""",跨境卖家,RFBS,4000.0 g,"2025-11-12
10 个月"
739,#VALUE!,https://ir-20.ozone.ru/s3/multimedia-1-f/wc300/8851091055.jpg,"Aradela Чехол на автомобиль 470x190x185, Оксфорд, Велюр искусственный, 1 шт.",https://www.ozon.ru/product/3248169630,3248169630,Aradela,"汽车罩
Чехол на автомобиль",跨境卖家可售,6823₽,6,40800₽,20%,70%,50%,2301,84,242,10.33%,0.0%,32.38%,100.0%,0.17%,16.0%,0.0%,0.0%,0₽,4.7,720,Aradela Car Parts & Accessories,跨境卖家,RFBS,7210.0 g,"2025-12-17
9 个月"
740,#VALUE!,https://ir.ozone.ru/s3/multimedia-1-e/wc300/8839510538.jpg,"Aradela Чехол на автомобиль 350x170x150, Оксфорд, 1 шт.",https://www.ozon.ru/product/3409074946,3409074946,Aradela,"汽车罩
Чехол на автомобиль",跨境卖家可售,6004₽,6,39285₽,0%,18%,50%,5549,1877,365,10.68%,0.15%,47.13%,100.0%,0.11%,15.4%,3.38%,0.0%,0₽,4.7,720,Aradela Car Parts & Accessories,跨境卖家,RFBS,6500.0 g,"2026-01-19
8 个月"
741,#VALUE!,https://ir.ozone.ru/s3/multimedia-1-n/wc300/8851305767.jpg,"Aradela Чехол на автомобиль 450x180x168, Оксфорд, Велюр искусственный, 1 шт.",https://www.ozon.ru/product/3415106110,3415106110,Aradela,"汽车罩
Чехол на автомобиль",跨境卖家可售,6768₽,6,39923₽,200%,246%,50%,5964,37,1440,5.34%,0.0%,38.72%,100.0%,0.08%,6.5%,0.0%,0.0%,0₽,4.7,720,Aradela Car Parts & Accessories,跨境卖家,RFBS,7000.0 g,"2026-01-20
8 个月"
742,#VALUE!,https://ir.ozone.ru/s3/multimedia-1-m/wc300/8839512274.jpg,"Aradela Чехол на автомобиль 410x180x168, Оксфорд, 1 шт.",https://www.ozon.ru/product/3409075212,3409075212,Aradela,"汽车罩
Чехол на автомобиль",跨境卖家可售,6659₽,6,37432₽,100%,99%,50%,1953,42,249,5.22%,4.76%,30.3%,100.0%,0.2%,30.8%,0.0%,0.0%,0₽,4.7,720,Aradela Car Parts & Accessories,跨境卖家,RFBS,7000.0 g,"2026-01-19
8 个月"
743,#VALUE!,https://ir.ozone.ru/s3/multimedia-1-g/wc300/8871640360.jpg,"Чехол на автомобиль 430x175x150, PEVA, 1 шт.",https://www.ozon.ru/product/3426123426,3426123426,,"汽车罩
Чехол на автомобиль",跨境卖家可售,1542₽,6,9288₽,500%,546%,50%,18474,258,1110,8.64%,0.0%,0.0%,0.0%,0.03%,6.3%,30.68%,0.0%,0₽,5.0,7,премиальное производство,跨境卖家,RFBS,3500.0 g,"2026-01-22
8 个月"
744,#VALUE!,https://ir.ozone.ru/s3/multimedia-1-6/wc300/9335119902.jpg,"Чехол на автомобиль 430x175x150, EVA, 1 шт.",https://www.ozon.ru/product/3663661096,3663661096,,"汽车罩
Чехол на автомобиль",跨境卖家可售,1521₽,6,9042₽,100%,100%,50%,18639,457,1091,6.69%,0.0%,43.47%,100.0%,0.03%,8.2%,12.72%,16.7%,0₽,,135,Excellent quality,跨境卖家,RFBS,1500.0 g,"2026-03-16
6 个月"
745,#VALUE!,https://ir.ozone.ru/s3/multimedia-1-d/wc300/10154842321.jpg,"ZHJYDM Чехол на автомобиль Mercedes-Benz S-Class W222 2013-2020 С сумкой для хранения, Оксфорд 210D, 1 шт.",https://www.ozon.ru/product/3977408304,3977408304,ZHJYDM,"汽车罩
Чехол на автомобиль",跨境卖家可售,2603₽,6,15618₽,200%,212%,50%,3736,1387,199,6.03%,0.36%,50.0%,100.0%,0.16%,50.0%,30.55%,0.0%,0₽,4.4,7,Zhuohang Jiayi,跨境卖家,RFBS,1350.0 g,"2026-04-17
5 个月"
746,#VALUE!,https://ir.ozone.ru/s3/multimedia-1-2/wc300/13941571754.jpg,"Чехол на автомобиль, Оксфорд 210D, 1 шт.",https://www.ozon.ru/product/4406046886,4406046886,,"汽车罩
Чехол на автомобиль",跨境卖家可售,2369₽,6,14214₽,500%,526%,50%,592,231,119,5.88%,0.43%,0.0%,0.0%,0.51%,42.9%,0.0%,0.0%,0₽,,,JLC Global,跨境卖家,RFBS,1550.0 g,"2026-05-22
4 个月"
747,#VALUE!,https://ir.ozone.ru/s3/multimedia-1-z/wc300/8357194439.jpg,"Fresh Blossom Чехол на автомобиль, Оксфорд, 1 шт.",https://www.ozon.ru/product/4739029530,4739029530,Fresh Blossom,"汽车罩
Чехол на автомобиль",跨境卖家可售,2473₽,6,17870₽,-76%,-76%,16.2%,6528,1743,147,8.84%,0.0%,56.25%,100.0%,0.09%,46.2%,13.3%,0.0%,0₽,4.8,16,Powerful Store,本土卖家,FBO,2770.0 g,"2026-06-15
3 个月"
748,#VALUE!,https://ir.ozone.ru/s3/multimedia-1-h/wc300/11618673353.jpg,"Чехол на автомобиль Экочехлы Премиум 3XXL, тент на машину для седана, защита от солнца, дождя, снега и пыли, 540x200x150 см",https://www.ozon.ru/product/4777614148,4777614148,Экочехлы,"汽车罩
Чехол на автомобиль",跨境卖家可售,4087₽,6,26412₽,500%,371%,17.9%,8571,5136,265,6.41%,0.01%,23.33%,100.0%,0.06%,29.4%,5.97%,40.0%,0₽,5.0,3,Экочехлы,本土卖家,FBS,2190.0 g,"2026-06-17
3 个月"
749,#VALUE!,https://ir.ozone.ru/s3/multimedia-1-4/wc300/7294600300.jpg,"Тент для Газель 2310 СОБОЛЬ длина кузова 2,42м, 5 люверсов; (импортный ПВХ материал 650 г/кв.м)",https://www.ozon.ru/product/4451136314,4451136314,,"汽车罩
Чехол на автомобиль",跨境卖家可售,9862₽,6,58649₽,500%,516%,18.9%,1267,596,103,3.88%,0.16%,0.0%,0.0%,0.39%,125.0%,0.0%,0.0%,0₽,4.5,4,ТЕНТ ЭКСПЕРТ,本土卖家,FBS,12000.0 g,"2026-05-26
4 个月"
750,#VALUE!,https://ir.ozone.ru/s3/multimedia-1-7/wc300/11021460091.jpg,Тент Урал 4320 УК цвет серый,https://www.ozon.ru/product/4537260626,4537260626,ДЕРБИ,"汽车罩
Чехол на автомобиль",跨境卖家可售,20052₽,6,117647₽,500%,566%,20.5%,1990,745,183,6.55%,0.26%,0.0%,0.0%,0.3%,50.0%,0.0%,0.0%,0₽,4.8,249,Tent37,本土卖家,FBS,20000.0 g,"2026-06-01
3 个月"
751,#VALUE!,https://ir.ozone.ru/s3/multimedia-1-g/wc300/11243489560.jpg,"Чехол на автомобиль Renault Arkana（2023-2025）/Рено Аркана,Внедорожник 5 дв,защищает от дождя,пыли и снега,подходит для всех сезонов,высокоплотная,материал авиационного стандарта, Оксфорд 210D, 1 шт.",https://www.ozon.ru/product/4623829218,4623829218,,"汽车罩
Чехол на автомобиль",跨境卖家可售,2789₽,6,14887₽,100%,106%,50%,1725,240,212,9.9%,0.41%,0.0%,0.0%,0.35%,28.6%,0.0%,16.7%,0₽,4.4,5,KunyiI4,跨境卖家,RFBS,1500.0 g,"2026-06-07
3 个月"
752,#VALUE!,https://ir-20.ozone.ru/s3/multimedia-1-v/wc300/8033664883.jpg,Тент для прицепа ЛАВ 81011 (ВЕКТОР) 1960*1210*460 плотность 400гр,https://www.ozon.ru/product/4672561974,4672561974,Автопласт,"汽车罩
Чехол на автомобиль",跨境卖家可售,3175₽,6,19671₽,-15%,-14%,16.1%,9982,1490,408,12.99%,0.06%,0.0%,0.0%,0.06%,11.3%,0.0%,33.4%,0₽,5.0,3,ТЕНТ ЭКСПЕРТ,本土卖家,FBS,3200.0 g,"2026-06-10
3 个月"
753,#VALUE!,https://ir.ozone.ru/s3/multimedia-1-s/wc300/8330593528.jpg,Тент-накидка на прицеп МЗСА 817701цвет серый,https://www.ozon.ru/product/4716948620,4716948620,Автопласт,"汽车罩
Чехол на автомобиль",跨境卖家可售,3303₽,6,20334₽,50%,78%,15.4%,5870,696,313,6.38%,0.0%,0.0%,0.0%,0.1%,30.0%,0.0%,33.4%,0₽,3.7,3,ТЕНТ ЭКСПЕРТ,本土卖家,FBS,2400.0 g,"2026-06-13
3 个月"
754,#VALUE!,https://ir.ozone.ru/s3/multimedia-1-u/wc300/7897659402.jpg,Чехол на автомобиль,https://www.ozon.ru/product/4514827770,4514827770,,"汽车罩
Чехол на автомобиль",跨境卖家可售,1140₽,6,6817₽,500%,426%,55%,1598,971,151,15.23%,0.51%,18.86%,46.13%,0.38%,26.1%,0.0%,16.7%,0₽,5.0,1,JGJKG,跨境卖家,RFBS,432.0 g,"2026-05-31
3 个月"
755,#VALUE!,https://ir.ozone.ru/s3/multimedia-1-m/wc300/11434729774.jpg,Автомобильный тент-чехол Кроссовер SUV (5.1 5.3 м),https://www.ozon.ru/product/4701924460,4701924460,GOODSTORAGE,"汽车罩
Чехол на автомобиль",跨境卖家可售,1563₽,6,10322₽,-79%,-79%,16.1%,3801,1013,405,4.69%,0.59%,0.0%,0.0%,0.16%,31.6%,0.0%,0.0%,0₽,4.5,48,GOODSTORAGE,本土卖家,FBS,1500.0 g,"2026-06-12
3 个月"
756,#VALUE!,https://ir.ozone.ru/s3/multimedia-1-1/wc300/9024448105.jpg,"Тент для прицепа ТИТАН/АТЛАНТ 1713, серый (высота каркаса 30 см) (650 г/кв.м двухсторонний ПВХ материал)",https://www.ozon.ru/product/4716949378,4716949378,Автопласт,"汽车罩
Чехол на автомобиль",跨境卖家可售,3208₽,6,20036₽,100%,92%,18.1%,8046,903,654,5.35%,0.11%,0.0%,0.0%,0.07%,17.1%,0.0%,0.0%,0₽,4.8,6,ТЕНТ ЭКСПЕРТ,本土卖家,FBS,3550.0 g,"2026-06-13
3 个月"
757,#VALUE!,https://ir.ozone.ru/s3/multimedia-1-u/wc300/12186232482.jpg,"Чехол на автомобиль 600x350, Пластик, 1 шт.",https://www.ozon.ru/product/4958617950,4958617950,,"汽车罩
Чехол на автомобиль",跨境卖家可售,212₽,6,1248₽,200%,349%,49.9%,1063,550,67,16.41%,0.36%,21.37%,100.0%,0.56%,54.5%,0.0%,16.7%,0₽,,,Мир Покупок,跨境卖家,RFBS,172.0 g,"2026-07-04
2 个月"
758,#VALUE!,https://ir.ozone.ru/s3/multimedia-1-f/wc300/7667349639.jpg,"Чехол на автомобиль, Алькантара",https://www.ozon.ru/product/4945969914,4945969914,,"汽车罩
Чехол на автомобиль",跨境卖家可售,1021₽,6,6126₽,500%,367%,55%,2968,2334,254,8.26%,0.21%,10.26%,81.82%,0.2%,28.6%,15.11%,0.0%,0₽,5.0,2,SSXS,跨境卖家,RFBS,448.0 g,"2026-07-03
2 个月"
759,#VALUE!,https://ir.ozone.ru/s3/multimedia-1-p/wc300/12708808873.jpg,"Чехол на автомобиль Тойота Прадо, Мембранные материалы, 1 шт.",https://www.ozon.ru/product/5119903012,5119903012,,"汽车罩
Чехол на автомобиль",跨境卖家可售,1533₽,6,9198₽,500%,543%,50%,1604,735,148,12.83%,0.4%,48.44%,100.0%,0.37%,31.6%,27.5%,16.7%,0₽,,,Popeye,跨境卖家,RFBS,1200.0 g,"2026-07-18
2 个月"
760,#VALUE!,https://ir.ozone.ru/s3/multimedia-1-m/wc300/9096564874.jpg,"Чехол на автомобиль, Алькантара, 1 шт.",https://www.ozon.ru/product/4957728118,4957728118,,"汽车罩
Чехол на автомобиль",跨境卖家可售,1167₽,6,6560₽,100%,155%,55%,1579,1147,129,12.4%,0.08%,32.93%,20.0%,0.25%,25.0%,0.0%,25.0%,0₽,5.0,1,GJGJ,跨境卖家,RFBS,448.0 g,"2026-07-04
2 个月"
761,#VALUE!,https://ir.ozone.ru/s3/multimedia-1-6/wc300/11928362046.jpg,"Чехол на автомобиль 489×184×145, Искусственные материалы, Оксфорд, 1 шт.",https://www.ozon.ru/product/4872605864,4872605864,,"汽车罩
Чехол на автомобиль",跨境卖家可售,5060₽,6,31158₽,500%,469%,50%,7049,3854,457,9.19%,0.18%,32.3%,100.0%,0.07%,11.9%,17.42%,20.0%,0₽,4.0,1,LIFE Car Cover Shop,跨境卖家,RFBS,5000.0 g,"2026-06-27
2 个月"
762,#VALUE!,https://ir.ozone.ru/s3/multimedia-1-m/wc300/11943342058.jpg,"Чехол на автомобиль 486×185×148, Искусственные материалы, Оксфорд, 1 шт.",https://www.ozon.ru/product/4877760944,4877760944,,"汽车罩
Чехол на автомобиль",跨境卖家可售,5070₽,6,32024₽,500%,506%,50%,2482,1770,172,6.97%,0.22%,32.44%,100.0%,0.2%,41.7%,17.63%,0.0%,0₽,,,LIFE Car Cover Shop,跨境卖家,RFBS,5000.0 g,"2026-06-28
2 个月"
763,#VALUE!,https://ir.ozone.ru/s3/multimedia-1-z/wc300/13605577055.jpg,"Чехол на автомобиль Toyota RAV4, Мембранные материалы, Ткань, 1 шт.",https://www.ozon.ru/product/5120128832,5120128832,,"汽车罩
Чехол на автомобиль",跨境卖家可售,1769₽,6,9650₽,100%,75%,50%,2660,1569,383,8.09%,0.44%,0.0%,0.0%,0.23%,19.4%,38.25%,0.0%,0₽,5.0,1,Всё для жизни,跨境卖家,RFBS,2000.0 g,"2026-07-18
2 个月"
764,#VALUE!,https://ir.ozone.ru/s3/multimedia-1-w/wc300/14577301148.jpg,"YinoHomeTextiles Чехол на автомобиль 530*255, Полиэстер, 1 шт.",https://www.ozon.ru/product/4907863284,4907863284,YinoHomeTextiles,"汽车罩
Чехол на автомобиль",跨境卖家可售,1352₽,6,8112₽,500%,555%,55%,1334,712,145,10.34%,0.0%,54.97%,100.0%,0.37%,33.3%,0.0%,20.0%,0₽,,,liutianm,跨境卖家,RFBS,1100.0 g,"2026-06-30
2 个月"
765,#VALUE!,https://ir-20.ozone.ru/s3/multimedia-1-c/wc300/12664935084.jpg,"Чехол на автомобиль Mitsubishi Outlander, 1 шт.",https://www.ozon.ru/product/5107283288,5107283288,,"汽车罩
Чехол на автомобиль",跨境卖家可售,1427₽,6,8394₽,100%,100%,55%,968,384,148,5.4%,0.26%,50.0%,100.0%,0.62%,75.0%,7.58%,0.0%,0₽,,,FlyNightPoint1569,跨境卖家,RFBS,1500.0 g,"2026-07-17
2 个月"
766,#VALUE!,https://ir.ozone.ru/s3/multimedia-1-r/wc300/13227255423.jpg,"Чехол на автомобиль Автомобильный чехол тент для Lada Granta, 210D, оксфордская ткань, 1 шт., Оксфорд 210D, 1 шт.",https://www.ozon.ru/product/5278555352,5278555352,,"汽车罩
Чехол на автомобиль",跨境卖家可售,3477₽,6,24347₽,-50%,-56%,17.9%,6342,1992,421,7.83%,0.2%,7.3%,100.0%,0.09%,18.2%,7.08%,0.0%,8445₽,4.8,36,Auto Land,本土卖家,FBS,2100.0 g,"2026-07-30
1 个月"
767,#VALUE!,https://ir.ozone.ru/s3/multimedia-1-2/wc300/13253100194.jpg,"Автомобильный тентчехол Оксфорд, плотная водоотталкивающая ткань, размер 4900*1900*1500 мм, защита от солнца, дождя, пыли и снега",https://www.ozon.ru/product/5285829366,5285829366,,"汽车罩
Чехол на автомобиль",跨境卖家可售,2670₽,6,16020₽,100%,100%,16.6%,1077,622,226,4.42%,0.0%,21.02%,100.0%,0.56%,60.0%,0.0%,33.4%,0₽,,,Вектор,本土卖家,FBS,2900.0 g,"2026-07-31
1 个月"
768,#VALUE!,https://ir.ozone.ru/s3/multimedia-1-u/wc300/12995109858.jpg,"Чехол на автомобиль 600x350, Пластик, 1 шт.",https://www.ozon.ru/product/5210246866,5210246866,,"汽车罩
Чехол на автомобиль",跨境卖家可售,255₽,6,1530₽,100%,100%,50.8%,1252,1067,30,13.33%,0.46%,50.0%,100.0%,0.4%,125.0%,4.59%,0.0%,0₽,,,Универмаг Дэшенг,跨境卖家,RFBS,164.0 g,"2026-07-25
2 个月"
769,#VALUE!,https://ir.ozone.ru/s3/multimedia-1-2/wc300/13259309474.jpg,Тент на прицеп 190см*130см*70см Синий,https://www.ozon.ru/product/5287590348,5287590348,,"汽车罩
Чехол на автомобиль",跨境卖家可售,7922₽,6,40027₽,100%,100%,19.6%,1341,994,73,5.47%,0.0%,0.0%,0.0%,0.37%,125.0%,0.0%,80.0%,0₽,,,Тент Эксперт,本土卖家,FBS,6400.0 g,"2026-07-31
1 个月"
770,#VALUE!,https://ir.ozone.ru/s3/multimedia-1-a/wc300/14252088970.jpg,"Tozaroa Чехол на автомобиль TOZAROA чехол на автомобиль Lada Vesta Лада Веста седан Cross Sport Sportline 2015-2026, защитный тент-чехол для машины, от дождя, снега, наледи, грязи, пыли, листьев, для улицы, парковки, гаража, PEVA, 1 шт.",https://www.ozon.ru/product/5578750454,5578750454,Tozaroa,"汽车罩
Чехол на автомобиль",跨境卖家可售,1348₽,6,8088₽,100%,100%,55%,3562,2642,347,11.23%,0.18%,0.0%,0.0%,0.17%,15.4%,11.34%,16.7%,0₽,,,Tozaroa cover,跨境卖家,RFBS,1000.0 g,"2026-08-23
1 个月"
771,#VALUE!,https://ir.ozone.ru/s3/multimedia-1-9/wc300/14890985793.jpg,Чехол на автомобиль,https://www.ozon.ru/product/5747005356,5747005356,,"汽车罩
Чехол на автомобиль",跨境卖家可售,13₽,6,78₽,100%,100%,-62.5%,20,0,4,50.0%,0.0%,0.0%,0.0%,30.0%,300.0%,0.0%,16.7%,0₽,,,"Shanghai ST BLH International Trading Co., Ltd",跨境卖家,RFBS,1000.0 g,"2026-09-09
< 1 个月"
772,#VALUE!,https://ir.ozone.ru/s3/multimedia-1-0/wc300/13940382312.jpg,"Чехол на автомобиль TOZAROA чехол-тент на автомобиль Lada 2108 (Лада 2108, ВАЗ-2108) 1984–2005, защита от дождя, снега, солнца и пыли, для улицы, парковки и гаража, PEVA, 1 шт.",https://www.ozon.ru/product/5488521358,5488521358,,"汽车罩
Чехол на автомобиль",跨境卖家可售,1681₽,6,10086₽,100%,100%,50%,3214,2367,293,7.16%,0.25%,5.0%,100.0%,0.19%,28.6%,3.87%,0.0%,0₽,3.0,2,Tozaroa cover,跨境卖家,RFBS,1001.0 g,"2026-08-16
1 个月"
773,#VALUE!,https://ir.ozone.ru/s3/multimedia-1-9/wc300/14890985793.jpg,Чехол на автомобиль,https://www.ozon.ru/product/5747005416,5747005416,,"汽车罩
Чехол на автомобиль",跨境卖家可售,13₽,6,78₽,100%,100%,-62.5%,22,0,7,28.57%,0.0%,0.0%,0.0%,27.27%,300.0%,0.0%,16.7%,0₽,,,"Shanghai ST BLH International Trading Co., Ltd",跨境卖家,RFBS,1000.0 g,"2026-09-09
< 1 个月"
774,#VALUE!,https://ir.ozone.ru/s3/multimedia-1-1/wc300/15073669981.jpg,"Чехол на автомобиль универсальный, тент для автомобиля 435х180х160 чёрный",https://www.ozon.ru/product/5804933240,5804933240,,"汽车罩
Чехол на автомобиль",跨境卖家可售,888₽,6,5328₽,100%,100%,9.3%,2886,1937,630,3.01%,0.1%,74.09%,100.0%,0.21%,31.6%,98.56%,0.0%,0₽,,160,КАРПЕИЧ,本土卖家,FBS,500.0 g,"2026-09-15
< 1 个月"
775,#VALUE!,https://ir.ozone.ru/s3/multimedia-1-9/wc300/14890985793.jpg,Чехол на автомобиль,https://www.ozon.ru/product/5747005484,5747005484,,"汽车罩
Чехол на автомобиль",跨境卖家可售,13₽,6,78₽,100%,100%,-62.5%,22,0,4,50.0%,0.0%,0.0%,0.0%,27.27%,300.0%,0.0%,16.7%,0₽,,,"Shanghai ST BLH International Trading Co., Ltd",跨境卖家,RFBS,1000.0 g,"2026-09-09
< 1 个月"
776,#VALUE!,https://ir.ozone.ru/s3/multimedia-1-9/wc300/14890985793.jpg,Чехол на автомобиль,https://www.ozon.ru/product/5747005558,5747005558,,"汽车罩
Чехол на автомобиль",跨境卖家可售,13₽,6,78₽,100%,100%,-62.5%,20,0,4,50.0%,0.0%,0.0%,0.0%,30.0%,300.0%,0.0%,16.7%,0₽,,,"Shanghai ST BLH International Trading Co., Ltd",跨境卖家,RFBS,1000.0 g,"2026-09-09
< 1 个月"
777,#VALUE!,https://ir.ozone.ru/s3/multimedia-1-9/wc300/14890985793.jpg,Чехол на автомобиль,https://www.ozon.ru/product/5747005568,5747005568,,"汽车罩
Чехол на автомобиль",跨境卖家可售,13₽,6,78₽,100%,100%,-62.5%,23,0,9,22.22%,0.0%,0.0%,0.0%,26.09%,300.0%,0.0%,16.7%,0₽,,,"Shanghai ST BLH International Trading Co., Ltd",跨境卖家,RFBS,1000.0 g,"2026-09-09
< 1 个月"
778,#VALUE!,https://ir-20.ozone.ru/s3/multimedia-1-y/wc300/9673527490.jpg,"Чехол на автомобиль 4 МОЛНИИ арт. 9 внедорожник и кроссовер, тент на машину от солнца, дождя и снега",https://www.ozon.ru/product/546269035,546269035,Люкс тент,"汽车罩
Чехол на автомобиль",跨境卖家可售,5034₽,6,30204₽,200%,24%,19.5%,28549,13978,759,5.13%,0.02%,44.17%,100.0%,0.02%,15.4%,20.72%,16.7%,0₽,,73,Люкс тент,本土卖家,FBS,2300.0 g,"2022-04-06
4 年 6 个月"
779,#VALUE!,https://ir.ozone.ru/s3/multimedia-1-7/wc300/7438962247.jpg,"Чехол для автомобиля, тент для машины универсальный",https://www.ozon.ru/product/798516981,798516981,Автохранитель,"汽车罩
Чехол на автомобиль",跨境卖家可售,5882₽,6,38486₽,100%,100%,19.5%,14818,8231,750,2.66%,0.07%,22.51%,100.0%,0.04%,30.0%,3.17%,0.0%,0₽,4.9,824,Автохранитель,本土卖家,FBO,3100.0 g,"2022-11-21
3 年 10 个月"
780,#VALUE!,https://ir.ozone.ru/s3/multimedia-1-h/wc300/8252731421.jpg,"Чехол на автомобиль Ford Fusion,Хэтчбек 5 дв,защита от царапин и плесени,молния на двер,Всесезонный,Зимний чехол для автомобиля,материал авиационного стандарта, Оксфорд 210D, 1 шт.",https://www.ozon.ru/product/4069035209,4069035209,,"汽车罩
Чехол на автомобиль",跨境卖家可售,2386₽,6,14988₽,200%,226%,51%,2010,1115,163,11.04%,0.35%,0.0%,0.0%,0.3%,33.3%,19.21%,0.0%,0₽,,,yunbianxiaomaipu,跨境卖家,FBP,1500.0 g,"2026-04-24
5 个月"
781,#VALUE!,https://ir-20.ozone.ru/s3/multimedia-1-z/wc300/7058385539.jpg,"XICBOOM Чехол на автомобиль ""S""  Применяется для универсал и хэтчбек(450x180x150cm), Оксфорд, Брезент, 1 шт.",https://www.ozon.ru/product/1294983643,1294983643,XICBOOM,"汽车罩
Чехол на автомобиль",跨境卖家可售,2739₽,6,16589₽,100%,100%,50%,6778,2063,247,6.07%,0.09%,42.85%,100.0%,0.09%,40.0%,6.55%,0.0%,0₽,4.8,4880,Tengxi auto supplies franchise store,跨境卖家,RFBS,1400.0 g,"2023-11-17
2 年 10 个月"
782,#VALUE!,https://ir.ozone.ru/s3/multimedia-1-u/wc300/7704728958.jpg,"Тент толстый УАЗ 469, 3151 зеленый (хаки) (900гр)",https://www.ozon.ru/product/1023759785,1023759785,Завод Автозапчастей,"汽车罩
Чехол на автомобиль",跨境卖家可售,9583₽,6,56983₽,50%,60%,20.3%,3854,1697,224,6.25%,0.23%,0.0%,0.0%,0.16%,42.9%,0.0%,16.7%,0₽,4.6,20,Nauazik,本土卖家,FBS,9000.0 g,"2023-06-09
3 年 4 个月"
783,#VALUE!,https://ir.ozone.ru/s3/multimedia-1-z/wc300/7059412223.jpg,"Чехлы автомобильные универсальные комплект на весь салон, 9 предметов, черные",https://www.ozon.ru/product/1032399309,1032399309,MR MARKET ROCKET,"汽车罩
Чехол на автомобиль",跨境卖家可售,2433₽,6,41₽,100%,-99%,16.1%,2211,689,222,4.95%,0.43%,0.0%,0.0%,0.23%,45.5%,0.0%,20.0%,0₽,3.8,47,Gefu-market,本土卖家,FBS,1100.0 g,"2023-06-14
3 年 3 个月"
784,#VALUE!,https://ir.ozone.ru/s3/multimedia-1-6/wc300/9971182662.jpg,"Чехол на автомобиль Feen, тент для автомобиля, размер XL",https://www.ozon.ru/product/1627191265,1627191265,Feen,"汽车罩
Чехол на автомобиль",跨境卖家可售,3269₽,6,20822₽,-58%,-62%,17.2%,1801,435,321,3.42%,0.22%,30.31%,100.0%,0.33%,54.5%,0.0%,40.0%,0₽,4.7,951,ДМ,本土卖家,FBS,2500.0 g,"2024-07-12
2 年 2 个月"
785,#VALUE!,https://ir.ozone.ru/s3/multimedia-x/wc300/6897781149.jpg,"XICBOOM Чехол на автомобиль Geely Atlas, Мембранные материалы, Ткань, 1 шт.",https://www.ozon.ru/product/1394199677,1394199677,XICBOOM,"汽车罩
Чехол на автомобиль",跨境卖家可售,4722₽,6,27478₽,100%,113%,50%,9935,4457,368,7.33%,0.08%,52.36%,100.0%,0.06%,22.2%,11.41%,33.4%,0₽,4.9,1618,Tengxi auto supplies franchise store,跨境卖家,RFBS,3500.0 g,"2024-01-19
2 年 8 个月"
786,#VALUE!,https://ir.ozone.ru/s3/multimedia-1-8/wc300/8803368116.jpg,"Чехол на автомобиль, Оксфорд, Велюр искусственный, 1 шт.",https://www.ozon.ru/product/3390581771,3390581771,,"汽车罩
Чехол на автомобиль",跨境卖家可售,6133₽,6,37824₽,500%,547%,50%,3807,735,445,8.08%,0.27%,48.0%,100.0%,0.16%,16.7%,0.0%,0.0%,0₽,4.6,31,ZimaCover,跨境卖家,RFBS,5500.0 g,"2026-01-15
8 个月"
787,#VALUE!,https://ir.ozone.ru/s3/multimedia-1-9/wc300/8839510821.jpg,"Aradela Чехол на автомобиль 470x190x185, Оксфорд, 1 шт.",https://www.ozon.ru/product/3409075925,3409075925,Aradela,"汽车罩
Чехол на автомобиль",跨境卖家可售,6823₽,6,41442₽,100%,100%,50%,2808,167,447,4.25%,0.0%,39.65%,100.0%,0.21%,31.6%,0.0%,0.0%,0₽,4.7,720,Aradela Car Parts & Accessories,跨境卖家,RFBS,7500.0 g,"2026-01-19
8 个月"
788,#VALUE!,https://ir.ozone.ru/s3/multimedia-1-9/wc300/14584303341.jpg,"Чехол на автомобиль 150cmx70cm, Искусственные материалы, 1 шт.",https://www.ozon.ru/product/1735247997,1735247997,,"汽车罩
Чехол на автомобиль",跨境卖家可售,271₽,6,1636₽,500%,603%,51.4%,20010,1655,619,10.66%,0.12%,27.45%,100.0%,0.03%,9.1%,7.67%,0.0%,0₽,4.5,2385,Shenzhen Estelle Network Technology Co.Ltd.,跨境卖家,RFBS,69.0 g,"2024-10-21
1 年 11 个月"
789,#VALUE!,https://ir.ozone.ru/s3/multimedia-1-5/wc300/7167559757.jpg,"Портативный гараж ""Зимний Щит"", тент чехол на машину от снега и дождя д465*в170 см.",https://www.ozon.ru/product/1678417759,1678417759,,"汽车罩
Чехол на автомобиль",跨境卖家可售,12471₽,6,72669₽,200%,215%,13.6%,16202,7131,1262,5.7%,0.09%,16.5%,14.31%,0.04%,8.3%,2.99%,50.0%,0₽,4.8,374,Стрелка,本土卖家,FBS,5300.0 g,"2024-09-02
2 年 1 个月"
790,#VALUE!,https://ir.ozone.ru/s3/multimedia-1-d/wc300/9132799477.jpg,"Jijivisha Летний универсальный тент-чехол для автомобиля, материал PEVA + алюминиевая пленка, защита от солнца, жары, ультрафиолета, дождя и пыли, размер M 430х160х130 см",https://www.ozon.ru/product/1813965761,1813965761,Jijivisha,"汽车罩
Чехол на автомобиль",跨境卖家可售,2066₽,6,12632₽,-25%,-29%,16%,6261,1230,471,5.94%,0.08%,0.0%,0.0%,0.1%,21.4%,1.04%,0.0%,0₽,4.6,6815,Jijivisha Top,本土卖家,FBO,1250.0 g,"2025-01-03
1 年 8 个月"
791,#VALUE!,https://ir.ozone.ru/s3/multimedia-1-v/wc300/7380042295.jpg,"XICBOOM Чехол на автомобиль ""S"" Применяется для универсал и хэтчбек(450x180x150cm), Оксфорд 210D, 1 шт.",https://www.ozon.ru/product/1757349205,1757349205,XICBOOM,"汽车罩
Чехол на автомобиль",跨境卖家可售,2784₽,6,18532₽,100%,111%,51%,8675,1424,342,7.01%,0.35%,48.75%,100.0%,0.07%,25.0%,15.47%,16.7%,0₽,4.9,1785,Tengxi auto supplies franchise store,跨境卖家,FBP,1541.0 g,"2024-11-13
1 年 10 个月"
792,#VALUE!,https://ir.ozone.ru/s3/multimedia-1-u/wc300/7213056402.jpg,"XICBOOM Чехол на автомобиль Lexus GS GS200t GS300 GS350 GS450h, Оксфорд 210D, 1 шт.",https://www.ozon.ru/product/1772190285,1772190285,XICBOOM,"汽车罩
Чехол на автомобиль",跨境卖家可售,3508₽,6,19014₽,50%,72%,51%,7057,4735,155,14.19%,0.12%,49.38%,100.0%,0.09%,27.3%,11.14%,0.0%,0₽,4.8,514,Tengxi auto supplies franchise store,跨境卖家,FBP,1600.0 g,"2024-11-30
1 年 10 个月"
793,#VALUE!,https://ir-20.ozone.ru/s3/multimedia-1-2/wc300/7441113890.jpg,"XICBOOM Чехол на автомобиль Kia Soul, Оксфорд 210D, 1 шт.",https://www.ozon.ru/product/1999409477,1999409477,XICBOOM,"汽车罩
Чехол на автомобиль",跨境卖家可售,2978₽,6,18657₽,100%,100%,51%,16168,5021,533,7.12%,0.15%,50.94%,100.0%,0.03%,13.2%,34.24%,0.0%,0₽,4.8,512,Tengxi auto supplies franchise store,跨境卖家,FBP,1500.0 g,"2025-04-04
1 年 5 个月"
794,#VALUE!,https://ir.ozone.ru/s3/multimedia-1-z/wc300/12066983711.jpg,Ультракрепкий тент-чехол на седан. Размер 3 (седан) M,https://www.ozon.ru/product/1926225781,1926225781,AUTOPILOT,"汽车罩
Чехол на автомобиль",跨境卖家可售,4957₽,6,31775₽,100%,100%,17.6%,34223,3903,1996,3.45%,0.02%,27.55%,100.0%,0.02%,8.7%,22.4%,0.0%,0₽,4.8,1607,Аксессуары Автопилот,本土卖家,FBS,2900.0 g,"2025-03-09
1 年 6 个月"
795,#VALUE!,https://ir.ozone.ru/s3/multimedia-1-k/wc300/7570510040.jpg,Тент чехол для автомобиля универсальный защитный от дождя и снега S (455х186х120см) летний камуфляж ADCT008,https://www.ozon.ru/product/1974295303,1974295303,Airline,"汽车罩
Чехол на автомобиль",跨境卖家可售,3089₽,6,19906₽,50%,33%,18%,4404,1831,408,6.86%,0.1%,0.0%,0.0%,0.14%,21.4%,6.4%,16.7%,0₽,4.8,481,CARVILLESHOP,本土卖家,FBS,1356.0 g,"2025-03-26
1 年 6 个月"
796,#VALUE!,https://ir.ozone.ru/s3/multimedia-1-1/wc300/7389434449.jpg,"XICBOOM Чехол на автомобиль Renault Duster, Оксфорд 210D, 1 шт.",https://www.ozon.ru/product/1941467359,1941467359,XICBOOM,"汽车罩
Чехол на автомобиль",跨境卖家可售,2978₽,6,18810₽,20%,28%,51%,8471,1384,437,9.83%,0.21%,49.38%,100.0%,0.07%,14.0%,2.26%,0.0%,0₽,4.9,75,Tengxi auto supplies franchise store,跨境卖家,FBP,1550.0 g,"2025-03-15
1 年 6 个月"
797,#VALUE!,https://ir.ozone.ru/s3/multimedia-1-r/wc300/12862101519.jpg,"Чехол на автомобиль LADA NIVA Legend，Двухслойный Усиленный авточехол ,молния на двер,Всесезонный ,защита от царапин и плесени, Оксфорд 210D, 1 шт.",https://www.ozon.ru/product/5166302055,5166302055,,"汽车罩
Чехол на автомобиль",跨境卖家可售,3615₽,6,21705₽,500%,646%,50%,2396,528,289,8.3%,0.56%,37.74%,100.0%,0.25%,25.0%,0.0%,0.0%,0₽,5.0,2,АвтоЗащита,跨境卖家,RFBS,2800.0 g,"2026-07-22
2 个月"
798,#VALUE!,https://ir-20.ozone.ru/s3/multimedia-1-w/wc300/7388033216.jpg,"Чехол на автомобиль 480x170x120, PEVA, 1 шт.",https://www.ozon.ru/product/1966334395,1966334395,,"汽车罩
Чехол на автомобиль",跨境卖家可售,1169₽,6,7014₽,500%,509%,55%,15377,267,711,12.65%,0.37%,0.0%,0.0%,0.04%,6.7%,3.78%,16.7%,0₽,4.1,39,GlobalChoice,跨境卖家,RFBS,1050.0 g,"2025-03-24
1 年 6 个月"
799,#VALUE!,https://ir.ozone.ru/s3/multimedia-1-a/wc300/12862106938.jpg,"Чехол на автомобиль 
LADA NIVA Travel，Двухслойный Усиленный авточехол ,молния на двер,Всесезонный ,защита от царапин и плесени, Оксфорд 210D, 1 шт.",https://www.ozon.ru/product/5166307735,5166307735,,"汽车罩
Чехол на автомобиль",跨境卖家可售,3537₽,6,21343₽,200%,228%,50%,2879,506,285,8.77%,0.19%,34.11%,100.0%,0.21%,24.0%,0.0%,16.7%,0₽,5.0,2,АвтоЗащита,跨境卖家,RFBS,2800.0 g,"2026-07-22
2 个月"
800,#VALUE!,https://ir.ozone.ru/s3/multimedia-1-u/wc300/7652959626.jpg,"Тент чехол на машину для седана PSV с подкладкой и молнией, размер L (470x180x150), Камуфляж",https://www.ozon.ru/product/2302390471,2302390471,PSV,"汽车罩
Чехол на автомобиль",跨境卖家可售,3139₽,6,17132₽,-82%,-83%,16.7%,8528,5352,515,4.27%,0.13%,51.81%,100.0%,0.07%,27.3%,14.37%,16.7%,46143₽,4.5,1546,PSV - Автоаксессуары,本土卖家,FBO,2700.0 g,"2025-06-16
1 年 3 个月"
801,#VALUE!,https://ir.ozone.ru/s3/multimedia-1-r/wc300/11984727123.jpg,"Чехол на автомобиль Lada Priora двухслойный с мягкой подкладкой сумкой для хранения, Оксфорд 210D, 1 шт.",https://www.ozon.ru/product/4892348403,4892348403,,"汽车罩
Чехол на автомобиль",跨境卖家可售,3078₽,6,12458₽,200%,292%,50%,3657,1184,351,7.69%,0.67%,49.97%,100.0%,0.16%,22.2%,7.59%,16.7%,0₽,,,ZH004,跨境卖家,RFBS,2000.0 g,"2026-06-29
2 个月"
802,请使用新版Excel2024查看图片,https://ir-20.ozone.ru/s3/multimedia-1-z/wc300/7533313199.jpg,"Чехол на автомобиль 500x190x150, Велюр искусственный, Оксфорд, 1 шт.",https://www.ozon.ru/product/2121317137,2121317137,,"汽车罩
Чехол на автомобиль",跨境卖家可售,4966₽,6,30235₽,0%,5%,50%,6298,1565,772,4.01%,0.06%,35.38%,100.0%,0.08%,16.1%,3.12%,0.0%,0₽,4.7,1084,Бутик Yaskawa,跨境卖家,RFBS,4950.0 g,"2025-05-11
1 年 4 个月"
803,#VALUE!,https://ir.ozone.ru/s3/multimedia-1-r/wc300/7652959551.jpg,"Тент чехол на машину для седана PSV с подкладкой и молнией, размер XL (490x180x150), Серый",https://www.ozon.ru/product/2302392365,2302392365,PSV,"汽车罩
Чехол на автомобиль",跨境卖家可售,3128₽,6,19703₽,-58%,-50%,16.7%,3639,462,1023,3.42%,0.0%,43.56%,100.0%,0.14%,14.3%,0.0%,20.0%,0₽,4.5,1546,PSV - Автоаксессуары,本土卖家,FBS,2900.0 g,"2025-06-16
1 年 3 个月"
804,#VALUE!,https://ir.ozone.ru/s3/multimedia-1-x/wc300/7499175693.jpg,"Стояночный чехол на погрузчик, 235х125х190см, (Bobcat S100), хаки",https://www.ozon.ru/product/2074063173,2074063173,Авто-картель,"汽车罩
Чехол на автомобиль",跨境卖家可售,1669₽,6,10014₽,500%,178%,14.4%,1431,825,63,17.46%,0.36%,24.22%,39.73%,0.28%,36.4%,0.0%,25.0%,632₽,5.0,19,Альянс АК,本土卖家,FBS,350.0 g,"2025-04-26
1 年 5 个月"
805,#VALUE!,https://ir.ozone.ru/s3/multimedia-1-v/wc300/9118188463.jpg,"xuekeke Чехол на автомобиль 430x180x160, Оксфорд, 1 шт.",https://www.ozon.ru/product/2760577883,2760577883,xuekeke,"汽车罩
Чехол на автомобиль",跨境卖家可售,5796₽,6,34750₽,500%,541%,50%,5146,33,313,12.77%,0.0%,0.0%,0.0%,0.08%,10.0%,0.0%,0.0%,0₽,4.8,35,xuekeke,跨境卖家,RFBS,6000.0 g,"2025-08-27
1 年 1 个月"
806,#VALUE!,https://ir.ozone.ru/s3/multimedia-1-y/wc300/7706073598.jpg,"Чехол на автомобиль 530x203x180, Taffeta, Мембранные материалы, 1 шт.",https://www.ozon.ru/product/2767048119,2767048119,,"汽车罩
Чехол на автомобиль",跨境卖家可售,4432₽,6,26831₽,100%,107%,50%,1878,467,185,11.89%,0.85%,9.21%,100.0%,0.27%,22.7%,0.0%,0.0%,0₽,4.6,6,FFHaoHaoJiaoSAN,跨境卖家,RFBS,2114.0 g,"2025-08-28
1 年 1 个月"
807,#VALUE!,https://ir.ozone.ru/s3/multimedia-1-8/wc300/10564874468.jpg,"Чехол на автомобиль Nissan x-Trail Молния на двери,Всесезонны,защитный/высокопрочный，Сгущаться двухслойный с мягкой подкладкой, от царапин и плесени, Оксфорд, 1 шт.",https://www.ozon.ru/product/2753854295,2753854295,,"汽车罩
Чехол на автомобиль",跨境卖家可售,3301₽,6,19389₽,200%,220%,50%,6057,1494,363,9.36%,0.13%,52.96%,100.0%,0.08%,14.7%,14.79%,20.0%,0₽,5.0,26,Магазин качественных автозапчастей,跨境卖家,RFBS,2850.0 g,"2025-08-26
1 年 1 个月"
808,#VALUE!,https://ir.ozone.ru/s3/multimedia-1-2/wc300/10198847702.jpg,"Чехол на автомобиль Haval F7  Двухслойный Усиленный авточехол ,молния на двер,Всесезонный ,защита от царапин и плесени, Оксфорд, 1 шт.",https://www.ozon.ru/product/2646663487,2646663487,,"汽车罩
Чехол на автомобиль",跨境卖家可售,3244₽,6,20196₽,100%,100%,50%,6746,1844,356,10.67%,0.32%,47.87%,100.0%,0.09%,15.8%,15.07%,0.0%,0₽,4.9,80,Магазин качественных автозапчастей,跨境卖家,RFBS,2800.0 g,"2025-08-09
1 年 1 个月"
809,#VALUE!,https://ir.ozone.ru/s3/multimedia-1-2/wc300/7612874606.jpg,"XICBOOM Чехол на автомобиль Lada Largus, Оксфорд 210D, 1 шт.",https://www.ozon.ru/product/3004538577,3004538577,XICBOOM,"汽车罩
Чехол на автомобиль",跨境卖家可售,2978₽,6,19153₽,50%,53%,51%,8404,2082,327,9.48%,0.09%,48.14%,100.0%,0.07%,19.4%,6.29%,0.0%,0₽,4.9,174,Tengxi auto supplies franchise store,跨境卖家,FBP,1550.0 g,"2025-10-22
11 个月"
810,#VALUE!,https://ir.ozone.ru/s3/multimedia-1-t/wc300/8282251577.jpg,"Чехол на автомобиль Lada Priora Универсал двухслойный с мягкой подкладкой，Всесезонный，защитный/высокопрочный，защита от солнца  и дождя и пыли и града и снега ，Молния на двери, Оксфорд, 1 шт.",https://www.ozon.ru/product/2960729869,2960729869,,"汽车罩
Чехол на автомобиль",跨境卖家可售,3196₽,6,17979₽,100%,100%,50%,7200,2246,449,5.12%,0.17%,54.16%,100.0%,0.08%,26.1%,27.94%,0.0%,0₽,,36,Магазин качественных автозапчастей,跨境卖家,RFBS,2602.0 g,"2025-10-12
11 个月"
811,#VALUE!,https://ir.ozone.ru/s3/multimedia-v/wc300/6858713875.jpg,"Чехол на автомобиль Рено Дастер, EVA, Брезент, 1 шт.",https://www.ozon.ru/product/3099234733,3099234733,,"汽车罩
Чехол на автомобиль",跨境卖家可售,2102₽,6,12537₽,-40%,-24%,50%,7858,1691,535,8.78%,0.35%,0.0%,0.0%,0.08%,12.8%,17.11%,0.0%,0₽,4.3,193,tuozhan,跨境卖家,RFBS,1700.0 g,"2025-11-12
10 个月"
812,#VALUE!,https://ir-20.ozone.ru/s3/multimedia-1-3/wc300/15051099855.jpg,"Тент-чехол на хэтчбек. Размер 2L ""Камуфляж""",https://www.ozon.ru/product/3049039335,3049039335,AUTOPILOT,"汽车罩
Чехол на автомобиль",跨境卖家可售,4949₽,6,37486₽,0%,29%,17.9%,15775,7125,695,4.89%,0.08%,20.7%,100.0%,0.03%,14.7%,14.76%,20.0%,6864₽,4.8,1607,Аксессуары Автопилот,本土卖家,FBS,3130.0 g,"2025-10-31
10 个月"
813,#VALUE!,https://ir.ozone.ru/s3/multimedia-1-u/wc300/10286763834.jpg,"Чехол на автомобиль Skoda Fabia защищающий от снега, Сгущаться двухслойный с мягкой подкладкой, устойчивый к царапинам, полное покрытие автомобиля, PEVA, 1 шт.",https://www.ozon.ru/product/2912948933,2912948933,,"汽车罩
Чехол на автомобиль",跨境卖家可售,2724₽,6,17070₽,100%,80%,50%,4343,1182,274,8.39%,0.25%,55.01%,100.0%,0.14%,26.1%,3.76%,16.7%,0₽,4.9,48,Магазин качественных автозапчастей,跨境卖家,RFBS,2565.0 g,"2025-09-28
1 年"
814,#VALUE!,https://ir.ozone.ru/s3/multimedia-1-f/wc300/14526826431.jpg,"Чехол на автомобиль 520x200x190, Оксфорд, Хлопок, 1 шт.",https://www.ozon.ru/product/2925789115,2925789115,,"汽车罩
Чехол на автомобиль",跨境卖家可售,4552₽,6,27762₽,200%,220%,50%,17185,685,905,7.18%,0.0%,57.38%,100.0%,0.03%,7.7%,10.54%,0.0%,0₽,4.8,56,МЕЧТА 7,跨境卖家,RFBS,5100.0 g,"2025-10-02
11 个月"
815,#VALUE!,https://ir.ozone.ru/s3/multimedia-1-w/wc300/13840219472.jpg,"Чехол на автомобиль 430x180x150, Хлопок, Оксфорд, 1 шт.",https://www.ozon.ru/product/2937183793,2937183793,,"汽车罩
Чехол на автомобиль",跨境卖家可售,4769₽,6,29042₽,500%,550%,50%,25553,12600,2111,5.4%,0.12%,56.0%,100.0%,0.02%,5.3%,56.72%,16.7%,0₽,4.8,71,DMPL,跨境卖家,RFBS,4000.0 g,"2025-10-06
11 个月"
816,#VALUE!,https://ir.ozone.ru/s3/multimedia-1-h/wc300/13840221041.jpg,"Чехол на автомобиль 450x185x150, Хлопок, Оксфорд, 1 шт.",https://www.ozon.ru/product/2937183967,2937183967,,"汽车罩
Чехол на автомобиль",跨境卖家可售,4652₽,6,28602₽,500%,536%,50%,18021,548,1502,8.52%,0.0%,56.16%,100.0%,0.03%,4.7%,19.53%,16.7%,0₽,4.8,71,DMPL,跨境卖家,RFBS,4000.0 g,"2025-10-06
11 个月"
817,#VALUE!,https://ir.ozone.ru/s3/multimedia-1-8/wc300/8480019464.jpg,"Чехол на автомобиль с юбкой, 460x185x170см, Подходит для внедорожник, Оксфорд 210D, Хлопок, 1 шт.",https://www.ozon.ru/product/3202981715,3202981715,,"汽车罩
Чехол на автомобиль",跨境卖家可售,5897₽,6,35173₽,0%,5%,50%,6099,127,431,15.54%,1.57%,0.0%,0.0%,0.08%,7.5%,0.0%,20.0%,0₽,5.0,16,Семейный Склад,跨境卖家,RFBS,6500.0 g,"2025-12-06
9 个月"
818,#VALUE!,https://ir.ozone.ru/s3/multimedia-1-2/wc300/8577422210.jpg,"Чехол на автомобиль С юбкой, 430x180x150 см, подходит для небольших автомобилей, Оксфорд 210D, Хлопок, 1 шт.",https://www.ozon.ru/product/3260663235,3260663235,,"汽车罩
Чехол на автомобиль",跨境卖家可售,5843₽,6,34970₽,50%,65%,50%,2767,221,322,8.38%,0.45%,13.98%,100.0%,0.22%,22.2%,0.0%,16.7%,0₽,4.8,16,Семейный Склад,跨境卖家,RFBS,6500.0 g,"2025-12-19
9 个月"
819,#VALUE!,https://ir.ozone.ru/s3/multimedia-1-7/wc300/8474890255.jpg,"Чехол на автомобиль 445x185x150, Подходит для хэтчбеков и седанов, Оксфорд, Хлопок, 1 шт.",https://www.ozon.ru/product/3200642307,3200642307,,"汽车罩
Чехол на автомобиль",跨境卖家可售,4494₽,6,24975₽,200%,254%,51%,1788,41,599,5.0%,0.0%,0.0%,0.0%,0.34%,20.0%,0.0%,0.0%,0₽,5.0,20,Polar Bear Car Boutique,跨境卖家,FBP,4500.0 g,"2025-12-05
9 个月"
820,#VALUE!,https://ir.ozone.ru/s3/multimedia-1-e/wc300/12687226430.jpg,Автомобильный тент-чехол на кузов 3XL,https://www.ozon.ru/product/3620609225,3620609225,,"汽车罩
Чехол на автомобиль",跨境卖家可售,3270₽,6,20613₽,-82%,-78%,15.8%,16541,11316,278,3.95%,0.06%,62.69%,100.0%,0.04%,54.5%,24.33%,40.0%,0₽,4.5,245,Польза Маг,本土卖家,FBO,2000.0 g,"2026-03-10
6 个月"
821,#VALUE!,https://ir.ozone.ru/s3/multimedia-1-7/wc300/7992399427.jpg,104 см Хаки чехол на светодиодную балку,https://www.ozon.ru/product/3562826413,3562826413,,"汽车罩
Чехол на автомобиль",跨境卖家可售,489₽,6,3243₽,100%,116%,3.1%,1082,547,133,5.26%,0.18%,38.92%,100.0%,0.65%,100.0%,0.0%,42.9%,3253₽,4.9,256,Стеванс Маркет,本土卖家,FBS,75.0 g,"2026-02-27
6 个月"
822,#VALUE!,https://ir.ozone.ru/s3/multimedia-1-g/wc300/8092923100.jpg,"Чехол на автомобиль 355.6x114.3x190.5, Оксфорд, 1 шт.",https://www.ozon.ru/product/3978254809,3978254809,,"汽车罩
Чехол на автомобиль",跨境卖家可售,2530₽,6,15920₽,-25%,-29%,51%,4497,636,404,6.18%,0.47%,20.42%,100.0%,0.13%,24.0%,0.0%,16.7%,0₽,4.6,8,Bogdan's hardware tool,跨境卖家,FBP,1465.0 g,"2026-04-17
5 个月"
823,#VALUE!,https://ir.ozone.ru/s3/multimedia-1-e/wc300/10135107698.jpg,"ZHJYDM Чехол на автомобиль Hyundai Solaris I Saloon 2011-2017 С сумкой для хранения
, Оксфорд 210D, 1 шт.",https://www.ozon.ru/product/3752451953,3752451953,ZHJYDM,"汽车罩
Чехол на автомобиль",跨境卖家可售,2654₽,6,15924₽,500%,357%,50%,3315,1392,214,8.87%,0.14%,50.0%,79.94%,0.18%,31.6%,21.93%,16.7%,0₽,5.0,6,Zhuohang Jiayi,跨境卖家,RFBS,1350.0 g,"2026-03-26
6 个月"
824,#VALUE!,https://ir.ozone.ru/s3/multimedia-0/wc300/6723263448.jpg,"Тент для Газель 3302 старого образца (550 г/кв.м, двухстронний усиленный ПВХ материал)",https://www.ozon.ru/product/3987600003,3987600003,Автопласт,"汽车罩
Чехол на автомобиль",跨境卖家可售,7223₽,6,43782₽,500%,586%,17.5%,2243,1831,87,8.04%,0.54%,0.0%,0.0%,0.22%,71.4%,0.0%,0.0%,0₽,,,АВТОТЕНТ,本土卖家,FBS,12000.0 g,"2026-04-17
5 个月"
825,#VALUE!,https://ir.ozone.ru/s3/multimedia-1-0/wc300/9821222748.jpg,"KPROM Чехол на автомобиль Тенет Т7 (2025-2026) Энергичный узор падающая звезда
, Оксфорд, Композитный материал, 1 шт.",https://www.ozon.ru/product/3956253607,3956253607,KPROM,"汽车罩
Чехол на автомобиль",跨境卖家可售,3597₽,6,22001₽,-15%,-13%,50%,4529,1624,275,10.9%,0.18%,0.0%,0.0%,0.13%,20.0%,0.0%,66.7%,0₽,5.0,12,Автомобильный мир,跨境卖家,RFBS,1500.0 g,"2026-04-15
5 个月"
826,#VALUE!,https://ir.ozone.ru/s3/multimedia-1-6/wc300/9554219034.jpg,"Чехол на автомобиль ГАЗ 31105 Волга Долговечный, воздухопр, Оксфорд, 1 шт.",https://www.ozon.ru/product/3775878565,3775878565,,"汽车罩
Чехол на автомобиль",跨境卖家可售,3197₽,6,18199₽,50%,56%,50%,2505,738,195,8.2%,0.13%,40.15%,100.0%,0.2%,31.3%,0.0%,40.0%,0₽,4.9,25,авто,跨境卖家,RFBS,2900.0 g,"2026-03-29
5 个月"
827,#VALUE!,https://ir.ozone.ru/s3/multimedia-1-2/wc300/10535494034.jpg,"TENGJUNJIA Чехол на автомобиль, Велюр искусственный, Оксфорд, 1 шт.",https://www.ozon.ru/product/4337258839,4337258839,TENGJUNJIA,"汽车罩
Чехол на автомобиль",跨境卖家可售,5997₽,6,36062₽,100%,100%,50%,2569,1129,258,7.75%,0.17%,0.0%,0.0%,0.23%,30.0%,0.0%,16.7%,0₽,5.0,1,Китайский бутик,跨境卖家,RFBS,5500.0 g,"2026-05-17
4 个月"
828,#VALUE!,https://ir.ozone.ru/s3/multimedia-1-t/wc300/9685034417.jpg,"Чехол на автомобиль 520x180x175, Рипстоп, 1 шт.",https://www.ozon.ru/product/4353139967,4353139967,,"汽车罩
Чехол на автомобиль",跨境卖家可售,2609₽,6,16008₽,500%,549%,51%,2960,1034,176,6.81%,0.19%,0.0%,0.0%,0.2%,50.0%,15.33%,16.7%,0₽,4.0,1,На самом деле дома,跨境卖家,FBP,1900.0 g,"2026-05-18
4 个月"
829,#VALUE!,https://ir.ozone.ru/s3/multimedia-l/wc300/6636404793.jpg,"Тент на ГАЗель NEXT железные борта 3,17*2,06*1,53, 6 люверсов (плотность 550гр/кв.м, двухсторонний усиленный ПВХ материал)",https://www.ozon.ru/product/4449497949,4449497949,,"汽车罩
Чехол на автомобиль",跨境卖家可售,10995₽,6,65298₽,100%,100%,18.4%,5282,2417,389,8.22%,0.08%,0.0%,0.0%,0.06%,9.4%,0.0%,0.0%,0₽,5.0,3,ТЕНТ ЭКСПЕРТ,本土卖家,FBS,13550.0 g,"2026-05-26
4 个月"
830,#VALUE!,https://ir.ozone.ru/s3/multimedia-1-4/wc300/11126495092.jpg,"Чехол на автомобиль Lada (ВАЗ) 1111 Ока/Лада (ВАЗ) 1111 Ока,Хэтчбек 3 дв,защищает от дождя,пыли и снега,подходит для всех сезонов,высокоплотная,материал авиационного стандарта, Оксфорд 210D, 1 шт.",https://www.ozon.ru/product/4577307491,4577307491,,"汽车罩
Чехол на автомобиль",跨境卖家可售,2418₽,6,14208₽,500%,433%,50%,9634,3783,581,9.81%,0.42%,0.0%,0.0%,0.06%,10.5%,15.23%,0.0%,0₽,4.4,27,KunyiI4,跨境卖家,RFBS,2300.0 g,"2026-06-04
3 个月"
831,#VALUE!,https://ir.ozone.ru/s3/multimedia-1-p/wc300/10152053917.jpg,"Чехол на автомобиль, Оксфорд, 1 шт.",https://www.ozon.ru/product/4145871351,4145871351,,"汽车罩
Чехол на автомобиль",跨境卖家可售,2687₽,6,16122₽,100%,100%,50%,3674,2322,343,11.37%,0.25%,0.0%,0.0%,0.16%,15.4%,27.47%,0.0%,0₽,,,qinyuanyiqi,跨境卖家,RFBS,2100.0 g,"2026-05-01
4 个月"
832,#VALUE!,https://ir.ozone.ru/s3/multimedia-1-v/wc300/8900847103.jpg,Тент для автомобиля УРАЛ 4320 (двухсторонний ПВХ материал 650 г/кв.м) цвет коричневый,https://www.ozon.ru/product/4735969093,4735969093,,"汽车罩
Чехол на автомобиль",跨境卖家可售,25671₽,6,141402₽,500%,564%,17.9%,2431,1226,142,8.45%,0.0%,0.0%,0.0%,0.16%,33.3%,0.0%,0.0%,0₽,,,ТЕНТ ЭКСПЕРТ,本土卖家,FBS,20000.0 g,"2026-06-15
3 个月"
833,#VALUE!,https://ir.ozone.ru/s3/multimedia-1-a/wc300/11764598410.jpg,"Чехол на автомобиль, Оксфорд, Оксфорд 210D, 1 шт.",https://www.ozon.ru/product/4816806637,4816806637,,"汽车罩
Чехол на автомобиль",跨境卖家可售,1988₽,6,11974₽,200%,278%,50%,6000,498,646,4.95%,0.2%,0.0%,0.0%,0.08%,15.6%,9.15%,0.0%,0₽,4.9,17,jiahe4,跨境卖家,RFBS,1069.0 g,"2026-06-22
3 个月"
834,#VALUE!,https://ir.ozone.ru/s3/multimedia-1-m/wc300/8788321246.jpg,"Чехол на автомобиль, Алькантара, 1 шт.",https://www.ozon.ru/product/4683104661,4683104661,,"汽车罩
Чехол на автомобиль",跨境卖家可售,915₽,6,5490₽,100%,100%,55%,881,712,52,11.53%,0.0%,9.73%,100.0%,0.68%,100.0%,7.46%,16.7%,0₽,,,KULOO,跨境卖家,RFBS,429.0 g,"2026-06-11
3 个月"
835,#VALUE!,https://ir.ozone.ru/s3/multimedia-1-i/wc300/13592558934.jpg,"Тент-чехол на автомобиль универсальный 2XL 500x200x175 накидка для машины от солнца, дождя и снега",https://www.ozon.ru/product/5279957101,5279957101,,"汽车罩
Чехол на автомобиль",跨境卖家可售,1630₽,6,12105₽,-78%,-73%,11.7%,11625,2396,512,7.22%,0.16%,74.35%,100.0%,0.05%,16.2%,0.0%,0.0%,882₽,4.3,35,СомСтройРемонт,本土卖家,FBO,2000.0 g,"2026-07-30
1 个月"
836,#VALUE!,https://ir.ozone.ru/s3/multimedia-1-x/wc300/13535499705.jpg,"Чехол на автомобиль Toyota Vitz Зимняя утеплённая/ водонепроницаемая/Защита от снега и царапин/Заказной чехол 1:1, Оксфорд 210D, 1 шт.",https://www.ozon.ru/product/5368507001,5368507001,,"汽车罩
Чехол на автомобиль",跨境卖家可售,3854₽,6,22702₽,500%,581%,50%,2194,531,369,10.29%,1.31%,0.0%,0.0%,0.27%,15.8%,0.0%,0.0%,0₽,,,Китайский бутик,跨境卖家,RFBS,4000.0 g,"2026-08-06
1 个月"
837,#VALUE!,https://ir.ozone.ru/s3/multimedia-1-o/wc300/13925435424.jpg,Тент для автомобиля седан укрывной чехол на авто защита на зиму,https://www.ozon.ru/product/5467828065,5467828065,,"汽车罩
Чехол на автомобиль",跨境卖家可售,2975₽,6,17850₽,500%,616%,18.7%,5583,3569,259,5.4%,0.08%,0.0%,0.0%,0.09%,35.7%,8.29%,0.0%,0₽,5.0,1,Guizhou Province Liping,本土卖家,FBS,2300.0 g,"2026-08-14
1 个月"
838,#VALUE!,https://ir.ozone.ru/s3/multimedia-1-9/wc300/14351231565.jpg,"Тент для Шевроле Нива (Chevrolet Niva) / автомобильный чехол, 190x500x200, светоотражающий",https://www.ozon.ru/product/5609410011,5609410011,SB,"汽车罩
Чехол на автомобиль",跨境卖家可售,3562₽,6,21372₽,100%,100%,17.3%,514,314,51,15.68%,0.0%,0.0%,0.0%,1.17%,75.0%,0.0%,33.4%,0₽,4.0,1,Д&Ко,本土卖家,FBS,3000.0 g,"2026-08-26
< 1 个月"
839,#VALUE!,https://ir.ozone.ru/s3/multimedia-1-p/wc300/8400344785.jpg,"Кабина на погрузчик, чехол на погрузчик вилочный грузоподъемностью 1-3.6T, тент на погрузчик универсальная мягкая кабина, водонепроницаемая, ветрозащитная, ПВХ",https://www.ozon.ru/product/3134128395,3134128395,TENT-CHEHOL,"汽车罩
Чехол на автомобиль",跨境卖家可售,10307₽,6,61485₽,200%,172%,20%,2973,1214,510,4.5%,0.08%,3.56%,100.0%,0.17%,21.7%,0.0%,50.0%,0₽,5.0,16,Тенты и Чехлы,本土卖家,FBS,5300.0 g,"2025-11-20
10 个月"
840,#VALUE!,https://ir.ozone.ru/s3/multimedia-1-a/wc300/15073817302.jpg,"Чехол на автомобиль универсальный, тент для автомобиля 480х190х185 чёрный",https://www.ozon.ru/product/5804963579,5804963579,,"汽车罩
Чехол на автомобиль",跨境卖家可售,1898₽,6,11388₽,100%,100%,,1966,1321,418,5.74%,0.07%,74.07%,5.35%,0.31%,25.0%,51.1%,33.4%,8333₽,,160,КАРПЕИЧ,本土卖家,FBS,,"2026-09-15
< 1 个月"
841,#VALUE!,https://ir.ozone.ru/s3/multimedia-1-z/wc300/11872599155.jpg,Чехол для автомобиля водонепроницаемый XL REXANT,https://www.ozon.ru/product/1536527710,1536527710,REXANT,"汽车罩
Чехол на автомобиль",跨境卖家可售,2751₽,5,14716₽,-29%,-15%,17.5%,3995,1059,124,6.45%,0.0%,0.0%,0.0%,0.13%,62.5%,8.47%,0.0%,47944₽,4.8,290,Официальный магазин СДС,本土卖家,FBO,1100.0 g,"2024-04-08
2 年 5 个月"
842,#VALUE!,https://ir.ozone.ru/s3/multimedia-1-q/wc300/9673422974.jpg,"Чехол на автомобиль 4 МОЛНИИ Размер 7 внедорожник и кроссовер, тент на машину от солнца, дождя и снега",https://www.ozon.ru/product/546182406,546182406,Люкс тент,"汽车罩
Чехол на автомобиль",跨境卖家可售,6152₽,5,30760₽,100%,100%,19.9%,2022,1194,188,8.51%,0.0%,51.25%,100.0%,0.25%,31.3%,0.0%,20.0%,46070₽,5.0,73,Люкс тент,本土卖家,FBS,2300.0 g,"2022-04-06
4 年 6 个月"
843,#VALUE!,https://ir.ozone.ru/s3/multimedia-1-r/wc300/7198724151.jpg,"Toyota Чехол на автомобиль, Оксфорд, 1 шт.",https://www.ozon.ru/product/3323650396,3323650396,Toyota,"汽车罩
Чехол на автомобиль",跨境卖家可售,2724₽,5,13866₽,100%,100%,50%,3428,1526,221,9.04%,0.06%,0.0%,0.0%,0.15%,25.0%,32.03%,0.0%,0₽,5.0,3,Taoyue,跨境卖家,RFBS,1939.0 g,"2026-01-03
8 个月"
844,#VALUE!,https://ir.ozone.ru/s3/multimedia-1-k/wc300/9845619176.jpg,Чехол для авто ZDK Размер M 430*160*120 см,https://www.ozon.ru/product/599843294,599843294,ZDK,"汽车罩
Чехол на автомобиль",跨境卖家可售,1535₽,5,8565₽,150%,139%,15.6%,6347,2643,288,8.68%,0.22%,0.0%,0.0%,0.08%,20.0%,3.51%,20.0%,0₽,3.6,113,ZOOWELL,本土卖家,FBO,850.0 g,"2022-05-28
4 年 4 个月"
845,#VALUE!,https://ir.ozone.ru/s3/multimedia-1-4/wc300/8024869120.jpg,"Чехол на автомобиль Lada 2115 Защита от града,солнцезащитный, устойчивый к царапинам, покрытие,автомобиля,Чехол на автомобиль от солнца,дождя,тент на машину автомобильный для защиты краски,Защита от града, дождя,  Зимний непромокаемый уличный ,защищающий от снега, Оксфорд 210D, 1 шт.",https://www.ozon.ru/product/3384049218,3384049218,,"汽车罩
Чехол на автомобиль",跨境卖家可售,2609₽,5,13276₽,400%,451%,51%,2530,655,145,17.93%,0.3%,0.0%,0.0%,0.16%,15.4%,0.0%,0.0%,0₽,5.0,1,PET PA,跨境卖家,FBP,2659.0 g,"2026-01-14
8 个月"
846,#VALUE!,https://ir.ozone.ru/s3/multimedia-y/wc300/6824247370.jpg,Чехол эластичный для легкового автомобиля Mastent stretch (гаражное хранение) Размер XXL черный,https://www.ozon.ru/product/767391890,767391890,Mastent,"汽车罩
Чехол на автомобиль",跨境卖家可售,15924₽,5,80138₽,400%,355%,21%,2733,511,622,1.92%,0.0%,0.0%,0.0%,0.18%,41.7%,0.0%,0.0%,2825₽,5.0,112,Mastent,本土卖家,FBS,3400.0 g,"2022-10-30
3 年 11 个月"
847,#VALUE!,https://ir.ozone.ru/s3/multimedia-1-b/wc300/9671341043.jpg,"Автомобильный тент от снега и дождя, чехол накидка на машину универсальная ZDK Cotton Размер XXL 530*200*150 см (хлопок)",https://www.ozon.ru/product/947091636,947091636,ZDK,"汽车罩
Чехол на автомобиль",跨境卖家可售,2901₽,5,16055₽,100%,100%,18.5%,1861,1070,194,2.06%,0.0%,0.0%,0.0%,0.27%,125.0%,0.0%,0.0%,0₽,,476,ZDK,本土卖家,FBO,1000.0 g,"2023-04-20
3 年 5 个月"
848,#VALUE!,https://ir.ozone.ru/s3/multimedia-1-t/wc300/6980920193.jpg,"XICBOOM Чехол на автомобиль 465x180x145, Оксфорд, Брезент, 1 шт.",https://www.ozon.ru/product/1586866456,1586866456,XICBOOM,"汽车罩
Чехол на автомобиль",跨境卖家可售,2739₽,5,14017₽,150%,160%,51%,4622,742,420,4.04%,0.13%,45.78%,100.0%,0.11%,29.4%,14.24%,20.0%,0₽,4.8,4880,Tengxi auto supplies franchise store,跨境卖家,FBP,1400.0 g,"2024-05-28
2 年 4 个月"
849,#VALUE!,https://ir.ozone.ru/s3/multimedia-1-7/wc300/7064234719.jpg,"XICBOOM Чехол на автомобиль Chevrole Niva, Мембранные материалы, Ткань, 1 шт.",https://www.ozon.ru/product/1616892848,1616892848,XICBOOM,"汽车罩
Чехол на автомобиль",跨境卖家可售,4939₽,5,25085₽,0%,2%,51%,11644,3631,416,3.84%,0.11%,47.28%,100.0%,0.04%,31.3%,3.75%,20.0%,0₽,4.9,145,Tengxi auto supplies franchise store,跨境卖家,FBP,3300.0 g,"2024-06-30
2 年 3 个月"
850,#VALUE!,https://ir.ozone.ru/s3/multimedia-1-s/wc300/7046355268.jpg,"XICBOOM Чехол на автомобиль Volkswagen Passat, Мембранные материалы, Ткань, 1 шт.",https://www.ozon.ru/product/1567225528,1567225528,XICBOOM,"汽车罩
Чехол на автомобиль",跨境卖家可售,4794₽,5,24007₽,100%,100%,51%,6985,4416,183,10.92%,0.06%,48.43%,100.0%,0.07%,25.0%,6.62%,20.0%,0₽,5.0,12,Tengxi auto supplies franchise store,跨境卖家,FBP,3200.0 g,"2024-05-06
2 年 4 个月"
851,#VALUE!,https://ir.ozone.ru/s3/multimedia-1-e/wc300/7038215186.jpg,"XICBOOM Чехол на автомобиль ""C"" Применяется для  кроссоверов и внедорожников(485x195x180cm）, Оксфорд, Брезент, 1 шт.",https://www.ozon.ru/product/1585897034,1585897034,XICBOOM,"汽车罩
Чехол на автомобиль",跨境卖家可售,2573₽,5,15320₽,150%,177%,51%,9297,575,848,3.89%,0.0%,47.81%,100.0%,0.05%,15.2%,16.78%,0.0%,0₽,4.8,4880,Tengxi auto supplies franchise store,跨境卖家,FBP,1700.0 g,"2024-05-27
2 年 4 个月"
852,#VALUE!,https://ir.ozone.ru/s3/multimedia-1-i/wc300/7070196366.jpg,"XICBOOM Чехол на автомобиль Mitsubishi Pajero, Мембранные материалы, Нетканое полотно, 1 шт.",https://www.ozon.ru/product/1689945710,1689945710,XICBOOM,"汽车罩
Чехол на автомобиль",跨境卖家可售,4794₽,5,23892₽,150%,181%,51%,9122,4605,363,6.88%,0.08%,48.83%,100.0%,0.03%,12.0%,20.96%,0.0%,0₽,5.0,61,Tengxi auto supplies franchise store,跨境卖家,FBP,3700.0 g,"2024-09-11
2 年"
853,#VALUE!,https://ir.ozone.ru/s3/multimedia-s/wc300/6626793484.jpg,"Тент на Газель 3302 БИЗНЕС, 6 люверсов (400 г/кв.м, двухсторонний ПВХ материал)",https://www.ozon.ru/product/1674116794,1674116794,Автопласт,"汽车罩
Чехол на автомобиль",跨境卖家可售,6656₽,5,33633₽,-38%,-36%,16.1%,4824,1737,281,11.74%,0.23%,0.0%,0.0%,0.1%,15.2%,0.0%,0.0%,0₽,4.8,46,АВТОТЕНТ,本土卖家,FBS,8200.0 g,"2024-08-29
2 年 1 个月"
854,#VALUE!,https://ir.ozone.ru/s3/multimedia-1-d/wc300/9132716137.jpg,"Jijivisha Летний универсальный тент-чехол для автомобиля, PEVA + алюминиевая пленка, защита от солнца, жары, ультрафиолета, дождя и пыли, размер S 400х160х120 см",https://www.ozon.ru/product/1813954154,1813954154,Jijivisha,"汽车罩
Чехол на автомобиль",跨境卖家可售,1845₽,5,9583₽,100%,100%,15.3%,4896,1182,397,4.53%,0.0%,0.0%,0.0%,0.1%,27.8%,0.0%,0.0%,0₽,4.6,6815,Jijivisha Top,本土卖家,FBO,1200.0 g,"2025-01-03
1 年 8 个月"
855,#VALUE!,https://ir.ozone.ru/s3/multimedia-1-x/wc300/7150981317.jpg,"Чехол на автомобиль 480x190x180, Оксфорд, Велюр искусственный, 1 шт.",https://www.ozon.ru/product/1939731890,1939731890,,"汽车罩
Чехол на автомобиль",跨境卖家可售,5149₽,5,24360₽,67%,78%,50%,3499,16,618,5.33%,0.0%,21.74%,100.0%,0.11%,12.1%,0.0%,25.0%,0₽,4.7,2059,Бутик-магазин 2,跨境卖家,RFBS,4950.0 g,"2025-03-14
1 年 6 个月"
856,#VALUE!,https://ir.ozone.ru/s3/multimedia-1-6/wc300/13407895842.jpg,"Чехол на автомобиль Авточехол-тент TOZAROA для кроссовера и внедорожника, размер XXL, 5400×2000×2000 мм, водонепроницаемый от снега, дождя, солнца и пыли, подходит для Cadillac Escalade, Nissan Patrol, Toyota Sequoia, PEVA, 1 шт.",https://www.ozon.ru/product/5330784832,5330784832,,"汽车罩
Чехол на автомобиль",跨境卖家可售,1693₽,5,8465₽,400%,380%,50%,951,160,357,4.48%,0.62%,7.94%,100.0%,0.53%,31.3%,0.0%,40.0%,0₽,5.0,7,Tozaroa cover,跨境卖家,RFBS,1000.0 g,"2026-08-03
1 个月"
857,#VALUE!,https://ir.ozone.ru/s3/multimedia-1-7/wc300/11823619435.jpg,"Чехол на автомобиль 690X480, Пластик, 1 шт.",https://www.ozon.ru/product/4837169818,4837169818,,"汽车罩
Чехол на автомобиль",跨境卖家可售,294₽,5,1425₽,400%,548%,52.1%,,,,,,,,,,,,,,,Cearup Auto,跨境卖家,RFBS,250.0 g,"2026-06-24
3 个月"
858,#VALUE!,https://ir.ozone.ru/s3/multimedia-1-1/wc300/13360594429.jpg,"Чехол-тент (тент, чехол) на автомобиль Ауди Ку2 I Рестайлинг (2020-2026) внедорожник 5 дв. зимний от снега, дождя. Тент STORM на машину Audi Q2 для защиты краски, кузова",https://www.ozon.ru/product/2980249476,2980249476,CarFashion,"汽车罩
Чехол на автомобиль",跨境卖家可售,6014₽,5,30317₽,150%,159%,20.4%,694,153,23,8.69%,2.61%,0.0%,0.0%,0.58%,200.0%,0.0%,50.0%,670₽,5.0,2,ЗащитныеНакидки,本土卖家,FBS,1200.0 g,"2025-10-16
11 个月"
859,#VALUE!,https://ir.ozone.ru/s3/multimedia-1-e/wc300/8349127610.jpg,"Чехол на автомобиль Зимний Lada (ВАЗ) 1111 Ока  Защита от ветра и снега/защита от дождя/Защита от ультрафиолета/Защита от пыли Всесезонныйtanas чехол для автомобиля, Оксфорд 210D, 1 шт.",https://www.ozon.ru/product/3583915368,3583915368,,"汽车罩
Чехол на автомобиль",跨境卖家可售,2609₽,5,13385₽,150%,175%,51%,4040,970,238,15.12%,1.03%,0.0%,0.0%,0.12%,13.9%,0.0%,0.0%,0₽,3.0,1,PET PA,跨境卖家,FBP,2000.0 g,"2026-03-04
6 个月"
860,#VALUE!,https://ir.ozone.ru/s3/multimedia-1-7/wc300/10436816383.jpg,"Чехол на автомобиль 440x180x170, Полимерный материал, 1 шт.",https://www.ozon.ru/product/2676673724,2676673724,,"汽车罩
Чехол на автомобиль",跨境卖家可售,2300₽,5,11500₽,400%,391%,50%,5858,1455,434,9.21%,0.0%,0.0%,0.0%,0.09%,12.5%,13.75%,0.0%,0₽,4.6,119,BY2,跨境卖家,RFBS,4000.0 g,"2025-08-14
1 年 1 个月"
861,#VALUE!,https://ir.ozone.ru/s3/multimedia-1-t/wc300/7992344117.jpg,130 см Синий чехол на светодиодную балку,https://www.ozon.ru/product/3562738050,3562738050,,"汽车罩
Чехол на автомобиль",跨境卖家可售,587₽,5,3007₽,-29%,-25%,6.3%,1621,592,133,9.02%,0.0%,48.15%,100.0%,0.31%,41.7%,0.0%,20.0%,2861₽,4.9,256,Стеванс Маркет,本土卖家,FBS,75.0 g,"2026-02-27
6 个月"
862,#VALUE!,https://ir.ozone.ru/s3/multimedia-1-l/wc300/10289351901.jpg,"Чехол на автомобиль Lada Largus CNG  защитный/высокопрочный，Сгущаться двухслойный с мягкой подкладкой, от царапин и плесени, Оксфорд, 1 шт.",https://www.ozon.ru/product/2852828072,2852828072,,"汽车罩
Чехол на автомобиль",跨境卖家可售,2722₽,5,15105₽,100%,100%,50%,6474,1558,389,9.25%,0.25%,57.45%,100.0%,0.08%,13.9%,37.58%,0.0%,0₽,4.8,185,Магазин качественных автозапчастей,跨境卖家,RFBS,2558.0 g,"2025-09-15
1 年"
863,#VALUE!,https://ir.ozone.ru/s3/multimedia-1-k/wc300/8249949488.jpg,"Чехол на автомобиль с юбкой, 495x190x150см, Подходит для седан, Оксфорд 210D, Хлопок, 1 шт.",https://www.ozon.ru/product/2927074408,2927074408,,"汽车罩
Чехол на автомобиль",跨境卖家可售,6466₽,5,32330₽,100%,100%,50%,5794,1427,835,3.59%,0.07%,58.32%,100.0%,0.09%,16.7%,1.92%,0.0%,0₽,,310,DMPL,跨境卖家,RFBS,7000.0 g,"2025-10-02
11 个月"
864,#VALUE!,https://ir.ozone.ru/s3/multimedia-1-1/wc300/8086268341.jpg,"Чехол на автомобиль 470x185x150cm, Подходит для хэтчбек и седан, Оксфорд, Хлопок, 1 шт.",https://www.ozon.ru/product/2923568246,2923568246,,"汽车罩
Чехол на автомобиль",跨境卖家可售,4111₽,5,31496₽,150%,317%,50%,9487,52,834,8.39%,1.92%,50.8%,100.0%,0.05%,7.1%,0.0%,0.0%,0₽,4.7,305,You lian da,跨境卖家,RFBS,4200.0 g,"2025-10-01
11 个月"
865,#VALUE!,https://ir.ozone.ru/s3/multimedia-1-r/wc300/8252955531.jpg,"Чехол на автомобиль с юбкой, 425x180x150см, Подходит для хэтчбек, Оксфорд 210D, Хлопок, 1 шт.",https://www.ozon.ru/product/2936399836,2936399836,,"汽车罩
Чехол на автомобиль",跨境卖家可售,6550₽,5,32750₽,100%,100%,50%,10063,4522,1181,6.6%,0.06%,58.13%,100.0%,0.05%,6.4%,8.62%,0.0%,0₽,,56,МЕЧТА 7,跨境卖家,RFBS,6000.0 g,"2025-10-06
11 个月"
866,#VALUE!,https://ir.ozone.ru/s3/multimedia-1-6/wc300/9301747110.jpg,"Чехол на автомобиль чехол на автомобиль Lada 2106 1976-2005, Оксфорд, 1 шт.",https://www.ozon.ru/product/4186612486,4186612486,,"汽车罩
Чехол на автомобиль",跨境卖家可售,2712₽,5,13560₽,-29%,-32%,50%,2979,2155,189,8.99%,0.46%,0.0%,0.0%,0.13%,23.5%,17.17%,0.0%,0₽,5.0,1,PET PA,跨境卖家,RFBS,1500.0 g,"2026-05-05
4 个月"
867,#VALUE!,https://ir.ozone.ru/s3/multimedia-1-2/wc300/8407077626.jpg,"Чехол на автомобиль 150cmx70cm, Искусственные материалы, 1 шт.",https://www.ozon.ru/product/3158936752,3158936752,,"汽车罩
Чехол на автомобиль",跨境卖家可售,307₽,5,1535₽,100%,100%,52.1%,1910,584,52,13.46%,0.17%,0.0%,0.0%,0.26%,71.4%,0.0%,40.0%,0₽,5.0,7,Erlinda,跨境卖家,RFBS,69.0 g,"2025-11-26
10 个月"
868,#VALUE!,https://ir.ozone.ru/s3/multimedia-1-0/wc300/8717316300.jpg,"Jijivisha Универсальный чехол на автомобиль, с комбинированным цветом и наполнением + молнией + фиксирующими ремнями с застежками, размер 480*175*120 см, Гарантия на пять лет",https://www.ozon.ru/product/3184750316,3184750316,Jijivisha,"汽车罩
Чехол на автомобиль",跨境卖家可售,2697₽,5,14373₽,150%,134%,17.3%,1175,287,264,10.22%,0.0%,5.4%,38.68%,0.43%,18.5%,1.02%,60.0%,21144₽,4.7,381,AlfaMet,本土卖家,FBO,2200.0 g,"2025-12-02
9 个月"
869,#VALUE!,https://ir.ozone.ru/s3/multimedia-1-1/wc300/10494271153.jpg,"Чехол на автомобиль, Оксфорд, 1 шт.",https://www.ozon.ru/product/4317593998,4317593998,,"汽车罩
Чехол на автомобиль",跨境卖家可售,3000₽,5,14730₽,400%,321%,50%,1741,294,139,11.51%,0.34%,40.7%,100.0%,0.29%,31.3%,0.0%,20.0%,0₽,5.0,1,Popular,跨境卖家,RFBS,3000.0 g,"2026-05-15
4 个月"
870,#VALUE!,https://ir.ozone.ru/s3/multimedia-1-y/wc300/7947091978.jpg,"Чехол на автомобиль 430x180x150, Оксфорд, 1 шт.",https://www.ozon.ru/product/3395747350,3395747350,,"汽车罩
Чехол на автомобиль",跨境卖家可售,5167₽,5,25835₽,100%,100%,50%,263,33,82,8.53%,0.0%,38.01%,100.0%,1.52%,57.1%,0.0%,0.0%,0₽,5.0,6,NuoFandi,跨境卖家,RFBS,4800.0 g,"2026-01-16
8 个月"
871,#VALUE!,https://ir-20.ozone.ru/s3/multimedia-1-t/wc300/9087901589.jpg,"Чехол на автомобиль Лада Калина универсал  S74Q, Мембранные материалы, Ткань, 1 шт.",https://www.ozon.ru/product/3536827854,3536827854,,"汽车罩
Чехол на автомобиль",跨境卖家可售,2361₽,5,12124₽,100%,100%,50%,5102,1287,273,6.59%,0.07%,53.18%,100.0%,0.1%,27.8%,8.91%,20.0%,0₽,4.3,8,LUMI CASA,跨境卖家,RFBS,3194.0 g,"2026-02-16
7 个月"
872,#VALUE!,https://ir.ozone.ru/s3/multimedia-1-w/wc300/8803369364.jpg,"Чехол на автомобиль, Оксфорд, Велюр искусственный, 1 шт.",https://www.ozon.ru/product/3390587614,3390587614,,"汽车罩
Чехол на автомобиль",跨境卖家可售,6133₽,5,31020₽,400%,427%,50%,2066,324,463,6.26%,0.0%,48.0%,100.0%,0.24%,17.2%,0.0%,0.0%,0₽,4.6,31,ZimaCover,跨境卖家,RFBS,5500.0 g,"2026-01-15
8 个月"
873,#VALUE!,https://ir.ozone.ru/s3/multimedia-1-y/wc300/8839508938.jpg,"Aradela Чехол на автомобиль 440x175x150, Оксфорд, 1 шт.",https://www.ozon.ru/product/3409075454,3409075454,Aradela,"汽车罩
Чехол на автомобиль",跨境卖家可售,6550₽,5,31937₽,400%,407%,50%,8340,2119,440,10.22%,0.09%,45.94%,100.0%,0.06%,11.1%,5.38%,0.0%,0₽,4.7,720,Aradela Car Parts & Accessories,跨境卖家,RFBS,6500.0 g,"2026-01-19
8 个月"
874,#VALUE!,https://ir.ozone.ru/s3/multimedia-1-7/wc300/10360836043.jpg,Чехол на автомобиль,https://www.ozon.ru/product/4253882976,4253882976,,"汽车罩
Чехол на автомобиль",跨境卖家可售,1272₽,5,6360₽,100%,100%,13%,4686,1837,237,11.81%,0.27%,42.1%,39.64%,0.11%,17.9%,19.08%,0.0%,3793₽,,,Точка Комфорта,本土卖家,FBS,555.0 g,"2026-05-10
4 个月"
875,#VALUE!,https://ir.ozone.ru/s3/multimedia-1-w/wc300/9374821592.jpg,"Чехол на автомобиль 5.3x2.5, Алюминий, 1 шт.",https://www.ozon.ru/product/3686345260,3686345260,,"汽车罩
Чехол на автомобиль",跨境卖家可售,2531₽,5,12690₽,67%,265%,50%,2454,803,187,12.29%,0.0%,50.0%,100.0%,0.16%,17.4%,0.0%,25.0%,0₽,5.0,8,Торговля Саиди,跨境卖家,RFBS,1300.0 g,"2026-03-19
6 个月"
876,#VALUE!,https://ir.ozone.ru/s3/multimedia-1-s/wc300/8131563424.jpg,"Чехол на автомобиль Lada 2106 защищающий от снега, Сгущаться двухслойный с мягкой подкладкой, устойчивый к царапинам, полное покрытие автомобиля, Оксфорд 210D, 1 шт.",https://www.ozon.ru/product/3955258578,3955258578,,"汽车罩
Чехол на автомобиль",跨境卖家可售,2609₽,5,13875₽,100%,100%,51%,5488,3094,227,8.81%,0.19%,0.0%,0.0%,0.07%,20.0%,5.77%,50.0%,0₽,4.8,15,ramon,跨境卖家,FBP,2686.0 g,"2026-04-15
5 个月"
877,#VALUE!,https://ir.ozone.ru/s3/multimedia-1-j/wc300/9685041787.jpg,"Чехол на автомобиль 445x175x150cm Lada 2110, Оксфорд",https://www.ozon.ru/product/3875239234,3875239234,,"汽车罩
Чехол на автомобиль",跨境卖家可售,2615₽,5,12404₽,67%,55%,51%,1618,296,178,7.86%,0.0%,0.0%,0.0%,0.31%,35.7%,0.0%,0.0%,0₽,4.2,5,Fengfan-1,跨境卖家,FBP,3000.0 g,"2026-04-08
5 个月"
878,#VALUE!,https://ir.ozone.ru/s3/multimedia-1-v/wc300/9983059951.jpg,"Чехол на автомобиль Volkswagen polo V Р(2014-2020) ,Фольксваген Поло,Седан,защищает от дождя, пыли и палящего солнца, подходит для всех сезонов, долговечная и устойчивая к ультрафиолету,конструкция боковой двери, Чехол для автомобиля на кузов, тент для автомобиля, Оксфорд 210D, 1 шт.",https://www.ozon.ru/product/4037553722,4037553722,,"汽车罩
Чехол на автомобиль",跨境卖家可售,3409₽,5,17045₽,100%,100%,50%,5418,3670,211,9.0%,0.1%,42.96%,100.0%,0.09%,26.3%,30.03%,0.0%,0₽,5.0,7,iTOVAR,跨境卖家,RFBS,1500.0 g,"2026-04-22
5 个月"
879,#VALUE!,https://ir.ozone.ru/s3/multimedia-1-l/wc300/9712936209.jpg,"Чехол на автомобиль Volkswagen Jetta седан 2005 2024, размер SD-3L+, защитный тент всесезонный",https://www.ozon.ru/product/4044511060,4044511060,,"汽车罩
Чехол на автомобиль",跨境卖家可售,2239₽,5,9320₽,400%,417%,50%,1866,1153,140,15.71%,0.43%,15.28%,100.0%,0.27%,22.7%,18.35%,0.0%,0₽,4.7,18,YAWH,跨境卖家,RFBS,2000.0 g,"2026-04-22
5 个月"
880,#VALUE!,https://ir.ozone.ru/s3/multimedia-1-8/wc300/10257115400.jpg,"ZHJYDM Чехол на автомобиль Subaru Forester SH 2008-2013 С сумкой для хранения, Оксфорд 210D, 1 шт.",https://www.ozon.ru/product/3970998794,3970998794,ZHJYDM,"汽车罩
Чехол на автомобиль",跨境卖家可售,2603₽,5,13015₽,400%,396%,50%,3443,1898,182,8.24%,0.15%,50.0%,100.0%,0.15%,33.3%,31.99%,0.0%,0₽,5.0,4,Zhuohang Jiayi,跨境卖家,RFBS,1350.0 g,"2026-04-16
5 个月"
881,#VALUE!,https://ir.ozone.ru/s3/multimedia-1-e/wc300/8651821874.jpg,"XICBOOM Чехол на автомобиль Toyota RAV4, Оксфорд 210D, 1 шт.",https://www.ozon.ru/product/4055033256,4055033256,XICBOOM,"汽车罩
Чехол на автомобиль",跨境卖家可售,3506₽,5,17528₽,67%,102%,51%,7974,893,551,9.61%,0.22%,53.93%,100.0%,0.06%,9.4%,5.7%,20.0%,0₽,4.9,162,Tengxi auto supplies franchise store,跨境卖家,FBP,1700.0 g,"2026-04-23
5 个月"
882,#VALUE!,https://ir-20.ozone.ru/s3/multimedia-1-n/wc300/10157510219.jpg,"ZHJYDM Чехол на автомобиль Toyota Camry 6 XV40 Saloon 2006-2011 С сумкой для хранения, Оксфорд 210D, 1 шт.",https://www.ozon.ru/product/4016612302,4016612302,ZHJYDM,"汽车罩
Чехол на автомобиль",跨境卖家可售,2603₽,5,13015₽,400%,430%,50%,3009,1475,191,7.32%,0.13%,50.0%,100.0%,0.13%,28.6%,39.98%,0.0%,0₽,5.0,6,Zhuohang Jiayi,跨境卖家,RFBS,1350.0 g,"2026-04-20
5 个月"
883,#VALUE!,https://ir.ozone.ru/s3/multimedia-b/wc300/6714722711.jpg,"Тент на автомобиль УАЗ ПРОФИ (однорядная кабина, узкая платформа)",https://www.ozon.ru/product/4735953090,4735953090,Автопласт,"汽车罩
Чехол на автомобиль",跨境卖家可售,9593₽,5,48391₽,150%,164%,16.5%,2195,637,166,10.84%,0.15%,0.0%,0.0%,0.23%,27.8%,0.0%,0.0%,0₽,5.0,2,ТЕНТ ЭКСПЕРТ,本土卖家,FBS,10000.0 g,"2026-06-15
3 个月"
884,#VALUE!,https://ir.ozone.ru/s3/multimedia-1-0/wc300/11434488444.jpg,Автомобильный тент-чехол Седан (4.7 4.9 м),https://www.ozon.ru/product/4699382880,4699382880,GOODSTORAGE,"汽车罩
Чехол на автомобиль",跨境卖家可售,1834₽,5,9639₽,-59%,-40%,17%,2295,587,241,3.31%,0.17%,0.0%,0.0%,0.22%,62.5%,0.0%,20.0%,0₽,4.4,35,Goodstore24,本土卖家,FBS,1500.0 g,"2026-06-12
3 个月"
885,#VALUE!,https://ir.ozone.ru/s3/multimedia-1-3/wc300/10928461611.jpg,"KPROM Чехол на автомобиль ГАЗ 24  Волга  2434 (1985-1992)Энергичный узор падающая звезда
, Оксфорд, Композитный материал, 1 шт.",https://www.ozon.ru/product/4459505742,4459505742,KPROM,"汽车罩
Чехол на автомобиль",跨境卖家可售,3593₽,5,20100₽,400%,498%,50%,1178,444,78,5.12%,0.0%,0.0%,0.0%,0.42%,125.0%,0.0%,0.0%,0₽,4.7,4,Автомобильный мир,跨境卖家,RFBS,1500.0 g,"2026-05-27
3 个月"
886,#VALUE!,https://ir.ozone.ru/s3/multimedia-1/wc300/6655186729.jpg,Тент на ГАЗ 33081 ЕГЕРЬ,https://www.ozon.ru/product/4735955094,4735955094,,"汽车罩
Чехол на автомобиль",跨境卖家可售,9214₽,5,47101₽,67%,92%,17%,1224,442,128,7.81%,0.0%,0.0%,0.0%,0.41%,50.0%,0.0%,0.0%,0₽,,,ТЕНТ ЭКСПЕРТ,本土卖家,FBS,12000.0 g,"2026-06-15
3 个月"
887,#VALUE!,https://ir.ozone.ru/s3/multimedia-1-y/wc300/8186426314.jpg,"Чехол на автомобиль Mitsubishi Outlander, 1 шт.",https://www.ozon.ru/product/4939245312,4939245312,,"汽车罩
Чехол на автомобиль",跨境卖家可售,3241₽,5,16205₽,100%,100%,50%,1441,845,255,5.88%,0.11%,0.0%,0.0%,0.35%,33.3%,17.69%,0.0%,0₽,5.0,1,altogether,跨境卖家,RFBS,2300.0 g,"2026-07-03
2 个月"
888,#VALUE!,https://ir.ozone.ru/s3/multimedia-1-6/wc300/12152706486.jpg,"Чехол на автомобиль 600x350, Пластик, 1 шт.",https://www.ozon.ru/product/4947513220,4947513220,,"汽车罩
Чехол на автомобиль",跨境卖家可售,92₽,5,465₽,0%,-12%,40.3%,584,42,36,16.66%,0.0%,73.33%,100.0%,0.86%,83.3%,0.0%,100.0%,0₽,4.3,9,Золотой Источник,跨境卖家,RFBS,196.0 g,"2026-07-03
2 个月"
889,#VALUE!,https://ir.ozone.ru/s3/multimedia-1-i/wc300/11988605574.jpg,Тент для автомобиля КАМАЗ 5350 (двухсторонний ПВХ материал 550 г/кв.м),https://www.ozon.ru/product/4894891554,4894891554,,"汽车罩
Чехол на автомобиль",跨境卖家可售,21157₽,5,104564₽,0%,7%,19.5%,2477,1171,319,1.56%,0.25%,0.0%,0.0%,0.16%,80.0%,0.0%,0.0%,0₽,4.8,17,ТЕНТ ЭКСПЕРТ,本土卖家,FBS,20000.0 g,"2026-06-29
2 个月"
890,#VALUE!,https://ir.ozone.ru/s3/multimedia-1-0/wc300/8824861512.jpg,"Чехол на автомобиль 450x180x168, Оксфорд, 1 шт.",https://www.ozon.ru/product/5459018020,5459018020,,"汽车罩
Чехол на автомобиль",跨境卖家可售,4771₽,5,26110₽,100%,100%,50%,373,22,133,5.26%,4.54%,11.02%,100.0%,1.34%,71.4%,0.0%,40.0%,0₽,,,премиальное производство,跨境卖家,RFBS,6997.0 g,"2026-08-13
1 个月"
891,#VALUE!,https://ir.ozone.ru/s3/multimedia-1-n/wc300/13741900763.jpg,Защитный тент чехол на автомобиль антиград 6х3 метра,https://www.ozon.ru/product/5429719874,5429719874,,"汽车罩
Чехол на автомобиль",跨境卖家可售,6991₽,5,34955₽,100%,100%,17.4%,2551,1661,277,3.97%,0.0%,0.0%,0.0%,0.16%,36.4%,9.0%,25.0%,4198₽,,,ВЕЛОАС,本土卖家,FBS,5000.0 g,"2026-08-11
1 个月"
892,#VALUE!,https://ir.ozone.ru/s3/multimedia-1-c/wc300/14603151504.jpg,"Чехол на автомобиль 490*190*150, Оксфорд ПВХ, 1 шт.",https://www.ozon.ru/product/5680270170,5680270170,,"汽车罩
Чехол на автомобиль",跨境卖家可售,719₽,5,3595₽,100%,100%,54.9%,996,50,171,2.92%,0.0%,0.0%,0.0%,0.5%,100.0%,0.0%,20.0%,0₽,,,Cozy in Air,跨境卖家,RFBS,1360.0 g,"2026-09-02
< 1 个月"
893,#VALUE!,https://ir-20.ozone.ru/s3/multimedia-1-j/wc300/13944854539.jpg,"Чехол на автомобиль TOZAROA чехол-тент на автомобиль Lada 2121 4x4 (Нива, ВАЗ-2121) 1993–2020, защита от дождя, снега, солнца и пыли, для улицы, парковки и гаража, PEVA, 1 шт.",https://www.ozon.ru/product/5489562290,5489562290,,"汽车罩
Чехол на автомобиль",跨境卖家可售,2204₽,5,10667₽,100%,100%,50%,821,524,152,5.92%,0.0%,0.0%,0.0%,0.61%,55.6%,0.0%,0.0%,0₽,,,Tozaroa cover,跨境卖家,RFBS,1001.0 g,"2026-08-16
1 个月"
894,#VALUE!,https://ir.ozone.ru/s3/multimedia-1-j/wc300/14054295547.jpg,"Чехол на автомобиль, Оксфорд, Оксфорд 210D, 1 шт.",https://www.ozon.ru/product/5521284064,5521284064,,"汽车罩
Чехол на автомобиль",跨境卖家可售,1371₽,5,6855₽,100%,100%,55%,534,75,183,6.01%,1.33%,49.86%,100.0%,0.94%,45.5%,0.0%,0.0%,0₽,,,juxinsiliu,跨境卖家,RFBS,1495.0 g,"2026-08-19
1 个月"
895,#VALUE!,https://ir.ozone.ru/s3/multimedia-1-z/wc300/14360056307.jpg,"Чехол на автомобиль TOZAROA чехол на автомобиль Lada 2112, 2111, XRAY, Iskra, 2120 Надежда, e-Largus 1997-2026, размер 2M, тент на осень и зиму от дож",https://www.ozon.ru/product/5612305266,5612305266,,"汽车罩
Чехол на автомобиль",跨境卖家可售,1430₽,5,7150₽,100%,100%,54.9%,827,365,176,9.65%,0.0%,0.0%,0.0%,0.6%,29.4%,0.0%,20.0%,0₽,,,Tozaroa cover,跨境卖家,RFBS,1000.0 g,"2026-08-26
< 1 个月"
896,#VALUE!,https://ir.ozone.ru/s3/multimedia-1-d/wc300/14086101937.jpg,"Чехол на автомобиль TOZAROA чехол-тент на автомобиль Lada 4x4 2131 (Нива 5 дверей, ВАЗ-2131) Urban 2019–2021, защита от дождя, снега, солнца и пыли, для улицы и гаража, PEVA, 1 шт.",https://www.ozon.ru/product/5531148272,5531148272,,"汽车罩
Чехол на автомобиль",跨境卖家可售,1428₽,5,7140₽,100%,100%,55%,3010,2424,265,3.77%,0.16%,0.0%,0.0%,0.13%,40.0%,17.35%,0.0%,0₽,,,Tozaroa cover,跨境卖家,RFBS,1004.0 g,"2026-08-19
1 个月"
897,#VALUE!,https://ir.ozone.ru/s3/multimedia-1-q/wc300/14351234246.jpg,"Тент для Тойота Камри 7 XV50 (Toyota Camry VII XV50) / автомобильный чехол, 190x500x200, светоотражающий",https://www.ozon.ru/product/5609418244,5609418244,SB,"汽车罩
Чехол на автомобиль",跨境卖家可售,3562₽,5,17810₽,100%,100%,17.3%,787,424,121,10.74%,0.7%,0.0%,0.0%,0.64%,38.5%,0.0%,0.0%,5100₽,,,Д&Ко,本土卖家,FBS,3000.0 g,"2026-08-26
< 1 个月"
898,#VALUE!,https://ir.ozone.ru/s3/multimedia-1-0/wc300/14765072688.jpg,"Тент чехол на машину автомобильный, от солнца дождя и снега",https://www.ozon.ru/product/5721060566,5721060566,,"汽车罩
Чехол на автомобиль",跨境卖家可售,1866₽,5,9330₽,100%,100%,15.3%,10762,8920,494,5.06%,0.14%,0.0%,0.0%,0.05%,20.0%,69.33%,0.0%,0₽,,1,Магазин 5796470,本土卖家,FBS,1650.0 g,"2026-09-07
< 1 个月"
899,#VALUE!,https://ir.ozone.ru/s3/multimedia-1-c/wc300/14351233080.jpg,"Тент для КИА Оптима (KIA Optima) / автомобильный чехол, 190x500x200, светоотражающий",https://www.ozon.ru/product/5609415596,5609415596,SB,"汽车罩
Чехол на автомобиль",跨境卖家可售,3630₽,5,18150₽,100%,100%,17.4%,579,390,43,27.9%,0.25%,0.0%,0.0%,0.86%,41.7%,0.0%,20.0%,0₽,5.0,1,Д&Ко,本土卖家,FBS,3000.0 g,"2026-08-26
< 1 个月"
900,#VALUE!,https://ir.ozone.ru/s3/multimedia-1-2/wc300/7570515170.jpg,"Тент для автомобиля (крыша, окна) защитный от дождя и снега влагооталкивающий универсальный серый ADCT003",https://www.ozon.ru/product/308258319,308258319,Airline,"汽车罩
Чехол на автомобиль",跨境卖家可售,2177₽,5,12441₽,25%,18%,16.3%,4013,1739,241,4.14%,0.17%,0.0%,0.0%,0.07%,30.0%,3.39%,33.4%,0₽,4.7,479,CARVILLESHOP,本土卖家,FBS,704.0 g,"2021-08-24
5 年 1 个月"
901,#VALUE!,https://ir-20.ozone.ru/s3/multimedia-o/wc300/6829366956.jpg,"XICBOOM Чехол на автомобиль фольксваген пассат, Мембранные материалы, Ткань, 1 шт.",https://www.ozon.ru/product/1285943219,1285943219,XICBOOM,"汽车罩
Чехол на автомобиль",跨境卖家可售,4502₽,5,22510₽,150%,171%,50%,6151,4433,151,8.6%,0.06%,47.89%,100.0%,0.08%,38.5%,7.82%,0.0%,0₽,4.9,1620,Tengxi auto supplies franchise store,跨境卖家,RFBS,3300.0 g,"2023-11-11
2 年 10 个月"
902,#VALUE!,https://ir.ozone.ru/s3/multimedia-l/wc300/6848725233.jpg,"XICBOOM Чехол на автомобиль Шевроле нива, Мембранные материалы, Ткань, 1 шт.",https://www.ozon.ru/product/1321121337,1321121337,XICBOOM,"汽车罩
Чехол на автомобиль",跨境卖家可售,4793₽,5,24360₽,100%,100%,50%,8062,2091,326,9.81%,0.09%,48.83%,100.0%,0.06%,15.6%,3.34%,0.0%,0₽,4.9,1620,Tengxi auto supplies franchise store,跨境卖家,RFBS,3500.0 g,"2023-12-03
2 年 10 个月"
903,#VALUE!,https://ir.ozone.ru/s3/multimedia-9/wc300/6645164229.jpg,"Пленка укрывная, 4м  на 5м 7, микрон TOR",https://www.ozon.ru/product/970223801,970223801,TOR,"汽车罩
Чехол на автомобиль",跨境卖家可售,309₽,5,1760₽,400%,452%,-4.2%,819,420,41,9.75%,0.47%,0.0%,0.0%,0.61%,125.0%,0.0%,20.0%,350₽,4.8,30,ГЕПАРД,本土卖家,FBS,92.0 g,"2023-05-07
3 年 5 个月"
904,#VALUE!,https://ir.ozone.ru/s3/multimedia-1-z/wc300/8817136523.jpg,"Чехол на автомобиль Toyota Roomy защитный от снега наледи /Двухслойный подкладкой и молнией/устойчивый к царапинам/зимний полное покрытие автомобиля, Оксфорд",https://www.ozon.ru/product/3391573623,3391573623,,"汽车罩
Чехол на автомобиль",跨境卖家可售,3204₽,5,16020₽,400%,400%,50%,3299,1261,202,10.89%,0.23%,37.58%,100.0%,0.15%,22.7%,22.72%,0.0%,0₽,,20,Магазин качественных автозапчастей,跨境卖家,RFBS,3000.0 g,"2026-01-15
8 个月"
905,#VALUE!,https://ir.ozone.ru/s3/multimedia-1-u/wc300/7114800954.jpg,"Тент на ГАЗель 3302 нового образца, 8 люверсов (650 г/кв.м, импортный ПВХ материал)",https://www.ozon.ru/product/1415941721,1415941721,Автопласт,"汽车罩
Чехол на автомобиль",跨境卖家可售,8275₽,5,41375₽,100%,100%,18.9%,865,357,75,10.66%,0.0%,0.0%,0.0%,0.58%,62.5%,0.0%,20.0%,86025₽,4.7,16,АВТОТЕНТ,本土卖家,FBS,14000.0 g,"2024-02-05
2 年 8 个月"
906,#VALUE!,https://ir.ozone.ru/s3/multimedia-1-2/wc300/10946596430.jpg,"Чехол на автомобиль Renault Duster(2010-2025)/Рено Дастер,Внедорожник 5 дв,ТЕНТ/защита от дождя/защита от снега/Ветрозащитный/пылезащитный/Устойчивый к царапинам/подходит для всех сезонов/материал авиационного стандарта, Оксфорд 210D, 1 шт.",https://www.ozon.ru/product/3376246489,3376246489,,"汽车罩
Чехол на автомобиль",跨境卖家可售,3223₽,5,16255₽,150%,96%,50%,5578,3022,350,10.57%,0.19%,44.84%,100.0%,0.09%,13.5%,22.0%,0.0%,0₽,4.9,23,"Универмаг ""Матрешка""",跨境卖家,RFBS,1500.0 g,"2026-01-13
8 个月"
907,#VALUE!,https://ir.ozone.ru/s3/multimedia-i/wc300/6895517634.jpg,"Чехол-тент (чехол, тент) на автомобиль Тойота Камри VII (XV50) Рестайлинг (2014-2017) седан зимний от снега, дождя. Тент на машину Toyota Camry для защиты краски, кузова",https://www.ozon.ru/product/1391256919,1391256919,AUTOPILOT,"汽车罩
Чехол на автомобиль",跨境卖家可售,3703₽,5,19720₽,400%,445%,17.5%,1284,794,58,12.06%,0.12%,0.0%,0.0%,0.39%,71.4%,0.0%,40.0%,0₽,5.0,4,ЗащитныеНакидки,本土卖家,FBS,1800.0 g,"2024-01-17
2 年 8 个月"
908,#VALUE!,https://ir.ozone.ru/s3/multimedia-o/wc300/6895506552.jpg,"Чехол-тент (чехол, тент) на автомобиль Рено Логан II Рестайлинг (2018-2022) седан зимний от снега, дождя. Тент на машину Renault Logan для защиты краски, кузова",https://www.ozon.ru/product/1391247581,1391247581,AUTOPILOT,"汽车罩
Чехол на автомобиль",跨境卖家可售,3552₽,5,19698₽,100%,100%,17.3%,,,,,,,,,,,,,5.0,3,ЗащитныеНакидки,本土卖家,FBS,1100.0 g,"2024-01-17
2 年 8 个月"
909,#VALUE!,https://ir.ozone.ru/s3/multimedia-1-z/wc300/12994426331.jpg,"Чехол на автомобиль  350×550, Пластик, 1 шт.",https://www.ozon.ru/product/5210022699,5210022699,,"汽车罩
Чехол на автомобиль",跨境卖家可售,234₽,5,1170₽,400%,437%,50.7%,2104,1444,109,9.17%,0.13%,50.0%,100.0%,0.19%,40.0%,22.93%,0.0%,0₽,,,Универмаг Дэшенг,跨境卖家,RFBS,70.0 g,"2026-07-25
2 个月"
910,#VALUE!,https://ir.ozone.ru/s3/multimedia-1-v/wc300/12858333655.jpg,"Чехол на автомобиль LADA Vesta Sedan，Двухслойный Усиленный авточехол ,молния на двер,Всесезонный ,защита от царапин и плесени, Оксфорд 210D, 1 шт.",https://www.ozon.ru/product/5165135663,5165135663,,"汽车罩
Чехол на автомобиль",跨境卖家可售,3614₽,5,16084₽,67%,63%,50%,2030,663,271,6.64%,0.15%,34.83%,100.0%,0.2%,22.2%,0.0%,0.0%,0₽,5.0,2,АвтоЗащита,跨境卖家,RFBS,2800.0 g,"2026-07-22
2 个月"
911,#VALUE!,https://ir.ozone.ru/s3/multimedia-1-m/wc300/7379375782.jpg,"XICBOOM Чехол на автомобиль Mercedes-Benz S Класс 450  500 280 300, Оксфорд 210D, 1 шт.",https://www.ozon.ru/product/2880038027,2880038027,XICBOOM,"汽车罩
Чехол на автомобиль",跨境卖家可售,2978₽,5,16319₽,67%,73%,51%,11110,6657,570,4.56%,0.09%,49.38%,100.0%,0.05%,19.2%,35.91%,0.0%,0₽,4.8,187,Tengxi auto supplies franchise store,跨境卖家,FBP,1600.0 g,"2025-09-21
1 年"
912,#VALUE!,https://ir.ozone.ru/s3/multimedia-1-k/wc300/7063313024.jpg,"Чехол на автомобиль 650Х450, Полиэфир, 1 шт.",https://www.ozon.ru/product/1975684857,1975684857,,"汽车罩
Чехол на автомобиль",跨境卖家可售,2338₽,5,14797₽,100%,100%,16.7%,1653,521,171,4.67%,0.19%,5.8%,100.0%,0.3%,62.5%,0.0%,0.0%,0₽,,281,Авакс М5,本土卖家,FBS,2800.0 g,"2025-03-27
1 年 6 个月"
913,#VALUE!,https://ir-20.ozone.ru/s3/multimedia-1-9/wc300/7533313173.jpg,"Чехол на автомобиль 470x185x150, Велюр искусственный, Оксфорд, 1 шт.",https://www.ozon.ru/product/2121317199,2121317199,,"汽车罩
Чехол на автомобиль",跨境卖家可售,4937₽,5,24740₽,-29%,-26%,50%,7903,1141,862,4.29%,0.0%,35.35%,100.0%,0.08%,16.2%,2.17%,0.0%,0₽,4.7,1084,Бутик Yaskawa,跨境卖家,RFBS,4950.0 g,"2025-05-11
1 年 4 个月"
914,#VALUE!,https://ir.ozone.ru/s3/multimedia-1-m/wc300/14560109158.jpg,"Чехол на автомобиль 450x185x150, Хлопок, Оксфорд, 1 шт.",https://www.ozon.ru/product/2695453211,2695453211,,"汽车罩
Чехол на автомобиль",跨境卖家可售,4769₽,5,24004₽,25%,24%,50%,11440,628,984,6.8%,0.0%,54.32%,100.0%,0.04%,7.5%,11.82%,0.0%,0₽,4.7,310,DMPL,跨境卖家,RFBS,4100.0 g,"2025-08-16
1 年 1 个月"
915,#VALUE!,https://ir-20.ozone.ru/s3/multimedia-1-2/wc300/10250481854.jpg,"Чехол на автомобиль Suzuki Jimny Двухслойный Усиленный авточехол ,молния на двер,Всесезонный ,защита от царапин и плесени, PEVA, 1 шт.",https://www.ozon.ru/product/2691093435,2691093435,,"汽车罩
Чехол на автомобиль",跨境卖家可售,3439₽,5,17195₽,400%,460%,50%,1395,265,144,6.94%,0.0%,48.46%,100.0%,0.36%,50.0%,0.0%,20.0%,0₽,4.3,24,Магазин качественных автозапчастей,跨境卖家,RFBS,2565.0 g,"2025-08-16
1 年 1 个月"
916,#VALUE!,https://ir.ozone.ru/s3/multimedia-1-h/wc300/11210514605.jpg,"Чехол на автомобиль 480x190x180, Оксфорд, Велюр искусственный, 1 шт.",https://www.ozon.ru/product/4902827401,4902827401,,"汽车罩
Чехол на автомобиль",跨境卖家可售,4734₽,5,23653₽,400%,363%,50%,4195,1106,348,5.74%,0.0%,41.54%,100.0%,0.12%,25.0%,2.37%,20.0%,0₽,5.0,1,GLEAMWAY,跨境卖家,RFBS,4000.0 g,"2026-06-30
2 个月"
917,#VALUE!,https://ir.ozone.ru/s3/multimedia-1-2/wc300/8306945750.jpg,"KPROM Чехол на автомобиль Lada Niva 2121 3 door Лада Нива 2121 3-дверная(1977-1993) Энергичный узор падающая звезда, Оксфорд, EVA, 1 шт.",https://www.ozon.ru/product/3010582699,3010582699,KPROM,"汽车罩
Чехол на автомобиль",跨境卖家可售,3854₽,5,19962₽,-55%,-50%,50%,2361,371,128,5.46%,0.0%,0.0%,0.0%,0.21%,71.4%,0.0%,0.0%,0₽,4.9,49,Автомобильный мир,跨境卖家,RFBS,1500.0 g,"2025-10-23
11 个月"
918,#VALUE!,https://ir.ozone.ru/s3/multimedia-1-t/wc300/12070105553.jpg,"Чехол на автомобиль 530*250, ABS пластик, 1 шт.",https://www.ozon.ru/product/4920758303,4920758303,,"汽车罩
Чехол на автомобиль",跨境卖家可售,1326₽,5,6032₽,400%,383%,55%,7774,208,850,9.29%,0.0%,50.0%,100.0%,0.06%,6.3%,4.58%,0.0%,0₽,4.8,4,GTH369,跨境卖家,RFBS,1100.0 g,"2026-07-01
2 个月"
919,#VALUE!,https://ir.ozone.ru/s3/multimedia-1-t/wc300/12154760885.jpg,"Чехол на автомобиль Lexus ES250 Двухслойная100%водонепр/антиснег против ветра антиразрыв, Оксфорд, 1 шт.",https://www.ozon.ru/product/4948043797,4948043797,,"汽车罩
Чехол на автомобиль",跨境卖家可售,2381₽,5,11905₽,100%,100%,50%,509,258,128,1.56%,0.0%,0.0%,0.0%,0.59%,150.0%,7.76%,33.4%,0₽,,,ChinaHomeMart,跨境卖家,RFBS,2800.0 g,"2026-07-03
2 个月"
920,#VALUE!,https://ir.ozone.ru/s3/multimedia-1-e/wc300/7095852158.jpg,"Чехол на автомобиль Changan CS35 ,CS35PLUS  G14C, Мембранные материалы, Ткань, 1 шт.",https://www.ozon.ru/product/3112133835,3112133835,,"汽车罩
Чехол на автомобиль",跨境卖家可售,2414₽,5,12070₽,100%,100%,50%,3491,819,235,9.36%,0.48%,0.0%,0.0%,0.14%,22.7%,32.46%,20.0%,0₽,5.0,19,tuozhan,跨境卖家,RFBS,3500.0 g,"2025-11-15
10 个月"
921,#VALUE!,https://ir.ozone.ru/s3/multimedia-1-h/wc300/8771905493.jpg,"Чехол на автомобиль 490x190x180cm, Подходит для внедорожников, Хлопок, Велюр антистресс, 1 шт.",https://www.ozon.ru/product/3070307623,3070307623,,"汽车罩
Чехол на автомобиль",跨境卖家可售,3861₽,5,19305₽,400%,459%,50%,4669,39,520,8.65%,0.0%,9.22%,100.0%,0.11%,11.1%,0.0%,0.0%,0₽,5.0,7,премиальное производство,跨境卖家,RFBS,4500.0 g,"2025-11-06
10 个月"
922,#VALUE!,https://ir.ozone.ru/s3/multimedia-1-i/wc300/13474796382.jpg,"Чехол на автомобиль 400x170x150, Оксфорд 210D, Хлопок, 1 шт.",https://www.ozon.ru/product/2936399655,2936399655,,"汽车罩
Чехол на автомобиль",跨境卖家可售,6954₽,5,34770₽,400%,429%,50%,3029,101,1053,5.31%,0.0%,58.06%,100.0%,0.17%,8.9%,0.0%,0.0%,0₽,4.7,56,МЕЧТА 7,跨境卖家,RFBS,5500.0 g,"2025-10-06
11 个月"
923,#VALUE!,https://ir.ozone.ru/s3/multimedia-1-i/wc300/15051073662.jpg,"Тент-чехол на хэтчбек. Размер 2XL ""Камуфляж""",https://www.ozon.ru/product/3049039371,3049039371,AUTOPILOT,"汽车罩
Чехол на автомобиль",跨境卖家可售,5446₽,5,27187₽,67%,65%,18.3%,16206,9825,571,4.2%,0.03%,13.83%,100.0%,0.03%,20.8%,18.0%,20.0%,0₽,4.8,1607,Аксессуары Автопилот,本土卖家,FBS,3130.0 g,"2025-10-31
10 个月"
924,#VALUE!,https://ir.ozone.ru/s3/multimedia-1-v/wc300/8286434599.jpg,"Чехол на автомобиль 445x175x150cm Lada 2110, Оксфорд",https://www.ozon.ru/product/3078236427,3078236427,,"汽车罩
Чехол на автомобиль",跨境卖家可售,3001₽,5,15005₽,400%,442%,50%,7014,2414,249,16.86%,0.28%,44.75%,100.0%,0.06%,9.5%,17.26%,0.0%,0₽,4.9,8,SevenGold,跨境卖家,RFBS,3000.0 g,"2025-11-07
10 个月"
925,#VALUE!,https://ir.ozone.ru/s3/multimedia-1-3/wc300/7036314807.jpg,"Чехол на автомобиль Renault Captur, EVA, ABS пластик, 1 шт.",https://www.ozon.ru/product/3088005693,3088005693,,"汽车罩
Чехол на автомобиль",跨境卖家可售,2335₽,5,11540₽,150%,123%,50%,4101,1320,216,13.88%,0.45%,0.0%,0.0%,0.12%,16.7%,27.48%,40.0%,0₽,4.9,9,yinzhaojin,跨境卖家,RFBS,1890.0 g,"2025-11-10
10 个月"
926,#VALUE!,https://ir.ozone.ru/s3/multimedia-1-n/wc300/8224532771.jpg,"KPROM Чехол на автомобиль Lada 2111(2000-2008) Энергичный узор падающая звезда, Оксфорд, EVA, 1 шт.",https://www.ozon.ru/product/2983931315,2983931315,KPROM,"汽车罩
Чехол на автомобиль",跨境卖家可售,3538₽,5,15677₽,25%,10%,50%,2684,1189,121,10.74%,0.25%,19.66%,55.18%,0.19%,38.5%,25.79%,40.0%,0₽,4.8,233,Автомобильный мир,跨境卖家,RFBS,1500.0 g,"2025-10-17
11 个月"
927,#VALUE!,https://ir.ozone.ru/s3/multimedia-1-r/wc300/9253365651.jpg,Авто чехол тент на машину от солнца и дождя универсальный,https://www.ozon.ru/product/3286433867,3286433867,ASPOLIFE,"汽车罩
Чехол на автомобиль",跨境卖家可售,2006₽,5,15151₽,-77%,-84%,11%,4159,628,616,4.7%,0.0%,70.68%,100.0%,0.12%,17.2%,0.0%,20.0%,0₽,4.6,56,ASPOLIFE,本土卖家,FBO,3100.0 g,"2025-12-25
9 个月"
928,#VALUE!,https://ir.ozone.ru/s3/multimedia-1-l/wc300/8674329549.jpg,"XICBOOM Чехол на автомобиль Лада Гранта Седан, Оксфорд 210D, 1 шт.",https://www.ozon.ru/product/3312911911,3312911911,XICBOOM,"汽车罩
Чехол на автомобиль",跨境卖家可售,2833₽,5,14195₽,67%,72%,51%,5827,830,332,4.51%,0.0%,55.05%,100.0%,0.03%,13.3%,1.95%,50.0%,0₽,4.8,514,Tengxi auto supplies franchise store,跨境卖家,FBP,1350.0 g,"2025-12-31
8 个月"
929,#VALUE!,https://ir.ozone.ru/s3/multimedia-1-y/wc300/9304529470.jpg,"DBGYC Чехол на автомобиль чехол на автомобиль Moskvich 2140 1976-1988 Бесплатная сумка для хранения, Оксфорд, 1 шт.",https://www.ozon.ru/product/3647890579,3647890579,DBGYC,"汽车罩
Чехол на автомобиль",跨境卖家可售,2654₽,5,13073₽,400%,411%,50%,1391,829,65,10.76%,0.24%,50.0%,78.92%,0.36%,71.4%,4.48%,20.0%,0₽,5.0,6,Chun Zhiyi,跨境卖家,RFBS,1500.0 g,"2026-03-14
6 个月"
930,#VALUE!,https://ir.ozone.ru/s3/multimedia-1-h/wc300/9014018309.jpg,"Чехол на автомобиль, ПВХ (поливинилхлорид), 1 шт.",https://www.ozon.ru/product/3498028073,3498028073,,"汽车罩
Чехол на автомобиль",跨境卖家可售,346₽,5,1899₽,400%,429%,-5.9%,2026,1631,102,11.76%,0.18%,10.0%,100.0%,0.25%,41.7%,0.0%,0.0%,0₽,4.3,41,В автосервис,本土卖家,FBS,200.0 g,"2026-02-04
7 个月"
931,#VALUE!,https://ir.ozone.ru/s3/multimedia-1-9/wc300/10280637333.jpg,"Чехол на автомобиль 145x110, Искусственные материалы, 1 шт.",https://www.ozon.ru/product/4210991363,4210991363,,"汽车罩
Чехол на автомобиль",跨境卖家可售,449₽,5,1913₽,-69%,-67%,53.6%,3524,464,195,7.17%,0.21%,31.51%,100.0%,0.14%,35.7%,0.0%,20.0%,0₽,4.7,48,LYYJMOYI,跨境卖家,RFBS,500.0 g,"2026-05-07
4 个月"
932,#VALUE!,https://ir.ozone.ru/s3/multimedia-1-k/wc300/10773471548.jpg,"Чехол на автомобиль кио рио икс лайн, ABS пластик, 1 шт.",https://www.ozon.ru/product/4217355117,4217355117,,"汽车罩
Чехол на автомобиль",跨境卖家可售,1988₽,5,9740₽,100%,100%,50%,2899,1153,247,6.88%,0.17%,0.0%,0.0%,0.21%,35.3%,7.66%,0.0%,0₽,5.0,12,Бутик HuiYue01,跨境卖家,RFBS,1800.0 g,"2026-05-07
4 个月"
933,#VALUE!,https://ir.ozone.ru/s3/multimedia-1-l/wc300/10438781169.jpg,Чехол на автомобиль,https://www.ozon.ru/product/4291261265,4291261265,,"汽车罩
Чехол на автомобиль",跨境卖家可售,397₽,5,1985₽,100%,100%,53.2%,426,319,33,9.09%,0.31%,49.99%,100.0%,1.17%,166.7%,4.55%,0.0%,0₽,5.0,1,TY home air,跨境卖家,RFBS,300.0 g,"2026-05-13
4 个月"
934,#VALUE!,https://ir-20.ozone.ru/s3/multimedia-1-6/wc300/10388375250.jpg,"Чехол на автомобиль, Оксфорд 210D, 1 шт.",https://www.ozon.ru/product/4267034111,4267034111,,"汽车罩
Чехол на автомобиль",跨境卖家可售,3173₽,5,14036₽,100%,100%,50%,1521,350,155,5.16%,0.57%,0.0%,0.0%,0.2%,37.5%,0.0%,0.0%,0₽,5.0,11,haitang,跨境卖家,RFBS,1800.0 g,"2026-05-11
4 个月"
935,#VALUE!,https://ir.ozone.ru/s3/multimedia-1-j/wc300/8967666187.jpg,"Чехол на автомобиль ГАЗ 21 Волга  Двухслойная100%водонепр/антиснег против ветра антиразрыв, Оксфорд, 1 шт.",https://www.ozon.ru/product/4275628519,4275628519,,"汽车罩
Чехол на автомобиль",跨境卖家可售,2609₽,5,13962₽,400%,455%,51%,3290,1410,240,8.75%,0.14%,0.0%,0.0%,0.15%,23.8%,22.68%,0.0%,0₽,4.9,7,yunbianxiaomaipu,跨境卖家,FBP,2800.0 g,"2026-05-12
4 个月"
936,#VALUE!,https://ir-20.ozone.ru/s3/multimedia-1-j/wc300/10292524327.jpg,"Чехол на автомобиль Различные размеры могут быть созданы в соответствии с различными транспортными средствами, Листовой пластик АБС/ПММА, EVA, 1 шт.",https://www.ozon.ru/product/4218604399,4218604399,,"汽车罩
Чехол на автомобиль",跨境卖家可售,1415₽,5,7364₽,400%,365%,55%,8944,1186,845,4.73%,0.0%,50.0%,100.0%,0.06%,12.5%,4.63%,20.0%,0₽,4.8,27,huiyueguoji07,跨境卖家,RFBS,3000.0 g,"2026-05-07
4 个月"
937,#VALUE!,https://ir.ozone.ru/s3/multimedia-1-n/wc300/9662745803.jpg,"XICBOOM Чехол на автомобиль Chevrole Niva, Нетканое полотно, Хлопок, 1 шт.",https://www.ozon.ru/product/3861854859,3861854859,XICBOOM,"汽车罩
Чехол на автомобиль",跨境卖家可售,4569₽,5,22845₽,400%,447%,50%,2016,876,148,6.08%,0.0%,58.38%,100.0%,0.15%,33.3%,0.62%,0.0%,0₽,5.0,145,Tengxi auto supplies franchise store,跨境卖家,RFBS,3400.0 g,"2026-04-07
5 个月"
938,#VALUE!,https://ir.ozone.ru/s3/multimedia-1-5/wc300/9694437773.jpg,"Чехол на автомобиль Jac T9 2024, 2025, 2026, тент для пикапа, размер PK-TXL",https://www.ozon.ru/product/3961887273,3961887273,Фабрика Гаврилов,"汽车罩
Чехол на автомобиль",跨境卖家可售,4041₽,5,21540₽,-45%,-45%,19.5%,9145,2676,157,8.91%,0.14%,7.79%,100.0%,0.05%,35.7%,2.56%,0.0%,10086₽,5.0,6,купичехлы,本土卖家,FBS,2400.0 g,"2026-04-15
5 个月"
939,#VALUE!,https://ir.ozone.ru/s3/multimedia-1-v/wc300/9877898227.jpg,"Чехол на автомобиль Lada Granta(2011-2025) ,Лада Гранта,Седан,дышащий,Устойчив к УФ-излучению и морозу, не деформируется，Автомобильный чехол с боковым доступом，Автомобильный тент на машину от солнца, Оксфорд 210D, 1 шт.",https://www.ozon.ru/product/3989880697,3989880697,,"汽车罩
Чехол на автомобиль",跨境卖家可售,3296₽,5,16480₽,400%,459%,50%,2654,1463,143,10.48%,0.0%,44.03%,100.0%,0.11%,20.0%,14.53%,0.0%,0₽,5.0,1,VirileVogue,跨境卖家,RFBS,1500.0 g,"2026-04-18
5 个月"
940,#VALUE!,https://ir.ozone.ru/s3/multimedia-1-2/wc300/9495912746.jpg,"Чехол на автомобиль 470*185*150, Оксфорд, 1 шт.",https://www.ozon.ru/product/3755731747,3755731747,,"汽车罩
Чехол на автомобиль",跨境卖家可售,5001₽,5,25005₽,400%,453%,50%,11959,3576,1145,3.31%,0.11%,39.54%,100.0%,0.04%,13.2%,14.62%,0.0%,0₽,4.7,294,Бутик Yaskawa,跨境卖家,RFBS,4900.0 g,"2026-03-26
6 个月"
941,#VALUE!,https://ir.ozone.ru/s3/multimedia-1-j/wc300/9579850075.jpg,"Тент чехол для автомобиля арт.3+, хэтчбек, универсал СЕРЕБРО",https://www.ozon.ru/product/3802439001,3802439001,,"汽车罩
Чехол на автомобиль",跨境卖家可售,2455₽,5,10855₽,100%,100%,16.8%,2840,2059,231,3.89%,0.14%,45.53%,100.0%,0.18%,55.6%,19.57%,40.0%,5068₽,4.9,8,Люкс тент,本土卖家,FBS,2000.0 g,"2026-03-31
5 个月"
942,#VALUE!,https://ir.ozone.ru/s3/multimedia-1-p/wc300/9495912769.jpg,"Чехол на автомобиль 525*195*150, Оксфорд, 1 шт.",https://www.ozon.ru/product/3755733409,3755733409,,"汽车罩
Чехол на автомобиль",跨境卖家可售,4965₽,5,25160₽,400%,453%,50%,2848,11,1015,3.84%,0.0%,40.14%,100.0%,0.18%,12.8%,0.0%,40.0%,0₽,4.7,294,Бутик Yaskawa,跨境卖家,RFBS,5200.0 g,"2026-03-26
6 个月"
943,#VALUE!,https://ir.ozone.ru/s3/multimedia-1-e/wc300/8651821874.jpg,"XICBOOM Чехол на автомобиль Lexus RX RX300 RX330 RX350 RX400 RX450 RX500, Оксфорд 210D, 1 шт.",https://www.ozon.ru/product/3917639421,3917639421,XICBOOM,"汽车罩
Чехол на автомобиль",跨境卖家可售,2979₽,5,15767₽,150%,186%,51%,4247,1054,313,5.43%,0.0%,53.93%,100.0%,0.12%,29.4%,0.54%,0.0%,0₽,5.0,111,Tengxi auto supplies franchise store,跨境卖家,FBP,1800.0 g,"2026-04-12
5 个月"
944,#VALUE!,https://ir.ozone.ru/s3/multimedia-1-l/wc300/8159212209.jpg,"Чехол на автомобиль Lada 2131 (4x4) защищающий от снега, Сгущаться двухслойный с мягкой подкладкой, устойчивый к царапинам, полное покрытие автомобиля, Оксфорд 210D, 1 шт.",https://www.ozon.ru/product/3955259575,3955259575,,"汽车罩
Чехол на автомобиль",跨境卖家可售,2535₽,5,14051₽,100%,100%,51%,667,123,108,5.55%,0.81%,0.0%,0.0%,0.6%,66.7%,0.0%,0.0%,0₽,4.8,15,ramon,跨境卖家,FBP,2688.0 g,"2026-04-15
5 个月"
945,#VALUE!,https://ir.ozone.ru/s3/multimedia-1-o/wc300/9616162560.jpg,"Чехол на автомобиль Cумкой для хранения, Чехол на автомобиль, тент для автомобиля, для Lada 2114 2001-2013, Оксфорд 210D, 1 шт.",https://www.ozon.ru/product/3830997741,3830997741,,"汽车罩
Чехол на автомобиль",跨境卖家可售,2489₽,5,12445₽,100%,100%,50%,3796,1960,248,8.06%,0.25%,10.21%,18.48%,0.13%,25.0%,35.35%,0.0%,0₽,4.9,15,TopReplace,跨境卖家,RFBS,1350.0 g,"2026-04-03
5 个月"
946,#VALUE!,https://ir.ozone.ru/s3/multimedia-1-q/wc300/9618781022.jpg,"Чехол на автомобиль Cумкой для хранения, Чехол на автомобиль, тент для автомобиля, для Lada Niva Travel, Оксфорд 210D, 1 шт.",https://www.ozon.ru/product/3832707157,3832707157,,"汽车罩
Чехол на автомобиль",跨境卖家可售,2706₽,5,12260₽,25%,41%,51%,5497,1211,290,6.2%,0.16%,0.0%,0.0%,0.07%,22.2%,16.4%,25.0%,0₽,4.9,29,TopReplace,跨境卖家,FBP,1350.0 g,"2026-04-03
5 个月"
947,#VALUE!,https://ir.ozone.ru/s3/multimedia-1-e/wc300/10661134226.jpg,"Чехол на автомобиль 5.3x2.5, Алюминий, 1 шт.",https://www.ozon.ru/product/4389171815,4389171815,,"汽车罩
Чехол на автомобиль",跨境卖家可售,2841₽,5,14197₽,400%,421%,50%,6322,595,386,6.21%,0.0%,6.6%,100.0%,0.06%,16.7%,22.0%,0.0%,0₽,5.0,1,Милый Товар,跨境卖家,RFBS,1751.0 g,"2026-05-21
4 个月"
948,#VALUE!,https://ir.ozone.ru/s3/multimedia-1-l/wc300/8159212209.jpg,"Чехол на автомобиль Lada 2131 (4x4) защищающий от снега, Сгущаться двухслойный с мягкой подкладкой, устойчивый к царапинам, полное покрытие автомобиля, Оксфорд 210D, 1 шт.",https://www.ozon.ru/product/4330203673,4330203673,,"汽车罩
Чехол на автомобиль",跨境卖家可售,2576₽,5,13215₽,400%,443%,51%,1537,260,212,6.6%,1.15%,0.0%,0.0%,0.33%,35.7%,0.0%,0.0%,0₽,,,PET PA,跨境卖家,FBP,2688.0 g,"2026-05-16
4 个月"
949,#VALUE!,https://ir.ozone.ru/s3/multimedia-1-c/wc300/11094504096.jpg,"Чехол на автомобиль Daewoo Sens/Дэво Сенс,Седан,защищает от дождя,пыли и снега,подходит для всех сезонов,высокоплотная,материал авиационного стандарта, Оксфорд 210D, 1 шт.",https://www.ozon.ru/product/4562858145,4562858145,,"汽车罩
Чехол на автомобиль",跨境卖家可售,2418₽,5,12090₽,100%,100%,50%,2622,1486,162,10.49%,0.33%,0.0%,0.0%,0.19%,29.4%,27.25%,40.0%,0₽,5.0,7,KunyiI4,跨境卖家,RFBS,1500.0 g,"2026-06-03
3 个月"
950,#VALUE!,https://ir.ozone.ru/s3/multimedia-1-i/wc300/7992252630.jpg,55 см Черный чехол на светодиодную балку,https://www.ozon.ru/product/4141086223,4141086223,,"汽车罩
Чехол на автомобиль",跨境卖家可售,504₽,5,2595₽,-17%,-12%,3.8%,1484,761,160,2.5%,0.0%,29.75%,100.0%,0.34%,125.0%,0.0%,20.0%,1907₽,4.9,256,Стеванс Маркет,本土卖家,FBS,75.0 g,"2026-04-30
4 个月"
951,#VALUE!,https://ir.ozone.ru/s3/multimedia-1-e/wc300/11106739778.jpg,"Чехол на автомобиль, Искусственная кожа, 2 шт.",https://www.ozon.ru/product/4752002117,4752002117,,"汽车罩
Чехол на автомобиль",跨境卖家可售,853₽,5,3985₽,67%,61%,55%,2867,1844,401,4.23%,0.16%,0.0%,0.0%,0.17%,29.4%,18.3%,20.0%,0₽,,,FF MingHaoHaoJiao Trading Limited,跨境卖家,RFBS,500.0 g,"2026-06-16
3 个月"
952,#VALUE!,https://ir.ozone.ru/s3/multimedia-1-a/wc300/12805487794.jpg,"Чехол на автомобиль Лада 2121 (44), защита от дождя и солнца, покрытие, устойчивое к царапинам, автомобильный защитный чехол, чехол для защиты от солнца и дождя, чехол для защиты от дождя и солнца, защита лакокрасочного покрытия автомобиля, защита от дождя и солнца, водонепроницаемость в зимних условиях на открытом воздухе, защита от снега, Оксфорд 210D, 1 шт.",https://www.ozon.ru/product/5148345823,5148345823,,"汽车罩
Чехол на автомобиль",跨境卖家可售,1518₽,5,7743₽,400%,353%,50.1%,3303,2320,232,7.32%,0.21%,35.0%,100.0%,0.15%,29.4%,9.2%,0.0%,0₽,5.0,1,Gd09,跨境卖家,RFBS,1200.0 g,"2026-07-21
2 个月"
953,#VALUE!,https://ir.ozone.ru/s3/multimedia-1-8/wc300/7306766756.jpg,Тент для легкового прицепа КМЗ 8136 высота 30 см (импортный ПВХ материал 650 г/кв.м),https://www.ozon.ru/product/4672561969,4672561969,Автопласт,"汽车罩
Чехол на автомобиль",跨境卖家可售,4566₽,5,18375₽,100%,100%,19.3%,4844,719,287,6.62%,0.0%,0.0%,0.0%,0.1%,26.3%,0.0%,0.0%,0₽,5.0,1,ТЕНТ ЭКСПЕРТ,本土卖家,FBS,3500.0 g,"2026-06-10
3 个月"
954,#VALUE!,https://ir.ozone.ru/s3/multimedia-1-g/wc300/8384593156.jpg,"Чехол на автомобиль Toyota Corolla защитный от снега наледи /Двухслойный подкладкой и молнией/устойчивый к царапинам/зимний полное покрытие автомобиля, Оксфорд, 1 шт.",https://www.ozon.ru/product/4775635389,4775635389,,"汽车罩
Чехол на автомобиль",跨境卖家可售,2782₽,5,14247₽,400%,449%,51%,3855,1455,381,4.72%,0.06%,0.0%,0.0%,0.13%,27.8%,9.21%,20.0%,0₽,,,Зоо Избранное,跨境卖家,FBP,2759.0 g,"2026-06-17
3 个月"
955,#VALUE!,https://ir.ozone.ru/s3/multimedia-1-q/wc300/13227913178.jpg,"Чехол на автомобиль Автомобильный чехол тент для Рено Сандеро Renault Sandero, 210D, оксфордская ткань, 1 шт., Оксфорд 210D, 1 шт.",https://www.ozon.ru/product/5278807625,5278807625,,"汽车罩
Чехол на автомобиль",跨境卖家可售,3381₽,5,20617₽,150%,205%,17.8%,1467,647,131,6.87%,0.15%,11.32%,100.0%,0.34%,55.6%,6.18%,20.0%,0₽,4.8,36,Auto Land,本土卖家,FBS,2100.0 g,"2026-07-30
1 个月"
956,#VALUE!,https://ir.ozone.ru/s3/multimedia-1-y/wc300/14086106782.jpg,"Чехол на автомобиль TOZAROA автомобильный чехол-тент для Lada 4x4 2131 Бронто-213102 1993–2019, серый однослойный PEVA, защита от дождя, снега, солнца и пыли, для улицы и гаража, PEVA, 1 шт.",https://www.ozon.ru/product/5531149561,5531149561,,"汽车罩
Чехол на автомобиль",跨境卖家可售,1353₽,5,6765₽,400%,400%,55%,3434,2639,302,10.26%,0.26%,0.0%,0.0%,0.15%,16.1%,13.72%,0.0%,0₽,,,Tozaroa cover,跨境卖家,RFBS,1003.0 g,"2026-08-19
1 个月"
957,#VALUE!,https://ir.ozone.ru/s3/multimedia-1-t/wc300/12919621889.jpg,"Чехол на автомобиль Toyota Corolla Fielder защитный от снега наледи /Двухслойный подкладкой и молнией/устойчивый к царапинам/зимний полное покрытие автомобиля, Оксфорд",https://www.ozon.ru/product/5285785095,5285785095,,"汽车罩
Чехол на автомобиль",跨境卖家可售,2684₽,5,13678₽,400%,414%,51%,6106,1596,574,1.91%,0.62%,0.0%,0.0%,0.05%,27.3%,23.0%,0.0%,0₽,,,PET PA,跨境卖家,FBP,3000.0 g,"2026-07-31
1 个月"
958,#VALUE!,https://ir.ozone.ru/s3/multimedia-1-3/wc300/12360165591.jpg,"Тент-чехол на автомобиль ГАЗ 31 10 Волга (1997-2008), Размер 495*190*150 см, DP-TC-3XL, Водонепроницаемый чехол на ГАЗ 3110 Волга , защита от солнца, дождя, снега, грязи",https://www.ozon.ru/product/5018426785,5018426785,AUTOPILOT,"汽车罩
Чехол на автомобиль",跨境卖家可售,3635₽,5,18325₽,25%,9%,19.3%,2292,1377,107,13.08%,0.0%,0.0%,0.0%,0.22%,35.7%,2.0%,0.0%,0₽,5.0,5,ЗащитныеНакидки,本土卖家,FBS,1200.0 g,"2026-07-10
2 个月"
959,#VALUE!,https://ir.ozone.ru/s3/multimedia-1-1/wc300/12391261633.jpg,"Чехол на автомобиль Honda Stepwgn Spada Двухслойный Усиленный авточехол ,молния на двер,Всесезонный ,защита от царапин и плесени, Оксфорд, 1 шт.",https://www.ozon.ru/product/5025710479,5025710479,,"汽车罩
Чехол на автомобиль",跨境卖家可售,3023₽,5,14767₽,400%,409%,50%,1882,916,290,10.0%,0.54%,0.0%,0.0%,0.27%,17.2%,0.0%,0.0%,0₽,,,Торговля Кэнмин,跨境卖家,RFBS,3200.0 g,"2026-07-10
2 个月"
960,#VALUE!,https://ir.ozone.ru/s3/multimedia-1-3/wc300/12360165591.jpg,"Тент-чехол на автомобиль Москвич 412 (1967-1998), Размер 415*175*155 см, DP-TC-2M, Водонепроницаемый чехол на Москвич 412, защита от солнца, дождя, снега, грязи",https://www.ozon.ru/product/5037869105,5037869105,AUTOPILOT,"汽车罩
Чехол на автомобиль",跨境卖家可售,3420₽,5,17905₽,100%,100%,19.1%,1072,830,48,22.91%,0.0%,0.0%,0.0%,0.47%,45.5%,1.0%,20.0%,0₽,5.0,2,ЗащитныеНакидки,本土卖家,FBS,1200.0 g,"2026-07-11
2 个月"
961,#VALUE!,https://ir.ozone.ru/s3/multimedia-1-r/wc300/9618185835.jpg,"Чехол на автомобиль, Полиэфир",https://www.ozon.ru/product/4977100429,4977100429,,"汽车罩
Чехол на автомобиль",跨境卖家可售,1034₽,5,5170₽,100%,100%,55%,2058,1649,103,9.7%,0.24%,0.0%,0.0%,0.24%,50.0%,9.19%,25.0%,0₽,,,UJKU,跨境卖家,RFBS,429.0 g,"2026-07-06
2 个月"
962,#VALUE!,https://ir.ozone.ru/s3/multimedia-1-q/wc300/13870141478.jpg,"Чехол на автомобиль 500x190x150, Хлопок, Оксфорд 210D, 1 шт.",https://www.ozon.ru/product/4978768681,4978768681,,"汽车罩
Чехол на автомобиль",跨境卖家可售,6831₽,5,34370₽,400%,311%,50%,2452,207,879,3.86%,0.0%,57.66%,100.0%,0.2%,14.7%,0.03%,20.0%,0₽,4.8,310,DMPL,跨境卖家,RFBS,7000.0 g,"2026-07-06
2 个月"
963,#VALUE!,https://ir.ozone.ru/s3/multimedia-1-3/wc300/12360165591.jpg,"Тент-чехол на автомобиль Лада Калина I (2004-2013), Размер 415*175*155 см, DP-TC-2M, Водонепроницаемый чехол на Lada (ВАЗ) Kalina, защита от солнца, дождя, снега, грязи",https://www.ozon.ru/product/5080838057,5080838057,AUTOPILOT,"汽车罩
Чехол на автомобиль",跨境卖家可售,3581₽,5,18347₽,400%,488%,19.3%,1719,1136,117,11.96%,0.26%,0.0%,0.0%,0.29%,35.7%,4.0%,20.0%,0₽,5.0,1,ЗащитныеНакидки,本土卖家,FBS,1200.0 g,"2026-07-15
2 个月"
964,#VALUE!,https://ir.ozone.ru/s3/multimedia-1-x/wc300/12105833001.jpg,"Чехол на автомобиль 660*380, Пластик, ABS пластик, 1 шт.",https://www.ozon.ru/product/5068175239,5068175239,,"汽车罩
Чехол на автомобиль",跨境卖家可售,210₽,5,1050₽,100%,100%,50%,679,602,30,13.33%,0.0%,61.63%,100.0%,0.74%,125.0%,0.0%,0.0%,0₽,,1,GinghamRoots,跨境卖家,RFBS,185.0 g,"2026-07-14
2 个月"
965,#VALUE!,https://ir.ozone.ru/s3/multimedia-1-r/wc300/13965204627.jpg,"Чехол на автомобиль, Перфорированная экокожа, 1 шт.",https://www.ozon.ru/product/5495749719,5495749719,,"汽车罩
Чехол на автомобиль",跨境卖家可售,1232₽,5,5830₽,100%,100%,54.9%,403,146,168,1.78%,0.0%,35.0%,100.0%,1.24%,166.7%,0.0%,60.0%,0₽,,,lianqiao,跨境卖家,RFBS,350.0 g,"2026-08-17
1 个月"
966,#VALUE!,https://ir.ozone.ru/s3/multimedia-1-v/wc300/13988044039.jpg,"Чехол на автомобиль TOZAROA чехол-тент на автомобиль Lada Priora (Лада Приора) 2007–2013, седан, защита от дождя, снега, солнца и пыли, для улицы, пар",https://www.ozon.ru/product/5502282517,5502282517,,"汽车罩
Чехол на автомобиль",跨境卖家可售,1891₽,5,9455₽,100%,100%,50%,1132,439,251,5.57%,0.45%,2.0%,100.0%,0.44%,35.7%,0.0%,0.0%,0₽,,,Tozaroa cover,跨境卖家,RFBS,1001.0 g,"2026-08-17
1 个月"
967,#VALUE!,https://ir.ozone.ru/s3/multimedia-1-9/wc300/14526826389.jpg,"Чехол на автомобиль 450x185x150, Оксфорд, Хлопок, 1 шт.",https://www.ozon.ru/product/5491767681,5491767681,,"汽车罩
Чехол на автомобиль",跨境卖家可售,4554₽,5,22770₽,100%,100%,50%,5415,2844,646,6.96%,0.17%,58.3%,100.0%,0.09%,11.1%,8.4%,0.0%,0₽,4.8,56,МЕЧТА 7,跨境卖家,RFBS,4100.0 g,"2026-08-16
1 个月"
968,#VALUE!,https://ir.ozone.ru/s3/multimedia-1-i/wc300/13701722454.jpg,"Чехол на автомобиль, Оксфорд, Синтепух, 1 шт.",https://www.ozon.ru/product/5417791639,5417791639,,"汽车罩
Чехол на автомобиль",跨境卖家可售,4325₽,5,21625₽,100%,100%,50%,5525,2711,463,8.85%,0.22%,35.53%,100.0%,0.09%,12.2%,8.0%,20.0%,0₽,,,ЛучшийТовар,跨境卖家,RFBS,4800.0 g,"2026-08-10
1 个月"
969,#VALUE!,https://ir.ozone.ru/s3/multimedia-1-9/wc300/12388190841.jpg,"Adency Чехол на автомобиль 540x175x130, Оксфорд ПВХ, 1 шт.",https://www.ozon.ru/product/5634008993,5634008993,,"汽车罩
Чехол на автомобиль",跨境卖家可售,970₽,5,4850₽,100%,100%,9.2%,3720,2423,188,10.63%,0.04%,0.0%,0.0%,0.13%,25.0%,22.94%,0.0%,1618₽,,,ADENCY,本土卖家,FBS,1310.0 g,"2026-08-28
< 1 个月"
970,#VALUE!,https://ir.ozone.ru/s3/multimedia-1-b/wc300/14351250179.jpg,"Тент для КИА Спортейдж 4 (KIA Sportage IV) / автомобильный чехол, 190x500x200, светоотражающий",https://www.ozon.ru/product/5609411489,5609411489,SB,"汽车罩
Чехол на автомобиль",跨境卖家可售,3562₽,5,17810₽,100%,100%,17.6%,197,101,33,15.15%,0.0%,0.0%,0.0%,2.54%,100.0%,0.0%,40.0%,4232₽,5.0,1,Д&Ко,本土卖家,FBS,2540.0 g,"2026-08-26
< 1 个月"
971,#VALUE!,https://ir.ozone.ru/s3/multimedia-1-x/wc300/12866414037.jpg,"Чехол на автомобиль 480x190x180, Оксфорд, 1 шт.",https://www.ozon.ru/product/3129005691,3129005691,,"汽车罩
Чехол на автомобиль",跨境卖家可售,4072₽,5,14955₽,-17%,-21%,50%,5961,59,703,6.68%,1.69%,0.0%,0.0%,0.08%,10.6%,0.0%,0.0%,0₽,4.6,181,премиальное производство,跨境卖家,RFBS,4980.0 g,"2025-11-19
10 个月"
972,#VALUE!,https://ir.ozone.ru/s3/multimedia-1-z/wc300/7438935311.jpg,"Чехол для автомобиля, тент для машины универсальный",https://www.ozon.ru/product/749572286,749572286,Автохранитель,"汽车罩
Чехол на автомобиль",跨境卖家可售,6700₽,4,30590₽,-20%,6%,19.9%,3381,582,336,5.65%,0.0%,19.27%,100.0%,0.12%,21.1%,0.0%,25.0%,0₽,4.9,824,Автохранитель,本土卖家,FBO,2700.0 g,"2022-10-17
3 年 11 个月"
973,#VALUE!,https://ir.ozone.ru/s3/multimedia-1-0/wc300/7651130472.jpg,Чехол на автомобиль AVS тент для автомобиля кроссовер 2XL 508х196х152см,https://www.ozon.ru/product/585841206,585841206,AVS,"汽车罩
Чехол на автомобиль",跨境卖家可售,4767₽,4,18681₽,100%,100%,17.8%,5377,3493,334,5.38%,0.0%,37.52%,46.01%,0.07%,22.2%,3.06%,25.0%,0₽,4.8,634,AVS - Официальный магазин,本土卖家,FBS,3000.0 g,"2022-05-13
4 年 5 个月"
974,#VALUE!,https://ir.ozone.ru/s3/multimedia-1-c/wc300/9673452588.jpg,"Чехол на автомобиль 4 МОЛНИИ Размер 7+ внедорожник и кроссовер, тент на машину от солнца, дождя и снега",https://www.ozon.ru/product/546182540,546182540,Люкс тент,"汽车罩
Чехол на автомобиль",跨境卖家可售,7364₽,4,29456₽,100%,100%,20.3%,1894,1210,186,10.21%,0.08%,52.25%,100.0%,0.21%,21.1%,0.0%,0.0%,0₽,5.0,73,Люкс тент,本土卖家,FBS,2300.0 g,"2022-04-06
4 年 6 个月"
975,#VALUE!,https://ir-20.ozone.ru/s3/multimedia-1-a/wc300/7651129330.jpg,Чехол на автомобиль AVS тент для автомобиля кроссовер XL 482х196х145см,https://www.ozon.ru/product/585841244,585841244,AVS,"汽车罩
Чехол на автомобиль",跨境卖家可售,4839₽,4,19331₽,-34%,-48%,17.8%,14982,8168,473,2.74%,0.01%,9.98%,25.97%,0.03%,30.8%,10.84%,25.0%,0₽,4.8,634,AVS - Официальный магазин,本土卖家,FBO,2750.0 g,"2022-05-13
4 年 5 个月"
976,#VALUE!,https://ir.ozone.ru/s3/multimedia-1-3/wc300/9845766399.jpg,Тент на машину чехол для автомобиля укрывной универсальный ZDK Размер XL 540*175*120 см,https://www.ozon.ru/product/599842946,599842946,ZDK,"汽车罩
Чехол на автомобиль",跨境卖家可售,1620₽,4,6620₽,100%,100%,15.7%,3427,1957,128,7.81%,0.1%,0.0%,0.0%,0.12%,40.0%,3.8%,0.0%,0₽,3.7,153,Nonstopika,本土卖家,FBO,1000.0 g,"2022-05-28
4 年 4 个月"
977,#VALUE!,https://ir.ozone.ru/s3/multimedia-h/wc300/6826036913.jpg,"XICBOOM Чехол на автомобиль Лексус Rx, Мембранные материалы, Нетканое полотно, 1 шт.",https://www.ozon.ru/product/1280027328,1280027328,XICBOOM,"汽车罩
Чехол на автомобиль",跨境卖家可售,4502₽,4,18077₽,100%,100%,50%,5524,3596,198,7.07%,0.02%,47.89%,100.0%,0.07%,28.6%,7.53%,0.0%,0₽,4.9,711,Tengxi auto supplies franchise store,跨境卖家,RFBS,3500.0 g,"2023-11-08
2 年 11 个月"
978,#VALUE!,https://ir.ozone.ru/s3/multimedia-1-v/wc300/13441288243.jpg,Автомобильный тент чехол ZDK Размер M 450*175*150 см (хлопок),https://www.ozon.ru/product/947098766,947098766,ZDK,"汽车罩
Чехол на автомобиль",跨境卖家可售,2358₽,4,10095₽,100%,87%,17.7%,2373,1320,91,12.08%,0.0%,0.0%,0.0%,0.17%,36.4%,1.25%,0.0%,0₽,4.3,89,Nonstopika,本土卖家,FBO,1000.0 g,"2023-04-20
3 年 5 个月"
979,#VALUE!,https://ir.ozone.ru/s3/multimedia-1-z/wc300/8824861187.jpg,"Aradela Чехол на автомобиль 400x175x155, Оксфорд, 1 шт.",https://www.ozon.ru/product/1764218140,1764218140,Aradela,"汽车罩
Чехол на автомобиль",跨境卖家可售,6113₽,4,24959₽,100%,100%,50%,15610,2923,746,9.24%,0.17%,43.67%,100.0%,0.03%,5.8%,17.65%,25.0%,0₽,4.8,720,Aradela Car Parts & Accessories,跨境卖家,RFBS,6500.0 g,"2024-11-21
1 年 10 个月"
980,#VALUE!,https://ir.ozone.ru/s3/multimedia-x/wc300/6812995425.jpg,"MiDi stone Чехол на автомобиль 450, 1 шт.",https://www.ozon.ru/product/1256583806,1256583806,MiDi stone,"汽车罩
Чехол на автомобиль",跨境卖家可售,3583₽,4,14844₽,0%,-8%,16.4%,3086,827,202,10.39%,0.12%,0.0%,0.0%,0.13%,19.0%,0.0%,0.0%,0₽,5.0,29,MiDi stones,本土卖家,FBS,2300.0 g,"2023-10-23
2 年 11 个月"
981,#VALUE!,https://ir.ozone.ru/s3/multimedia-4/wc300/6812995432.jpg,"MiDi stone Чехол на автомобиль 560, 1 шт.",https://www.ozon.ru/product/1256583828,1256583828,MiDi stone,"汽车罩
Чехол на автомобиль",跨境卖家可售,4065₽,4,16842₽,300%,269%,17%,759,256,77,6.49%,0.39%,0.0%,0.0%,0.53%,80.0%,0.0%,0.0%,0₽,4.5,13,MiDi stones,本土卖家,FBS,2300.0 g,"2023-10-23
2 年 11 个月"
982,#VALUE!,https://ir.ozone.ru/s3/multimedia-1-l/wc300/9898548501.jpg,"Чехол-тент (чехол, тент) на автомобиль Хавэйл М6 II (2021-2026) внедорожник 5 дверей зимний от снега, дождя. Тент на машину Haval M6 для защиты краски, кузова",https://www.ozon.ru/product/1391437112,1391437112,AUTOPILOT,"汽车罩
Чехол на автомобиль",跨境卖家可售,4358₽,4,18037₽,-34%,-26%,18.2%,1693,644,127,6.29%,0.15%,0.0%,0.0%,0.24%,50.0%,3.75%,0.0%,0₽,4.7,48,ЗащитныеНакидки,本土卖家,FBS,1800.0 g,"2024-01-17
2 年 8 个月"
983,#VALUE!,https://ir.ozone.ru/s3/multimedia-1-c/wc300/12060918264.jpg,"XICBOOM Чехол на автомобиль Haval M6, Мембранные материалы, Нетканое полотно, 1 шт.",https://www.ozon.ru/product/1399948960,1399948960,XICBOOM,"汽车罩
Чехол на автомобиль",跨境卖家可售,4502₽,4,18236₽,300%,313%,50%,10286,5409,467,7.49%,0.11%,53.45%,100.0%,0.04%,11.4%,20.93%,0.0%,0₽,4.9,711,Tengxi auto supplies franchise store,跨境卖家,RFBS,3500.0 g,"2024-01-23
2 年 8 个月"
984,#VALUE!,https://ir-20.ozone.ru/s3/multimedia-1-2/wc300/7038419006.jpg,"XICBOOM Чехол на автомобиль 465x180x145, Оксфорд, Брезент, 1 шт.",https://www.ozon.ru/product/1586299022,1586299022,XICBOOM,"汽车罩
Чехол на автомобиль",跨境卖家可售,2876₽,4,11993₽,300%,286%,51%,5730,236,1128,3.1%,0.42%,52.8%,100.0%,0.07%,11.4%,0.0%,50.0%,0₽,4.8,4880,Tengxi auto supplies franchise store,跨境卖家,FBP,1400.0 g,"2024-05-27
2 年 4 个月"
985,#VALUE!,https://ir.ozone.ru/s3/multimedia-1-9/wc300/7070104665.jpg,"Чехол на автомобиль Mitsubishi Pajero, EVA, Алюминий, 1 шт.",https://www.ozon.ru/product/3087962114,3087962114,,"汽车罩
Чехол на автомобиль",跨境卖家可售,2274₽,4,9096₽,300%,241%,50%,3224,1560,179,11.17%,0.32%,0.0%,0.0%,0.12%,20.0%,22.84%,0.0%,0₽,4.6,43,yinzhaojin,跨境卖家,RFBS,2222.0 g,"2025-11-10
10 个月"
986,#VALUE!,https://ir.ozone.ru/s3/multimedia-1-1/wc300/13360618441.jpg,"Чехол-тент (тент, чехол) на автомобиль Тойота Ленд Крузер 300 Series (2021-2026) внедорожник 5 дв. зимний от снега, дождя. Тент STORM на машину Toyota Land Cruiser для защиты краски, кузова",https://www.ozon.ru/product/1398877636,1398877636,CarFashion,"汽车罩
Чехол на автомобиль",跨境卖家可售,6295₽,4,25180₽,100%,100%,19.3%,1150,817,68,8.82%,0.0%,0.0%,0.0%,0.35%,66.7%,0.0%,25.0%,0₽,5.0,2,ЗащитныеНакидки,本土卖家,FBS,1200.0 g,"2024-01-22
2 年 8 个月"
987,#VALUE!,https://ir.ozone.ru/s3/multimedia-1-5/wc300/7206025037.jpg,"Чехол на автомобиль 415x170x150, Taffeta, Полиэстер, 1 шт.",https://www.ozon.ru/product/1618384716,1618384716,,"汽车罩
Чехол на автомобиль",跨境卖家可售,1639₽,4,7249₽,300%,290%,50%,1276,298,124,7.25%,0.0%,0.0%,0.0%,0.31%,44.4%,0.0%,0.0%,0₽,4.8,554,Usmile,跨境卖家,RFBS,500.0 g,"2024-07-02
2 年 3 个月"
988,#VALUE!,https://ir.ozone.ru/s3/multimedia-1-m/wc300/10175064538.jpg,Тент УАЗ 33036 нового образца (без дуг) ТОЛСТЫЙ цвет ХАКИ на металлический борт,https://www.ozon.ru/product/1430169050,1430169050,УАЗ,"汽车罩
Чехол на автомобиль",跨境卖家可售,7826₽,4,31304₽,300%,424%,19.4%,1939,1083,96,10.41%,0.0%,0.0%,0.0%,0.21%,40.0%,0.0%,25.0%,0₽,5.0,2,УАЗ внедорожник 4х4,本土卖家,FBS,7660.0 g,"2024-02-21
2 年 7 个月"
989,#VALUE!,https://ir.ozone.ru/s3/multimedia-1-t/wc300/7067616725.jpg,"XICBOOM Чехол на автомобиль Ford Explorer, Мембранные материалы, Ткань, 1 шт.",https://www.ozon.ru/product/1620389060,1620389060,XICBOOM,"汽车罩
Чехол на автомобиль",跨境卖家可售,4941₽,4,19764₽,300%,332%,51%,3047,1450,185,9.18%,0.0%,47.28%,100.0%,0.13%,23.5%,1.6%,0.0%,0₽,4.7,29,Tengxi auto supplies franchise store,跨境卖家,FBP,3600.0 g,"2024-07-04
2 年 3 个月"
990,#VALUE!,https://ir.ozone.ru/s3/multimedia-1-b/wc300/13364791067.jpg,"Чехол-тент (тент, чехол) на автомобиль Шевроле Круз I Рестайлинг (2012-2016) седан зимний от снега, дождя. Тент STORM на машину Chevrolet Cruze для защиты краски, кузова",https://www.ozon.ru/product/1398704668,1398704668,CarFashion,"汽车罩
Чехол на автомобиль",跨境卖家可售,4990₽,4,21256₽,300%,388%,20%,810,640,37,8.1%,0.15%,0.0%,0.0%,0.49%,133.3%,0.0%,0.0%,3792₽,5.0,2,ЗащитныеНакидки,本土卖家,FBS,1200.0 g,"2024-01-22
2 年 8 个月"
991,#VALUE!,https://ir.ozone.ru/s3/multimedia-h/wc300/6855697745.jpg,"XICBOOM Чехол на автомобиль VOLVO xC90, Мембранные материалы, Ткань, 1 шт.",https://www.ozon.ru/product/1332678962,1332678962,XICBOOM,"汽车罩
Чехол на автомобиль",跨境卖家可售,4947₽,4,20668₽,34%,49%,50%,5577,3612,146,8.9%,0.19%,46.76%,100.0%,0.05%,23.1%,10.87%,0.0%,0₽,4.9,1620,Tengxi auto supplies franchise store,跨境卖家,RFBS,3500.0 g,"2023-12-09
2 年 9 个月"
992,#VALUE!,https://ir.ozone.ru/s3/multimedia-1-r/wc300/8266862691.jpg,"Чехол на автомобиль 4500x1750x1500, Эластан",https://www.ozon.ru/product/3063766116,3063766116,,"汽车罩
Чехол на автомобиль",跨境卖家可售,1260₽,4,5040₽,300%,300%,55%,2877,737,117,5.98%,0.13%,20.16%,21.47%,0.14%,57.1%,36.15%,0.0%,0₽,,,weixubaihuo,跨境卖家,RFBS,1200.0 g,"2025-11-04
10 个月"
993,#VALUE!,https://ir.ozone.ru/s3/multimedia-1-u/wc300/8286633966.jpg,"KPLMO Чехол на автомобиль Lada Niva 4x4 3 door（2018-2025） Лада Нива 4x4 3-дверная, Синтетика, Нейлон, 1 шт.",https://www.ozon.ru/product/3078298102,3078298102,KPLMO,"汽车罩
Чехол на автомобиль",跨境卖家可售,3170₽,4,12680₽,300%,432%,50%,4820,2133,231,7.79%,0.23%,18.33%,45.31%,0.08%,22.2%,5.13%,0.0%,0₽,4.9,9,Восточный базар,跨境卖家,RFBS,1000.0 g,"2025-11-07
10 个月"
994,#VALUE!,https://ir-20.ozone.ru/s3/multimedia-1-0/wc300/8291790540.jpg,"Чехол на автомобиль, Бархат, 1 шт.",https://www.ozon.ru/product/3082310614,3082310614,,"汽车罩
Чехол на автомобиль",跨境卖家可售,1258₽,4,5032₽,100%,100%,55%,580,197,81,6.17%,0.0%,0.0%,0.0%,0.34%,40.0%,0.0%,0.0%,0₽,,,Глобальный маркет,跨境卖家,RFBS,553.0 g,"2025-11-08
10 个月"
995,#VALUE!,https://ir.ozone.ru/s3/multimedia-1-q/wc300/7167564530.jpg,"Чехол на автомобиль, авто одеяло портативный д475*в200 см на средне размерный кроссовер тип Nissan Х trail",https://www.ozon.ru/product/1715784514,1715784514,,"汽车罩
Чехол на автомобиль",跨境卖家可售,13016₽,4,48497₽,100%,87%,19.2%,8933,2561,460,5.21%,0.07%,10.7%,72.08%,0.04%,16.7%,4.62%,25.0%,0₽,4.8,374,Стрелка,本土卖家,FBS,5500.0 g,"2024-10-06
1 年 11 个月"
996,#VALUE!,https://ir.ozone.ru/s3/multimedia-1-s/wc300/7204953664.jpg,"Чехол на автомобиль 430x180x150, Оксфорд, Велюр антистресс, 1 шт.",https://www.ozon.ru/product/1717953750,1717953750,,"汽车罩
Чехол на автомобиль",跨境卖家可售,5144₽,4,20628₽,100%,100%,50%,15366,822,629,5.24%,0.12%,28.18%,100.0%,0.03%,12.1%,23.8%,0.0%,0₽,4.7,986,Элегантный бутик,跨境卖家,RFBS,4800.0 g,"2024-10-08
1 年 11 个月"
997,#VALUE!,https://ir.ozone.ru/s3/multimedia-1-q/wc300/7085104154.jpg,"Тент на а/м УАЗ 469, 3151 (Камуфляж Тайга)",https://www.ozon.ru/product/1639320154,1639320154,АККОМ,"汽车罩
Чехол на автомобиль",跨境卖家可售,9206₽,4,37320₽,34%,32%,20.8%,9593,4362,481,6.02%,0.09%,0.0%,0.0%,0.04%,13.8%,1.25%,0.0%,0₽,4.6,138,ТК АККОМ,本土卖家,FBS,4000.0 g,"2024-07-26
2 年 2 个月"
998,#VALUE!,https://ir.ozone.ru/s3/multimedia-1-5/wc300/12806340233.jpg,"Чехол на автомобиль Лада 2121 (44), защита от дождя и солнца, покрытие, устойчивое к царапинам, защитная плёнка для автомобиля, автомобильный чехол дл",https://www.ozon.ru/product/5148661518,5148661518,,"汽车罩
Чехол на автомобиль",跨境卖家可售,1657₽,4,6628₽,100%,100%,50%,739,366,86,20.93%,0.27%,35.0%,100.0%,0.41%,16.7%,0.0%,33.4%,0₽,,,Gd09,跨境卖家,RFBS,2500.0 g,"2026-07-21
2 个月"
999,#VALUE!,https://ir.ozone.ru/s3/multimedia-1-2/wc300/7161862970.jpg,"XICBOOM Чехол на автомобиль Jetour T2, Мембранные материалы, Нетканое полотно, 1 шт.",https://www.ozon.ru/product/1729738806,1729738806,XICBOOM,"汽车罩
Чехол на автомобиль",跨境卖家可售,4721₽,4,18888₽,34%,37%,51%,8512,4845,247,7.69%,0.16%,49.61%,100.0%,0.05%,21.1%,12.12%,0.0%,0₽,4.9,38,Tengxi auto supplies franchise store,跨境卖家,FBP,3600.0 g,"2024-10-17
1 年 11 个月"
1000,#VALUE!,https://ir.ozone.ru/s3/multimedia-1-r/wc300/12858340563.jpg,"Чехол на автомобиль LADA Vesta Sedan，Двухслойный Усиленный авточехол ,молния на двер,Всесезонный ,защита от царапин и плесени, Оксфорд 210D, 1 шт.",https://www.ozon.ru/product/5165135922,5165135922,,"汽车罩
Чехол на автомобиль",跨境卖家可售,3564₽,4,14260₽,300%,332%,50%,910,384,171,4.09%,0.0%,34.67%,100.0%,0.44%,57.1%,0.0%,50.0%,0₽,5.0,2,АвтоЗащита,跨境卖家,RFBS,2800.0 g,"2026-07-22
2 个月"
