cell,formula
B2,"=IF(ISERROR(_xlfn.IMAGE(""https://ir.ozone.ru/s3/multimedia-1-d/wc300/7705481809.jpg"")),""请使用新版Excel2024查看图片"",_xlfn.IMAGE(""https://ir.ozone.ru/s3/multimedia-1-d/wc300/7705481809.jpg""))"
B3,"=IF(ISERROR(_xlfn.IMAGE(""https://ir.ozone.ru/s3/multimedia-1-j/wc300/7829377795.jpg"")),""请使用新版Excel2024查看图片"",_xlfn.IMAGE(""https://ir.ozone.ru/s3/multimedia-1-j/wc300/7829377795.jpg""))"
B4,"=IF(ISERROR(_xlfn.IMAGE(""https://ir.ozone.ru/s3/multimedia-1-0/wc300/9308741148.jpg"")),""请使用新版Excel2024查看图片"",_xlfn.IMAGE(""https://ir.ozone.ru/s3/multimedia-1-0/wc300/9308741148.jpg""))"
B5,"=IF(ISERROR(_xlfn.IMAGE(""https://ir.ozone.ru/s3/multimedia-1-h/wc300/14849374805.jpg"")),""请使用新版Excel2024查看图片"",_xlfn.IMAGE(""https://ir.ozone.ru/s3/multimedia-1-h/wc300/14849374805.jpg""))"
B6,"=IF(ISERROR(_xlfn.IMAGE(""https://ir-20.ozone.ru/s3/multimedia-1-9/wc300/10025490645.jpg"")),""请使用新版Excel2024查看图片"",_xlfn.IMAGE(""https://ir-20.ozone.ru/s3/multimedia-1-9/wc300/10025490645.jpg""))"
B7,"=IF(ISERROR(_xlfn.IMAGE(""https://ir.ozone.ru/s3/multimedia-1-a/wc300/9255253366.jpg"")),""请使用新版Excel2024查看图片"",_xlfn.IMAGE(""https://ir.ozone.ru/s3/multimedia-1-a/wc300/9255253366.jpg""))"
B8,"=IF(ISERROR(_xlfn.IMAGE(""https://ir.ozone.ru/s3/multimedia-1-k/wc300/10025501996.jpg"")),""请使用新版Excel2024查看图片"",_xlfn.IMAGE(""https://ir.ozone.ru/s3/multimedia-1-k/wc300/10025501996.jpg""))"
B9,"=IF(ISERROR(_xlfn.IMAGE(""https://ir.ozone.ru/s3/multimedia-1-v/wc300/9479249599.jpg"")),""请使用新版Excel2024查看图片"",_xlfn.IMAGE(""https://ir.ozone.ru/s3/multimedia-1-v/wc300/9479249599.jpg""))"
B10,"=IF(ISERROR(_xlfn.IMAGE(""https://ir.ozone.ru/s3/multimedia-1-a/wc300/9255265066.jpg"")),""请使用新版Excel2024查看图片"",_xlfn.IMAGE(""https://ir.ozone.ru/s3/multimedia-1-a/wc300/9255265066.jpg""))"
B11,"=IF(ISERROR(_xlfn.IMAGE(""https://ir.ozone.ru/s3/multimedia-1-a/wc300/12876065254.jpg"")),""请使用新版Excel2024查看图片"",_xlfn.IMAGE(""https://ir.ozone.ru/s3/multimedia-1-a/wc300/12876065254.jpg""))"
B12,"=IF(ISERROR(_xlfn.IMAGE(""https://ir-20.ozone.ru/s3/multimedia-1-c/wc300/9255277092.jpg"")),""请使用新版Excel2024查看图片"",_xlfn.IMAGE(""https://ir-20.ozone.ru/s3/multimedia-1-c/wc300/9255277092.jpg""))"
B13,"=IF(ISERROR(_xlfn.IMAGE(""https://ir.ozone.ru/s3/multimedia-1-e/wc300/13530048458.jpg"")),""请使用新版Excel2024查看图片"",_xlfn.IMAGE(""https://ir.ozone.ru/s3/multimedia-1-e/wc300/13530048458.jpg""))"
B14,"=IF(ISERROR(_xlfn.IMAGE(""https://ir.ozone.ru/s3/multimedia-1-s/wc300/13770079012.jpg"")),""请使用新版Excel2024查看图片"",_xlfn.IMAGE(""https://ir.ozone.ru/s3/multimedia-1-s/wc300/13770079012.jpg""))"
B15,"=IF(ISERROR(_xlfn.IMAGE(""https://ir.ozone.ru/s3/multimedia-1-8/wc300/9992405348.jpg"")),""请使用新版Excel2024查看图片"",_xlfn.IMAGE(""https://ir.ozone.ru/s3/multimedia-1-8/wc300/9992405348.jpg""))"
B16,"=IF(ISERROR(_xlfn.IMAGE(""https://ir.ozone.ru/s3/multimedia-1-t/wc300/9308725049.jpg"")),""请使用新版Excel2024查看图片"",_xlfn.IMAGE(""https://ir.ozone.ru/s3/multimedia-1-t/wc300/9308725049.jpg""))"
B17,"=IF(ISERROR(_xlfn.IMAGE(""https://ir.ozone.ru/s3/multimedia-1-c/wc300/8088143124.jpg"")),""请使用新版Excel2024查看图片"",_xlfn.IMAGE(""https://ir.ozone.ru/s3/multimedia-1-c/wc300/8088143124.jpg""))"
B18,"=IF(ISERROR(_xlfn.IMAGE(""https://ir-20.ozone.ru/s3/multimedia-1-n/wc300/9335890679.jpg"")),""请使用新版Excel2024查看图片"",_xlfn.IMAGE(""https://ir-20.ozone.ru/s3/multimedia-1-n/wc300/9335890679.jpg""))"
B19,"=IF(ISERROR(_xlfn.IMAGE(""https://ir.ozone.ru/s3/multimedia-1-q/wc300/14165630558.jpg"")),""请使用新版Excel2024查看图片"",_xlfn.IMAGE(""https://ir.ozone.ru/s3/multimedia-1-q/wc300/14165630558.jpg""))"
B20,"=IF(ISERROR(_xlfn.IMAGE(""https://ir-20.ozone.ru/s3/multimedia-1-0/wc300/13839195096.jpg"")),""请使用新版Excel2024查看图片"",_xlfn.IMAGE(""https://ir-20.ozone.ru/s3/multimedia-1-0/wc300/13839195096.jpg""))"
B21,"=IF(ISERROR(_xlfn.IMAGE(""https://ir.ozone.ru/s3/multimedia-1-e/wc300/13770107906.jpg"")),""请使用新版Excel2024查看图片"",_xlfn.IMAGE(""https://ir.ozone.ru/s3/multimedia-1-e/wc300/13770107906.jpg""))"
B22,"=IF(ISERROR(_xlfn.IMAGE(""https://ir.ozone.ru/s3/multimedia-1-g/wc300/10025514952.jpg"")),""请使用新版Excel2024查看图片"",_xlfn.IMAGE(""https://ir.ozone.ru/s3/multimedia-1-g/wc300/10025514952.jpg""))"
B23,"=IF(ISERROR(_xlfn.IMAGE(""https://ir.ozone.ru/s3/multimedia-1-z/wc300/13287261563.jpg"")),""请使用新版Excel2024查看图片"",_xlfn.IMAGE(""https://ir.ozone.ru/s3/multimedia-1-z/wc300/13287261563.jpg""))"
B24,"=IF(ISERROR(_xlfn.IMAGE(""https://ir.ozone.ru/s3/multimedia-1-a/wc300/14165542162.jpg"")),""请使用新版Excel2024查看图片"",_xlfn.IMAGE(""https://ir.ozone.ru/s3/multimedia-1-a/wc300/14165542162.jpg""))"
B25,"=IF(ISERROR(_xlfn.IMAGE(""https://ir.ozone.ru/s3/multimedia-1-o/wc300/9255241968.jpg"")),""请使用新版Excel2024查看图片"",_xlfn.IMAGE(""https://ir.ozone.ru/s3/multimedia-1-o/wc300/9255241968.jpg""))"
B26,"=IF(ISERROR(_xlfn.IMAGE(""https://ir.ozone.ru/s3/multimedia-1-g/wc300/12876372772.jpg"")),""请使用新版Excel2024查看图片"",_xlfn.IMAGE(""https://ir.ozone.ru/s3/multimedia-1-g/wc300/12876372772.jpg""))"
B27,"=IF(ISERROR(_xlfn.IMAGE(""https://ir.ozone.ru/s3/multimedia-1-o/wc300/14125075188.jpg"")),""请使用新版Excel2024查看图片"",_xlfn.IMAGE(""https://ir.ozone.ru/s3/multimedia-1-o/wc300/14125075188.jpg""))"
B28,"=IF(ISERROR(_xlfn.IMAGE(""https://ir.ozone.ru/s3/multimedia-1-v/wc300/14081416015.jpg"")),""请使用新版Excel2024查看图片"",_xlfn.IMAGE(""https://ir.ozone.ru/s3/multimedia-1-v/wc300/14081416015.jpg""))"
B29,"=IF(ISERROR(_xlfn.IMAGE(""https://ir-20.ozone.ru/s3/multimedia-1-r/wc300/12876165495.jpg"")),""请使用新版Excel2024查看图片"",_xlfn.IMAGE(""https://ir-20.ozone.ru/s3/multimedia-1-r/wc300/12876165495.jpg""))"
B30,"=IF(ISERROR(_xlfn.IMAGE(""https://ir.ozone.ru/s3/multimedia-1-n/wc300/13770142403.jpg"")),""请使用新版Excel2024查看图片"",_xlfn.IMAGE(""https://ir.ozone.ru/s3/multimedia-1-n/wc300/13770142403.jpg""))"
B31,"=IF(ISERROR(_xlfn.IMAGE(""https://ir.ozone.ru/s3/multimedia-1-7/wc300/13453946323.jpg"")),""请使用新版Excel2024查看图片"",_xlfn.IMAGE(""https://ir.ozone.ru/s3/multimedia-1-7/wc300/13453946323.jpg""))"
B32,"=IF(ISERROR(_xlfn.IMAGE(""https://ir.ozone.ru/s3/multimedia-1-r/wc300/12876105015.jpg"")),""请使用新版Excel2024查看图片"",_xlfn.IMAGE(""https://ir.ozone.ru/s3/multimedia-1-r/wc300/12876105015.jpg""))"
B33,"=IF(ISERROR(_xlfn.IMAGE(""https://ir.ozone.ru/s3/multimedia-1-s/wc300/12876352984.jpg"")),""请使用新版Excel2024查看图片"",_xlfn.IMAGE(""https://ir.ozone.ru/s3/multimedia-1-s/wc300/12876352984.jpg""))"
B34,"=IF(ISERROR(_xlfn.IMAGE(""https://ir.ozone.ru/s3/multimedia-1-0/wc300/13365668304.jpg"")),""请使用新版Excel2024查看图片"",_xlfn.IMAGE(""https://ir.ozone.ru/s3/multimedia-1-0/wc300/13365668304.jpg""))"
B35,"=IF(ISERROR(_xlfn.IMAGE(""https://ir.ozone.ru/s3/multimedia-1-o/wc300/12876296028.jpg"")),""请使用新版Excel2024查看图片"",_xlfn.IMAGE(""https://ir.ozone.ru/s3/multimedia-1-o/wc300/12876296028.jpg""))"
B36,"=IF(ISERROR(_xlfn.IMAGE(""https://ir.ozone.ru/s3/multimedia-1-f/wc300/12876322659.jpg"")),""请使用新版Excel2024查看图片"",_xlfn.IMAGE(""https://ir.ozone.ru/s3/multimedia-1-f/wc300/12876322659.jpg""))"
B37,"=IF(ISERROR(_xlfn.IMAGE(""https://ir.ozone.ru/s3/multimedia-1-z/wc300/12876237359.jpg"")),""请使用新版Excel2024查看图片"",_xlfn.IMAGE(""https://ir.ozone.ru/s3/multimedia-1-z/wc300/12876237359.jpg""))"
B38,"=IF(ISERROR(_xlfn.IMAGE(""https://ir.ozone.ru/s3/multimedia-1-1/wc300/10090258849.jpg"")),""请使用新版Excel2024查看图片"",_xlfn.IMAGE(""https://ir.ozone.ru/s3/multimedia-1-1/wc300/10090258849.jpg""))"
B39,"=IF(ISERROR(_xlfn.IMAGE(""https://ir.ozone.ru/s3/multimedia-1-c/wc300/11783067888.jpg"")),""请使用新版Excel2024查看图片"",_xlfn.IMAGE(""https://ir.ozone.ru/s3/multimedia-1-c/wc300/11783067888.jpg""))"
B40,"=IF(ISERROR(_xlfn.IMAGE(""https://ir.ozone.ru/s3/multimedia-1-0/wc300/12876205212.jpg"")),""请使用新版Excel2024查看图片"",_xlfn.IMAGE(""https://ir.ozone.ru/s3/multimedia-1-0/wc300/12876205212.jpg""))"
B41,"=IF(ISERROR(_xlfn.IMAGE(""https://ir.ozone.ru/s3/multimedia-1-9/wc300/10090297953.jpg"")),""请使用新版Excel2024查看图片"",_xlfn.IMAGE(""https://ir.ozone.ru/s3/multimedia-1-9/wc300/10090297953.jpg""))"
B42,"=IF(ISERROR(_xlfn.IMAGE(""https://ir.ozone.ru/s3/multimedia-1-n/wc300/14848932299.jpg"")),""请使用新版Excel2024查看图片"",_xlfn.IMAGE(""https://ir.ozone.ru/s3/multimedia-1-n/wc300/14848932299.jpg""))"
B43,"=IF(ISERROR(_xlfn.IMAGE(""https://ir.ozone.ru/s3/multimedia-1-j/wc300/10090253359.jpg"")),""请使用新版Excel2024查看图片"",_xlfn.IMAGE(""https://ir.ozone.ru/s3/multimedia-1-j/wc300/10090253359.jpg""))"
B44,"=IF(ISERROR(_xlfn.IMAGE(""https://ir.ozone.ru/s3/multimedia-1-p/wc300/12226165297.jpg"")),""请使用新版Excel2024查看图片"",_xlfn.IMAGE(""https://ir.ozone.ru/s3/multimedia-1-p/wc300/12226165297.jpg""))"
B45,"=IF(ISERROR(_xlfn.IMAGE(""https://ir.ozone.ru/s3/multimedia-1-d/wc300/11018728309.jpg"")),""请使用新版Excel2024查看图片"",_xlfn.IMAGE(""https://ir.ozone.ru/s3/multimedia-1-d/wc300/11018728309.jpg""))"
B46,"=IF(ISERROR(_xlfn.IMAGE(""https://ir.ozone.ru/s3/multimedia-1-r/wc300/8370823851.jpg"")),""请使用新版Excel2024查看图片"",_xlfn.IMAGE(""https://ir.ozone.ru/s3/multimedia-1-r/wc300/8370823851.jpg""))"
B47,"=IF(ISERROR(_xlfn.IMAGE(""https://ir.ozone.ru/s3/multimedia-1-w/wc300/9992478344.jpg"")),""请使用新版Excel2024查看图片"",_xlfn.IMAGE(""https://ir.ozone.ru/s3/multimedia-1-w/wc300/9992478344.jpg""))"
B48,"=IF(ISERROR(_xlfn.IMAGE(""https://ir.ozone.ru/s3/multimedia-1-c/wc300/8088143124.jpg"")),""请使用新版Excel2024查看图片"",_xlfn.IMAGE(""https://ir.ozone.ru/s3/multimedia-1-c/wc300/8088143124.jpg""))"
B49,"=IF(ISERROR(_xlfn.IMAGE(""https://ir.ozone.ru/s3/multimedia-1-t/wc300/9022804445.jpg"")),""请使用新版Excel2024查看图片"",_xlfn.IMAGE(""https://ir.ozone.ru/s3/multimedia-1-t/wc300/9022804445.jpg""))"
B50,"=IF(ISERROR(_xlfn.IMAGE(""https://ir.ozone.ru/s3/multimedia-1-3/wc300/13564800471.jpg"")),""请使用新版Excel2024查看图片"",_xlfn.IMAGE(""https://ir.ozone.ru/s3/multimedia-1-3/wc300/13564800471.jpg""))"
B51,"=IF(ISERROR(_xlfn.IMAGE(""https://ir.ozone.ru/s3/multimedia-1-l/wc300/11014170393.jpg"")),""请使用新版Excel2024查看图片"",_xlfn.IMAGE(""https://ir.ozone.ru/s3/multimedia-1-l/wc300/11014170393.jpg""))"
B52,"=IF(ISERROR(_xlfn.IMAGE(""https://ir.ozone.ru/s3/multimedia-1-b/wc300/11470095875.jpg"")),""请使用新版Excel2024查看图片"",_xlfn.IMAGE(""https://ir.ozone.ru/s3/multimedia-1-b/wc300/11470095875.jpg""))"
B53,"=IF(ISERROR(_xlfn.IMAGE(""https://ir.ozone.ru/s3/multimedia-1-t/wc300/13254885461.jpg"")),""请使用新版Excel2024查看图片"",_xlfn.IMAGE(""https://ir.ozone.ru/s3/multimedia-1-t/wc300/13254885461.jpg""))"
B54,"=IF(ISERROR(_xlfn.IMAGE(""https://ir.ozone.ru/s3/multimedia-1-0/wc300/12876026184.jpg"")),""请使用新版Excel2024查看图片"",_xlfn.IMAGE(""https://ir.ozone.ru/s3/multimedia-1-0/wc300/12876026184.jpg""))"
B55,"=IF(ISERROR(_xlfn.IMAGE(""https://ir.ozone.ru/s3/multimedia-1-0/wc300/11018864772.jpg"")),""请使用新版Excel2024查看图片"",_xlfn.IMAGE(""https://ir.ozone.ru/s3/multimedia-1-0/wc300/11018864772.jpg""))"
B56,"=IF(ISERROR(_xlfn.IMAGE(""https://ir.ozone.ru/s3/multimedia-1-4/wc300/12778968820.jpg"")),""请使用新版Excel2024查看图片"",_xlfn.IMAGE(""https://ir.ozone.ru/s3/multimedia-1-4/wc300/12778968820.jpg""))"
B57,"=IF(ISERROR(_xlfn.IMAGE(""https://ir.ozone.ru/s3/multimedia-1-f/wc300/14923209435.jpg"")),""请使用新版Excel2024查看图片"",_xlfn.IMAGE(""https://ir.ozone.ru/s3/multimedia-1-f/wc300/14923209435.jpg""))"
B58,"=IF(ISERROR(_xlfn.IMAGE(""https://ir.ozone.ru/s3/multimedia-1-p/wc300/9022865209.jpg"")),""请使用新版Excel2024查看图片"",_xlfn.IMAGE(""https://ir.ozone.ru/s3/multimedia-1-p/wc300/9022865209.jpg""))"
B59,"=IF(ISERROR(_xlfn.IMAGE(""https://ir.ozone.ru/s3/multimedia-1-u/wc300/9992447814.jpg"")),""请使用新版Excel2024查看图片"",_xlfn.IMAGE(""https://ir.ozone.ru/s3/multimedia-1-u/wc300/9992447814.jpg""))"
B60,"=IF(ISERROR(_xlfn.IMAGE(""https://ir.ozone.ru/s3/multimedia-1-x/wc300/12722870085.jpg"")),""请使用新版Excel2024查看图片"",_xlfn.IMAGE(""https://ir.ozone.ru/s3/multimedia-1-x/wc300/12722870085.jpg""))"
B61,"=IF(ISERROR(_xlfn.IMAGE(""https://ir-20.ozone.ru/s3/multimedia-1-f/wc300/15060100803.jpg"")),""请使用新版Excel2024查看图片"",_xlfn.IMAGE(""https://ir-20.ozone.ru/s3/multimedia-1-f/wc300/15060100803.jpg""))"
B62,"=IF(ISERROR(_xlfn.IMAGE(""https://ir-20.ozone.ru/s3/multimedia-1-i/wc300/12993105510.jpg"")),""请使用新版Excel2024查看图片"",_xlfn.IMAGE(""https://ir-20.ozone.ru/s3/multimedia-1-i/wc300/12993105510.jpg""))"
B63,"=IF(ISERROR(_xlfn.IMAGE(""https://ir-20.ozone.ru/s3/multimedia-1-n/wc300/10090283027.jpg"")),""请使用新版Excel2024查看图片"",_xlfn.IMAGE(""https://ir-20.ozone.ru/s3/multimedia-1-n/wc300/10090283027.jpg""))"
B64,"=IF(ISERROR(_xlfn.IMAGE(""https://ir.ozone.ru/s3/multimedia-1-s/wc300/12981254896.jpg"")),""请使用新版Excel2024查看图片"",_xlfn.IMAGE(""https://ir.ozone.ru/s3/multimedia-1-s/wc300/12981254896.jpg""))"
B65,"=IF(ISERROR(_xlfn.IMAGE(""https://ir.ozone.ru/s3/multimedia-1-a/wc300/11783155006.jpg"")),""请使用新版Excel2024查看图片"",_xlfn.IMAGE(""https://ir.ozone.ru/s3/multimedia-1-a/wc300/11783155006.jpg""))"
B66,"=IF(ISERROR(_xlfn.IMAGE(""https://ir.ozone.ru/s3/multimedia-1-5/wc300/11783074757.jpg"")),""请使用新版Excel2024查看图片"",_xlfn.IMAGE(""https://ir.ozone.ru/s3/multimedia-1-5/wc300/11783074757.jpg""))"
B67,"=IF(ISERROR(_xlfn.IMAGE(""https://ir.ozone.ru/s3/multimedia-1-j/wc300/9022849003.jpg"")),""请使用新版Excel2024查看图片"",_xlfn.IMAGE(""https://ir.ozone.ru/s3/multimedia-1-j/wc300/9022849003.jpg""))"
B68,"=IF(ISERROR(_xlfn.IMAGE(""https://ir.ozone.ru/s3/multimedia-1-x/wc300/13125007977.jpg"")),""请使用新版Excel2024查看图片"",_xlfn.IMAGE(""https://ir.ozone.ru/s3/multimedia-1-x/wc300/13125007977.jpg""))"
B69,"=IF(ISERROR(_xlfn.IMAGE(""https://ir.ozone.ru/s3/multimedia-1-r/wc300/14777846523.jpg"")),""请使用新版Excel2024查看图片"",_xlfn.IMAGE(""https://ir.ozone.ru/s3/multimedia-1-r/wc300/14777846523.jpg""))"
B70,"=IF(ISERROR(_xlfn.IMAGE(""https://ir-20.ozone.ru/s3/multimedia-1-f/wc300/11476802787.jpg"")),""请使用新版Excel2024查看图片"",_xlfn.IMAGE(""https://ir-20.ozone.ru/s3/multimedia-1-f/wc300/11476802787.jpg""))"
B71,"=IF(ISERROR(_xlfn.IMAGE(""https://ir.ozone.ru/s3/multimedia-1-2/wc300/7942156814.jpg"")),""请使用新版Excel2024查看图片"",_xlfn.IMAGE(""https://ir.ozone.ru/s3/multimedia-1-2/wc300/7942156814.jpg""))"
B72,"=IF(ISERROR(_xlfn.IMAGE(""https://ir.ozone.ru/s3/multimedia-1-o/wc300/8394805608.jpg"")),""请使用新版Excel2024查看图片"",_xlfn.IMAGE(""https://ir.ozone.ru/s3/multimedia-1-o/wc300/8394805608.jpg""))"
B73,"=IF(ISERROR(_xlfn.IMAGE(""https://ir.ozone.ru/s3/multimedia-1-p/wc300/11783065525.jpg"")),""请使用新版Excel2024查看图片"",_xlfn.IMAGE(""https://ir.ozone.ru/s3/multimedia-1-p/wc300/11783065525.jpg""))"
B74,"=IF(ISERROR(_xlfn.IMAGE(""https://ir.ozone.ru/s3/multimedia-1-a/wc300/9971174386.jpg"")),""请使用新版Excel2024查看图片"",_xlfn.IMAGE(""https://ir.ozone.ru/s3/multimedia-1-a/wc300/9971174386.jpg""))"
B75,"=IF(ISERROR(_xlfn.IMAGE(""https://ir.ozone.ru/s3/multimedia-1-s/wc300/11783060488.jpg"")),""请使用新版Excel2024查看图片"",_xlfn.IMAGE(""https://ir.ozone.ru/s3/multimedia-1-s/wc300/11783060488.jpg""))"
B76,"=IF(ISERROR(_xlfn.IMAGE(""https://ir-20.ozone.ru/s3/multimedia-1-q/wc300/13074424442.jpg"")),""请使用新版Excel2024查看图片"",_xlfn.IMAGE(""https://ir-20.ozone.ru/s3/multimedia-1-q/wc300/13074424442.jpg""))"
B77,"=IF(ISERROR(_xlfn.IMAGE(""https://ir.ozone.ru/s3/multimedia-1-b/wc300/10088407955.jpg"")),""请使用新版Excel2024查看图片"",_xlfn.IMAGE(""https://ir.ozone.ru/s3/multimedia-1-b/wc300/10088407955.jpg""))"
B78,"=IF(ISERROR(_xlfn.IMAGE(""https://ir.ozone.ru/s3/multimedia-1-c/wc300/13407897252.jpg"")),""请使用新版Excel2024查看图片"",_xlfn.IMAGE(""https://ir.ozone.ru/s3/multimedia-1-c/wc300/13407897252.jpg""))"
B79,"=IF(ISERROR(_xlfn.IMAGE(""https://ir-20.ozone.ru/s3/multimedia-1-w/wc300/14324440352.jpg"")),""请使用新版Excel2024查看图片"",_xlfn.IMAGE(""https://ir-20.ozone.ru/s3/multimedia-1-w/wc300/14324440352.jpg""))"
B80,"=IF(ISERROR(_xlfn.IMAGE(""https://ir.ozone.ru/s3/multimedia-1-c/wc300/12794398644.jpg"")),""请使用新版Excel2024查看图片"",_xlfn.IMAGE(""https://ir.ozone.ru/s3/multimedia-1-c/wc300/12794398644.jpg""))"
B81,"=IF(ISERROR(_xlfn.IMAGE(""https://ir.ozone.ru/s3/multimedia-1-v/wc300/10247989675.jpg"")),""请使用新版Excel2024查看图片"",_xlfn.IMAGE(""https://ir.ozone.ru/s3/multimedia-1-v/wc300/10247989675.jpg""))"
B82,"=IF(ISERROR(_xlfn.IMAGE(""https://ir.ozone.ru/s3/multimedia-1-n/wc300/13105325183.jpg"")),""请使用新版Excel2024查看图片"",_xlfn.IMAGE(""https://ir.ozone.ru/s3/multimedia-1-n/wc300/13105325183.jpg""))"
B83,"=IF(ISERROR(_xlfn.IMAGE(""https://ir.ozone.ru/s3/multimedia-1-8/wc300/13613136344.jpg"")),""请使用新版Excel2024查看图片"",_xlfn.IMAGE(""https://ir.ozone.ru/s3/multimedia-1-8/wc300/13613136344.jpg""))"
B84,"=IF(ISERROR(_xlfn.IMAGE(""https://ir.ozone.ru/s3/multimedia-1-p/wc300/9022823521.jpg"")),""请使用新版Excel2024查看图片"",_xlfn.IMAGE(""https://ir.ozone.ru/s3/multimedia-1-p/wc300/9022823521.jpg""))"
B85,"=IF(ISERROR(_xlfn.IMAGE(""https://ir.ozone.ru/s3/multimedia-1-h/wc300/11014176005.jpg"")),""请使用新版Excel2024查看图片"",_xlfn.IMAGE(""https://ir.ozone.ru/s3/multimedia-1-h/wc300/11014176005.jpg""))"
B86,"=IF(ISERROR(_xlfn.IMAGE(""https://ir.ozone.ru/s3/multimedia-1-g/wc300/8391789916.jpg"")),""请使用新版Excel2024查看图片"",_xlfn.IMAGE(""https://ir.ozone.ru/s3/multimedia-1-g/wc300/8391789916.jpg""))"
B87,"=IF(ISERROR(_xlfn.IMAGE(""https://ir.ozone.ru/s3/multimedia-1-s/wc300/9182184472.jpg"")),""请使用新版Excel2024查看图片"",_xlfn.IMAGE(""https://ir.ozone.ru/s3/multimedia-1-s/wc300/9182184472.jpg""))"
B88,"=IF(ISERROR(_xlfn.IMAGE(""https://ir.ozone.ru/s3/multimedia-1-y/wc300/9868458742.jpg"")),""请使用新版Excel2024查看图片"",_xlfn.IMAGE(""https://ir.ozone.ru/s3/multimedia-1-y/wc300/9868458742.jpg""))"
B89,"=IF(ISERROR(_xlfn.IMAGE(""https://ir.ozone.ru/s3/multimedia-s/wc300/6838616188.jpg"")),""请使用新版Excel2024查看图片"",_xlfn.IMAGE(""https://ir.ozone.ru/s3/multimedia-s/wc300/6838616188.jpg""))"
B90,"=IF(ISERROR(_xlfn.IMAGE(""https://ir.ozone.ru/s3/multimedia-1-l/wc300/11642460753.jpg"")),""请使用新版Excel2024查看图片"",_xlfn.IMAGE(""https://ir.ozone.ru/s3/multimedia-1-l/wc300/11642460753.jpg""))"
B91,"=IF(ISERROR(_xlfn.IMAGE(""https://ir.ozone.ru/s3/multimedia-1-r/wc300/7228131363.jpg"")),""请使用新版Excel2024查看图片"",_xlfn.IMAGE(""https://ir.ozone.ru/s3/multimedia-1-r/wc300/7228131363.jpg""))"
B92,"=IF(ISERROR(_xlfn.IMAGE(""https://ir.ozone.ru/s3/multimedia-1-o/wc300/8824930476.jpg"")),""请使用新版Excel2024查看图片"",_xlfn.IMAGE(""https://ir.ozone.ru/s3/multimedia-1-o/wc300/8824930476.jpg""))"
B93,"=IF(ISERROR(_xlfn.IMAGE(""https://ir.ozone.ru/s3/multimedia-1-1/wc300/7208083405.jpg"")),""请使用新版Excel2024查看图片"",_xlfn.IMAGE(""https://ir.ozone.ru/s3/multimedia-1-1/wc300/7208083405.jpg""))"
B94,"=IF(ISERROR(_xlfn.IMAGE(""https://ir.ozone.ru/s3/multimedia-1-o/wc300/7228132116.jpg"")),""请使用新版Excel2024查看图片"",_xlfn.IMAGE(""https://ir.ozone.ru/s3/multimedia-1-o/wc300/7228132116.jpg""))"
B95,"=IF(ISERROR(_xlfn.IMAGE(""https://ir.ozone.ru/s3/multimedia-1-i/wc300/8569318662.jpg"")),""请使用新版Excel2024查看图片"",_xlfn.IMAGE(""https://ir.ozone.ru/s3/multimedia-1-i/wc300/8569318662.jpg""))"
B96,"=IF(ISERROR(_xlfn.IMAGE(""https://ir.ozone.ru/s3/multimedia-1-l/wc300/11476977465.jpg"")),""请使用新版Excel2024查看图片"",_xlfn.IMAGE(""https://ir.ozone.ru/s3/multimedia-1-l/wc300/11476977465.jpg""))"
B97,"=IF(ISERROR(_xlfn.IMAGE(""https://ir.ozone.ru/s3/multimedia-1-p/wc300/13672930165.jpg"")),""请使用新版Excel2024查看图片"",_xlfn.IMAGE(""https://ir.ozone.ru/s3/multimedia-1-p/wc300/13672930165.jpg""))"
B98,"=IF(ISERROR(_xlfn.IMAGE(""https://ir.ozone.ru/s3/multimedia-1-g/wc300/8568634120.jpg"")),""请使用新版Excel2024查看图片"",_xlfn.IMAGE(""https://ir.ozone.ru/s3/multimedia-1-g/wc300/8568634120.jpg""))"
B99,"=IF(ISERROR(_xlfn.IMAGE(""https://ir.ozone.ru/s3/multimedia-1-u/wc300/9038492958.jpg"")),""请使用新版Excel2024查看图片"",_xlfn.IMAGE(""https://ir.ozone.ru/s3/multimedia-1-u/wc300/9038492958.jpg""))"
B100,"=IF(ISERROR(_xlfn.IMAGE(""https://ir.ozone.ru/s3/multimedia-1-c/wc300/8822924436.jpg"")),""请使用新版Excel2024查看图片"",_xlfn.IMAGE(""https://ir.ozone.ru/s3/multimedia-1-c/wc300/8822924436.jpg""))"
B101,"=IF(ISERROR(_xlfn.IMAGE(""https://ir.ozone.ru/s3/multimedia-1-3/wc300/11476672959.jpg"")),""请使用新版Excel2024查看图片"",_xlfn.IMAGE(""https://ir.ozone.ru/s3/multimedia-1-3/wc300/11476672959.jpg""))"
B102,"=IF(ISERROR(_xlfn.IMAGE(""https://ir.ozone.ru/s3/multimedia-1-r/wc300/12346729479.jpg"")),""请使用新版Excel2024查看图片"",_xlfn.IMAGE(""https://ir.ozone.ru/s3/multimedia-1-r/wc300/12346729479.jpg""))"
B103,"=IF(ISERROR(_xlfn.IMAGE(""https://ir.ozone.ru/s3/multimedia-1-v/wc300/13694174851.jpg"")),""请使用新版Excel2024查看图片"",_xlfn.IMAGE(""https://ir.ozone.ru/s3/multimedia-1-v/wc300/13694174851.jpg""))"
B104,"=IF(ISERROR(_xlfn.IMAGE(""https://ir.ozone.ru/s3/multimedia-1-x/wc300/7497721617.jpg"")),""请使用新版Excel2024查看图片"",_xlfn.IMAGE(""https://ir.ozone.ru/s3/multimedia-1-x/wc300/7497721617.jpg""))"
B105,"=IF(ISERROR(_xlfn.IMAGE(""https://ir.ozone.ru/s3/multimedia-1-g/wc300/14081560324.jpg"")),""请使用新版Excel2024查看图片"",_xlfn.IMAGE(""https://ir.ozone.ru/s3/multimedia-1-g/wc300/14081560324.jpg""))"
B106,"=IF(ISERROR(_xlfn.IMAGE(""https://ir.ozone.ru/s3/multimedia-1-3/wc300/13267667091.jpg"")),""请使用新版Excel2024查看图片"",_xlfn.IMAGE(""https://ir.ozone.ru/s3/multimedia-1-3/wc300/13267667091.jpg""))"
B107,"=IF(ISERROR(_xlfn.IMAGE(""https://ir-20.ozone.ru/s3/multimedia-1-s/wc300/11812660696.jpg"")),""请使用新版Excel2024查看图片"",_xlfn.IMAGE(""https://ir-20.ozone.ru/s3/multimedia-1-s/wc300/11812660696.jpg""))"
B108,"=IF(ISERROR(_xlfn.IMAGE(""https://ir.ozone.ru/s3/multimedia-1-x/wc300/9029920893.jpg"")),""请使用新版Excel2024查看图片"",_xlfn.IMAGE(""https://ir.ozone.ru/s3/multimedia-1-x/wc300/9029920893.jpg""))"
B109,"=IF(ISERROR(_xlfn.IMAGE(""https://ir.ozone.ru/s3/multimedia-1-y/wc300/9182180698.jpg"")),""请使用新版Excel2024查看图片"",_xlfn.IMAGE(""https://ir.ozone.ru/s3/multimedia-1-y/wc300/9182180698.jpg""))"
B110,"=IF(ISERROR(_xlfn.IMAGE(""https://ir.ozone.ru/s3/multimedia-1-g/wc300/8003262832.jpg"")),""请使用新版Excel2024查看图片"",_xlfn.IMAGE(""https://ir.ozone.ru/s3/multimedia-1-g/wc300/8003262832.jpg""))"
B111,"=IF(ISERROR(_xlfn.IMAGE(""https://ir.ozone.ru/s3/multimedia-1-r/wc300/11014169643.jpg"")),""请使用新版Excel2024查看图片"",_xlfn.IMAGE(""https://ir.ozone.ru/s3/multimedia-1-r/wc300/11014169643.jpg""))"
B112,"=IF(ISERROR(_xlfn.IMAGE(""https://ir.ozone.ru/s3/multimedia-1-3/wc300/13467111555.jpg"")),""请使用新版Excel2024查看图片"",_xlfn.IMAGE(""https://ir.ozone.ru/s3/multimedia-1-3/wc300/13467111555.jpg""))"
B113,"=IF(ISERROR(_xlfn.IMAGE(""https://ir.ozone.ru/s3/multimedia-1-j/wc300/14959493371.jpg"")),""请使用新版Excel2024查看图片"",_xlfn.IMAGE(""https://ir.ozone.ru/s3/multimedia-1-j/wc300/14959493371.jpg""))"
B114,"=IF(ISERROR(_xlfn.IMAGE(""https://ir.ozone.ru/s3/multimedia-1-e/wc300/7013886782.jpg"")),""请使用新版Excel2024查看图片"",_xlfn.IMAGE(""https://ir.ozone.ru/s3/multimedia-1-e/wc300/7013886782.jpg""))"
B115,"=IF(ISERROR(_xlfn.IMAGE(""https://ir.ozone.ru/s3/multimedia-1-s/wc300/10243752976.jpg"")),""请使用新版Excel2024查看图片"",_xlfn.IMAGE(""https://ir.ozone.ru/s3/multimedia-1-s/wc300/10243752976.jpg""))"
B116,"=IF(ISERROR(_xlfn.IMAGE(""https://ir.ozone.ru/s3/multimedia-1-b/wc300/7199700239.jpg"")),""请使用新版Excel2024查看图片"",_xlfn.IMAGE(""https://ir.ozone.ru/s3/multimedia-1-b/wc300/7199700239.jpg""))"
B117,"=IF(ISERROR(_xlfn.IMAGE(""https://ir.ozone.ru/s3/multimedia-1-d/wc300/10434100261.jpg"")),""请使用新版Excel2024查看图片"",_xlfn.IMAGE(""https://ir.ozone.ru/s3/multimedia-1-d/wc300/10434100261.jpg""))"
B118,"=IF(ISERROR(_xlfn.IMAGE(""https://ir.ozone.ru/s3/multimedia-1-j/wc300/13066868575.jpg"")),""请使用新版Excel2024查看图片"",_xlfn.IMAGE(""https://ir.ozone.ru/s3/multimedia-1-j/wc300/13066868575.jpg""))"
B119,"=IF(ISERROR(_xlfn.IMAGE(""https://ir.ozone.ru/s3/multimedia-1-e/wc300/9827168378.jpg"")),""请使用新版Excel2024查看图片"",_xlfn.IMAGE(""https://ir.ozone.ru/s3/multimedia-1-e/wc300/9827168378.jpg""))"
B120,"=IF(ISERROR(_xlfn.IMAGE(""https://ir.ozone.ru/s3/multimedia-0/wc300/6723263448.jpg"")),""请使用新版Excel2024查看图片"",_xlfn.IMAGE(""https://ir.ozone.ru/s3/multimedia-0/wc300/6723263448.jpg""))"
B121,"=IF(ISERROR(_xlfn.IMAGE(""https://ir.ozone.ru/s3/multimedia-1-h/wc300/13997363885.jpg"")),""请使用新版Excel2024查看图片"",_xlfn.IMAGE(""https://ir.ozone.ru/s3/multimedia-1-h/wc300/13997363885.jpg""))"
B122,"=IF(ISERROR(_xlfn.IMAGE(""https://ir.ozone.ru/s3/multimedia-1-7/wc300/11764639483.jpg"")),""请使用新版Excel2024查看图片"",_xlfn.IMAGE(""https://ir.ozone.ru/s3/multimedia-1-7/wc300/11764639483.jpg""))"
B123,"=IF(ISERROR(_xlfn.IMAGE(""https://ir-20.ozone.ru/s3/multimedia-2/wc300/6824762462.jpg"")),""请使用新版Excel2024查看图片"",_xlfn.IMAGE(""https://ir-20.ozone.ru/s3/multimedia-2/wc300/6824762462.jpg""))"
B124,"=IF(ISERROR(_xlfn.IMAGE(""https://ir.ozone.ru/s3/multimedia-1-y/wc300/7652959558.jpg"")),""请使用新版Excel2024查看图片"",_xlfn.IMAGE(""https://ir.ozone.ru/s3/multimedia-1-y/wc300/7652959558.jpg""))"
B125,"=IF(ISERROR(_xlfn.IMAGE(""https://ir.ozone.ru/s3/multimedia-1-0/wc300/8899579044.jpg"")),""请使用新版Excel2024查看图片"",_xlfn.IMAGE(""https://ir.ozone.ru/s3/multimedia-1-0/wc300/8899579044.jpg""))"
B126,"=IF(ISERROR(_xlfn.IMAGE(""https://ir.ozone.ru/s3/multimedia-1-u/wc300/9239495430.jpg"")),""请使用新版Excel2024查看图片"",_xlfn.IMAGE(""https://ir.ozone.ru/s3/multimedia-1-u/wc300/9239495430.jpg""))"
B127,"=IF(ISERROR(_xlfn.IMAGE(""https://ir.ozone.ru/s3/multimedia-1-2/wc300/13884069314.jpg"")),""请使用新版Excel2024查看图片"",_xlfn.IMAGE(""https://ir.ozone.ru/s3/multimedia-1-2/wc300/13884069314.jpg""))"
B128,"=IF(ISERROR(_xlfn.IMAGE(""https://ir-20.ozone.ru/s3/multimedia-1-x/wc300/8396807865.jpg"")),""请使用新版Excel2024查看图片"",_xlfn.IMAGE(""https://ir-20.ozone.ru/s3/multimedia-1-x/wc300/8396807865.jpg""))"
B129,"=IF(ISERROR(_xlfn.IMAGE(""https://ir.ozone.ru/s3/multimedia-1-m/wc300/7652959618.jpg"")),""请使用新版Excel2024查看图片"",_xlfn.IMAGE(""https://ir.ozone.ru/s3/multimedia-1-m/wc300/7652959618.jpg""))"
B130,"=IF(ISERROR(_xlfn.IMAGE(""https://ir.ozone.ru/s3/multimedia-1-0/wc300/13565003220.jpg"")),""请使用新版Excel2024查看图片"",_xlfn.IMAGE(""https://ir.ozone.ru/s3/multimedia-1-0/wc300/13565003220.jpg""))"
B131,"=IF(ISERROR(_xlfn.IMAGE(""https://ir.ozone.ru/s3/multimedia-1-d/wc300/14778098473.jpg"")),""请使用新版Excel2024查看图片"",_xlfn.IMAGE(""https://ir.ozone.ru/s3/multimedia-1-d/wc300/14778098473.jpg""))"
B132,"=IF(ISERROR(_xlfn.IMAGE(""https://ir.ozone.ru/s3/multimedia-1-t/wc300/15128445197.jpg"")),""请使用新版Excel2024查看图片"",_xlfn.IMAGE(""https://ir.ozone.ru/s3/multimedia-1-t/wc300/15128445197.jpg""))"
B133,"=IF(ISERROR(_xlfn.IMAGE(""https://ir.ozone.ru/s3/multimedia-1-v/wc300/10172979463.jpg"")),""请使用新版Excel2024查看图片"",_xlfn.IMAGE(""https://ir.ozone.ru/s3/multimedia-1-v/wc300/10172979463.jpg""))"
B134,"=IF(ISERROR(_xlfn.IMAGE(""https://ir-20.ozone.ru/s3/multimedia-1-f/wc300/7433277639.jpg"")),""请使用新版Excel2024查看图片"",_xlfn.IMAGE(""https://ir-20.ozone.ru/s3/multimedia-1-f/wc300/7433277639.jpg""))"
B135,"=IF(ISERROR(_xlfn.IMAGE(""https://ir.ozone.ru/s3/multimedia-1-g/wc300/11702291668.jpg"")),""请使用新版Excel2024查看图片"",_xlfn.IMAGE(""https://ir.ozone.ru/s3/multimedia-1-g/wc300/11702291668.jpg""))"
B136,"=IF(ISERROR(_xlfn.IMAGE(""https://ir.ozone.ru/s3/multimedia-1-b/wc300/13392823655.jpg"")),""请使用新版Excel2024查看图片"",_xlfn.IMAGE(""https://ir.ozone.ru/s3/multimedia-1-b/wc300/13392823655.jpg""))"
B137,"=IF(ISERROR(_xlfn.IMAGE(""https://ir.ozone.ru/s3/multimedia-1-n/wc300/11217258095.jpg"")),""请使用新版Excel2024查看图片"",_xlfn.IMAGE(""https://ir.ozone.ru/s3/multimedia-1-n/wc300/11217258095.jpg""))"
B138,"=IF(ISERROR(_xlfn.IMAGE(""https://ir.ozone.ru/s3/multimedia-1-r/wc300/12824503011.jpg"")),""请使用新版Excel2024查看图片"",_xlfn.IMAGE(""https://ir.ozone.ru/s3/multimedia-1-r/wc300/12824503011.jpg""))"
B139,"=IF(ISERROR(_xlfn.IMAGE(""https://ir.ozone.ru/s3/multimedia-1-j/wc300/11979374059.jpg"")),""请使用新版Excel2024查看图片"",_xlfn.IMAGE(""https://ir.ozone.ru/s3/multimedia-1-j/wc300/11979374059.jpg""))"
B140,"=IF(ISERROR(_xlfn.IMAGE(""https://ir.ozone.ru/s3/multimedia-1-l/wc300/7252203945.jpg"")),""请使用新版Excel2024查看图片"",_xlfn.IMAGE(""https://ir.ozone.ru/s3/multimedia-1-l/wc300/7252203945.jpg""))"
B141,"=IF(ISERROR(_xlfn.IMAGE(""https://ir.ozone.ru/s3/multimedia-1-5/wc300/11498385353.jpg"")),""请使用新版Excel2024查看图片"",_xlfn.IMAGE(""https://ir.ozone.ru/s3/multimedia-1-5/wc300/11498385353.jpg""))"
B142,"=IF(ISERROR(_xlfn.IMAGE(""https://ir.ozone.ru/s3/multimedia-1-q/wc300/9132864938.jpg"")),""请使用新版Excel2024查看图片"",_xlfn.IMAGE(""https://ir.ozone.ru/s3/multimedia-1-q/wc300/9132864938.jpg""))"
B143,"=IF(ISERROR(_xlfn.IMAGE(""https://ir.ozone.ru/s3/multimedia-1-1/wc300/10090258849.jpg"")),""请使用新版Excel2024查看图片"",_xlfn.IMAGE(""https://ir.ozone.ru/s3/multimedia-1-1/wc300/10090258849.jpg""))"
B144,"=IF(ISERROR(_xlfn.IMAGE(""https://ir.ozone.ru/s3/multimedia-1-i/wc300/7497727722.jpg"")),""请使用新版Excel2024查看图片"",_xlfn.IMAGE(""https://ir.ozone.ru/s3/multimedia-1-i/wc300/7497727722.jpg""))"
B145,"=IF(ISERROR(_xlfn.IMAGE(""https://ir.ozone.ru/s3/multimedia-1-p/wc300/8582282737.jpg"")),""请使用新版Excel2024查看图片"",_xlfn.IMAGE(""https://ir.ozone.ru/s3/multimedia-1-p/wc300/8582282737.jpg""))"
B146,"=IF(ISERROR(_xlfn.IMAGE(""https://ir.ozone.ru/s3/multimedia-s/wc300/6626793484.jpg"")),""请使用新版Excel2024查看图片"",_xlfn.IMAGE(""https://ir.ozone.ru/s3/multimedia-s/wc300/6626793484.jpg""))"
B147,"=IF(ISERROR(_xlfn.IMAGE(""https://ir.ozone.ru/s3/multimedia-1-d/wc300/13940374225.jpg"")),""请使用新版Excel2024查看图片"",_xlfn.IMAGE(""https://ir.ozone.ru/s3/multimedia-1-d/wc300/13940374225.jpg""))"
B148,"=IF(ISERROR(_xlfn.IMAGE(""https://ir.ozone.ru/s3/multimedia-1-n/wc300/10090283027.jpg"")),""请使用新版Excel2024查看图片"",_xlfn.IMAGE(""https://ir.ozone.ru/s3/multimedia-1-n/wc300/10090283027.jpg""))"
B149,"=IF(ISERROR(_xlfn.IMAGE(""https://ir.ozone.ru/s3/multimedia-1-j/wc300/11306415835.jpg"")),""请使用新版Excel2024查看图片"",_xlfn.IMAGE(""https://ir.ozone.ru/s3/multimedia-1-j/wc300/11306415835.jpg""))"
B150,"=IF(ISERROR(_xlfn.IMAGE(""https://ir.ozone.ru/s3/multimedia-1-i/wc300/13474801818.jpg"")),""请使用新版Excel2024查看图片"",_xlfn.IMAGE(""https://ir.ozone.ru/s3/multimedia-1-i/wc300/13474801818.jpg""))"
B151,"=IF(ISERROR(_xlfn.IMAGE(""https://ir-20.ozone.ru/s3/multimedia-1-t/wc300/13695030065.jpg"")),""请使用新版Excel2024查看图片"",_xlfn.IMAGE(""https://ir-20.ozone.ru/s3/multimedia-1-t/wc300/13695030065.jpg""))"
B152,"=IF(ISERROR(_xlfn.IMAGE(""https://ir.ozone.ru/s3/multimedia-1-b/wc300/7497708743.jpg"")),""请使用新版Excel2024查看图片"",_xlfn.IMAGE(""https://ir.ozone.ru/s3/multimedia-1-b/wc300/7497708743.jpg""))"
B153,"=IF(ISERROR(_xlfn.IMAGE(""https://ir.ozone.ru/s3/multimedia-1-s/wc300/13616214148.jpg"")),""请使用新版Excel2024查看图片"",_xlfn.IMAGE(""https://ir.ozone.ru/s3/multimedia-1-s/wc300/13616214148.jpg""))"
B154,"=IF(ISERROR(_xlfn.IMAGE(""https://ir.ozone.ru/s3/multimedia-1-1/wc300/11441838169.jpg"")),""请使用新版Excel2024查看图片"",_xlfn.IMAGE(""https://ir.ozone.ru/s3/multimedia-1-1/wc300/11441838169.jpg""))"
B155,"=IF(ISERROR(_xlfn.IMAGE(""https://ir.ozone.ru/s3/multimedia-1-z/wc300/7238663711.jpg"")),""请使用新版Excel2024查看图片"",_xlfn.IMAGE(""https://ir.ozone.ru/s3/multimedia-1-z/wc300/7238663711.jpg""))"
B156,"=IF(ISERROR(_xlfn.IMAGE(""https://ir.ozone.ru/s3/multimedia-1-n/wc300/13488688967.jpg"")),""请使用新版Excel2024查看图片"",_xlfn.IMAGE(""https://ir.ozone.ru/s3/multimedia-1-n/wc300/13488688967.jpg""))"
B157,"=IF(ISERROR(_xlfn.IMAGE(""https://ir.ozone.ru/s3/multimedia-1-f/wc300/7208083383.jpg"")),""请使用新版Excel2024查看图片"",_xlfn.IMAGE(""https://ir.ozone.ru/s3/multimedia-1-f/wc300/7208083383.jpg""))"
B158,"=IF(ISERROR(_xlfn.IMAGE(""https://ir.ozone.ru/s3/multimedia-1-m/wc300/15097857070.jpg"")),""请使用新版Excel2024查看图片"",_xlfn.IMAGE(""https://ir.ozone.ru/s3/multimedia-1-m/wc300/15097857070.jpg""))"
B159,"=IF(ISERROR(_xlfn.IMAGE(""https://ir.ozone.ru/s3/multimedia-1-x/wc300/8249949717.jpg"")),""请使用新版Excel2024查看图片"",_xlfn.IMAGE(""https://ir.ozone.ru/s3/multimedia-1-x/wc300/8249949717.jpg""))"
B160,"=IF(ISERROR(_xlfn.IMAGE(""https://ir.ozone.ru/s3/multimedia-1-k/wc300/15128986484.jpg"")),""请使用新版Excel2024查看图片"",_xlfn.IMAGE(""https://ir.ozone.ru/s3/multimedia-1-k/wc300/15128986484.jpg""))"
B161,"=IF(ISERROR(_xlfn.IMAGE(""https://ir.ozone.ru/s3/multimedia-1-l/wc300/7444509249.jpg"")),""请使用新版Excel2024查看图片"",_xlfn.IMAGE(""https://ir.ozone.ru/s3/multimedia-1-l/wc300/7444509249.jpg""))"
B162,"=IF(ISERROR(_xlfn.IMAGE(""https://ir.ozone.ru/s3/multimedia-1-5/wc300/7228132997.jpg"")),""请使用新版Excel2024查看图片"",_xlfn.IMAGE(""https://ir.ozone.ru/s3/multimedia-1-5/wc300/7228132997.jpg""))"
B163,"=IF(ISERROR(_xlfn.IMAGE(""https://ir.ozone.ru/s3/multimedia-1-k/wc300/7652959616.jpg"")),""请使用新版Excel2024查看图片"",_xlfn.IMAGE(""https://ir.ozone.ru/s3/multimedia-1-k/wc300/7652959616.jpg""))"
B164,"=IF(ISERROR(_xlfn.IMAGE(""https://ir.ozone.ru/s3/multimedia-1-v/wc300/8899551427.jpg"")),""请使用新版Excel2024查看图片"",_xlfn.IMAGE(""https://ir.ozone.ru/s3/multimedia-1-v/wc300/8899551427.jpg""))"
B165,"=IF(ISERROR(_xlfn.IMAGE(""https://ir.ozone.ru/s3/multimedia-1-m/wc300/8249949670.jpg"")),""请使用新版Excel2024查看图片"",_xlfn.IMAGE(""https://ir.ozone.ru/s3/multimedia-1-m/wc300/8249949670.jpg""))"
B166,"=IF(ISERROR(_xlfn.IMAGE(""https://ir.ozone.ru/s3/multimedia-1-o/wc300/9442804236.jpg"")),""请使用新版Excel2024查看图片"",_xlfn.IMAGE(""https://ir.ozone.ru/s3/multimedia-1-o/wc300/9442804236.jpg""))"
B167,"=IF(ISERROR(_xlfn.IMAGE(""https://ir.ozone.ru/s3/multimedia-1-s/wc300/11183581144.jpg"")),""请使用新版Excel2024查看图片"",_xlfn.IMAGE(""https://ir.ozone.ru/s3/multimedia-1-s/wc300/11183581144.jpg""))"
B168,"=IF(ISERROR(_xlfn.IMAGE(""https://ir-20.ozone.ru/s3/multimedia-1-8/wc300/8117911628.jpg"")),""请使用新版Excel2024查看图片"",_xlfn.IMAGE(""https://ir-20.ozone.ru/s3/multimedia-1-8/wc300/8117911628.jpg""))"
B169,"=IF(ISERROR(_xlfn.IMAGE(""https://ir.ozone.ru/s3/multimedia-1-6/wc300/11783112522.jpg"")),""请使用新版Excel2024查看图片"",_xlfn.IMAGE(""https://ir.ozone.ru/s3/multimedia-1-6/wc300/11783112522.jpg""))"
B170,"=IF(ISERROR(_xlfn.IMAGE(""https://ir-20.ozone.ru/s3/multimedia-1-w/wc300/12991633700.jpg"")),""请使用新版Excel2024查看图片"",_xlfn.IMAGE(""https://ir-20.ozone.ru/s3/multimedia-1-w/wc300/12991633700.jpg""))"
B171,"=IF(ISERROR(_xlfn.IMAGE(""https://ir.ozone.ru/s3/multimedia-1-l/wc300/7228133589.jpg"")),""请使用新版Excel2024查看图片"",_xlfn.IMAGE(""https://ir.ozone.ru/s3/multimedia-1-l/wc300/7228133589.jpg""))"
B172,"=IF(ISERROR(_xlfn.IMAGE(""https://ir.ozone.ru/s3/multimedia-1-u/wc300/8301318042.jpg"")),""请使用新版Excel2024查看图片"",_xlfn.IMAGE(""https://ir.ozone.ru/s3/multimedia-1-u/wc300/8301318042.jpg""))"
B173,"=IF(ISERROR(_xlfn.IMAGE(""https://ir.ozone.ru/s3/multimedia-1-p/wc300/13940376217.jpg"")),""请使用新版Excel2024查看图片"",_xlfn.IMAGE(""https://ir.ozone.ru/s3/multimedia-1-p/wc300/13940376217.jpg""))"
B174,"=IF(ISERROR(_xlfn.IMAGE(""https://ir.ozone.ru/s3/multimedia-1-o/wc300/7438938252.jpg"")),""请使用新版Excel2024查看图片"",_xlfn.IMAGE(""https://ir.ozone.ru/s3/multimedia-1-o/wc300/7438938252.jpg""))"
B175,"=IF(ISERROR(_xlfn.IMAGE(""https://ir.ozone.ru/s3/multimedia-1-b/wc300/12824496155.jpg"")),""请使用新版Excel2024查看图片"",_xlfn.IMAGE(""https://ir.ozone.ru/s3/multimedia-1-b/wc300/12824496155.jpg""))"
B176,"=IF(ISERROR(_xlfn.IMAGE(""https://ir.ozone.ru/s3/multimedia-1-3/wc300/8380145271.jpg"")),""请使用新版Excel2024查看图片"",_xlfn.IMAGE(""https://ir.ozone.ru/s3/multimedia-1-3/wc300/8380145271.jpg""))"
B177,"=IF(ISERROR(_xlfn.IMAGE(""https://ir.ozone.ru/s3/multimedia-1-i/wc300/13529682450.jpg"")),""请使用新版Excel2024查看图片"",_xlfn.IMAGE(""https://ir.ozone.ru/s3/multimedia-1-i/wc300/13529682450.jpg""))"
B178,"=IF(ISERROR(_xlfn.IMAGE(""https://ir.ozone.ru/s3/multimedia-1-o/wc300/10698307440.jpg"")),""请使用新版Excel2024查看图片"",_xlfn.IMAGE(""https://ir.ozone.ru/s3/multimedia-1-o/wc300/10698307440.jpg""))"
B179,"=IF(ISERROR(_xlfn.IMAGE(""https://ir.ozone.ru/s3/multimedia-1-t/wc300/12939364937.jpg"")),""请使用新版Excel2024查看图片"",_xlfn.IMAGE(""https://ir.ozone.ru/s3/multimedia-1-t/wc300/12939364937.jpg""))"
B180,"=IF(ISERROR(_xlfn.IMAGE(""https://ir-20.ozone.ru/s3/multimedia-1-s/wc300/7433274376.jpg"")),""请使用新版Excel2024查看图片"",_xlfn.IMAGE(""https://ir-20.ozone.ru/s3/multimedia-1-s/wc300/7433274376.jpg""))"
B181,"=IF(ISERROR(_xlfn.IMAGE(""https://ir.ozone.ru/s3/multimedia-1-s/wc300/8117628544.jpg"")),""请使用新版Excel2024查看图片"",_xlfn.IMAGE(""https://ir.ozone.ru/s3/multimedia-1-s/wc300/8117628544.jpg""))"
B182,"=IF(ISERROR(_xlfn.IMAGE(""https://ir.ozone.ru/s3/multimedia-1-s/wc300/9481587724.jpg"")),""请使用新版Excel2024查看图片"",_xlfn.IMAGE(""https://ir.ozone.ru/s3/multimedia-1-s/wc300/9481587724.jpg""))"
B183,"=IF(ISERROR(_xlfn.IMAGE(""https://ir.ozone.ru/s3/multimedia-1-p/wc300/7652959549.jpg"")),""请使用新版Excel2024查看图片"",_xlfn.IMAGE(""https://ir.ozone.ru/s3/multimedia-1-p/wc300/7652959549.jpg""))"
B184,"=IF(ISERROR(_xlfn.IMAGE(""https://ir.ozone.ru/s3/multimedia-1-s/wc300/9442804096.jpg"")),""请使用新版Excel2024查看图片"",_xlfn.IMAGE(""https://ir.ozone.ru/s3/multimedia-1-s/wc300/9442804096.jpg""))"
B185,"=IF(ISERROR(_xlfn.IMAGE(""https://ir.ozone.ru/s3/multimedia-1-c/wc300/11872542900.jpg"")),""请使用新版Excel2024查看图片"",_xlfn.IMAGE(""https://ir.ozone.ru/s3/multimedia-1-c/wc300/11872542900.jpg""))"
B186,"=IF(ISERROR(_xlfn.IMAGE(""https://ir.ozone.ru/s3/multimedia-1-2/wc300/13474794458.jpg"")),""请使用新版Excel2024查看图片"",_xlfn.IMAGE(""https://ir.ozone.ru/s3/multimedia-1-2/wc300/13474794458.jpg""))"
B187,"=IF(ISERROR(_xlfn.IMAGE(""https://ir.ozone.ru/s3/multimedia-1-u/wc300/9013847322.jpg"")),""请使用新版Excel2024查看图片"",_xlfn.IMAGE(""https://ir.ozone.ru/s3/multimedia-1-u/wc300/9013847322.jpg""))"
B188,"=IF(ISERROR(_xlfn.IMAGE(""https://ir.ozone.ru/s3/multimedia-1-c/wc300/8250390516.jpg"")),""请使用新版Excel2024查看图片"",_xlfn.IMAGE(""https://ir.ozone.ru/s3/multimedia-1-c/wc300/8250390516.jpg""))"
B189,"=IF(ISERROR(_xlfn.IMAGE(""https://ir.ozone.ru/s3/multimedia-1-s/wc300/11712269512.jpg"")),""请使用新版Excel2024查看图片"",_xlfn.IMAGE(""https://ir.ozone.ru/s3/multimedia-1-s/wc300/11712269512.jpg""))"
B190,"=IF(ISERROR(_xlfn.IMAGE(""https://ir.ozone.ru/s3/multimedia-1-h/wc300/7533313181.jpg"")),""请使用新版Excel2024查看图片"",_xlfn.IMAGE(""https://ir.ozone.ru/s3/multimedia-1-h/wc300/7533313181.jpg""))"
B191,"=IF(ISERROR(_xlfn.IMAGE(""https://ir.ozone.ru/s3/multimedia-1-4/wc300/11783162560.jpg"")),""请使用新版Excel2024查看图片"",_xlfn.IMAGE(""https://ir.ozone.ru/s3/multimedia-1-4/wc300/11783162560.jpg""))"
B192,"=IF(ISERROR(_xlfn.IMAGE(""https://ir.ozone.ru/s3/multimedia-1-e/wc300/8839509458.jpg"")),""请使用新版Excel2024查看图片"",_xlfn.IMAGE(""https://ir.ozone.ru/s3/multimedia-1-e/wc300/8839509458.jpg""))"
B193,"=IF(ISERROR(_xlfn.IMAGE(""https://ir.ozone.ru/s3/multimedia-1-s/wc300/9132914260.jpg"")),""请使用新版Excel2024查看图片"",_xlfn.IMAGE(""https://ir.ozone.ru/s3/multimedia-1-s/wc300/9132914260.jpg""))"
B194,"=IF(ISERROR(_xlfn.IMAGE(""https://ir.ozone.ru/s3/multimedia-1-2/wc300/7208083406.jpg"")),""请使用新版Excel2024查看图片"",_xlfn.IMAGE(""https://ir.ozone.ru/s3/multimedia-1-2/wc300/7208083406.jpg""))"
B195,"=IF(ISERROR(_xlfn.IMAGE(""https://ir.ozone.ru/s3/multimedia-1-s/wc300/14889134224.jpg"")),""请使用新版Excel2024查看图片"",_xlfn.IMAGE(""https://ir.ozone.ru/s3/multimedia-1-s/wc300/14889134224.jpg""))"
B196,"=IF(ISERROR(_xlfn.IMAGE(""https://ir.ozone.ru/s3/multimedia-1-x/wc300/8300368113.jpg"")),""请使用新版Excel2024查看图片"",_xlfn.IMAGE(""https://ir.ozone.ru/s3/multimedia-1-x/wc300/8300368113.jpg""))"
B197,"=IF(ISERROR(_xlfn.IMAGE(""https://ir.ozone.ru/s3/multimedia-1-f/wc300/7071185463.jpg"")),""请使用新版Excel2024查看图片"",_xlfn.IMAGE(""https://ir.ozone.ru/s3/multimedia-1-f/wc300/7071185463.jpg""))"
B198,"=IF(ISERROR(_xlfn.IMAGE(""https://ir.ozone.ru/s3/multimedia-1-d/wc300/13172905957.jpg"")),""请使用新版Excel2024查看图片"",_xlfn.IMAGE(""https://ir.ozone.ru/s3/multimedia-1-d/wc300/13172905957.jpg""))"
B199,"=IF(ISERROR(_xlfn.IMAGE(""https://ir.ozone.ru/s3/multimedia-1-v/wc300/12367703515.jpg"")),""请使用新版Excel2024查看图片"",_xlfn.IMAGE(""https://ir.ozone.ru/s3/multimedia-1-v/wc300/12367703515.jpg""))"
B200,"=IF(ISERROR(_xlfn.IMAGE(""https://ir.ozone.ru/s3/multimedia-1-k/wc300/13187143460.jpg"")),""请使用新版Excel2024查看图片"",_xlfn.IMAGE(""https://ir.ozone.ru/s3/multimedia-1-k/wc300/13187143460.jpg""))"
B201,"=IF(ISERROR(_xlfn.IMAGE(""https://ir.ozone.ru/s3/multimedia-1-8/wc300/11163226832.jpg"")),""请使用新版Excel2024查看图片"",_xlfn.IMAGE(""https://ir.ozone.ru/s3/multimedia-1-8/wc300/11163226832.jpg""))"
B202,"=IF(ISERROR(_xlfn.IMAGE(""https://ir.ozone.ru/s3/multimedia-1-7/wc300/13592558275.jpg"")),""请使用新版Excel2024查看图片"",_xlfn.IMAGE(""https://ir.ozone.ru/s3/multimedia-1-7/wc300/13592558275.jpg""))"
B203,"=IF(ISERROR(_xlfn.IMAGE(""https://ir.ozone.ru/s3/multimedia-1-w/wc300/8257759088.jpg"")),""请使用新版Excel2024查看图片"",_xlfn.IMAGE(""https://ir.ozone.ru/s3/multimedia-1-w/wc300/8257759088.jpg""))"
B204,"=IF(ISERROR(_xlfn.IMAGE(""https://ir.ozone.ru/s3/multimedia-1-l/wc300/13185478209.jpg"")),""请使用新版Excel2024查看图片"",_xlfn.IMAGE(""https://ir.ozone.ru/s3/multimedia-1-l/wc300/13185478209.jpg""))"
B205,"=IF(ISERROR(_xlfn.IMAGE(""https://ir.ozone.ru/s3/multimedia-1-7/wc300/7439581051.jpg"")),""请使用新版Excel2024查看图片"",_xlfn.IMAGE(""https://ir.ozone.ru/s3/multimedia-1-7/wc300/7439581051.jpg""))"
B206,"=IF(ISERROR(_xlfn.IMAGE(""https://ir-20.ozone.ru/s3/multimedia-1-5/wc300/11949222965.jpg"")),""请使用新版Excel2024查看图片"",_xlfn.IMAGE(""https://ir-20.ozone.ru/s3/multimedia-1-5/wc300/11949222965.jpg""))"
B207,"=IF(ISERROR(_xlfn.IMAGE(""https://ir.ozone.ru/s3/multimedia-1-e/wc300/8240187614.jpg"")),""请使用新版Excel2024查看图片"",_xlfn.IMAGE(""https://ir.ozone.ru/s3/multimedia-1-e/wc300/8240187614.jpg""))"
B208,"=IF(ISERROR(_xlfn.IMAGE(""https://ir.ozone.ru/s3/multimedia-1-2/wc300/13323838178.jpg"")),""请使用新版Excel2024查看图片"",_xlfn.IMAGE(""https://ir.ozone.ru/s3/multimedia-1-2/wc300/13323838178.jpg""))"
B209,"=IF(ISERROR(_xlfn.IMAGE(""https://ir.ozone.ru/s3/multimedia-1-7/wc300/7208083303.jpg"")),""请使用新版Excel2024查看图片"",_xlfn.IMAGE(""https://ir.ozone.ru/s3/multimedia-1-7/wc300/7208083303.jpg""))"
B210,"=IF(ISERROR(_xlfn.IMAGE(""https://ir-20.ozone.ru/s3/multimedia-1-g/wc300/7228133260.jpg"")),""请使用新版Excel2024查看图片"",_xlfn.IMAGE(""https://ir-20.ozone.ru/s3/multimedia-1-g/wc300/7228133260.jpg""))"
B211,"=IF(ISERROR(_xlfn.IMAGE(""https://ir.ozone.ru/s3/multimedia-1-b/wc300/13617432695.jpg"")),""请使用新版Excel2024查看图片"",_xlfn.IMAGE(""https://ir.ozone.ru/s3/multimedia-1-b/wc300/13617432695.jpg""))"
B212,"=IF(ISERROR(_xlfn.IMAGE(""https://ir.ozone.ru/s3/multimedia-1-4/wc300/11910267328.jpg"")),""请使用新版Excel2024查看图片"",_xlfn.IMAGE(""https://ir.ozone.ru/s3/multimedia-1-4/wc300/11910267328.jpg""))"
B213,"=IF(ISERROR(_xlfn.IMAGE(""https://ir.ozone.ru/s3/multimedia-1-8/wc300/7533313172.jpg"")),""请使用新版Excel2024查看图片"",_xlfn.IMAGE(""https://ir.ozone.ru/s3/multimedia-1-8/wc300/7533313172.jpg""))"
B214,"=IF(ISERROR(_xlfn.IMAGE(""https://ir.ozone.ru/s3/multimedia-1-l/wc300/7999408641.jpg"")),""请使用新版Excel2024查看图片"",_xlfn.IMAGE(""https://ir.ozone.ru/s3/multimedia-1-l/wc300/7999408641.jpg""))"
B215,"=IF(ISERROR(_xlfn.IMAGE(""https://ir.ozone.ru/s3/multimedia-1-k/wc300/11805200228.jpg"")),""请使用新版Excel2024查看图片"",_xlfn.IMAGE(""https://ir.ozone.ru/s3/multimedia-1-k/wc300/11805200228.jpg""))"
B216,"=IF(ISERROR(_xlfn.IMAGE(""https://ir.ozone.ru/s3/multimedia-1-p/wc300/14889131125.jpg"")),""请使用新版Excel2024查看图片"",_xlfn.IMAGE(""https://ir.ozone.ru/s3/multimedia-1-p/wc300/14889131125.jpg""))"
B217,"=IF(ISERROR(_xlfn.IMAGE(""https://ir.ozone.ru/s3/multimedia-1-z/wc300/7108986779.jpg"")),""请使用新版Excel2024查看图片"",_xlfn.IMAGE(""https://ir.ozone.ru/s3/multimedia-1-z/wc300/7108986779.jpg""))"
B218,"=IF(ISERROR(_xlfn.IMAGE(""https://ir-20.ozone.ru/s3/multimedia-1-1/wc300/7547350897.jpg"")),""请使用新版Excel2024查看图片"",_xlfn.IMAGE(""https://ir-20.ozone.ru/s3/multimedia-1-1/wc300/7547350897.jpg""))"
B219,"=IF(ISERROR(_xlfn.IMAGE(""https://ir.ozone.ru/s3/multimedia-1-e/wc300/13474784858.jpg"")),""请使用新版Excel2024查看图片"",_xlfn.IMAGE(""https://ir.ozone.ru/s3/multimedia-1-e/wc300/13474784858.jpg""))"
B220,"=IF(ISERROR(_xlfn.IMAGE(""https://ir.ozone.ru/s3/multimedia-1-a/wc300/8400344554.jpg"")),""请使用新版Excel2024查看图片"",_xlfn.IMAGE(""https://ir.ozone.ru/s3/multimedia-1-a/wc300/8400344554.jpg""))"
B221,"=IF(ISERROR(_xlfn.IMAGE(""https://ir.ozone.ru/s3/multimedia-1-1/wc300/8474889745.jpg"")),""请使用新版Excel2024查看图片"",_xlfn.IMAGE(""https://ir.ozone.ru/s3/multimedia-1-1/wc300/8474889745.jpg""))"
B222,"=IF(ISERROR(_xlfn.IMAGE(""https://ir.ozone.ru/s3/multimedia-1-0/wc300/12876205212.jpg"")),""请使用新版Excel2024查看图片"",_xlfn.IMAGE(""https://ir.ozone.ru/s3/multimedia-1-0/wc300/12876205212.jpg""))"
B223,"=IF(ISERROR(_xlfn.IMAGE(""https://ir.ozone.ru/s3/multimedia-1-3/wc300/9470842995.jpg"")),""请使用新版Excel2024查看图片"",_xlfn.IMAGE(""https://ir.ozone.ru/s3/multimedia-1-3/wc300/9470842995.jpg""))"
B224,"=IF(ISERROR(_xlfn.IMAGE(""https://ir.ozone.ru/s3/multimedia-1-y/wc300/8323501210.jpg"")),""请使用新版Excel2024查看图片"",_xlfn.IMAGE(""https://ir.ozone.ru/s3/multimedia-1-y/wc300/8323501210.jpg""))"
B225,"=IF(ISERROR(_xlfn.IMAGE(""https://ir.ozone.ru/s3/multimedia-1-l/wc300/8449090761.jpg"")),""请使用新版Excel2024查看图片"",_xlfn.IMAGE(""https://ir.ozone.ru/s3/multimedia-1-l/wc300/8449090761.jpg""))"
B226,"=IF(ISERROR(_xlfn.IMAGE(""https://ir.ozone.ru/s3/multimedia-1-y/wc300/8752452586.jpg"")),""请使用新版Excel2024查看图片"",_xlfn.IMAGE(""https://ir.ozone.ru/s3/multimedia-1-y/wc300/8752452586.jpg""))"
B227,"=IF(ISERROR(_xlfn.IMAGE(""https://ir.ozone.ru/s3/multimedia-1-5/wc300/7208083409.jpg"")),""请使用新版Excel2024查看图片"",_xlfn.IMAGE(""https://ir.ozone.ru/s3/multimedia-1-5/wc300/7208083409.jpg""))"
B228,"=IF(ISERROR(_xlfn.IMAGE(""https://ir.ozone.ru/s3/multimedia-1-y/wc300/8899319554.jpg"")),""请使用新版Excel2024查看图片"",_xlfn.IMAGE(""https://ir.ozone.ru/s3/multimedia-1-y/wc300/8899319554.jpg""))"
B229,"=IF(ISERROR(_xlfn.IMAGE(""https://ir.ozone.ru/s3/multimedia-1-0/wc300/8845827696.jpg"")),""请使用新版Excel2024查看图片"",_xlfn.IMAGE(""https://ir.ozone.ru/s3/multimedia-1-0/wc300/8845827696.jpg""))"
B230,"=IF(ISERROR(_xlfn.IMAGE(""https://ir.ozone.ru/s3/multimedia-1-d/wc300/7613625973.jpg"")),""请使用新版Excel2024查看图片"",_xlfn.IMAGE(""https://ir.ozone.ru/s3/multimedia-1-d/wc300/7613625973.jpg""))"
B231,"=IF(ISERROR(_xlfn.IMAGE(""https://ir.ozone.ru/s3/multimedia-1-y/wc300/10083070834.jpg"")),""请使用新版Excel2024查看图片"",_xlfn.IMAGE(""https://ir.ozone.ru/s3/multimedia-1-y/wc300/10083070834.jpg""))"
B232,"=IF(ISERROR(_xlfn.IMAGE(""https://ir.ozone.ru/s3/multimedia-1-e/wc300/8525757506.jpg"")),""请使用新版Excel2024查看图片"",_xlfn.IMAGE(""https://ir.ozone.ru/s3/multimedia-1-e/wc300/8525757506.jpg""))"
B233,"=IF(ISERROR(_xlfn.IMAGE(""https://ir.ozone.ru/s3/multimedia-1-n/wc300/11740908551.jpg"")),""请使用新版Excel2024查看图片"",_xlfn.IMAGE(""https://ir.ozone.ru/s3/multimedia-1-n/wc300/11740908551.jpg""))"
B234,"=IF(ISERROR(_xlfn.IMAGE(""https://ir.ozone.ru/s3/multimedia-1-x/wc300/8201388633.jpg"")),""请使用新版Excel2024查看图片"",_xlfn.IMAGE(""https://ir.ozone.ru/s3/multimedia-1-x/wc300/8201388633.jpg""))"
B235,"=IF(ISERROR(_xlfn.IMAGE(""https://ir.ozone.ru/s3/multimedia-1-4/wc300/13186672276.jpg"")),""请使用新版Excel2024查看图片"",_xlfn.IMAGE(""https://ir.ozone.ru/s3/multimedia-1-4/wc300/13186672276.jpg""))"
B236,"=IF(ISERROR(_xlfn.IMAGE(""https://ir.ozone.ru/s3/multimedia-1-o/wc300/11127635448.jpg"")),""请使用新版Excel2024查看图片"",_xlfn.IMAGE(""https://ir.ozone.ru/s3/multimedia-1-o/wc300/11127635448.jpg""))"
B237,"=IF(ISERROR(_xlfn.IMAGE(""https://ir.ozone.ru/s3/multimedia-1-r/wc300/11384242407.jpg"")),""请使用新版Excel2024查看图片"",_xlfn.IMAGE(""https://ir.ozone.ru/s3/multimedia-1-r/wc300/11384242407.jpg""))"
B238,"=IF(ISERROR(_xlfn.IMAGE(""https://ir.ozone.ru/s3/multimedia-1-f/wc300/11637430719.jpg"")),""请使用新版Excel2024查看图片"",_xlfn.IMAGE(""https://ir.ozone.ru/s3/multimedia-1-f/wc300/11637430719.jpg""))"
B239,"=IF(ISERROR(_xlfn.IMAGE(""https://ir.ozone.ru/s3/multimedia-1-q/wc300/8323465202.jpg"")),""请使用新版Excel2024查看图片"",_xlfn.IMAGE(""https://ir.ozone.ru/s3/multimedia-1-q/wc300/8323465202.jpg""))"
B240,"=IF(ISERROR(_xlfn.IMAGE(""https://ir.ozone.ru/s3/multimedia-1-j/wc300/7831171675.jpg"")),""请使用新版Excel2024查看图片"",_xlfn.IMAGE(""https://ir.ozone.ru/s3/multimedia-1-j/wc300/7831171675.jpg""))"
B241,"=IF(ISERROR(_xlfn.IMAGE(""https://ir.ozone.ru/s3/multimedia-1-h/wc300/12822496325.jpg"")),""请使用新版Excel2024查看图片"",_xlfn.IMAGE(""https://ir.ozone.ru/s3/multimedia-1-h/wc300/12822496325.jpg""))"
B242,"=IF(ISERROR(_xlfn.IMAGE(""https://ir.ozone.ru/s3/multimedia-1-6/wc300/14099376174.jpg"")),""请使用新版Excel2024查看图片"",_xlfn.IMAGE(""https://ir.ozone.ru/s3/multimedia-1-6/wc300/14099376174.jpg""))"
B243,"=IF(ISERROR(_xlfn.IMAGE(""https://ir.ozone.ru/s3/multimedia-1-p/wc300/7084478401.jpg"")),""请使用新版Excel2024查看图片"",_xlfn.IMAGE(""https://ir.ozone.ru/s3/multimedia-1-p/wc300/7084478401.jpg""))"
B244,"=IF(ISERROR(_xlfn.IMAGE(""https://ir.ozone.ru/s3/multimedia-1-w/wc300/7433276720.jpg"")),""请使用新版Excel2024查看图片"",_xlfn.IMAGE(""https://ir.ozone.ru/s3/multimedia-1-w/wc300/7433276720.jpg""))"
B245,"=IF(ISERROR(_xlfn.IMAGE(""https://ir.ozone.ru/s3/multimedia-1-i/wc300/9554218542.jpg"")),""请使用新版Excel2024查看图片"",_xlfn.IMAGE(""https://ir.ozone.ru/s3/multimedia-1-i/wc300/9554218542.jpg""))"
B246,"=IF(ISERROR(_xlfn.IMAGE(""https://ir.ozone.ru/s3/multimedia-1-b/wc300/12664855883.jpg"")),""请使用新版Excel2024查看图片"",_xlfn.IMAGE(""https://ir.ozone.ru/s3/multimedia-1-b/wc300/12664855883.jpg""))"
B247,"=IF(ISERROR(_xlfn.IMAGE(""https://ir.ozone.ru/s3/multimedia-s/wc300/6838616188.jpg"")),""请使用新版Excel2024查看图片"",_xlfn.IMAGE(""https://ir.ozone.ru/s3/multimedia-s/wc300/6838616188.jpg""))"
B248,"=IF(ISERROR(_xlfn.IMAGE(""https://ir.ozone.ru/s3/multimedia-1-l/wc300/13318996737.jpg"")),""请使用新版Excel2024查看图片"",_xlfn.IMAGE(""https://ir.ozone.ru/s3/multimedia-1-l/wc300/13318996737.jpg""))"
B249,"=IF(ISERROR(_xlfn.IMAGE(""https://ir.ozone.ru/s3/multimedia-1-8/wc300/10290631400.jpg"")),""请使用新版Excel2024查看图片"",_xlfn.IMAGE(""https://ir.ozone.ru/s3/multimedia-1-8/wc300/10290631400.jpg""))"
B250,"=IF(ISERROR(_xlfn.IMAGE(""https://ir.ozone.ru/s3/multimedia-1-i/wc300/7992252630.jpg"")),""请使用新版Excel2024查看图片"",_xlfn.IMAGE(""https://ir.ozone.ru/s3/multimedia-1-i/wc300/7992252630.jpg""))"
B251,"=IF(ISERROR(_xlfn.IMAGE(""https://ir.ozone.ru/s3/multimedia-1-q/wc300/13186803374.jpg"")),""请使用新版Excel2024查看图片"",_xlfn.IMAGE(""https://ir.ozone.ru/s3/multimedia-1-q/wc300/13186803374.jpg""))"
B252,"=IF(ISERROR(_xlfn.IMAGE(""https://ir.ozone.ru/s3/multimedia-1-g/wc300/13859597320.jpg"")),""请使用新版Excel2024查看图片"",_xlfn.IMAGE(""https://ir.ozone.ru/s3/multimedia-1-g/wc300/13859597320.jpg""))"
B253,"=IF(ISERROR(_xlfn.IMAGE(""https://ir.ozone.ru/s3/multimedia-1-z/wc300/12306512627.jpg"")),""请使用新版Excel2024查看图片"",_xlfn.IMAGE(""https://ir.ozone.ru/s3/multimedia-1-z/wc300/12306512627.jpg""))"
B254,"=IF(ISERROR(_xlfn.IMAGE(""https://ir-20.ozone.ru/s3/multimedia-1-c/wc300/9971188896.jpg"")),""请使用新版Excel2024查看图片"",_xlfn.IMAGE(""https://ir-20.ozone.ru/s3/multimedia-1-c/wc300/9971188896.jpg""))"
B255,"=IF(ISERROR(_xlfn.IMAGE(""https://ir.ozone.ru/s3/multimedia-1-m/wc300/7533313186.jpg"")),""请使用新版Excel2024查看图片"",_xlfn.IMAGE(""https://ir.ozone.ru/s3/multimedia-1-m/wc300/7533313186.jpg""))"
B256,"=IF(ISERROR(_xlfn.IMAGE(""https://ir.ozone.ru/s3/multimedia-1-o/wc300/13191866916.jpg"")),""请使用新版Excel2024查看图片"",_xlfn.IMAGE(""https://ir.ozone.ru/s3/multimedia-1-o/wc300/13191866916.jpg""))"
B257,"=IF(ISERROR(_xlfn.IMAGE(""https://ir.ozone.ru/s3/multimedia-1-z/wc300/13940382743.jpg"")),""请使用新版Excel2024查看图片"",_xlfn.IMAGE(""https://ir.ozone.ru/s3/multimedia-1-z/wc300/13940382743.jpg""))"
B258,"=IF(ISERROR(_xlfn.IMAGE(""https://ir.ozone.ru/s3/multimedia-1-h/wc300/11848727789.jpg"")),""请使用新版Excel2024查看图片"",_xlfn.IMAGE(""https://ir.ozone.ru/s3/multimedia-1-h/wc300/11848727789.jpg""))"
B259,"=IF(ISERROR(_xlfn.IMAGE(""https://ir.ozone.ru/s3/multimedia-1-m/wc300/7724502526.jpg"")),""请使用新版Excel2024查看图片"",_xlfn.IMAGE(""https://ir.ozone.ru/s3/multimedia-1-m/wc300/7724502526.jpg""))"
B260,"=IF(ISERROR(_xlfn.IMAGE(""https://ir.ozone.ru/s3/multimedia-1-9/wc300/8249949621.jpg"")),""请使用新版Excel2024查看图片"",_xlfn.IMAGE(""https://ir.ozone.ru/s3/multimedia-1-9/wc300/8249949621.jpg""))"
B261,"=IF(ISERROR(_xlfn.IMAGE(""https://ir.ozone.ru/s3/multimedia-1-i/wc300/8482993542.jpg"")),""请使用新版Excel2024查看图片"",_xlfn.IMAGE(""https://ir.ozone.ru/s3/multimedia-1-i/wc300/8482993542.jpg""))"
B262,"=IF(ISERROR(_xlfn.IMAGE(""https://ir.ozone.ru/s3/multimedia-1-h/wc300/14889132017.jpg"")),""请使用新版Excel2024查看图片"",_xlfn.IMAGE(""https://ir.ozone.ru/s3/multimedia-1-h/wc300/14889132017.jpg""))"
B263,"=IF(ISERROR(_xlfn.IMAGE(""https://ir.ozone.ru/s3/multimedia-1-h/wc300/9495912725.jpg"")),""请使用新版Excel2024查看图片"",_xlfn.IMAGE(""https://ir.ozone.ru/s3/multimedia-1-h/wc300/9495912725.jpg""))"
B264,"=IF(ISERROR(_xlfn.IMAGE(""https://ir.ozone.ru/s3/multimedia-1-b/wc300/9495912827.jpg"")),""请使用新版Excel2024查看图片"",_xlfn.IMAGE(""https://ir.ozone.ru/s3/multimedia-1-b/wc300/9495912827.jpg""))"
B265,"=IF(ISERROR(_xlfn.IMAGE(""https://ir.ozone.ru/s3/multimedia-1-0/wc300/11434488444.jpg"")),""请使用新版Excel2024查看图片"",_xlfn.IMAGE(""https://ir.ozone.ru/s3/multimedia-1-0/wc300/11434488444.jpg""))"
B266,"=IF(ISERROR(_xlfn.IMAGE(""https://ir.ozone.ru/s3/multimedia-1-k/wc300/8995346984.jpg"")),""请使用新版Excel2024查看图片"",_xlfn.IMAGE(""https://ir.ozone.ru/s3/multimedia-1-k/wc300/8995346984.jpg""))"
B267,"=IF(ISERROR(_xlfn.IMAGE(""https://ir.ozone.ru/s3/multimedia-1-x/wc300/9032440029.jpg"")),""请使用新版Excel2024查看图片"",_xlfn.IMAGE(""https://ir.ozone.ru/s3/multimedia-1-x/wc300/9032440029.jpg""))"
B268,"=IF(ISERROR(_xlfn.IMAGE(""https://ir.ozone.ru/s3/multimedia-1-u/wc300/10888112766.jpg"")),""请使用新版Excel2024查看图片"",_xlfn.IMAGE(""https://ir.ozone.ru/s3/multimedia-1-u/wc300/10888112766.jpg""))"
B269,"=IF(ISERROR(_xlfn.IMAGE(""https://ir.ozone.ru/s3/multimedia-1-f/wc300/9604247919.jpg"")),""请使用新版Excel2024查看图片"",_xlfn.IMAGE(""https://ir.ozone.ru/s3/multimedia-1-f/wc300/9604247919.jpg""))"
B270,"=IF(ISERROR(_xlfn.IMAGE(""https://ir.ozone.ru/s3/multimedia-1-g/wc300/13177476844.jpg"")),""请使用新版Excel2024查看图片"",_xlfn.IMAGE(""https://ir.ozone.ru/s3/multimedia-1-g/wc300/13177476844.jpg""))"
B271,"=IF(ISERROR(_xlfn.IMAGE(""https://ir.ozone.ru/s3/multimedia-s/wc300/6626793484.jpg"")),""请使用新版Excel2024查看图片"",_xlfn.IMAGE(""https://ir.ozone.ru/s3/multimedia-s/wc300/6626793484.jpg""))"
B272,"=IF(ISERROR(_xlfn.IMAGE(""https://ir.ozone.ru/s3/multimedia-1-h/wc300/7208083421.jpg"")),""请使用新版Excel2024查看图片"",_xlfn.IMAGE(""https://ir.ozone.ru/s3/multimedia-1-h/wc300/7208083421.jpg""))"
B273,"=IF(ISERROR(_xlfn.IMAGE(""https://ir.ozone.ru/s3/multimedia-1-s/wc300/11812660696.jpg"")),""请使用新版Excel2024查看图片"",_xlfn.IMAGE(""https://ir.ozone.ru/s3/multimedia-1-s/wc300/11812660696.jpg""))"
B274,"=IF(ISERROR(_xlfn.IMAGE(""https://ir.ozone.ru/s3/multimedia-1-i/wc300/7992252630.jpg"")),""请使用新版Excel2024查看图片"",_xlfn.IMAGE(""https://ir.ozone.ru/s3/multimedia-1-i/wc300/7992252630.jpg""))"
B275,"=IF(ISERROR(_xlfn.IMAGE(""https://ir.ozone.ru/s3/multimedia-1-h/wc300/7953069221.jpg"")),""请使用新版Excel2024查看图片"",_xlfn.IMAGE(""https://ir.ozone.ru/s3/multimedia-1-h/wc300/7953069221.jpg""))"
B276,"=IF(ISERROR(_xlfn.IMAGE(""https://ir.ozone.ru/s3/multimedia-1-c/wc300/12876424428.jpg"")),""请使用新版Excel2024查看图片"",_xlfn.IMAGE(""https://ir.ozone.ru/s3/multimedia-1-c/wc300/12876424428.jpg""))"
B277,"=IF(ISERROR(_xlfn.IMAGE(""https://ir.ozone.ru/s3/multimedia-1-o/wc300/13870156092.jpg"")),""请使用新版Excel2024查看图片"",_xlfn.IMAGE(""https://ir.ozone.ru/s3/multimedia-1-o/wc300/13870156092.jpg""))"
B278,"=IF(ISERROR(_xlfn.IMAGE(""https://ir.ozone.ru/s3/multimedia-1-a/wc300/13719539314.jpg"")),""请使用新版Excel2024查看图片"",_xlfn.IMAGE(""https://ir.ozone.ru/s3/multimedia-1-a/wc300/13719539314.jpg""))"
B279,"=IF(ISERROR(_xlfn.IMAGE(""https://ir.ozone.ru/s3/multimedia-1-u/wc300/13474792362.jpg"")),""请使用新版Excel2024查看图片"",_xlfn.IMAGE(""https://ir.ozone.ru/s3/multimedia-1-u/wc300/13474792362.jpg""))"
B280,"=IF(ISERROR(_xlfn.IMAGE(""https://ir.ozone.ru/s3/multimedia-1-h/wc300/13719539753.jpg"")),""请使用新版Excel2024查看图片"",_xlfn.IMAGE(""https://ir.ozone.ru/s3/multimedia-1-h/wc300/13719539753.jpg""))"
B281,"=IF(ISERROR(_xlfn.IMAGE(""https://ir.ozone.ru/s3/multimedia-1-8/wc300/13719540320.jpg"")),""请使用新版Excel2024查看图片"",_xlfn.IMAGE(""https://ir.ozone.ru/s3/multimedia-1-8/wc300/13719540320.jpg""))"
B282,"=IF(ISERROR(_xlfn.IMAGE(""https://ir.ozone.ru/s3/multimedia-1-u/wc300/7272835086.jpg"")),""请使用新版Excel2024查看图片"",_xlfn.IMAGE(""https://ir.ozone.ru/s3/multimedia-1-u/wc300/7272835086.jpg""))"
B283,"=IF(ISERROR(_xlfn.IMAGE(""https://ir.ozone.ru/s3/multimedia-1-2/wc300/11951357510.jpg"")),""请使用新版Excel2024查看图片"",_xlfn.IMAGE(""https://ir.ozone.ru/s3/multimedia-1-2/wc300/11951357510.jpg""))"
B284,"=IF(ISERROR(_xlfn.IMAGE(""https://ir.ozone.ru/s3/multimedia-1-z/wc300/14252087519.jpg"")),""请使用新版Excel2024查看图片"",_xlfn.IMAGE(""https://ir.ozone.ru/s3/multimedia-1-z/wc300/14252087519.jpg""))"
B285,"=IF(ISERROR(_xlfn.IMAGE(""https://ir.ozone.ru/s3/multimedia-1-3/wc300/9845766399.jpg"")),""请使用新版Excel2024查看图片"",_xlfn.IMAGE(""https://ir.ozone.ru/s3/multimedia-1-3/wc300/9845766399.jpg""))"
B286,"=IF(ISERROR(_xlfn.IMAGE(""https://ir.ozone.ru/s3/multimedia-1-m/wc300/8839510150.jpg"")),""请使用新版Excel2024查看图片"",_xlfn.IMAGE(""https://ir.ozone.ru/s3/multimedia-1-m/wc300/8839510150.jpg""))"
B287,"=IF(ISERROR(_xlfn.IMAGE(""https://ir.ozone.ru/s3/multimedia-1/wc300/6723346609.jpg"")),""请使用新版Excel2024查看图片"",_xlfn.IMAGE(""https://ir.ozone.ru/s3/multimedia-1/wc300/6723346609.jpg""))"
B288,"=IF(ISERROR(_xlfn.IMAGE(""https://ir.ozone.ru/s3/multimedia-1-m/wc300/7256039962.jpg"")),""请使用新版Excel2024查看图片"",_xlfn.IMAGE(""https://ir.ozone.ru/s3/multimedia-1-m/wc300/7256039962.jpg""))"
B289,"=IF(ISERROR(_xlfn.IMAGE(""https://ir.ozone.ru/s3/multimedia-1-p/wc300/11933862721.jpg"")),""请使用新版Excel2024查看图片"",_xlfn.IMAGE(""https://ir.ozone.ru/s3/multimedia-1-p/wc300/11933862721.jpg""))"
B290,"=IF(ISERROR(_xlfn.IMAGE(""https://ir.ozone.ru/s3/multimedia-1-7/wc300/11984724907.jpg"")),""请使用新版Excel2024查看图片"",_xlfn.IMAGE(""https://ir.ozone.ru/s3/multimedia-1-7/wc300/11984724907.jpg""))"
B291,"=IF(ISERROR(_xlfn.IMAGE(""https://ir.ozone.ru/s3/multimedia-1-c/wc300/9288941340.jpg"")),""请使用新版Excel2024查看图片"",_xlfn.IMAGE(""https://ir.ozone.ru/s3/multimedia-1-c/wc300/9288941340.jpg""))"
B292,"=IF(ISERROR(_xlfn.IMAGE(""https://ir.ozone.ru/s3/multimedia-1-v/wc300/13474785955.jpg"")),""请使用新版Excel2024查看图片"",_xlfn.IMAGE(""https://ir.ozone.ru/s3/multimedia-1-v/wc300/13474785955.jpg""))"
B293,"=IF(ISERROR(_xlfn.IMAGE(""https://ir.ozone.ru/s3/multimedia-1-9/wc300/8474889429.jpg"")),""请使用新版Excel2024查看图片"",_xlfn.IMAGE(""https://ir.ozone.ru/s3/multimedia-1-9/wc300/8474889429.jpg""))"
B294,"=IF(ISERROR(_xlfn.IMAGE(""https://ir.ozone.ru/s3/multimedia-1-0/wc300/8397222084.jpg"")),""请使用新版Excel2024查看图片"",_xlfn.IMAGE(""https://ir.ozone.ru/s3/multimedia-1-0/wc300/8397222084.jpg""))"
B295,"=IF(ISERROR(_xlfn.IMAGE(""https://ir.ozone.ru/s3/multimedia-s/wc300/6838616188.jpg"")),""请使用新版Excel2024查看图片"",_xlfn.IMAGE(""https://ir.ozone.ru/s3/multimedia-s/wc300/6838616188.jpg""))"
B296,"=IF(ISERROR(_xlfn.IMAGE(""https://ir.ozone.ru/s3/multimedia-1-3/wc300/12151469955.jpg"")),""请使用新版Excel2024查看图片"",_xlfn.IMAGE(""https://ir.ozone.ru/s3/multimedia-1-3/wc300/12151469955.jpg""))"
B297,"=IF(ISERROR(_xlfn.IMAGE(""https://ir.ozone.ru/s3/multimedia-1-s/wc300/7162125220.jpg"")),""请使用新版Excel2024查看图片"",_xlfn.IMAGE(""https://ir.ozone.ru/s3/multimedia-1-s/wc300/7162125220.jpg""))"
B298,"=IF(ISERROR(_xlfn.IMAGE(""https://ir.ozone.ru/s3/multimedia-1-e/wc300/7228131782.jpg"")),""请使用新版Excel2024查看图片"",_xlfn.IMAGE(""https://ir.ozone.ru/s3/multimedia-1-e/wc300/7228131782.jpg""))"
B299,"=IF(ISERROR(_xlfn.IMAGE(""https://ir.ozone.ru/s3/multimedia-1-j/wc300/11809558531.jpg"")),""请使用新版Excel2024查看图片"",_xlfn.IMAGE(""https://ir.ozone.ru/s3/multimedia-1-j/wc300/11809558531.jpg""))"
B300,"=IF(ISERROR(_xlfn.IMAGE(""https://ir.ozone.ru/s3/multimedia-1-c/wc300/9253589304.jpg"")),""请使用新版Excel2024查看图片"",_xlfn.IMAGE(""https://ir.ozone.ru/s3/multimedia-1-c/wc300/9253589304.jpg""))"
B301,"=IF(ISERROR(_xlfn.IMAGE(""https://ir.ozone.ru/s3/multimedia-1-5/wc300/9694437773.jpg"")),""请使用新版Excel2024查看图片"",_xlfn.IMAGE(""https://ir.ozone.ru/s3/multimedia-1-5/wc300/9694437773.jpg""))"
B302,"=IF(ISERROR(_xlfn.IMAGE(""https://ir.ozone.ru/s3/multimedia-1-5/wc300/13940374289.jpg"")),""请使用新版Excel2024查看图片"",_xlfn.IMAGE(""https://ir.ozone.ru/s3/multimedia-1-5/wc300/13940374289.jpg""))"
B303,"=IF(ISERROR(_xlfn.IMAGE(""https://ir.ozone.ru/s3/multimedia-1-o/wc300/7438949160.jpg"")),""请使用新版Excel2024查看图片"",_xlfn.IMAGE(""https://ir.ozone.ru/s3/multimedia-1-o/wc300/7438949160.jpg""))"
B304,"=IF(ISERROR(_xlfn.IMAGE(""https://ir.ozone.ru/s3/multimedia-1-3/wc300/7831167447.jpg"")),""请使用新版Excel2024查看图片"",_xlfn.IMAGE(""https://ir.ozone.ru/s3/multimedia-1-3/wc300/7831167447.jpg""))"
B305,"=IF(ISERROR(_xlfn.IMAGE(""https://ir.ozone.ru/s3/multimedia-1-g/wc300/11387743144.jpg"")),""请使用新版Excel2024查看图片"",_xlfn.IMAGE(""https://ir.ozone.ru/s3/multimedia-1-g/wc300/11387743144.jpg""))"
B306,"=IF(ISERROR(_xlfn.IMAGE(""https://ir.ozone.ru/s3/multimedia-1-k/wc300/8254880804.jpg"")),""请使用新版Excel2024查看图片"",_xlfn.IMAGE(""https://ir.ozone.ru/s3/multimedia-1-k/wc300/8254880804.jpg""))"
B307,"=IF(ISERROR(_xlfn.IMAGE(""https://ir.ozone.ru/s3/multimedia-1-f/wc300/11783151447.jpg"")),""请使用新版Excel2024查看图片"",_xlfn.IMAGE(""https://ir.ozone.ru/s3/multimedia-1-f/wc300/11783151447.jpg""))"
B308,"=IF(ISERROR(_xlfn.IMAGE(""https://ir.ozone.ru/s3/multimedia-1-3/wc300/9481603935.jpg"")),""请使用新版Excel2024查看图片"",_xlfn.IMAGE(""https://ir.ozone.ru/s3/multimedia-1-3/wc300/9481603935.jpg""))"
B309,"=IF(ISERROR(_xlfn.IMAGE(""https://ir.ozone.ru/s3/multimedia-1-n/wc300/7228132403.jpg"")),""请使用新版Excel2024查看图片"",_xlfn.IMAGE(""https://ir.ozone.ru/s3/multimedia-1-n/wc300/7228132403.jpg""))"
B310,"=IF(ISERROR(_xlfn.IMAGE(""https://ir.ozone.ru/s3/multimedia-1-l/wc300/7270296717.jpg"")),""请使用新版Excel2024查看图片"",_xlfn.IMAGE(""https://ir.ozone.ru/s3/multimedia-1-l/wc300/7270296717.jpg""))"
B311,"=IF(ISERROR(_xlfn.IMAGE(""https://ir.ozone.ru/s3/multimedia-1-5/wc300/8249949689.jpg"")),""请使用新版Excel2024查看图片"",_xlfn.IMAGE(""https://ir.ozone.ru/s3/multimedia-1-5/wc300/8249949689.jpg""))"
B312,"=IF(ISERROR(_xlfn.IMAGE(""https://ir.ozone.ru/s3/multimedia-1-u/wc300/11174915370.jpg"")),""请使用新版Excel2024查看图片"",_xlfn.IMAGE(""https://ir.ozone.ru/s3/multimedia-1-u/wc300/11174915370.jpg""))"
B313,"=IF(ISERROR(_xlfn.IMAGE(""https://ir.ozone.ru/s3/multimedia-1-7/wc300/10322053279.jpg"")),""请使用新版Excel2024查看图片"",_xlfn.IMAGE(""https://ir.ozone.ru/s3/multimedia-1-7/wc300/10322053279.jpg""))"
B314,"=IF(ISERROR(_xlfn.IMAGE(""https://ir.ozone.ru/s3/multimedia-1-4/wc300/9495912748.jpg"")),""请使用新版Excel2024查看图片"",_xlfn.IMAGE(""https://ir.ozone.ru/s3/multimedia-1-4/wc300/9495912748.jpg""))"
B315,"=IF(ISERROR(_xlfn.IMAGE(""https://ir.ozone.ru/s3/multimedia-1-z/wc300/9495912707.jpg"")),""请使用新版Excel2024查看图片"",_xlfn.IMAGE(""https://ir.ozone.ru/s3/multimedia-1-z/wc300/9495912707.jpg""))"
B316,"=IF(ISERROR(_xlfn.IMAGE(""https://ir.ozone.ru/s3/multimedia-1-w/wc300/11306294816.jpg"")),""请使用新版Excel2024查看图片"",_xlfn.IMAGE(""https://ir.ozone.ru/s3/multimedia-1-w/wc300/11306294816.jpg""))"
B317,"=IF(ISERROR(_xlfn.IMAGE(""https://ir.ozone.ru/s3/multimedia-1-7/wc300/12463450855.jpg"")),""请使用新版Excel2024查看图片"",_xlfn.IMAGE(""https://ir.ozone.ru/s3/multimedia-1-7/wc300/12463450855.jpg""))"
B318,"=IF(ISERROR(_xlfn.IMAGE(""https://ir.ozone.ru/s3/multimedia-1-q/wc300/11405019446.jpg"")),""请使用新版Excel2024查看图片"",_xlfn.IMAGE(""https://ir.ozone.ru/s3/multimedia-1-q/wc300/11405019446.jpg""))"
B319,"=IF(ISERROR(_xlfn.IMAGE(""https://ir.ozone.ru/s3/multimedia-1-b/wc300/7206957623.jpg"")),""请使用新版Excel2024查看图片"",_xlfn.IMAGE(""https://ir.ozone.ru/s3/multimedia-1-b/wc300/7206957623.jpg""))"
B320,"=IF(ISERROR(_xlfn.IMAGE(""https://ir.ozone.ru/s3/multimedia-1-k/wc300/8824861172.jpg"")),""请使用新版Excel2024查看图片"",_xlfn.IMAGE(""https://ir.ozone.ru/s3/multimedia-1-k/wc300/8824861172.jpg""))"
B321,"=IF(ISERROR(_xlfn.IMAGE(""https://ir.ozone.ru/s3/multimedia-1-4/wc300/7248717436.jpg"")),""请使用新版Excel2024查看图片"",_xlfn.IMAGE(""https://ir.ozone.ru/s3/multimedia-1-4/wc300/7248717436.jpg""))"
B322,"=IF(ISERROR(_xlfn.IMAGE(""https://ir.ozone.ru/s3/multimedia-1-v/wc300/7433275135.jpg"")),""请使用新版Excel2024查看图片"",_xlfn.IMAGE(""https://ir.ozone.ru/s3/multimedia-1-v/wc300/7433275135.jpg""))"
B323,"=IF(ISERROR(_xlfn.IMAGE(""https://ir.ozone.ru/s3/multimedia-1-q/wc300/7533313226.jpg"")),""请使用新版Excel2024查看图片"",_xlfn.IMAGE(""https://ir.ozone.ru/s3/multimedia-1-q/wc300/7533313226.jpg""))"
B324,"=IF(ISERROR(_xlfn.IMAGE(""https://ir.ozone.ru/s3/multimedia-1-w/wc300/8249949608.jpg"")),""请使用新版Excel2024查看图片"",_xlfn.IMAGE(""https://ir.ozone.ru/s3/multimedia-1-w/wc300/8249949608.jpg""))"
B325,"=IF(ISERROR(_xlfn.IMAGE(""https://ir.ozone.ru/s3/multimedia-1-6/wc300/14889138234.jpg"")),""请使用新版Excel2024查看图片"",_xlfn.IMAGE(""https://ir.ozone.ru/s3/multimedia-1-6/wc300/14889138234.jpg""))"
B326,"=IF(ISERROR(_xlfn.IMAGE(""https://ir.ozone.ru/s3/multimedia-1-z/wc300/9120991895.jpg"")),""请使用新版Excel2024查看图片"",_xlfn.IMAGE(""https://ir.ozone.ru/s3/multimedia-1-z/wc300/9120991895.jpg""))"
B327,"=IF(ISERROR(_xlfn.IMAGE(""https://ir.ozone.ru/s3/multimedia-1-q/wc300/9117511946.jpg"")),""请使用新版Excel2024查看图片"",_xlfn.IMAGE(""https://ir.ozone.ru/s3/multimedia-1-q/wc300/9117511946.jpg""))"
B328,"=IF(ISERROR(_xlfn.IMAGE(""https://ir.ozone.ru/s3/multimedia-1-q/wc300/7745620850.jpg"")),""请使用新版Excel2024查看图片"",_xlfn.IMAGE(""https://ir.ozone.ru/s3/multimedia-1-q/wc300/7745620850.jpg""))"
B329,"=IF(ISERROR(_xlfn.IMAGE(""https://ir.ozone.ru/s3/multimedia-1-y/wc300/10958497018.jpg"")),""请使用新版Excel2024查看图片"",_xlfn.IMAGE(""https://ir.ozone.ru/s3/multimedia-1-y/wc300/10958497018.jpg""))"
B330,"=IF(ISERROR(_xlfn.IMAGE(""https://ir.ozone.ru/s3/multimedia-1-l/wc300/12237771081.jpg"")),""请使用新版Excel2024查看图片"",_xlfn.IMAGE(""https://ir.ozone.ru/s3/multimedia-1-l/wc300/12237771081.jpg""))"
B331,"=IF(ISERROR(_xlfn.IMAGE(""https://ir.ozone.ru/s3/multimedia-1-t/wc300/14197399949.jpg"")),""请使用新版Excel2024查看图片"",_xlfn.IMAGE(""https://ir.ozone.ru/s3/multimedia-1-t/wc300/14197399949.jpg""))"
B332,"=IF(ISERROR(_xlfn.IMAGE(""https://ir.ozone.ru/s3/multimedia-1-g/wc300/11910263344.jpg"")),""请使用新版Excel2024查看图片"",_xlfn.IMAGE(""https://ir.ozone.ru/s3/multimedia-1-g/wc300/11910263344.jpg""))"
B333,"=IF(ISERROR(_xlfn.IMAGE(""https://ir.ozone.ru/s3/multimedia-1-3/wc300/14961836271.jpg"")),""请使用新版Excel2024查看图片"",_xlfn.IMAGE(""https://ir.ozone.ru/s3/multimedia-1-3/wc300/14961836271.jpg""))"
B334,"=IF(ISERROR(_xlfn.IMAGE(""https://ir.ozone.ru/s3/multimedia-1-e/wc300/13474786370.jpg"")),""请使用新版Excel2024查看图片"",_xlfn.IMAGE(""https://ir.ozone.ru/s3/multimedia-1-e/wc300/13474786370.jpg""))"
B335,"=IF(ISERROR(_xlfn.IMAGE(""https://ir.ozone.ru/s3/multimedia-1-y/wc300/13870143106.jpg"")),""请使用新版Excel2024查看图片"",_xlfn.IMAGE(""https://ir.ozone.ru/s3/multimedia-1-y/wc300/13870143106.jpg""))"
B336,"=IF(ISERROR(_xlfn.IMAGE(""https://ir.ozone.ru/s3/multimedia-1-4/wc300/8245808536.jpg"")),""请使用新版Excel2024查看图片"",_xlfn.IMAGE(""https://ir.ozone.ru/s3/multimedia-1-4/wc300/8245808536.jpg""))"
B337,"=IF(ISERROR(_xlfn.IMAGE(""https://ir.ozone.ru/s3/multimedia-1-b/wc300/12664855883.jpg"")),""请使用新版Excel2024查看图片"",_xlfn.IMAGE(""https://ir.ozone.ru/s3/multimedia-1-b/wc300/12664855883.jpg""))"
B338,"=IF(ISERROR(_xlfn.IMAGE(""https://ir.ozone.ru/s3/multimedia-1-3/wc300/13988041347.jpg"")),""请使用新版Excel2024查看图片"",_xlfn.IMAGE(""https://ir.ozone.ru/s3/multimedia-1-3/wc300/13988041347.jpg""))"
B339,"=IF(ISERROR(_xlfn.IMAGE(""https://ir.ozone.ru/s3/multimedia-1-j/wc300/10090253359.jpg"")),""请使用新版Excel2024查看图片"",_xlfn.IMAGE(""https://ir.ozone.ru/s3/multimedia-1-j/wc300/10090253359.jpg""))"
B340,"=IF(ISERROR(_xlfn.IMAGE(""https://ir.ozone.ru/s3/multimedia-1-i/wc300/13039608942.jpg"")),""请使用新版Excel2024查看图片"",_xlfn.IMAGE(""https://ir.ozone.ru/s3/multimedia-1-i/wc300/13039608942.jpg""))"
B341,"=IF(ISERROR(_xlfn.IMAGE(""https://ir.ozone.ru/s3/multimedia-1-a/wc300/8400344554.jpg"")),""请使用新版Excel2024查看图片"",_xlfn.IMAGE(""https://ir.ozone.ru/s3/multimedia-1-a/wc300/8400344554.jpg""))"
B342,"=IF(ISERROR(_xlfn.IMAGE(""https://ir.ozone.ru/s3/multimedia-1-u/wc300/7101617574.jpg"")),""请使用新版Excel2024查看图片"",_xlfn.IMAGE(""https://ir.ozone.ru/s3/multimedia-1-u/wc300/7101617574.jpg""))"
B343,"=IF(ISERROR(_xlfn.IMAGE(""https://ir.ozone.ru/s3/multimedia-1-j/wc300/7013883007.jpg"")),""请使用新版Excel2024查看图片"",_xlfn.IMAGE(""https://ir.ozone.ru/s3/multimedia-1-j/wc300/7013883007.jpg""))"
B344,"=IF(ISERROR(_xlfn.IMAGE(""https://ir.ozone.ru/s3/multimedia-1-y/wc300/8824861222.jpg"")),""请使用新版Excel2024查看图片"",_xlfn.IMAGE(""https://ir.ozone.ru/s3/multimedia-1-y/wc300/8824861222.jpg""))"
B345,"=IF(ISERROR(_xlfn.IMAGE(""https://ir.ozone.ru/s3/multimedia-1-z/wc300/12739318415.jpg"")),""请使用新版Excel2024查看图片"",_xlfn.IMAGE(""https://ir.ozone.ru/s3/multimedia-1-z/wc300/12739318415.jpg""))"
B346,"=IF(ISERROR(_xlfn.IMAGE(""https://ir.ozone.ru/s3/multimedia-1-f/wc300/8645831727.jpg"")),""请使用新版Excel2024查看图片"",_xlfn.IMAGE(""https://ir.ozone.ru/s3/multimedia-1-f/wc300/8645831727.jpg""))"
B347,"=IF(ISERROR(_xlfn.IMAGE(""https://ir-20.ozone.ru/s3/multimedia-1-u/wc300/7047005286.jpg"")),""请使用新版Excel2024查看图片"",_xlfn.IMAGE(""https://ir-20.ozone.ru/s3/multimedia-1-u/wc300/7047005286.jpg""))"
B348,"=IF(ISERROR(_xlfn.IMAGE(""https://ir.ozone.ru/s3/multimedia-1-u/wc300/9215225310.jpg"")),""请使用新版Excel2024查看图片"",_xlfn.IMAGE(""https://ir.ozone.ru/s3/multimedia-1-u/wc300/9215225310.jpg""))"
B349,"=IF(ISERROR(_xlfn.IMAGE(""https://ir.ozone.ru/s3/multimedia-1-z/wc300/13870159451.jpg"")),""请使用新版Excel2024查看图片"",_xlfn.IMAGE(""https://ir.ozone.ru/s3/multimedia-1-z/wc300/13870159451.jpg""))"
B350,"=IF(ISERROR(_xlfn.IMAGE(""https://ir.ozone.ru/s3/multimedia-1-c/wc300/13189904508.jpg"")),""请使用新版Excel2024查看图片"",_xlfn.IMAGE(""https://ir.ozone.ru/s3/multimedia-1-c/wc300/13189904508.jpg""))"
B351,"=IF(ISERROR(_xlfn.IMAGE(""https://ir-20.ozone.ru/s3/multimedia-1-v/wc300/9504298507.jpg"")),""请使用新版Excel2024查看图片"",_xlfn.IMAGE(""https://ir-20.ozone.ru/s3/multimedia-1-v/wc300/9504298507.jpg""))"
B352,"=IF(ISERROR(_xlfn.IMAGE(""https://ir.ozone.ru/s3/multimedia-1-p/wc300/15280384453.jpg"")),""请使用新版Excel2024查看图片"",_xlfn.IMAGE(""https://ir.ozone.ru/s3/multimedia-1-p/wc300/15280384453.jpg""))"
B353,"=IF(ISERROR(_xlfn.IMAGE(""https://ir.ozone.ru/s3/multimedia-1-l/wc300/11984728089.jpg"")),""请使用新版Excel2024查看图片"",_xlfn.IMAGE(""https://ir.ozone.ru/s3/multimedia-1-l/wc300/11984728089.jpg""))"
B354,"=IF(ISERROR(_xlfn.IMAGE(""https://ir.ozone.ru/s3/multimedia-b/wc300/6842769527.jpg"")),""请使用新版Excel2024查看图片"",_xlfn.IMAGE(""https://ir.ozone.ru/s3/multimedia-b/wc300/6842769527.jpg""))"
B355,"=IF(ISERROR(_xlfn.IMAGE(""https://ir.ozone.ru/s3/multimedia-1-m/wc300/7013934814.jpg"")),""请使用新版Excel2024查看图片"",_xlfn.IMAGE(""https://ir.ozone.ru/s3/multimedia-1-m/wc300/7013934814.jpg""))"
B356,"=IF(ISERROR(_xlfn.IMAGE(""https://ir.ozone.ru/s3/multimedia-1-b/wc300/7533313211.jpg"")),""请使用新版Excel2024查看图片"",_xlfn.IMAGE(""https://ir.ozone.ru/s3/multimedia-1-b/wc300/7533313211.jpg""))"
B357,"=IF(ISERROR(_xlfn.IMAGE(""https://ir.ozone.ru/s3/multimedia-1-i/wc300/8350535538.jpg"")),""请使用新版Excel2024查看图片"",_xlfn.IMAGE(""https://ir.ozone.ru/s3/multimedia-1-i/wc300/8350535538.jpg""))"
B358,"=IF(ISERROR(_xlfn.IMAGE(""https://ir.ozone.ru/s3/multimedia-1-o/wc300/8343444660.jpg"")),""请使用新版Excel2024查看图片"",_xlfn.IMAGE(""https://ir.ozone.ru/s3/multimedia-1-o/wc300/8343444660.jpg""))"
B359,"=IF(ISERROR(_xlfn.IMAGE(""https://ir.ozone.ru/s3/multimedia-1-t/wc300/7992344117.jpg"")),""请使用新版Excel2024查看图片"",_xlfn.IMAGE(""https://ir.ozone.ru/s3/multimedia-1-t/wc300/7992344117.jpg""))"
B360,"=IF(ISERROR(_xlfn.IMAGE(""https://ir.ozone.ru/s3/multimedia-1-e/wc300/9925577618.jpg"")),""请使用新版Excel2024查看图片"",_xlfn.IMAGE(""https://ir.ozone.ru/s3/multimedia-1-e/wc300/9925577618.jpg""))"
B361,"=IF(ISERROR(_xlfn.IMAGE(""https://ir.ozone.ru/s3/multimedia-1-3/wc300/9495912783.jpg"")),""请使用新版Excel2024查看图片"",_xlfn.IMAGE(""https://ir.ozone.ru/s3/multimedia-1-3/wc300/9495912783.jpg""))"
B362,"=IF(ISERROR(_xlfn.IMAGE(""https://ir.ozone.ru/s3/multimedia-1-y/wc300/9347031502.jpg"")),""请使用新版Excel2024查看图片"",_xlfn.IMAGE(""https://ir.ozone.ru/s3/multimedia-1-y/wc300/9347031502.jpg""))"
B363,"=IF(ISERROR(_xlfn.IMAGE(""https://ir.ozone.ru/s3/multimedia-0/wc300/6723263448.jpg"")),""请使用新版Excel2024查看图片"",_xlfn.IMAGE(""https://ir.ozone.ru/s3/multimedia-0/wc300/6723263448.jpg""))"
B364,"=IF(ISERROR(_xlfn.IMAGE(""https://ir.ozone.ru/s3/multimedia-1-0/wc300/12472599384.jpg"")),""请使用新版Excel2024查看图片"",_xlfn.IMAGE(""https://ir.ozone.ru/s3/multimedia-1-0/wc300/12472599384.jpg""))"
B365,"=IF(ISERROR(_xlfn.IMAGE(""https://ir.ozone.ru/s3/multimedia-1-k/wc300/14462907788.jpg"")),""请使用新版Excel2024查看图片"",_xlfn.IMAGE(""https://ir.ozone.ru/s3/multimedia-1-k/wc300/14462907788.jpg""))"
B366,"=IF(ISERROR(_xlfn.IMAGE(""https://ir.ozone.ru/s3/multimedia-1-e/wc300/9845754314.jpg"")),""请使用新版Excel2024查看图片"",_xlfn.IMAGE(""https://ir.ozone.ru/s3/multimedia-1-e/wc300/9845754314.jpg""))"
B367,"=IF(ISERROR(_xlfn.IMAGE(""https://ir.ozone.ru/s3/multimedia-1-d/wc300/13407900673.jpg"")),""请使用新版Excel2024查看图片"",_xlfn.IMAGE(""https://ir.ozone.ru/s3/multimedia-1-d/wc300/13407900673.jpg""))"
B368,"=IF(ISERROR(_xlfn.IMAGE(""https://ir.ozone.ru/s3/multimedia-1-5/wc300/11740824401.jpg"")),""请使用新版Excel2024查看图片"",_xlfn.IMAGE(""https://ir.ozone.ru/s3/multimedia-1-5/wc300/11740824401.jpg""))"
B369,"=IF(ISERROR(_xlfn.IMAGE(""https://ir-20.ozone.ru/s3/multimedia-1-b/wc300/13474785647.jpg"")),""请使用新版Excel2024查看图片"",_xlfn.IMAGE(""https://ir-20.ozone.ru/s3/multimedia-1-b/wc300/13474785647.jpg""))"
B370,"=IF(ISERROR(_xlfn.IMAGE(""https://ir.ozone.ru/s3/multimedia-1-l/wc300/10653811941.jpg"")),""请使用新版Excel2024查看图片"",_xlfn.IMAGE(""https://ir.ozone.ru/s3/multimedia-1-l/wc300/10653811941.jpg""))"
B371,"=IF(ISERROR(_xlfn.IMAGE(""https://ir.ozone.ru/s3/multimedia-1-z/wc300/9495912959.jpg"")),""请使用新版Excel2024查看图片"",_xlfn.IMAGE(""https://ir.ozone.ru/s3/multimedia-1-z/wc300/9495912959.jpg""))"
B372,"=IF(ISERROR(_xlfn.IMAGE(""https://ir.ozone.ru/s3/multimedia-1-0/wc300/7140756564.jpg"")),""请使用新版Excel2024查看图片"",_xlfn.IMAGE(""https://ir.ozone.ru/s3/multimedia-1-0/wc300/7140756564.jpg""))"
B373,"=IF(ISERROR(_xlfn.IMAGE(""https://ir.ozone.ru/s3/multimedia-1-8/wc300/11302720748.jpg"")),""请使用新版Excel2024查看图片"",_xlfn.IMAGE(""https://ir.ozone.ru/s3/multimedia-1-8/wc300/11302720748.jpg""))"
B374,"=IF(ISERROR(_xlfn.IMAGE(""https://ir.ozone.ru/s3/multimedia-8/wc300/6840362276.jpg"")),""请使用新版Excel2024查看图片"",_xlfn.IMAGE(""https://ir.ozone.ru/s3/multimedia-8/wc300/6840362276.jpg""))"
B375,"=IF(ISERROR(_xlfn.IMAGE(""https://ir.ozone.ru/s3/multimedia-1-t/wc300/11436066209.jpg"")),""请使用新版Excel2024查看图片"",_xlfn.IMAGE(""https://ir.ozone.ru/s3/multimedia-1-t/wc300/11436066209.jpg""))"
B376,"=IF(ISERROR(_xlfn.IMAGE(""https://ir.ozone.ru/s3/multimedia-1-s/wc300/11988345808.jpg"")),""请使用新版Excel2024查看图片"",_xlfn.IMAGE(""https://ir.ozone.ru/s3/multimedia-1-s/wc300/11988345808.jpg""))"
B377,"=IF(ISERROR(_xlfn.IMAGE(""https://ir.ozone.ru/s3/multimedia-1-b/wc300/12664855883.jpg"")),""请使用新版Excel2024查看图片"",_xlfn.IMAGE(""https://ir.ozone.ru/s3/multimedia-1-b/wc300/12664855883.jpg""))"
B378,"=IF(ISERROR(_xlfn.IMAGE(""https://ir.ozone.ru/s3/multimedia-1-4/wc300/12355321324.jpg"")),""请使用新版Excel2024查看图片"",_xlfn.IMAGE(""https://ir.ozone.ru/s3/multimedia-1-4/wc300/12355321324.jpg""))"
B379,"=IF(ISERROR(_xlfn.IMAGE(""https://ir.ozone.ru/s3/multimedia-1-t/wc300/14765290301.jpg"")),""请使用新版Excel2024查看图片"",_xlfn.IMAGE(""https://ir.ozone.ru/s3/multimedia-1-t/wc300/14765290301.jpg""))"
B380,"=IF(ISERROR(_xlfn.IMAGE(""https://ir.ozone.ru/s3/multimedia-1-g/wc300/14360056108.jpg"")),""请使用新版Excel2024查看图片"",_xlfn.IMAGE(""https://ir.ozone.ru/s3/multimedia-1-g/wc300/14360056108.jpg""))"
B381,"=IF(ISERROR(_xlfn.IMAGE(""https://ir.ozone.ru/s3/multimedia-1-w/wc300/10175290448.jpg"")),""请使用新版Excel2024查看图片"",_xlfn.IMAGE(""https://ir.ozone.ru/s3/multimedia-1-w/wc300/10175290448.jpg""))"
B382,"=IF(ISERROR(_xlfn.IMAGE(""https://ir.ozone.ru/s3/multimedia-1-o/wc300/13474794552.jpg"")),""请使用新版Excel2024查看图片"",_xlfn.IMAGE(""https://ir.ozone.ru/s3/multimedia-1-o/wc300/13474794552.jpg""))"
B383,"=IF(ISERROR(_xlfn.IMAGE(""https://ir.ozone.ru/s3/multimedia-1-d/wc300/11567514901.jpg"")),""请使用新版Excel2024查看图片"",_xlfn.IMAGE(""https://ir.ozone.ru/s3/multimedia-1-d/wc300/11567514901.jpg""))"
B384,"=IF(ISERROR(_xlfn.IMAGE(""https://ir-20.ozone.ru/s3/multimedia-1-k/wc300/8946842276.jpg"")),""请使用新版Excel2024查看图片"",_xlfn.IMAGE(""https://ir-20.ozone.ru/s3/multimedia-1-k/wc300/8946842276.jpg""))"
B385,"=IF(ISERROR(_xlfn.IMAGE(""https://ir.ozone.ru/s3/multimedia-1-c/wc300/9138160668.jpg"")),""请使用新版Excel2024查看图片"",_xlfn.IMAGE(""https://ir.ozone.ru/s3/multimedia-1-c/wc300/9138160668.jpg""))"
B386,"=IF(ISERROR(_xlfn.IMAGE(""https://ir-20.ozone.ru/s3/multimedia-1-t/wc300/7992344117.jpg"")),""请使用新版Excel2024查看图片"",_xlfn.IMAGE(""https://ir-20.ozone.ru/s3/multimedia-1-t/wc300/7992344117.jpg""))"
B387,"=IF(ISERROR(_xlfn.IMAGE(""https://ir.ozone.ru/s3/multimedia-1-i/wc300/9872138682.jpg"")),""请使用新版Excel2024查看图片"",_xlfn.IMAGE(""https://ir.ozone.ru/s3/multimedia-1-i/wc300/9872138682.jpg""))"
B388,"=IF(ISERROR(_xlfn.IMAGE(""https://ir.ozone.ru/s3/multimedia-1-m/wc300/11998414858.jpg"")),""请使用新版Excel2024查看图片"",_xlfn.IMAGE(""https://ir.ozone.ru/s3/multimedia-1-m/wc300/11998414858.jpg""))"
B389,"=IF(ISERROR(_xlfn.IMAGE(""https://ir.ozone.ru/s3/multimedia-1-w/wc300/12542003312.jpg"")),""请使用新版Excel2024查看图片"",_xlfn.IMAGE(""https://ir.ozone.ru/s3/multimedia-1-w/wc300/12542003312.jpg""))"
B390,"=IF(ISERROR(_xlfn.IMAGE(""https://ir.ozone.ru/s3/multimedia-1-f/wc300/9720651579.jpg"")),""请使用新版Excel2024查看图片"",_xlfn.IMAGE(""https://ir.ozone.ru/s3/multimedia-1-f/wc300/9720651579.jpg""))"
B391,"=IF(ISERROR(_xlfn.IMAGE(""https://ir.ozone.ru/s3/multimedia-1-e/wc300/8683435238.jpg"")),""请使用新版Excel2024查看图片"",_xlfn.IMAGE(""https://ir.ozone.ru/s3/multimedia-1-e/wc300/8683435238.jpg""))"
B392,"=IF(ISERROR(_xlfn.IMAGE(""https://ir.ozone.ru/s3/multimedia-1-t/wc300/7224490829.jpg"")),""请使用新版Excel2024查看图片"",_xlfn.IMAGE(""https://ir.ozone.ru/s3/multimedia-1-t/wc300/7224490829.jpg""))"
B393,"=IF(ISERROR(_xlfn.IMAGE(""https://ir.ozone.ru/s3/multimedia-1-n/wc300/10952062871.jpg"")),""请使用新版Excel2024查看图片"",_xlfn.IMAGE(""https://ir.ozone.ru/s3/multimedia-1-n/wc300/10952062871.jpg""))"
B394,"=IF(ISERROR(_xlfn.IMAGE(""https://ir.ozone.ru/s3/multimedia-1-y/wc300/7433276146.jpg"")),""请使用新版Excel2024查看图片"",_xlfn.IMAGE(""https://ir.ozone.ru/s3/multimedia-1-y/wc300/7433276146.jpg""))"
B395,"=IF(ISERROR(_xlfn.IMAGE(""https://ir.ozone.ru/s3/multimedia-1-s/wc300/7570510264.jpg"")),""请使用新版Excel2024查看图片"",_xlfn.IMAGE(""https://ir.ozone.ru/s3/multimedia-1-s/wc300/7570510264.jpg""))"
B396,"=IF(ISERROR(_xlfn.IMAGE(""https://ir.ozone.ru/s3/multimedia-1-g/wc300/11852855584.jpg"")),""请使用新版Excel2024查看图片"",_xlfn.IMAGE(""https://ir.ozone.ru/s3/multimedia-1-g/wc300/11852855584.jpg""))"
B397,"=IF(ISERROR(_xlfn.IMAGE(""https://ir.ozone.ru/s3/multimedia-1-p/wc300/7533313117.jpg"")),""请使用新版Excel2024查看图片"",_xlfn.IMAGE(""https://ir.ozone.ru/s3/multimedia-1-p/wc300/7533313117.jpg""))"
B398,"=IF(ISERROR(_xlfn.IMAGE(""https://ir.ozone.ru/s3/multimedia-1-t/wc300/7992344117.jpg"")),""请使用新版Excel2024查看图片"",_xlfn.IMAGE(""https://ir.ozone.ru/s3/multimedia-1-t/wc300/7992344117.jpg""))"
B399,"=IF(ISERROR(_xlfn.IMAGE(""https://ir.ozone.ru/s3/multimedia-1-3/wc300/8036155371.jpg"")),""请使用新版Excel2024查看图片"",_xlfn.IMAGE(""https://ir.ozone.ru/s3/multimedia-1-3/wc300/8036155371.jpg""))"
B400,"=IF(ISERROR(_xlfn.IMAGE(""https://ir.ozone.ru/s3/multimedia-1-p/wc300/13859592613.jpg"")),""请使用新版Excel2024查看图片"",_xlfn.IMAGE(""https://ir.ozone.ru/s3/multimedia-1-p/wc300/13859592613.jpg""))"
B401,"=IF(ISERROR(_xlfn.IMAGE(""https://ir.ozone.ru/s3/multimedia-1-c/wc300/8343443856.jpg"")),""请使用新版Excel2024查看图片"",_xlfn.IMAGE(""https://ir.ozone.ru/s3/multimedia-1-c/wc300/8343443856.jpg""))"
B402,"=IF(ISERROR(_xlfn.IMAGE(""https://ir.ozone.ru/s3/multimedia-1-d/wc300/8474889757.jpg"")),""请使用新版Excel2024查看图片"",_xlfn.IMAGE(""https://ir.ozone.ru/s3/multimedia-1-d/wc300/8474889757.jpg""))"
B403,"=IF(ISERROR(_xlfn.IMAGE(""https://ir.ozone.ru/s3/multimedia-1-r/wc300/8851306311.jpg"")),""请使用新版Excel2024查看图片"",_xlfn.IMAGE(""https://ir.ozone.ru/s3/multimedia-1-r/wc300/8851306311.jpg""))"
B404,"=IF(ISERROR(_xlfn.IMAGE(""https://ir-20.ozone.ru/s3/multimedia-1-k/wc300/10125683732.jpg"")),""请使用新版Excel2024查看图片"",_xlfn.IMAGE(""https://ir-20.ozone.ru/s3/multimedia-1-k/wc300/10125683732.jpg""))"
B405,"=IF(ISERROR(_xlfn.IMAGE(""https://ir.ozone.ru/s3/multimedia-1-f/wc300/9891435291.jpg"")),""请使用新版Excel2024查看图片"",_xlfn.IMAGE(""https://ir.ozone.ru/s3/multimedia-1-f/wc300/9891435291.jpg""))"
B406,"=IF(ISERROR(_xlfn.IMAGE(""https://ir.ozone.ru/s3/multimedia-1-j/wc300/11586065887.jpg"")),""请使用新版Excel2024查看图片"",_xlfn.IMAGE(""https://ir.ozone.ru/s3/multimedia-1-j/wc300/11586065887.jpg""))"
B407,"=IF(ISERROR(_xlfn.IMAGE(""https://ir.ozone.ru/s3/multimedia-1-d/wc300/12142008517.jpg"")),""请使用新版Excel2024查看图片"",_xlfn.IMAGE(""https://ir.ozone.ru/s3/multimedia-1-d/wc300/12142008517.jpg""))"
B408,"=IF(ISERROR(_xlfn.IMAGE(""https://ir.ozone.ru/s3/multimedia-1-5/wc300/13274382461.jpg"")),""请使用新版Excel2024查看图片"",_xlfn.IMAGE(""https://ir.ozone.ru/s3/multimedia-1-5/wc300/13274382461.jpg""))"
B409,"=IF(ISERROR(_xlfn.IMAGE(""https://ir.ozone.ru/s3/multimedia-1-r/wc300/14768178147.jpg"")),""请使用新版Excel2024查看图片"",_xlfn.IMAGE(""https://ir.ozone.ru/s3/multimedia-1-r/wc300/14768178147.jpg""))"
B410,"=IF(ISERROR(_xlfn.IMAGE(""https://ir-20.ozone.ru/s3/multimedia-a/wc300/6895097038.jpg"")),""请使用新版Excel2024查看图片"",_xlfn.IMAGE(""https://ir-20.ozone.ru/s3/multimedia-a/wc300/6895097038.jpg""))"
B411,"=IF(ISERROR(_xlfn.IMAGE(""https://ir.ozone.ru/s3/multimedia-1-5/wc300/11740824401.jpg"")),""请使用新版Excel2024查看图片"",_xlfn.IMAGE(""https://ir.ozone.ru/s3/multimedia-1-5/wc300/11740824401.jpg""))"
B412,"=IF(ISERROR(_xlfn.IMAGE(""https://ir.ozone.ru/s3/multimedia-1-n/wc300/11839723727.jpg"")),""请使用新版Excel2024查看图片"",_xlfn.IMAGE(""https://ir.ozone.ru/s3/multimedia-1-n/wc300/11839723727.jpg""))"
B413,"=IF(ISERROR(_xlfn.IMAGE(""https://ir.ozone.ru/s3/multimedia-1-t/wc300/7538452373.jpg"")),""请使用新版Excel2024查看图片"",_xlfn.IMAGE(""https://ir.ozone.ru/s3/multimedia-1-t/wc300/7538452373.jpg""))"
B414,"=IF(ISERROR(_xlfn.IMAGE(""https://ir.ozone.ru/s3/multimedia-1-b/wc300/8851306511.jpg"")),""请使用新版Excel2024查看图片"",_xlfn.IMAGE(""https://ir.ozone.ru/s3/multimedia-1-b/wc300/8851306511.jpg""))"
B415,"=IF(ISERROR(_xlfn.IMAGE(""https://ir.ozone.ru/s3/multimedia-1-b/wc300/7509544319.jpg"")),""请使用新版Excel2024查看图片"",_xlfn.IMAGE(""https://ir.ozone.ru/s3/multimedia-1-b/wc300/7509544319.jpg""))"
B416,"=IF(ISERROR(_xlfn.IMAGE(""https://ir.ozone.ru/s3/multimedia-1-y/wc300/8992724722.jpg"")),""请使用新版Excel2024查看图片"",_xlfn.IMAGE(""https://ir.ozone.ru/s3/multimedia-1-y/wc300/8992724722.jpg""))"
B417,"=IF(ISERROR(_xlfn.IMAGE(""https://ir-20.ozone.ru/s3/multimedia-1-9/wc300/9725281425.jpg"")),""请使用新版Excel2024查看图片"",_xlfn.IMAGE(""https://ir-20.ozone.ru/s3/multimedia-1-9/wc300/9725281425.jpg""))"
B418,"=IF(ISERROR(_xlfn.IMAGE(""https://ir.ozone.ru/s3/multimedia-1-7/wc300/9345965263.jpg"")),""请使用新版Excel2024查看图片"",_xlfn.IMAGE(""https://ir.ozone.ru/s3/multimedia-1-7/wc300/9345965263.jpg""))"
B419,"=IF(ISERROR(_xlfn.IMAGE(""https://ir.ozone.ru/s3/multimedia-1-3/wc300/12360165591.jpg"")),""请使用新版Excel2024查看图片"",_xlfn.IMAGE(""https://ir.ozone.ru/s3/multimedia-1-3/wc300/12360165591.jpg""))"
B420,"=IF(ISERROR(_xlfn.IMAGE(""https://ir.ozone.ru/s3/multimedia-1-r/wc300/13871909043.jpg"")),""请使用新版Excel2024查看图片"",_xlfn.IMAGE(""https://ir.ozone.ru/s3/multimedia-1-r/wc300/13871909043.jpg""))"
B421,"=IF(ISERROR(_xlfn.IMAGE(""https://ir.ozone.ru/s3/multimedia-1-t/wc300/14425720841.jpg"")),""请使用新版Excel2024查看图片"",_xlfn.IMAGE(""https://ir.ozone.ru/s3/multimedia-1-t/wc300/14425720841.jpg""))"
B422,"=IF(ISERROR(_xlfn.IMAGE(""https://ir.ozone.ru/s3/multimedia-1-h/wc300/13948044137.jpg"")),""请使用新版Excel2024查看图片"",_xlfn.IMAGE(""https://ir.ozone.ru/s3/multimedia-1-h/wc300/13948044137.jpg""))"
B423,"=IF(ISERROR(_xlfn.IMAGE(""https://ir-20.ozone.ru/s3/multimedia-1-9/wc300/7831102221.jpg"")),""请使用新版Excel2024查看图片"",_xlfn.IMAGE(""https://ir-20.ozone.ru/s3/multimedia-1-9/wc300/7831102221.jpg""))"
B424,"=IF(ISERROR(_xlfn.IMAGE(""https://ir.ozone.ru/s3/multimedia-1-z/wc300/8240187779.jpg"")),""请使用新版Excel2024查看图片"",_xlfn.IMAGE(""https://ir.ozone.ru/s3/multimedia-1-z/wc300/8240187779.jpg""))"
B425,"=IF(ISERROR(_xlfn.IMAGE(""https://ir.ozone.ru/s3/multimedia-1-6/wc300/7221496434.jpg"")),""请使用新版Excel2024查看图片"",_xlfn.IMAGE(""https://ir.ozone.ru/s3/multimedia-1-6/wc300/7221496434.jpg""))"
B426,"=IF(ISERROR(_xlfn.IMAGE(""https://ir.ozone.ru/s3/multimedia-1-t/wc300/13424018357.jpg"")),""请使用新版Excel2024查看图片"",_xlfn.IMAGE(""https://ir.ozone.ru/s3/multimedia-1-t/wc300/13424018357.jpg""))"
B427,"=IF(ISERROR(_xlfn.IMAGE(""https://ir.ozone.ru/s3/multimedia-1-3/wc300/7513911687.jpg"")),""请使用新版Excel2024查看图片"",_xlfn.IMAGE(""https://ir.ozone.ru/s3/multimedia-1-3/wc300/7513911687.jpg""))"
B428,"=IF(ISERROR(_xlfn.IMAGE(""https://ir.ozone.ru/s3/multimedia-1-e/wc300/13407896174.jpg"")),""请使用新版Excel2024查看图片"",_xlfn.IMAGE(""https://ir.ozone.ru/s3/multimedia-1-e/wc300/13407896174.jpg""))"
B429,"=IF(ISERROR(_xlfn.IMAGE(""https://ir.ozone.ru/s3/multimedia-1-y/wc300/13344508834.jpg"")),""请使用新版Excel2024查看图片"",_xlfn.IMAGE(""https://ir.ozone.ru/s3/multimedia-1-y/wc300/13344508834.jpg""))"
B430,"=IF(ISERROR(_xlfn.IMAGE(""https://ir.ozone.ru/s3/multimedia-8/wc300/6766596296.jpg"")),""请使用新版Excel2024查看图片"",_xlfn.IMAGE(""https://ir.ozone.ru/s3/multimedia-8/wc300/6766596296.jpg""))"
B431,"=IF(ISERROR(_xlfn.IMAGE(""https://ir.ozone.ru/s3/multimedia-1-2/wc300/7739449922.jpg"")),""请使用新版Excel2024查看图片"",_xlfn.IMAGE(""https://ir.ozone.ru/s3/multimedia-1-2/wc300/7739449922.jpg""))"
B432,"=IF(ISERROR(_xlfn.IMAGE(""https://ir.ozone.ru/s3/multimedia-1-d/wc300/7533313141.jpg"")),""请使用新版Excel2024查看图片"",_xlfn.IMAGE(""https://ir.ozone.ru/s3/multimedia-1-d/wc300/7533313141.jpg""))"
B433,"=IF(ISERROR(_xlfn.IMAGE(""https://ir.ozone.ru/s3/multimedia-1-y/wc300/8086250086.jpg"")),""请使用新版Excel2024查看图片"",_xlfn.IMAGE(""https://ir.ozone.ru/s3/multimedia-1-y/wc300/8086250086.jpg""))"
B434,"=IF(ISERROR(_xlfn.IMAGE(""https://ir.ozone.ru/s3/multimedia-1-j/wc300/10198946899.jpg"")),""请使用新版Excel2024查看图片"",_xlfn.IMAGE(""https://ir.ozone.ru/s3/multimedia-1-j/wc300/10198946899.jpg""))"
B435,"=IF(ISERROR(_xlfn.IMAGE(""https://ir.ozone.ru/s3/multimedia-1-p/wc300/13859594125.jpg"")),""请使用新版Excel2024查看图片"",_xlfn.IMAGE(""https://ir.ozone.ru/s3/multimedia-1-p/wc300/13859594125.jpg""))"
B436,"=IF(ISERROR(_xlfn.IMAGE(""https://ir.ozone.ru/s3/multimedia-1-v/wc300/8249949571.jpg"")),""请使用新版Excel2024查看图片"",_xlfn.IMAGE(""https://ir.ozone.ru/s3/multimedia-1-v/wc300/8249949571.jpg""))"
B437,"=IF(ISERROR(_xlfn.IMAGE(""https://ir.ozone.ru/s3/multimedia-1-s/wc300/13859594776.jpg"")),""请使用新版Excel2024查看图片"",_xlfn.IMAGE(""https://ir.ozone.ru/s3/multimedia-1-s/wc300/13859594776.jpg""))"
B438,"=IF(ISERROR(_xlfn.IMAGE(""https://ir-20.ozone.ru/s3/multimedia-1-l/wc300/9895873341.jpg"")),""请使用新版Excel2024查看图片"",_xlfn.IMAGE(""https://ir-20.ozone.ru/s3/multimedia-1-l/wc300/9895873341.jpg""))"
B439,"=IF(ISERROR(_xlfn.IMAGE(""https://ir.ozone.ru/s3/multimedia-1-g/wc300/8824861384.jpg"")),""请使用新版Excel2024查看图片"",_xlfn.IMAGE(""https://ir.ozone.ru/s3/multimedia-1-g/wc300/8824861384.jpg""))"
B440,"=IF(ISERROR(_xlfn.IMAGE(""https://ir.ozone.ru/s3/multimedia-1-w/wc300/8275759412.jpg"")),""请使用新版Excel2024查看图片"",_xlfn.IMAGE(""https://ir.ozone.ru/s3/multimedia-1-w/wc300/8275759412.jpg""))"
B441,"=IF(ISERROR(_xlfn.IMAGE(""https://ir-20.ozone.ru/s3/multimedia-1-3/wc300/8851306431.jpg"")),""请使用新版Excel2024查看图片"",_xlfn.IMAGE(""https://ir-20.ozone.ru/s3/multimedia-1-3/wc300/8851306431.jpg""))"
B442,"=IF(ISERROR(_xlfn.IMAGE(""https://ir.ozone.ru/s3/multimedia-1-w/wc300/10591227212.jpg"")),""请使用新版Excel2024查看图片"",_xlfn.IMAGE(""https://ir.ozone.ru/s3/multimedia-1-w/wc300/10591227212.jpg""))"
B443,"=IF(ISERROR(_xlfn.IMAGE(""https://ir.ozone.ru/s3/multimedia-1-3/wc300/9870052035.jpg"")),""请使用新版Excel2024查看图片"",_xlfn.IMAGE(""https://ir.ozone.ru/s3/multimedia-1-3/wc300/9870052035.jpg""))"
B444,"=IF(ISERROR(_xlfn.IMAGE(""https://ir.ozone.ru/s3/multimedia-1-h/wc300/13940378585.jpg"")),""请使用新版Excel2024查看图片"",_xlfn.IMAGE(""https://ir.ozone.ru/s3/multimedia-1-h/wc300/13940378585.jpg""))"
B445,"=IF(ISERROR(_xlfn.IMAGE(""https://ir.ozone.ru/s3/multimedia-1-j/wc300/13935144871.jpg"")),""请使用新版Excel2024查看图片"",_xlfn.IMAGE(""https://ir.ozone.ru/s3/multimedia-1-j/wc300/13935144871.jpg""))"
B446,"=IF(ISERROR(_xlfn.IMAGE(""https://ir.ozone.ru/s3/multimedia-1-e/wc300/7038215186.jpg"")),""请使用新版Excel2024查看图片"",_xlfn.IMAGE(""https://ir.ozone.ru/s3/multimedia-1-e/wc300/7038215186.jpg""))"
B447,"=IF(ISERROR(_xlfn.IMAGE(""https://ir.ozone.ru/s3/multimedia-1-b/wc300/9671341043.jpg"")),""请使用新版Excel2024查看图片"",_xlfn.IMAGE(""https://ir.ozone.ru/s3/multimedia-1-b/wc300/9671341043.jpg""))"
B448,"=IF(ISERROR(_xlfn.IMAGE(""https://ir.ozone.ru/s3/multimedia-1-n/wc300/7120829579.jpg"")),""请使用新版Excel2024查看图片"",_xlfn.IMAGE(""https://ir.ozone.ru/s3/multimedia-1-n/wc300/7120829579.jpg""))"
B449,"=IF(ISERROR(_xlfn.IMAGE(""https://ir.ozone.ru/s3/multimedia-1-4/wc300/7570505236.jpg"")),""请使用新版Excel2024查看图片"",_xlfn.IMAGE(""https://ir.ozone.ru/s3/multimedia-1-4/wc300/7570505236.jpg""))"
B450,"=IF(ISERROR(_xlfn.IMAGE(""https://ir.ozone.ru/s3/multimedia-1-4/wc300/8006993500.jpg"")),""请使用新版Excel2024查看图片"",_xlfn.IMAGE(""https://ir.ozone.ru/s3/multimedia-1-4/wc300/8006993500.jpg""))"
B451,"=IF(ISERROR(_xlfn.IMAGE(""https://ir.ozone.ru/s3/multimedia-1-j/wc300/7704774163.jpg"")),""请使用新版Excel2024查看图片"",_xlfn.IMAGE(""https://ir.ozone.ru/s3/multimedia-1-j/wc300/7704774163.jpg""))"
B452,"=IF(ISERROR(_xlfn.IMAGE(""https://ir.ozone.ru/s3/multimedia-1-c/wc300/11928357552.jpg"")),""请使用新版Excel2024查看图片"",_xlfn.IMAGE(""https://ir.ozone.ru/s3/multimedia-1-c/wc300/11928357552.jpg""))"
B453,"=IF(ISERROR(_xlfn.IMAGE(""https://ir.ozone.ru/s3/multimedia-1-7/wc300/8338198471.jpg"")),""请使用新版Excel2024查看图片"",_xlfn.IMAGE(""https://ir.ozone.ru/s3/multimedia-1-7/wc300/8338198471.jpg""))"
B454,"=IF(ISERROR(_xlfn.IMAGE(""https://ir.ozone.ru/s3/multimedia-1-e/wc300/8931487910.jpg"")),""请使用新版Excel2024查看图片"",_xlfn.IMAGE(""https://ir.ozone.ru/s3/multimedia-1-e/wc300/8931487910.jpg""))"
B455,"=IF(ISERROR(_xlfn.IMAGE(""https://ir.ozone.ru/s3/multimedia-1-w/wc300/10885224344.jpg"")),""请使用新版Excel2024查看图片"",_xlfn.IMAGE(""https://ir.ozone.ru/s3/multimedia-1-w/wc300/10885224344.jpg""))"
B456,"=IF(ISERROR(_xlfn.IMAGE(""https://ir.ozone.ru/s3/multimedia-1/wc300/6723346609.jpg"")),""请使用新版Excel2024查看图片"",_xlfn.IMAGE(""https://ir.ozone.ru/s3/multimedia-1/wc300/6723346609.jpg""))"
B457,"=IF(ISERROR(_xlfn.IMAGE(""https://ir.ozone.ru/s3/multimedia-1-d/wc300/14962202257.jpg"")),""请使用新版Excel2024查看图片"",_xlfn.IMAGE(""https://ir.ozone.ru/s3/multimedia-1-d/wc300/14962202257.jpg""))"
B458,"=IF(ISERROR(_xlfn.IMAGE(""https://ir.ozone.ru/s3/multimedia-1-2/wc300/8678361494.jpg"")),""请使用新版Excel2024查看图片"",_xlfn.IMAGE(""https://ir.ozone.ru/s3/multimedia-1-2/wc300/8678361494.jpg""))"
B459,"=IF(ISERROR(_xlfn.IMAGE(""https://ir.ozone.ru/s3/multimedia-1-7/wc300/7064234719.jpg"")),""请使用新版Excel2024查看图片"",_xlfn.IMAGE(""https://ir.ozone.ru/s3/multimedia-1-7/wc300/7064234719.jpg""))"
B460,"=IF(ISERROR(_xlfn.IMAGE(""https://ir.ozone.ru/s3/multimedia-1-y/wc300/12337277470.jpg"")),""请使用新版Excel2024查看图片"",_xlfn.IMAGE(""https://ir.ozone.ru/s3/multimedia-1-y/wc300/12337277470.jpg""))"
B461,"=IF(ISERROR(_xlfn.IMAGE(""https://ir.ozone.ru/s3/multimedia-1-w/wc300/8323482632.jpg"")),""请使用新版Excel2024查看图片"",_xlfn.IMAGE(""https://ir.ozone.ru/s3/multimedia-1-w/wc300/8323482632.jpg""))"
B462,"=IF(ISERROR(_xlfn.IMAGE(""https://ir.ozone.ru/s3/multimedia-1-b/wc300/13743947999.jpg"")),""请使用新版Excel2024查看图片"",_xlfn.IMAGE(""https://ir.ozone.ru/s3/multimedia-1-b/wc300/13743947999.jpg""))"
B463,"=IF(ISERROR(_xlfn.IMAGE(""https://ir.ozone.ru/s3/multimedia-1-j/wc300/13940375131.jpg"")),""请使用新版Excel2024查看图片"",_xlfn.IMAGE(""https://ir.ozone.ru/s3/multimedia-1-j/wc300/13940375131.jpg""))"
B464,"=IF(ISERROR(_xlfn.IMAGE(""https://ir.ozone.ru/s3/multimedia-1-u/wc300/14331842562.jpg"")),""请使用新版Excel2024查看图片"",_xlfn.IMAGE(""https://ir.ozone.ru/s3/multimedia-1-u/wc300/14331842562.jpg""))"
B465,"=IF(ISERROR(_xlfn.IMAGE(""https://ir.ozone.ru/s3/multimedia-1-x/wc300/9898722789.jpg"")),""请使用新版Excel2024查看图片"",_xlfn.IMAGE(""https://ir.ozone.ru/s3/multimedia-1-x/wc300/9898722789.jpg""))"
B466,"=IF(ISERROR(_xlfn.IMAGE(""https://ir.ozone.ru/s3/multimedia-9/wc300/6666132357.jpg"")),""请使用新版Excel2024查看图片"",_xlfn.IMAGE(""https://ir.ozone.ru/s3/multimedia-9/wc300/6666132357.jpg""))"
B467,"=IF(ISERROR(_xlfn.IMAGE(""https://ir.ozone.ru/s3/multimedia-1-6/wc300/8061383094.jpg"")),""请使用新版Excel2024查看图片"",_xlfn.IMAGE(""https://ir.ozone.ru/s3/multimedia-1-6/wc300/8061383094.jpg""))"
B468,"=IF(ISERROR(_xlfn.IMAGE(""https://ir.ozone.ru/s3/multimedia-1-r/wc300/7125841359.jpg"")),""请使用新版Excel2024查看图片"",_xlfn.IMAGE(""https://ir.ozone.ru/s3/multimedia-1-r/wc300/7125841359.jpg""))"
B469,"=IF(ISERROR(_xlfn.IMAGE(""https://ir.ozone.ru/s3/multimedia-1-j/wc300/12066970879.jpg"")),""请使用新版Excel2024查看图片"",_xlfn.IMAGE(""https://ir.ozone.ru/s3/multimedia-1-j/wc300/12066970879.jpg""))"
B470,"=IF(ISERROR(_xlfn.IMAGE(""https://ir.ozone.ru/s3/multimedia-1-j/wc300/7652959615.jpg"")),""请使用新版Excel2024查看图片"",_xlfn.IMAGE(""https://ir.ozone.ru/s3/multimedia-1-j/wc300/7652959615.jpg""))"
B471,"=IF(ISERROR(_xlfn.IMAGE(""https://ir.ozone.ru/s3/multimedia-1-h/wc300/9165674357.jpg"")),""请使用新版Excel2024查看图片"",_xlfn.IMAGE(""https://ir.ozone.ru/s3/multimedia-1-h/wc300/9165674357.jpg""))"
B472,"=IF(ISERROR(_xlfn.IMAGE(""https://ir.ozone.ru/s3/multimedia-1-1/wc300/13870158769.jpg"")),""请使用新版Excel2024查看图片"",_xlfn.IMAGE(""https://ir.ozone.ru/s3/multimedia-1-1/wc300/13870158769.jpg""))"
B473,"=IF(ISERROR(_xlfn.IMAGE(""https://ir.ozone.ru/s3/multimedia-1-b/wc300/12467172719.jpg"")),""请使用新版Excel2024查看图片"",_xlfn.IMAGE(""https://ir.ozone.ru/s3/multimedia-1-b/wc300/12467172719.jpg""))"
B474,"=IF(ISERROR(_xlfn.IMAGE(""https://ir.ozone.ru/s3/multimedia-1-b/wc300/10372221587.jpg"")),""请使用新版Excel2024查看图片"",_xlfn.IMAGE(""https://ir.ozone.ru/s3/multimedia-1-b/wc300/10372221587.jpg""))"
B475,"=IF(ISERROR(_xlfn.IMAGE(""https://ir.ozone.ru/s3/multimedia-1-o/wc300/9120993864.jpg"")),""请使用新版Excel2024查看图片"",_xlfn.IMAGE(""https://ir.ozone.ru/s3/multimedia-1-o/wc300/9120993864.jpg""))"
B476,"=IF(ISERROR(_xlfn.IMAGE(""https://ir.ozone.ru/s3/multimedia-1-5/wc300/8851307441.jpg"")),""请使用新版Excel2024查看图片"",_xlfn.IMAGE(""https://ir.ozone.ru/s3/multimedia-1-5/wc300/8851307441.jpg""))"
B477,"=IF(ISERROR(_xlfn.IMAGE(""https://ir.ozone.ru/s3/multimedia-1-o/wc300/9032849808.jpg"")),""请使用新版Excel2024查看图片"",_xlfn.IMAGE(""https://ir.ozone.ru/s3/multimedia-1-o/wc300/9032849808.jpg""))"
B478,"=IF(ISERROR(_xlfn.IMAGE(""https://ir.ozone.ru/s3/multimedia-1-x/wc300/8851649217.jpg"")),""请使用新版Excel2024查看图片"",_xlfn.IMAGE(""https://ir.ozone.ru/s3/multimedia-1-x/wc300/8851649217.jpg""))"
B479,"=IF(ISERROR(_xlfn.IMAGE(""https://ir.ozone.ru/s3/multimedia-s/wc300/6626793484.jpg"")),""请使用新版Excel2024查看图片"",_xlfn.IMAGE(""https://ir.ozone.ru/s3/multimedia-s/wc300/6626793484.jpg""))"
B480,"=IF(ISERROR(_xlfn.IMAGE(""https://ir.ozone.ru/s3/multimedia-1-x/wc300/11243808717.jpg"")),""请使用新版Excel2024查看图片"",_xlfn.IMAGE(""https://ir.ozone.ru/s3/multimedia-1-x/wc300/11243808717.jpg""))"
B481,"=IF(ISERROR(_xlfn.IMAGE(""https://ir.ozone.ru/s3/multimedia-1-x/wc300/11306385681.jpg"")),""请使用新版Excel2024查看图片"",_xlfn.IMAGE(""https://ir.ozone.ru/s3/multimedia-1-x/wc300/11306385681.jpg""))"
B482,"=IF(ISERROR(_xlfn.IMAGE(""https://ir.ozone.ru/s3/multimedia-1-k/wc300/8254880804.jpg"")),""请使用新版Excel2024查看图片"",_xlfn.IMAGE(""https://ir.ozone.ru/s3/multimedia-1-k/wc300/8254880804.jpg""))"
B483,"=IF(ISERROR(_xlfn.IMAGE(""https://ir.ozone.ru/s3/multimedia-1-0/wc300/7270462188.jpg"")),""请使用新版Excel2024查看图片"",_xlfn.IMAGE(""https://ir.ozone.ru/s3/multimedia-1-0/wc300/7270462188.jpg""))"
B484,"=IF(ISERROR(_xlfn.IMAGE(""https://ir.ozone.ru/s3/multimedia-1-d/wc300/11434593253.jpg"")),""请使用新版Excel2024查看图片"",_xlfn.IMAGE(""https://ir.ozone.ru/s3/multimedia-1-d/wc300/11434593253.jpg""))"
B485,"=IF(ISERROR(_xlfn.IMAGE(""https://ir.ozone.ru/s3/multimedia-1-q/wc300/11405019446.jpg"")),""请使用新版Excel2024查看图片"",_xlfn.IMAGE(""https://ir.ozone.ru/s3/multimedia-1-q/wc300/11405019446.jpg""))"
B486,"=IF(ISERROR(_xlfn.IMAGE(""https://ir.ozone.ru/s3/multimedia-1-x/wc300/11532036273.jpg"")),""请使用新版Excel2024查看图片"",_xlfn.IMAGE(""https://ir.ozone.ru/s3/multimedia-1-x/wc300/11532036273.jpg""))"
B487,"=IF(ISERROR(_xlfn.IMAGE(""https://ir.ozone.ru/s3/multimedia-1-y/wc300/12539313826.jpg"")),""请使用新版Excel2024查看图片"",_xlfn.IMAGE(""https://ir.ozone.ru/s3/multimedia-1-y/wc300/12539313826.jpg""))"
B488,"=IF(ISERROR(_xlfn.IMAGE(""https://ir.ozone.ru/s3/multimedia-1-x/wc300/12627764133.jpg"")),""请使用新版Excel2024查看图片"",_xlfn.IMAGE(""https://ir.ozone.ru/s3/multimedia-1-x/wc300/12627764133.jpg""))"
B489,"=IF(ISERROR(_xlfn.IMAGE(""https://ir.ozone.ru/s3/multimedia-1-4/wc300/14488117456.jpg"")),""请使用新版Excel2024查看图片"",_xlfn.IMAGE(""https://ir.ozone.ru/s3/multimedia-1-4/wc300/14488117456.jpg""))"
B490,"=IF(ISERROR(_xlfn.IMAGE(""https://ir.ozone.ru/s3/multimedia-1-d/wc300/13988034301.jpg"")),""请使用新版Excel2024查看图片"",_xlfn.IMAGE(""https://ir.ozone.ru/s3/multimedia-1-d/wc300/13988034301.jpg""))"
B491,"=IF(ISERROR(_xlfn.IMAGE(""https://ir.ozone.ru/s3/multimedia-1-u/wc300/14122477686.jpg"")),""请使用新版Excel2024查看图片"",_xlfn.IMAGE(""https://ir.ozone.ru/s3/multimedia-1-u/wc300/14122477686.jpg""))"
B492,"=IF(ISERROR(_xlfn.IMAGE(""https://ir.ozone.ru/s3/multimedia-5/wc300/6747840581.jpg"")),""请使用新版Excel2024查看图片"",_xlfn.IMAGE(""https://ir.ozone.ru/s3/multimedia-5/wc300/6747840581.jpg""))"
B493,"=IF(ISERROR(_xlfn.IMAGE(""https://ir.ozone.ru/s3/multimedia-x/wc300/6834290469.jpg"")),""请使用新版Excel2024查看图片"",_xlfn.IMAGE(""https://ir.ozone.ru/s3/multimedia-x/wc300/6834290469.jpg""))"
B494,"=IF(ISERROR(_xlfn.IMAGE(""https://ir.ozone.ru/s3/multimedia-1-p/wc300/8803369429.jpg"")),""请使用新版Excel2024查看图片"",_xlfn.IMAGE(""https://ir.ozone.ru/s3/multimedia-1-p/wc300/8803369429.jpg""))"
B495,"=IF(ISERROR(_xlfn.IMAGE(""https://ir.ozone.ru/s3/multimedia-z/wc300/6390757895.jpg"")),""请使用新版Excel2024查看图片"",_xlfn.IMAGE(""https://ir.ozone.ru/s3/multimedia-z/wc300/6390757895.jpg""))"
B496,"=IF(ISERROR(_xlfn.IMAGE(""https://ir.ozone.ru/s3/multimedia-1-0/wc300/8824861512.jpg"")),""请使用新版Excel2024查看图片"",_xlfn.IMAGE(""https://ir.ozone.ru/s3/multimedia-1-0/wc300/8824861512.jpg""))"
B497,"=IF(ISERROR(_xlfn.IMAGE(""https://ir.ozone.ru/s3/multimedia-1-7/wc300/7384885819.jpg"")),""请使用新版Excel2024查看图片"",_xlfn.IMAGE(""https://ir.ozone.ru/s3/multimedia-1-7/wc300/7384885819.jpg""))"
B498,"=IF(ISERROR(_xlfn.IMAGE(""https://ir.ozone.ru/s3/multimedia-1-q/wc300/7129257938.jpg"")),""请使用新版Excel2024查看图片"",_xlfn.IMAGE(""https://ir.ozone.ru/s3/multimedia-1-q/wc300/7129257938.jpg""))"
B499,"=IF(ISERROR(_xlfn.IMAGE(""https://ir.ozone.ru/s3/multimedia-1-i/wc300/7433283186.jpg"")),""请使用新版Excel2024查看图片"",_xlfn.IMAGE(""https://ir.ozone.ru/s3/multimedia-1-i/wc300/7433283186.jpg""))"
B500,"=IF(ISERROR(_xlfn.IMAGE(""https://ir.ozone.ru/s3/multimedia-1-0/wc300/7601791428.jpg"")),""请使用新版Excel2024查看图片"",_xlfn.IMAGE(""https://ir.ozone.ru/s3/multimedia-1-0/wc300/7601791428.jpg""))"
B501,"=IF(ISERROR(_xlfn.IMAGE(""https://ir.ozone.ru/s3/multimedia-1-h/wc300/15028311293.jpg"")),""请使用新版Excel2024查看图片"",_xlfn.IMAGE(""https://ir.ozone.ru/s3/multimedia-1-h/wc300/15028311293.jpg""))"
B502,"=IF(ISERROR(_xlfn.IMAGE(""https://ir.ozone.ru/s3/multimedia-1-q/wc300/12841805042.jpg"")),""请使用新版Excel2024查看图片"",_xlfn.IMAGE(""https://ir.ozone.ru/s3/multimedia-1-q/wc300/12841805042.jpg""))"
B503,"=IF(ISERROR(_xlfn.IMAGE(""https://ir.ozone.ru/s3/multimedia-1-t/wc300/15028342733.jpg"")),""请使用新版Excel2024查看图片"",_xlfn.IMAGE(""https://ir.ozone.ru/s3/multimedia-1-t/wc300/15028342733.jpg""))"
B504,"=IF(ISERROR(_xlfn.IMAGE(""https://ir.ozone.ru/s3/multimedia-1-8/wc300/8028870128.jpg"")),""请使用新版Excel2024查看图片"",_xlfn.IMAGE(""https://ir.ozone.ru/s3/multimedia-1-8/wc300/8028870128.jpg""))"
B505,"=IF(ISERROR(_xlfn.IMAGE(""https://ir.ozone.ru/s3/multimedia-1-2/wc300/11890205102.jpg"")),""请使用新版Excel2024查看图片"",_xlfn.IMAGE(""https://ir.ozone.ru/s3/multimedia-1-2/wc300/11890205102.jpg""))"
B506,"=IF(ISERROR(_xlfn.IMAGE(""https://ir.ozone.ru/s3/multimedia-1-1/wc300/8249949829.jpg"")),""请使用新版Excel2024查看图片"",_xlfn.IMAGE(""https://ir.ozone.ru/s3/multimedia-1-1/wc300/8249949829.jpg""))"
B507,"=IF(ISERROR(_xlfn.IMAGE(""https://ir.ozone.ru/s3/multimedia-1-j/wc300/15152728843.jpg"")),""请使用新版Excel2024查看图片"",_xlfn.IMAGE(""https://ir.ozone.ru/s3/multimedia-1-j/wc300/15152728843.jpg""))"
B508,"=IF(ISERROR(_xlfn.IMAGE(""https://ir.ozone.ru/s3/multimedia-1-5/wc300/7933764029.jpg"")),""请使用新版Excel2024查看图片"",_xlfn.IMAGE(""https://ir.ozone.ru/s3/multimedia-1-5/wc300/7933764029.jpg""))"
B509,"=IF(ISERROR(_xlfn.IMAGE(""https://ir.ozone.ru/s3/multimedia-1-i/wc300/7992252630.jpg"")),""请使用新版Excel2024查看图片"",_xlfn.IMAGE(""https://ir.ozone.ru/s3/multimedia-1-i/wc300/7992252630.jpg""))"
B510,"=IF(ISERROR(_xlfn.IMAGE(""https://ir.ozone.ru/s3/multimedia-1-e/wc300/9797048078.jpg"")),""请使用新版Excel2024查看图片"",_xlfn.IMAGE(""https://ir.ozone.ru/s3/multimedia-1-e/wc300/9797048078.jpg""))"
B511,"=IF(ISERROR(_xlfn.IMAGE(""https://ir.ozone.ru/s3/multimedia-1-f/wc300/9604247919.jpg"")),""请使用新版Excel2024查看图片"",_xlfn.IMAGE(""https://ir.ozone.ru/s3/multimedia-1-f/wc300/9604247919.jpg""))"
B512,"=IF(ISERROR(_xlfn.IMAGE(""https://ir.ozone.ru/s3/multimedia-1-y/wc300/9495912742.jpg"")),""请使用新版Excel2024查看图片"",_xlfn.IMAGE(""https://ir.ozone.ru/s3/multimedia-1-y/wc300/9495912742.jpg""))"
B513,"=IF(ISERROR(_xlfn.IMAGE(""https://ir.ozone.ru/s3/multimedia-j/wc300/6636338047.jpg"")),""请使用新版Excel2024查看图片"",_xlfn.IMAGE(""https://ir.ozone.ru/s3/multimedia-j/wc300/6636338047.jpg""))"
B514,"=IF(ISERROR(_xlfn.IMAGE(""https://ir-20.ozone.ru/s3/multimedia-1-k/wc300/8254876124.jpg"")),""请使用新版Excel2024查看图片"",_xlfn.IMAGE(""https://ir-20.ozone.ru/s3/multimedia-1-k/wc300/8254876124.jpg""))"
B515,"=IF(ISERROR(_xlfn.IMAGE(""https://ir-20.ozone.ru/s3/multimedia-1-p/wc300/12572676817.jpg"")),""请使用新版Excel2024查看图片"",_xlfn.IMAGE(""https://ir-20.ozone.ru/s3/multimedia-1-p/wc300/12572676817.jpg""))"
B516,"=IF(ISERROR(_xlfn.IMAGE(""https://ir.ozone.ru/s3/multimedia-1-n/wc300/14360055827.jpg"")),""请使用新版Excel2024查看图片"",_xlfn.IMAGE(""https://ir.ozone.ru/s3/multimedia-1-n/wc300/14360055827.jpg""))"
B517,"=IF(ISERROR(_xlfn.IMAGE(""https://ir.ozone.ru/s3/multimedia-1-i/wc300/7044185790.jpg"")),""请使用新版Excel2024查看图片"",_xlfn.IMAGE(""https://ir.ozone.ru/s3/multimedia-1-i/wc300/7044185790.jpg""))"
B518,"=IF(ISERROR(_xlfn.IMAGE(""https://ir.ozone.ru/s3/multimedia-1-g/wc300/7224239500.jpg"")),""请使用新版Excel2024查看图片"",_xlfn.IMAGE(""https://ir.ozone.ru/s3/multimedia-1-g/wc300/7224239500.jpg""))"
B519,"=IF(ISERROR(_xlfn.IMAGE(""https://ir.ozone.ru/s3/multimedia-1-y/wc300/7150980598.jpg"")),""请使用新版Excel2024查看图片"",_xlfn.IMAGE(""https://ir.ozone.ru/s3/multimedia-1-y/wc300/7150980598.jpg""))"
B520,"=IF(ISERROR(_xlfn.IMAGE(""https://ir.ozone.ru/s3/multimedia-1-i/wc300/11809967454.jpg"")),""请使用新版Excel2024查看图片"",_xlfn.IMAGE(""https://ir.ozone.ru/s3/multimedia-1-i/wc300/11809967454.jpg""))"
B521,"=IF(ISERROR(_xlfn.IMAGE(""https://ir.ozone.ru/s3/multimedia-1-w/wc300/14560109816.jpg"")),""请使用新版Excel2024查看图片"",_xlfn.IMAGE(""https://ir.ozone.ru/s3/multimedia-1-w/wc300/14560109816.jpg""))"
B522,"=IF(ISERROR(_xlfn.IMAGE(""https://ir.ozone.ru/s3/multimedia-1-i/wc300/7992252630.jpg"")),""请使用新版Excel2024查看图片"",_xlfn.IMAGE(""https://ir.ozone.ru/s3/multimedia-1-i/wc300/7992252630.jpg""))"
B523,"=IF(ISERROR(_xlfn.IMAGE(""https://ir.ozone.ru/s3/multimedia-1-w/wc300/7919872376.jpg"")),""请使用新版Excel2024查看图片"",_xlfn.IMAGE(""https://ir.ozone.ru/s3/multimedia-1-w/wc300/7919872376.jpg""))"
B524,"=IF(ISERROR(_xlfn.IMAGE(""https://ir.ozone.ru/s3/multimedia-1-4/wc300/13996111288.jpg"")),""请使用新版Excel2024查看图片"",_xlfn.IMAGE(""https://ir.ozone.ru/s3/multimedia-1-4/wc300/13996111288.jpg""))"
B525,"=IF(ISERROR(_xlfn.IMAGE(""https://ir.ozone.ru/s3/multimedia-1-u/wc300/7313728746.jpg"")),""请使用新版Excel2024查看图片"",_xlfn.IMAGE(""https://ir.ozone.ru/s3/multimedia-1-u/wc300/7313728746.jpg""))"
B526,"=IF(ISERROR(_xlfn.IMAGE(""https://ir.ozone.ru/s3/multimedia-1-1/wc300/8370823321.jpg"")),""请使用新版Excel2024查看图片"",_xlfn.IMAGE(""https://ir.ozone.ru/s3/multimedia-1-1/wc300/8370823321.jpg""))"
B527,"=IF(ISERROR(_xlfn.IMAGE(""https://ir.ozone.ru/s3/multimedia-1-i/wc300/7992252630.jpg"")),""请使用新版Excel2024查看图片"",_xlfn.IMAGE(""https://ir.ozone.ru/s3/multimedia-1-i/wc300/7992252630.jpg""))"
B528,"=IF(ISERROR(_xlfn.IMAGE(""https://ir.ozone.ru/s3/multimedia-1-d/wc300/12921366865.jpg"")),""请使用新版Excel2024查看图片"",_xlfn.IMAGE(""https://ir.ozone.ru/s3/multimedia-1-d/wc300/12921366865.jpg""))"
B529,"=IF(ISERROR(_xlfn.IMAGE(""https://ir.ozone.ru/s3/multimedia-1-t/wc300/7992344117.jpg"")),""请使用新版Excel2024查看图片"",_xlfn.IMAGE(""https://ir.ozone.ru/s3/multimedia-1-t/wc300/7992344117.jpg""))"
B530,"=IF(ISERROR(_xlfn.IMAGE(""https://ir.ozone.ru/s3/multimedia-1-u/wc300/10438978818.jpg"")),""请使用新版Excel2024查看图片"",_xlfn.IMAGE(""https://ir.ozone.ru/s3/multimedia-1-u/wc300/10438978818.jpg""))"
B531,"=IF(ISERROR(_xlfn.IMAGE(""https://ir.ozone.ru/s3/multimedia-1-0/wc300/8947075896.jpg"")),""请使用新版Excel2024查看图片"",_xlfn.IMAGE(""https://ir.ozone.ru/s3/multimedia-1-0/wc300/8947075896.jpg""))"
B532,"=IF(ISERROR(_xlfn.IMAGE(""https://ir.ozone.ru/s3/multimedia-1-f/wc300/7962446679.jpg"")),""请使用新版Excel2024查看图片"",_xlfn.IMAGE(""https://ir.ozone.ru/s3/multimedia-1-f/wc300/7962446679.jpg""))"
B533,"=IF(ISERROR(_xlfn.IMAGE(""https://ir.ozone.ru/s3/multimedia-1-n/wc300/9495912875.jpg"")),""请使用新版Excel2024查看图片"",_xlfn.IMAGE(""https://ir.ozone.ru/s3/multimedia-1-n/wc300/9495912875.jpg""))"
B534,"=IF(ISERROR(_xlfn.IMAGE(""https://ir.ozone.ru/s3/multimedia-1-t/wc300/9694767629.jpg"")),""请使用新版Excel2024查看图片"",_xlfn.IMAGE(""https://ir.ozone.ru/s3/multimedia-1-t/wc300/9694767629.jpg""))"
B535,"=IF(ISERROR(_xlfn.IMAGE(""https://ir.ozone.ru/s3/multimedia-1-5/wc300/10617515969.jpg"")),""请使用新版Excel2024查看图片"",_xlfn.IMAGE(""https://ir.ozone.ru/s3/multimedia-1-5/wc300/10617515969.jpg""))"
B536,"=IF(ISERROR(_xlfn.IMAGE(""https://ir.ozone.ru/s3/multimedia-1-b/wc300/10088407775.jpg"")),""请使用新版Excel2024查看图片"",_xlfn.IMAGE(""https://ir.ozone.ru/s3/multimedia-1-b/wc300/10088407775.jpg""))"
B537,"=IF(ISERROR(_xlfn.IMAGE(""https://ir.ozone.ru/s3/multimedia-1-o/wc300/10757752044.jpg"")),""请使用新版Excel2024查看图片"",_xlfn.IMAGE(""https://ir.ozone.ru/s3/multimedia-1-o/wc300/10757752044.jpg""))"
B538,"=IF(ISERROR(_xlfn.IMAGE(""https://ir.ozone.ru/s3/multimedia-1-y/wc300/8947076902.jpg"")),""请使用新版Excel2024查看图片"",_xlfn.IMAGE(""https://ir.ozone.ru/s3/multimedia-1-y/wc300/8947076902.jpg""))"
B539,"=IF(ISERROR(_xlfn.IMAGE(""https://ir.ozone.ru/s3/multimedia-1-g/wc300/11024219860.jpg"")),""请使用新版Excel2024查看图片"",_xlfn.IMAGE(""https://ir.ozone.ru/s3/multimedia-1-g/wc300/11024219860.jpg""))"
B540,"=IF(ISERROR(_xlfn.IMAGE(""https://ir.ozone.ru/s3/multimedia-8/wc300/6840362276.jpg"")),""请使用新版Excel2024查看图片"",_xlfn.IMAGE(""https://ir.ozone.ru/s3/multimedia-8/wc300/6840362276.jpg""))"
B541,"=IF(ISERROR(_xlfn.IMAGE(""https://ir.ozone.ru/s3/multimedia-1-p/wc300/12219763669.jpg"")),""请使用新版Excel2024查看图片"",_xlfn.IMAGE(""https://ir.ozone.ru/s3/multimedia-1-p/wc300/12219763669.jpg""))"
B542,"=IF(ISERROR(_xlfn.IMAGE(""https://ir.ozone.ru/s3/multimedia-1-7/wc300/12122505907.jpg"")),""请使用新版Excel2024查看图片"",_xlfn.IMAGE(""https://ir.ozone.ru/s3/multimedia-1-7/wc300/12122505907.jpg""))"
B543,"=IF(ISERROR(_xlfn.IMAGE(""https://ir.ozone.ru/s3/multimedia-1-u/wc300/13222499934.jpg"")),""请使用新版Excel2024查看图片"",_xlfn.IMAGE(""https://ir.ozone.ru/s3/multimedia-1-u/wc300/13222499934.jpg""))"
B544,"=IF(ISERROR(_xlfn.IMAGE(""https://ir.ozone.ru/s3/multimedia-1-i/wc300/13996109898.jpg"")),""请使用新版Excel2024查看图片"",_xlfn.IMAGE(""https://ir.ozone.ru/s3/multimedia-1-i/wc300/13996109898.jpg""))"
B545,"=IF(ISERROR(_xlfn.IMAGE(""https://ir.ozone.ru/s3/multimedia-1-o/wc300/14113451508.jpg"")),""请使用新版Excel2024查看图片"",_xlfn.IMAGE(""https://ir.ozone.ru/s3/multimedia-1-o/wc300/14113451508.jpg""))"
B546,"=IF(ISERROR(_xlfn.IMAGE(""https://ir.ozone.ru/s3/multimedia-1-4/wc300/14488117456.jpg"")),""请使用新版Excel2024查看图片"",_xlfn.IMAGE(""https://ir.ozone.ru/s3/multimedia-1-4/wc300/14488117456.jpg""))"
B547,"=IF(ISERROR(_xlfn.IMAGE(""https://ir.ozone.ru/s3/multimedia-1-3/wc300/13996110711.jpg"")),""请使用新版Excel2024查看图片"",_xlfn.IMAGE(""https://ir.ozone.ru/s3/multimedia-1-3/wc300/13996110711.jpg""))"
B548,"=IF(ISERROR(_xlfn.IMAGE(""https://ir.ozone.ru/s3/multimedia-1-5/wc300/14765498321.jpg"")),""请使用新版Excel2024查看图片"",_xlfn.IMAGE(""https://ir.ozone.ru/s3/multimedia-1-5/wc300/14765498321.jpg""))"
B549,"=IF(ISERROR(_xlfn.IMAGE(""https://ir.ozone.ru/s3/multimedia-1-4/wc300/14488117456.jpg"")),""请使用新版Excel2024查看图片"",_xlfn.IMAGE(""https://ir.ozone.ru/s3/multimedia-1-4/wc300/14488117456.jpg""))"
B550,"=IF(ISERROR(_xlfn.IMAGE(""https://ir.ozone.ru/s3/multimedia-1-4/wc300/14488117456.jpg"")),""请使用新版Excel2024查看图片"",_xlfn.IMAGE(""https://ir.ozone.ru/s3/multimedia-1-4/wc300/14488117456.jpg""))"
B551,"=IF(ISERROR(_xlfn.IMAGE(""https://ir.ozone.ru/s3/multimedia-1-4/wc300/14488117456.jpg"")),""请使用新版Excel2024查看图片"",_xlfn.IMAGE(""https://ir.ozone.ru/s3/multimedia-1-4/wc300/14488117456.jpg""))"
B552,"=IF(ISERROR(_xlfn.IMAGE(""https://ir.ozone.ru/s3/multimedia-1-4/wc300/14488117456.jpg"")),""请使用新版Excel2024查看图片"",_xlfn.IMAGE(""https://ir.ozone.ru/s3/multimedia-1-4/wc300/14488117456.jpg""))"
B553,"=IF(ISERROR(_xlfn.IMAGE(""https://ir-20.ozone.ru/s3/multimedia-1-4/wc300/14488117456.jpg"")),""请使用新版Excel2024查看图片"",_xlfn.IMAGE(""https://ir-20.ozone.ru/s3/multimedia-1-4/wc300/14488117456.jpg""))"
B554,"=IF(ISERROR(_xlfn.IMAGE(""https://ir-20.ozone.ru/s3/multimedia-1-4/wc300/14488117456.jpg"")),""请使用新版Excel2024查看图片"",_xlfn.IMAGE(""https://ir-20.ozone.ru/s3/multimedia-1-4/wc300/14488117456.jpg""))"
B555,"=IF(ISERROR(_xlfn.IMAGE(""https://ir-20.ozone.ru/s3/multimedia-1-4/wc300/14488117456.jpg"")),""请使用新版Excel2024查看图片"",_xlfn.IMAGE(""https://ir-20.ozone.ru/s3/multimedia-1-4/wc300/14488117456.jpg""))"
B556,"=IF(ISERROR(_xlfn.IMAGE(""https://ir.ozone.ru/s3/multimedia-1-8/wc300/9845822132.jpg"")),""请使用新版Excel2024查看图片"",_xlfn.IMAGE(""https://ir.ozone.ru/s3/multimedia-1-8/wc300/9845822132.jpg""))"
B557,"=IF(ISERROR(_xlfn.IMAGE(""https://ir.ozone.ru/s3/multimedia-1-3/wc300/7438946403.jpg"")),""请使用新版Excel2024查看图片"",_xlfn.IMAGE(""https://ir.ozone.ru/s3/multimedia-1-3/wc300/7438946403.jpg""))"
B558,"=IF(ISERROR(_xlfn.IMAGE(""https://ir-20.ozone.ru/s3/multimedia-1-1/wc300/7082557345.jpg"")),""请使用新版Excel2024查看图片"",_xlfn.IMAGE(""https://ir-20.ozone.ru/s3/multimedia-1-1/wc300/7082557345.jpg""))"
B559,"=IF(ISERROR(_xlfn.IMAGE(""https://ir.ozone.ru/s3/multimedia-1-6/wc300/10088408526.jpg"")),""请使用新版Excel2024查看图片"",_xlfn.IMAGE(""https://ir.ozone.ru/s3/multimedia-1-6/wc300/10088408526.jpg""))"
B560,"=IF(ISERROR(_xlfn.IMAGE(""https://ir-20.ozone.ru/s3/multimedia-1-q/wc300/8845936298.jpg"")),""请使用新版Excel2024查看图片"",_xlfn.IMAGE(""https://ir-20.ozone.ru/s3/multimedia-1-q/wc300/8845936298.jpg""))"
B561,"=IF(ISERROR(_xlfn.IMAGE(""https://ir.ozone.ru/s3/multimedia-l/wc300/6679315533.jpg"")),""请使用新版Excel2024查看图片"",_xlfn.IMAGE(""https://ir.ozone.ru/s3/multimedia-l/wc300/6679315533.jpg""))"
B562,"=IF(ISERROR(_xlfn.IMAGE(""https://ir.ozone.ru/s3/multimedia-1-3/wc300/7581010431.jpg"")),""请使用新版Excel2024查看图片"",_xlfn.IMAGE(""https://ir.ozone.ru/s3/multimedia-1-3/wc300/7581010431.jpg""))"
B563,"=IF(ISERROR(_xlfn.IMAGE(""https://ir.ozone.ru/s3/multimedia-1-a/wc300/6943851622.jpg"")),""请使用新版Excel2024查看图片"",_xlfn.IMAGE(""https://ir.ozone.ru/s3/multimedia-1-a/wc300/6943851622.jpg""))"
B564,"=IF(ISERROR(_xlfn.IMAGE(""https://ir.ozone.ru/s3/multimedia-1-2/wc300/8839509806.jpg"")),""请使用新版Excel2024查看图片"",_xlfn.IMAGE(""https://ir.ozone.ru/s3/multimedia-1-2/wc300/8839509806.jpg""))"
B565,"=IF(ISERROR(_xlfn.IMAGE(""https://ir.ozone.ru/s3/multimedia-1-h/wc300/9900666053.jpg"")),""请使用新版Excel2024查看图片"",_xlfn.IMAGE(""https://ir.ozone.ru/s3/multimedia-1-h/wc300/9900666053.jpg""))"
B566,"=IF(ISERROR(_xlfn.IMAGE(""https://ir.ozone.ru/s3/multimedia-1-z/wc300/9898587755.jpg"")),""请使用新版Excel2024查看图片"",_xlfn.IMAGE(""https://ir.ozone.ru/s3/multimedia-1-z/wc300/9898587755.jpg""))"
B567,"=IF(ISERROR(_xlfn.IMAGE(""https://ir.ozone.ru/s3/multimedia-1-3/wc300/7115470923.jpg"")),""请使用新版Excel2024查看图片"",_xlfn.IMAGE(""https://ir.ozone.ru/s3/multimedia-1-3/wc300/7115470923.jpg""))"
B568,"=IF(ISERROR(_xlfn.IMAGE(""https://ir-20.ozone.ru/s3/multimedia-1-9/wc300/7339834305.jpg"")),""请使用新版Excel2024查看图片"",_xlfn.IMAGE(""https://ir-20.ozone.ru/s3/multimedia-1-9/wc300/7339834305.jpg""))"
B569,"=IF(ISERROR(_xlfn.IMAGE(""https://ir.ozone.ru/s3/multimedia-1-7/wc300/11833388107.jpg"")),""请使用新版Excel2024查看图片"",_xlfn.IMAGE(""https://ir.ozone.ru/s3/multimedia-1-7/wc300/11833388107.jpg""))"
B570,"=IF(ISERROR(_xlfn.IMAGE(""https://ir.ozone.ru/s3/multimedia-1-f/wc300/12847940187.jpg"")),""请使用新版Excel2024查看图片"",_xlfn.IMAGE(""https://ir.ozone.ru/s3/multimedia-1-f/wc300/12847940187.jpg""))"
B571,"=IF(ISERROR(_xlfn.IMAGE(""https://ir.ozone.ru/s3/multimedia-1-l/wc300/7507831089.jpg"")),""请使用新版Excel2024查看图片"",_xlfn.IMAGE(""https://ir.ozone.ru/s3/multimedia-1-l/wc300/7507831089.jpg""))"
B572,"=IF(ISERROR(_xlfn.IMAGE(""https://ir.ozone.ru/s3/multimedia-1-v/wc300/9742502263.jpg"")),""请使用新版Excel2024查看图片"",_xlfn.IMAGE(""https://ir.ozone.ru/s3/multimedia-1-v/wc300/9742502263.jpg""))"
B573,"=IF(ISERROR(_xlfn.IMAGE(""https://ir.ozone.ru/s3/multimedia-1-1/wc300/7547350897.jpg"")),""请使用新版Excel2024查看图片"",_xlfn.IMAGE(""https://ir.ozone.ru/s3/multimedia-1-1/wc300/7547350897.jpg""))"
B574,"=IF(ISERROR(_xlfn.IMAGE(""https://ir.ozone.ru/s3/multimedia-1-0/wc300/10544455260.jpg"")),""请使用新版Excel2024查看图片"",_xlfn.IMAGE(""https://ir.ozone.ru/s3/multimedia-1-0/wc300/10544455260.jpg""))"
B575,"=IF(ISERROR(_xlfn.IMAGE(""https://ir.ozone.ru/s3/multimedia-1-t/wc300/14560108661.jpg"")),""请使用新版Excel2024查看图片"",_xlfn.IMAGE(""https://ir.ozone.ru/s3/multimedia-1-t/wc300/14560108661.jpg""))"
B576,"=IF(ISERROR(_xlfn.IMAGE(""https://ir.ozone.ru/s3/multimedia-1-n/wc300/7950722243.jpg"")),""请使用新版Excel2024查看图片"",_xlfn.IMAGE(""https://ir.ozone.ru/s3/multimedia-1-n/wc300/7950722243.jpg""))"
B577,"=IF(ISERROR(_xlfn.IMAGE(""https://ir.ozone.ru/s3/multimedia-1-w/wc300/7735628048.jpg"")),""请使用新版Excel2024查看图片"",_xlfn.IMAGE(""https://ir.ozone.ru/s3/multimedia-1-w/wc300/7735628048.jpg""))"
B578,"=IF(ISERROR(_xlfn.IMAGE(""https://ir.ozone.ru/s3/multimedia-1-8/wc300/7533313172.jpg"")),""请使用新版Excel2024查看图片"",_xlfn.IMAGE(""https://ir.ozone.ru/s3/multimedia-1-8/wc300/7533313172.jpg""))"
B579,"=IF(ISERROR(_xlfn.IMAGE(""https://ir.ozone.ru/s3/multimedia-1-o/wc300/9418274016.jpg"")),""请使用新版Excel2024查看图片"",_xlfn.IMAGE(""https://ir.ozone.ru/s3/multimedia-1-o/wc300/9418274016.jpg""))"
B580,"=IF(ISERROR(_xlfn.IMAGE(""https://ir.ozone.ru/s3/multimedia-1-n/wc300/8868447131.jpg"")),""请使用新版Excel2024查看图片"",_xlfn.IMAGE(""https://ir.ozone.ru/s3/multimedia-1-n/wc300/8868447131.jpg""))"
B581,"=IF(ISERROR(_xlfn.IMAGE(""https://ir-20.ozone.ru/s3/multimedia-1-h/wc300/8474898833.jpg"")),""请使用新版Excel2024查看图片"",_xlfn.IMAGE(""https://ir-20.ozone.ru/s3/multimedia-1-h/wc300/8474898833.jpg""))"
B582,"=IF(ISERROR(_xlfn.IMAGE(""https://ir.ozone.ru/s3/multimedia-1-z/wc300/14344616123.jpg"")),""请使用新版Excel2024查看图片"",_xlfn.IMAGE(""https://ir.ozone.ru/s3/multimedia-1-z/wc300/14344616123.jpg""))"
B583,"=IF(ISERROR(_xlfn.IMAGE(""https://ir.ozone.ru/s3/multimedia-1-n/wc300/10405785119.jpg"")),""请使用新版Excel2024查看图片"",_xlfn.IMAGE(""https://ir.ozone.ru/s3/multimedia-1-n/wc300/10405785119.jpg""))"
B584,"=IF(ISERROR(_xlfn.IMAGE(""https://ir.ozone.ru/s3/multimedia-1-x/wc300/7746184509.jpg"")),""请使用新版Excel2024查看图片"",_xlfn.IMAGE(""https://ir.ozone.ru/s3/multimedia-1-x/wc300/7746184509.jpg""))"
B585,"=IF(ISERROR(_xlfn.IMAGE(""https://ir.ozone.ru/s3/multimedia-1-7/wc300/9720669391.jpg"")),""请使用新版Excel2024查看图片"",_xlfn.IMAGE(""https://ir.ozone.ru/s3/multimedia-1-7/wc300/9720669391.jpg""))"
B586,"=IF(ISERROR(_xlfn.IMAGE(""https://ir-20.ozone.ru/s3/multimedia-1-a/wc300/10683244990.jpg"")),""请使用新版Excel2024查看图片"",_xlfn.IMAGE(""https://ir-20.ozone.ru/s3/multimedia-1-a/wc300/10683244990.jpg""))"
B587,"=IF(ISERROR(_xlfn.IMAGE(""https://ir.ozone.ru/s3/multimedia-1-5/wc300/10624976825.jpg"")),""请使用新版Excel2024查看图片"",_xlfn.IMAGE(""https://ir.ozone.ru/s3/multimedia-1-5/wc300/10624976825.jpg""))"
B588,"=IF(ISERROR(_xlfn.IMAGE(""https://ir.ozone.ru/s3/multimedia-1-2/wc300/12788853770.jpg"")),""请使用新版Excel2024查看图片"",_xlfn.IMAGE(""https://ir.ozone.ru/s3/multimedia-1-2/wc300/12788853770.jpg""))"
B589,"=IF(ISERROR(_xlfn.IMAGE(""https://ir.ozone.ru/s3/multimedia-1-i/wc300/11307254238.jpg"")),""请使用新版Excel2024查看图片"",_xlfn.IMAGE(""https://ir.ozone.ru/s3/multimedia-1-i/wc300/11307254238.jpg""))"
B590,"=IF(ISERROR(_xlfn.IMAGE(""https://ir.ozone.ru/s3/multimedia-1-5/wc300/11434331885.jpg"")),""请使用新版Excel2024查看图片"",_xlfn.IMAGE(""https://ir.ozone.ru/s3/multimedia-1-5/wc300/11434331885.jpg""))"
B591,"=IF(ISERROR(_xlfn.IMAGE(""https://ir.ozone.ru/s3/multimedia-1-g/wc300/11436154216.jpg"")),""请使用新版Excel2024查看图片"",_xlfn.IMAGE(""https://ir.ozone.ru/s3/multimedia-1-g/wc300/11436154216.jpg""))"
B592,"=IF(ISERROR(_xlfn.IMAGE(""https://ir.ozone.ru/s3/multimedia-1-o/wc300/13925534532.jpg"")),""请使用新版Excel2024查看图片"",_xlfn.IMAGE(""https://ir.ozone.ru/s3/multimedia-1-o/wc300/13925534532.jpg""))"
B593,"=IF(ISERROR(_xlfn.IMAGE(""https://ir.ozone.ru/s3/multimedia-1-g/wc300/13407900460.jpg"")),""请使用新版Excel2024查看图片"",_xlfn.IMAGE(""https://ir.ozone.ru/s3/multimedia-1-g/wc300/13407900460.jpg""))"
B594,"=IF(ISERROR(_xlfn.IMAGE(""https://ir.ozone.ru/s3/multimedia-1-4/wc300/14488117456.jpg"")),""请使用新版Excel2024查看图片"",_xlfn.IMAGE(""https://ir.ozone.ru/s3/multimedia-1-4/wc300/14488117456.jpg""))"
B595,"=IF(ISERROR(_xlfn.IMAGE(""https://ir.ozone.ru/s3/multimedia-1-u/wc300/12852191442.jpg"")),""请使用新版Excel2024查看图片"",_xlfn.IMAGE(""https://ir.ozone.ru/s3/multimedia-1-u/wc300/12852191442.jpg""))"
B596,"=IF(ISERROR(_xlfn.IMAGE(""https://ir.ozone.ru/s3/multimedia-1-4/wc300/14488117456.jpg"")),""请使用新版Excel2024查看图片"",_xlfn.IMAGE(""https://ir.ozone.ru/s3/multimedia-1-4/wc300/14488117456.jpg""))"
B597,"=IF(ISERROR(_xlfn.IMAGE(""https://ir.ozone.ru/s3/multimedia-1-4/wc300/14488117456.jpg"")),""请使用新版Excel2024查看图片"",_xlfn.IMAGE(""https://ir.ozone.ru/s3/multimedia-1-4/wc300/14488117456.jpg""))"
B598,"=IF(ISERROR(_xlfn.IMAGE(""https://ir.ozone.ru/s3/multimedia-1-4/wc300/14488117456.jpg"")),""请使用新版Excel2024查看图片"",_xlfn.IMAGE(""https://ir.ozone.ru/s3/multimedia-1-4/wc300/14488117456.jpg""))"
B599,"=IF(ISERROR(_xlfn.IMAGE(""https://ir.ozone.ru/s3/multimedia-1-4/wc300/14488117456.jpg"")),""请使用新版Excel2024查看图片"",_xlfn.IMAGE(""https://ir.ozone.ru/s3/multimedia-1-4/wc300/14488117456.jpg""))"
B600,"=IF(ISERROR(_xlfn.IMAGE(""https://ir.ozone.ru/s3/multimedia-1-4/wc300/14488117456.jpg"")),""请使用新版Excel2024查看图片"",_xlfn.IMAGE(""https://ir.ozone.ru/s3/multimedia-1-4/wc300/14488117456.jpg""))"
B601,"=IF(ISERROR(_xlfn.IMAGE(""https://ir.ozone.ru/s3/multimedia-1-4/wc300/14488117456.jpg"")),""请使用新版Excel2024查看图片"",_xlfn.IMAGE(""https://ir.ozone.ru/s3/multimedia-1-4/wc300/14488117456.jpg""))"
B602,"=IF(ISERROR(_xlfn.IMAGE(""https://ir.ozone.ru/s3/multimedia-1-4/wc300/14488117456.jpg"")),""请使用新版Excel2024查看图片"",_xlfn.IMAGE(""https://ir.ozone.ru/s3/multimedia-1-4/wc300/14488117456.jpg""))"
B603,"=IF(ISERROR(_xlfn.IMAGE(""https://ir-20.ozone.ru/s3/multimedia-1-4/wc300/14488117456.jpg"")),""请使用新版Excel2024查看图片"",_xlfn.IMAGE(""https://ir-20.ozone.ru/s3/multimedia-1-4/wc300/14488117456.jpg""))"
B604,"=IF(ISERROR(_xlfn.IMAGE(""https://ir-20.ozone.ru/s3/multimedia-1-4/wc300/14488117456.jpg"")),""请使用新版Excel2024查看图片"",_xlfn.IMAGE(""https://ir-20.ozone.ru/s3/multimedia-1-4/wc300/14488117456.jpg""))"
B605,"=IF(ISERROR(_xlfn.IMAGE(""https://ir-20.ozone.ru/s3/multimedia-1-4/wc300/14488117456.jpg"")),""请使用新版Excel2024查看图片"",_xlfn.IMAGE(""https://ir-20.ozone.ru/s3/multimedia-1-4/wc300/14488117456.jpg""))"
B606,"=IF(ISERROR(_xlfn.IMAGE(""https://ir-20.ozone.ru/s3/multimedia-1-4/wc300/14488117456.jpg"")),""请使用新版Excel2024查看图片"",_xlfn.IMAGE(""https://ir-20.ozone.ru/s3/multimedia-1-4/wc300/14488117456.jpg""))"
B607,"=IF(ISERROR(_xlfn.IMAGE(""https://ir-20.ozone.ru/s3/multimedia-1-4/wc300/14488117456.jpg"")),""请使用新版Excel2024查看图片"",_xlfn.IMAGE(""https://ir-20.ozone.ru/s3/multimedia-1-4/wc300/14488117456.jpg""))"
B608,"=IF(ISERROR(_xlfn.IMAGE(""https://ir-20.ozone.ru/s3/multimedia-1-4/wc300/14488117456.jpg"")),""请使用新版Excel2024查看图片"",_xlfn.IMAGE(""https://ir-20.ozone.ru/s3/multimedia-1-4/wc300/14488117456.jpg""))"
B609,"=IF(ISERROR(_xlfn.IMAGE(""https://ir-20.ozone.ru/s3/multimedia-1-4/wc300/14488117456.jpg"")),""请使用新版Excel2024查看图片"",_xlfn.IMAGE(""https://ir-20.ozone.ru/s3/multimedia-1-4/wc300/14488117456.jpg""))"
B610,"=IF(ISERROR(_xlfn.IMAGE(""https://ir-20.ozone.ru/s3/multimedia-1-4/wc300/14488117456.jpg"")),""请使用新版Excel2024查看图片"",_xlfn.IMAGE(""https://ir-20.ozone.ru/s3/multimedia-1-4/wc300/14488117456.jpg""))"
B611,"=IF(ISERROR(_xlfn.IMAGE(""https://ir.ozone.ru/s3/multimedia-1-u/wc300/7728844674.jpg"")),""请使用新版Excel2024查看图片"",_xlfn.IMAGE(""https://ir.ozone.ru/s3/multimedia-1-u/wc300/7728844674.jpg""))"
B612,"=IF(ISERROR(_xlfn.IMAGE(""https://ir.ozone.ru/s3/multimedia-1-2/wc300/8720446178.jpg"")),""请使用新版Excel2024查看图片"",_xlfn.IMAGE(""https://ir.ozone.ru/s3/multimedia-1-2/wc300/8720446178.jpg""))"
B613,"=IF(ISERROR(_xlfn.IMAGE(""https://ir.ozone.ru/s3/multimedia-1-4/wc300/7212979624.jpg"")),""请使用新版Excel2024查看图片"",_xlfn.IMAGE(""https://ir.ozone.ru/s3/multimedia-1-4/wc300/7212979624.jpg""))"
B614,"=IF(ISERROR(_xlfn.IMAGE(""https://ir.ozone.ru/s3/multimedia-a/wc300/6895097038.jpg"")),""请使用新版Excel2024查看图片"",_xlfn.IMAGE(""https://ir.ozone.ru/s3/multimedia-a/wc300/6895097038.jpg""))"
B615,"=IF(ISERROR(_xlfn.IMAGE(""https://ir.ozone.ru/s3/multimedia-1-c/wc300/7037385168.jpg"")),""请使用新版Excel2024查看图片"",_xlfn.IMAGE(""https://ir.ozone.ru/s3/multimedia-1-c/wc300/7037385168.jpg""))"
B616,"=IF(ISERROR(_xlfn.IMAGE(""https://ir.ozone.ru/s3/multimedia-v/wc300/6858713875.jpg"")),""请使用新版Excel2024查看图片"",_xlfn.IMAGE(""https://ir.ozone.ru/s3/multimedia-v/wc300/6858713875.jpg""))"
B617,"=IF(ISERROR(_xlfn.IMAGE(""https://ir.ozone.ru/s3/multimedia-1-e/wc300/7038215186.jpg"")),""请使用新版Excel2024查看图片"",_xlfn.IMAGE(""https://ir.ozone.ru/s3/multimedia-1-e/wc300/7038215186.jpg""))"
B618,"=IF(ISERROR(_xlfn.IMAGE(""https://ir.ozone.ru/s3/multimedia-l/wc300/6861943929.jpg"")),""请使用新版Excel2024查看图片"",_xlfn.IMAGE(""https://ir.ozone.ru/s3/multimedia-l/wc300/6861943929.jpg""))"
B619,"=IF(ISERROR(_xlfn.IMAGE(""https://ir-20.ozone.ru/s3/multimedia-0/wc300/6723263448.jpg"")),""请使用新版Excel2024查看图片"",_xlfn.IMAGE(""https://ir-20.ozone.ru/s3/multimedia-0/wc300/6723263448.jpg""))"
B620,"=IF(ISERROR(_xlfn.IMAGE(""https://ir.ozone.ru/s3/multimedia-1-6/wc300/11783145714.jpg"")),""请使用新版Excel2024查看图片"",_xlfn.IMAGE(""https://ir.ozone.ru/s3/multimedia-1-6/wc300/11783145714.jpg""))"
B621,"=IF(ISERROR(_xlfn.IMAGE(""https://ir-20.ozone.ru/s3/multimedia-1-w/wc300/10616913392.jpg"")),""请使用新版Excel2024查看图片"",_xlfn.IMAGE(""https://ir-20.ozone.ru/s3/multimedia-1-w/wc300/10616913392.jpg""))"
B622,"=IF(ISERROR(_xlfn.IMAGE(""https://ir.ozone.ru/s3/multimedia-1-4/wc300/7533313168.jpg"")),""请使用新版Excel2024查看图片"",_xlfn.IMAGE(""https://ir.ozone.ru/s3/multimedia-1-4/wc300/7533313168.jpg""))"
B623,"=IF(ISERROR(_xlfn.IMAGE(""https://ir.ozone.ru/s3/multimedia-1-d/wc300/7937663989.jpg"")),""请使用新版Excel2024查看图片"",_xlfn.IMAGE(""https://ir.ozone.ru/s3/multimedia-1-d/wc300/7937663989.jpg""))"
B624,"=IF(ISERROR(_xlfn.IMAGE(""https://ir.ozone.ru/s3/multimedia-1-c/wc300/13840219524.jpg"")),""请使用新版Excel2024查看图片"",_xlfn.IMAGE(""https://ir.ozone.ru/s3/multimedia-1-c/wc300/13840219524.jpg""))"
B625,"=IF(ISERROR(_xlfn.IMAGE(""https://ir.ozone.ru/s3/multimedia-1-c/wc300/8249949660.jpg"")),""请使用新版Excel2024查看图片"",_xlfn.IMAGE(""https://ir.ozone.ru/s3/multimedia-1-c/wc300/8249949660.jpg""))"
B626,"=IF(ISERROR(_xlfn.IMAGE(""https://ir.ozone.ru/s3/multimedia-t/wc300/6845061449.jpg"")),""请使用新版Excel2024查看图片"",_xlfn.IMAGE(""https://ir.ozone.ru/s3/multimedia-t/wc300/6845061449.jpg""))"
B627,"=IF(ISERROR(_xlfn.IMAGE(""https://ir.ozone.ru/s3/multimedia-1-k/wc300/8574882176.jpg"")),""请使用新版Excel2024查看图片"",_xlfn.IMAGE(""https://ir.ozone.ru/s3/multimedia-1-k/wc300/8574882176.jpg""))"
B628,"=IF(ISERROR(_xlfn.IMAGE(""https://ir.ozone.ru/s3/multimedia-1-o/wc300/8406545136.jpg"")),""请使用新版Excel2024查看图片"",_xlfn.IMAGE(""https://ir.ozone.ru/s3/multimedia-1-o/wc300/8406545136.jpg""))"
B629,"=IF(ISERROR(_xlfn.IMAGE(""https://ir.ozone.ru/s3/multimedia-1-u/wc300/10160715306.jpg"")),""请使用新版Excel2024查看图片"",_xlfn.IMAGE(""https://ir.ozone.ru/s3/multimedia-1-u/wc300/10160715306.jpg""))"
B630,"=IF(ISERROR(_xlfn.IMAGE(""https://ir.ozone.ru/s3/multimedia-1-w/wc300/8453224436.jpg"")),""请使用新版Excel2024查看图片"",_xlfn.IMAGE(""https://ir.ozone.ru/s3/multimedia-1-w/wc300/8453224436.jpg""))"
B631,"=IF(ISERROR(_xlfn.IMAGE(""https://ir.ozone.ru/s3/multimedia-1-x/wc300/8474891109.jpg"")),""请使用新版Excel2024查看图片"",_xlfn.IMAGE(""https://ir.ozone.ru/s3/multimedia-1-x/wc300/8474891109.jpg""))"
B632,"=IF(ISERROR(_xlfn.IMAGE(""https://ir.ozone.ru/s3/multimedia-1-w/wc300/8899272428.jpg"")),""请使用新版Excel2024查看图片"",_xlfn.IMAGE(""https://ir.ozone.ru/s3/multimedia-1-w/wc300/8899272428.jpg""))"
B633,"=IF(ISERROR(_xlfn.IMAGE(""https://ir.ozone.ru/s3/multimedia-1-c/wc300/8326575444.jpg"")),""请使用新版Excel2024查看图片"",_xlfn.IMAGE(""https://ir.ozone.ru/s3/multimedia-1-c/wc300/8326575444.jpg""))"
B634,"=IF(ISERROR(_xlfn.IMAGE(""https://ir.ozone.ru/s3/multimedia-1-6/wc300/8561311314.jpg"")),""请使用新版Excel2024查看图片"",_xlfn.IMAGE(""https://ir.ozone.ru/s3/multimedia-1-6/wc300/8561311314.jpg""))"
B635,"=IF(ISERROR(_xlfn.IMAGE(""https://ir.ozone.ru/s3/multimedia-1-9/wc300/8910453717.jpg"")),""请使用新版Excel2024查看图片"",_xlfn.IMAGE(""https://ir.ozone.ru/s3/multimedia-1-9/wc300/8910453717.jpg""))"
B636,"=IF(ISERROR(_xlfn.IMAGE(""https://ir.ozone.ru/s3/multimedia-1-v/wc300/8851306423.jpg"")),""请使用新版Excel2024查看图片"",_xlfn.IMAGE(""https://ir.ozone.ru/s3/multimedia-1-v/wc300/8851306423.jpg""))"
B637,"=IF(ISERROR(_xlfn.IMAGE(""https://ir.ozone.ru/s3/multimedia-1-q/wc300/8851648850.jpg"")),""请使用新版Excel2024查看图片"",_xlfn.IMAGE(""https://ir.ozone.ru/s3/multimedia-1-q/wc300/8851648850.jpg""))"
B638,"=IF(ISERROR(_xlfn.IMAGE(""https://ir.ozone.ru/s3/multimedia-1-j/wc300/8851307851.jpg"")),""请使用新版Excel2024查看图片"",_xlfn.IMAGE(""https://ir.ozone.ru/s3/multimedia-1-j/wc300/8851307851.jpg""))"
B639,"=IF(ISERROR(_xlfn.IMAGE(""https://ir.ozone.ru/s3/multimedia-1-7/wc300/9194877871.jpg"")),""请使用新版Excel2024查看图片"",_xlfn.IMAGE(""https://ir.ozone.ru/s3/multimedia-1-7/wc300/9194877871.jpg""))"
B640,"=IF(ISERROR(_xlfn.IMAGE(""https://ir.ozone.ru/s3/multimedia-1-7/wc300/13873362703.jpg"")),""请使用新版Excel2024查看图片"",_xlfn.IMAGE(""https://ir.ozone.ru/s3/multimedia-1-7/wc300/13873362703.jpg""))"
B641,"=IF(ISERROR(_xlfn.IMAGE(""https://ir.ozone.ru/s3/multimedia-1-n/wc300/10090283027.jpg"")),""请使用新版Excel2024查看图片"",_xlfn.IMAGE(""https://ir.ozone.ru/s3/multimedia-1-n/wc300/10090283027.jpg""))"
B642,"=IF(ISERROR(_xlfn.IMAGE(""https://ir.ozone.ru/s3/multimedia-1-y/wc300/9840673762.jpg"")),""请使用新版Excel2024查看图片"",_xlfn.IMAGE(""https://ir.ozone.ru/s3/multimedia-1-y/wc300/9840673762.jpg""))"
B643,"=IF(ISERROR(_xlfn.IMAGE(""https://ir.ozone.ru/s3/multimedia-1-a/wc300/9891496990.jpg"")),""请使用新版Excel2024查看图片"",_xlfn.IMAGE(""https://ir.ozone.ru/s3/multimedia-1-a/wc300/9891496990.jpg""))"
B644,"=IF(ISERROR(_xlfn.IMAGE(""https://ir-20.ozone.ru/s3/multimedia-1-a/wc300/9871248862.jpg"")),""请使用新版Excel2024查看图片"",_xlfn.IMAGE(""https://ir-20.ozone.ru/s3/multimedia-1-a/wc300/9871248862.jpg""))"
B645,"=IF(ISERROR(_xlfn.IMAGE(""https://ir.ozone.ru/s3/multimedia-1-0/wc300/10891078308.jpg"")),""请使用新版Excel2024查看图片"",_xlfn.IMAGE(""https://ir.ozone.ru/s3/multimedia-1-0/wc300/10891078308.jpg""))"
B646,"=IF(ISERROR(_xlfn.IMAGE(""https://ir.ozone.ru/s3/multimedia-1-r/wc300/11020392351.jpg"")),""请使用新版Excel2024查看图片"",_xlfn.IMAGE(""https://ir.ozone.ru/s3/multimedia-1-r/wc300/11020392351.jpg""))"
B647,"=IF(ISERROR(_xlfn.IMAGE(""https://ir.ozone.ru/s3/multimedia-1-q/wc300/12526358606.jpg"")),""请使用新版Excel2024查看图片"",_xlfn.IMAGE(""https://ir.ozone.ru/s3/multimedia-1-q/wc300/12526358606.jpg""))"
B648,"=IF(ISERROR(_xlfn.IMAGE(""https://ir.ozone.ru/s3/multimedia-1-a/wc300/12261986326.jpg"")),""请使用新版Excel2024查看图片"",_xlfn.IMAGE(""https://ir.ozone.ru/s3/multimedia-1-a/wc300/12261986326.jpg""))"
B649,"=IF(ISERROR(_xlfn.IMAGE(""https://ir.ozone.ru/s3/multimedia-1-9/wc300/14816263041.jpg"")),""请使用新版Excel2024查看图片"",_xlfn.IMAGE(""https://ir.ozone.ru/s3/multimedia-1-9/wc300/14816263041.jpg""))"
B650,"=IF(ISERROR(_xlfn.IMAGE(""https://ir.ozone.ru/s3/multimedia-1-b/wc300/12664855883.jpg"")),""请使用新版Excel2024查看图片"",_xlfn.IMAGE(""https://ir.ozone.ru/s3/multimedia-1-b/wc300/12664855883.jpg""))"
B651,"=IF(ISERROR(_xlfn.IMAGE(""https://ir.ozone.ru/s3/multimedia-1-h/wc300/14526827477.jpg"")),""请使用新版Excel2024查看图片"",_xlfn.IMAGE(""https://ir.ozone.ru/s3/multimedia-1-h/wc300/14526827477.jpg""))"
B652,"=IF(ISERROR(_xlfn.IMAGE(""https://ir.ozone.ru/s3/multimedia-1-b/wc300/12720844487.jpg"")),""请使用新版Excel2024查看图片"",_xlfn.IMAGE(""https://ir.ozone.ru/s3/multimedia-1-b/wc300/12720844487.jpg""))"
B653,"=IF(ISERROR(_xlfn.IMAGE(""https://ir.ozone.ru/s3/multimedia-1-w/wc300/8323449476.jpg"")),""请使用新版Excel2024查看图片"",_xlfn.IMAGE(""https://ir.ozone.ru/s3/multimedia-1-w/wc300/8323449476.jpg""))"
B654,"=IF(ISERROR(_xlfn.IMAGE(""https://ir.ozone.ru/s3/multimedia-1-d/wc300/13279073521.jpg"")),""请使用新版Excel2024查看图片"",_xlfn.IMAGE(""https://ir.ozone.ru/s3/multimedia-1-d/wc300/13279073521.jpg""))"
B655,"=IF(ISERROR(_xlfn.IMAGE(""https://ir.ozone.ru/s3/multimedia-1-j/wc300/12984171715.jpg"")),""请使用新版Excel2024查看图片"",_xlfn.IMAGE(""https://ir.ozone.ru/s3/multimedia-1-j/wc300/12984171715.jpg""))"
B656,"=IF(ISERROR(_xlfn.IMAGE(""https://ir.ozone.ru/s3/multimedia-1-a/wc300/13925474254.jpg"")),""请使用新版Excel2024查看图片"",_xlfn.IMAGE(""https://ir.ozone.ru/s3/multimedia-1-a/wc300/13925474254.jpg""))"
B657,"=IF(ISERROR(_xlfn.IMAGE(""https://ir.ozone.ru/s3/multimedia-1-3/wc300/10175229471.jpg"")),""请使用新版Excel2024查看图片"",_xlfn.IMAGE(""https://ir.ozone.ru/s3/multimedia-1-3/wc300/10175229471.jpg""))"
B658,"=IF(ISERROR(_xlfn.IMAGE(""https://ir.ozone.ru/s3/multimedia-1-b/wc300/14673889667.jpg"")),""请使用新版Excel2024查看图片"",_xlfn.IMAGE(""https://ir.ozone.ru/s3/multimedia-1-b/wc300/14673889667.jpg""))"
B659,"=IF(ISERROR(_xlfn.IMAGE(""https://ir.ozone.ru/s3/multimedia-1-j/wc300/7422365503.jpg"")),""请使用新版Excel2024查看图片"",_xlfn.IMAGE(""https://ir.ozone.ru/s3/multimedia-1-j/wc300/7422365503.jpg""))"
B660,"=IF(ISERROR(_xlfn.IMAGE(""https://ir.ozone.ru/s3/multimedia-0/wc300/6534517524.jpg"")),""请使用新版Excel2024查看图片"",_xlfn.IMAGE(""https://ir.ozone.ru/s3/multimedia-0/wc300/6534517524.jpg""))"
B661,"=IF(ISERROR(_xlfn.IMAGE(""https://ir.ozone.ru/s3/multimedia-1-8/wc300/12657594824.jpg"")),""请使用新版Excel2024查看图片"",_xlfn.IMAGE(""https://ir.ozone.ru/s3/multimedia-1-8/wc300/12657594824.jpg""))"
B662,"=IF(ISERROR(_xlfn.IMAGE(""https://ir.ozone.ru/s3/multimedia-1-7/wc300/8824862203.jpg"")),""请使用新版Excel2024查看图片"",_xlfn.IMAGE(""https://ir.ozone.ru/s3/multimedia-1-7/wc300/8824862203.jpg""))"
B663,"=IF(ISERROR(_xlfn.IMAGE(""https://ir.ozone.ru/s3/multimedia-1-k/wc300/7167563408.jpg"")),""请使用新版Excel2024查看图片"",_xlfn.IMAGE(""https://ir.ozone.ru/s3/multimedia-1-k/wc300/7167563408.jpg""))"
B664,"=IF(ISERROR(_xlfn.IMAGE(""https://ir.ozone.ru/s3/multimedia-1-l/wc300/7570510221.jpg"")),""请使用新版Excel2024查看图片"",_xlfn.IMAGE(""https://ir.ozone.ru/s3/multimedia-1-l/wc300/7570510221.jpg""))"
B665,"=IF(ISERROR(_xlfn.IMAGE(""https://ir.ozone.ru/s3/multimedia-1-v/wc300/7704727303.jpg"")),""请使用新版Excel2024查看图片"",_xlfn.IMAGE(""https://ir.ozone.ru/s3/multimedia-1-v/wc300/7704727303.jpg""))"
B666,"=IF(ISERROR(_xlfn.IMAGE(""https://ir.ozone.ru/s3/multimedia-1-o/wc300/7279435968.jpg"")),""请使用新版Excel2024查看图片"",_xlfn.IMAGE(""https://ir.ozone.ru/s3/multimedia-1-o/wc300/7279435968.jpg""))"
B667,"=IF(ISERROR(_xlfn.IMAGE(""https://ir.ozone.ru/s3/multimedia-1-4/wc300/11834793904.jpg"")),""请使用新版Excel2024查看图片"",_xlfn.IMAGE(""https://ir.ozone.ru/s3/multimedia-1-4/wc300/11834793904.jpg""))"
B668,"=IF(ISERROR(_xlfn.IMAGE(""https://ir-20.ozone.ru/s3/multimedia-1-3/wc300/7155058431.jpg"")),""请使用新版Excel2024查看图片"",_xlfn.IMAGE(""https://ir-20.ozone.ru/s3/multimedia-1-3/wc300/7155058431.jpg""))"
B669,"=IF(ISERROR(_xlfn.IMAGE(""https://ir.ozone.ru/s3/multimedia-1-m/wc300/7589071498.jpg"")),""请使用新版Excel2024查看图片"",_xlfn.IMAGE(""https://ir.ozone.ru/s3/multimedia-1-m/wc300/7589071498.jpg""))"
B670,"=IF(ISERROR(_xlfn.IMAGE(""https://ir.ozone.ru/s3/multimedia-1-z/wc300/14081273855.jpg"")),""请使用新版Excel2024查看图片"",_xlfn.IMAGE(""https://ir.ozone.ru/s3/multimedia-1-z/wc300/14081273855.jpg""))"
B671,"=IF(ISERROR(_xlfn.IMAGE(""https://ir.ozone.ru/s3/multimedia-1-1/wc300/8917257241.jpg"")),""请使用新版Excel2024查看图片"",_xlfn.IMAGE(""https://ir.ozone.ru/s3/multimedia-1-1/wc300/8917257241.jpg""))"
B672,"=IF(ISERROR(_xlfn.IMAGE(""https://ir.ozone.ru/s3/multimedia-1-x/wc300/10355715213.jpg"")),""请使用新版Excel2024查看图片"",_xlfn.IMAGE(""https://ir.ozone.ru/s3/multimedia-1-x/wc300/10355715213.jpg""))"
B673,"=IF(ISERROR(_xlfn.IMAGE(""https://ir.ozone.ru/s3/multimedia-1-4/wc300/7923502516.jpg"")),""请使用新版Excel2024查看图片"",_xlfn.IMAGE(""https://ir.ozone.ru/s3/multimedia-1-4/wc300/7923502516.jpg""))"
B674,"=IF(ISERROR(_xlfn.IMAGE(""https://ir.ozone.ru/s3/multimedia-1-k/wc300/8899526144.jpg"")),""请使用新版Excel2024查看图片"",_xlfn.IMAGE(""https://ir.ozone.ru/s3/multimedia-1-k/wc300/8899526144.jpg""))"
B675,"=IF(ISERROR(_xlfn.IMAGE(""https://ir.ozone.ru/s3/multimedia-1-q/wc300/14560108766.jpg"")),""请使用新版Excel2024查看图片"",_xlfn.IMAGE(""https://ir.ozone.ru/s3/multimedia-1-q/wc300/14560108766.jpg""))"
B676,"=IF(ISERROR(_xlfn.IMAGE(""https://ir.ozone.ru/s3/multimedia-1-s/wc300/10564615072.jpg"")),""请使用新版Excel2024查看图片"",_xlfn.IMAGE(""https://ir.ozone.ru/s3/multimedia-1-s/wc300/10564615072.jpg""))"
B677,"=IF(ISERROR(_xlfn.IMAGE(""https://ir.ozone.ru/s3/multimedia-1-4/wc300/7249318348.jpg"")),""请使用新版Excel2024查看图片"",_xlfn.IMAGE(""https://ir.ozone.ru/s3/multimedia-1-4/wc300/7249318348.jpg""))"
B678,"=IF(ISERROR(_xlfn.IMAGE(""https://ir.ozone.ru/s3/multimedia-1-4/wc300/12046899568.jpg"")),""请使用新版Excel2024查看图片"",_xlfn.IMAGE(""https://ir.ozone.ru/s3/multimedia-1-4/wc300/12046899568.jpg""))"
B679,"=IF(ISERROR(_xlfn.IMAGE(""https://ir.ozone.ru/s3/multimedia-1-8/wc300/13474803320.jpg"")),""请使用新版Excel2024查看图片"",_xlfn.IMAGE(""https://ir.ozone.ru/s3/multimedia-1-8/wc300/13474803320.jpg""))"
B680,"=IF(ISERROR(_xlfn.IMAGE(""https://ir.ozone.ru/s3/multimedia-1-g/wc300/13840221040.jpg"")),""请使用新版Excel2024查看图片"",_xlfn.IMAGE(""https://ir.ozone.ru/s3/multimedia-1-g/wc300/13840221040.jpg""))"
B681,"=IF(ISERROR(_xlfn.IMAGE(""https://ir.ozone.ru/s3/multimedia-1-x/wc300/8249949609.jpg"")),""请使用新版Excel2024查看图片"",_xlfn.IMAGE(""https://ir.ozone.ru/s3/multimedia-1-x/wc300/8249949609.jpg""))"
B682,"=IF(ISERROR(_xlfn.IMAGE(""https://ir.ozone.ru/s3/multimedia-8/wc300/6766596296.jpg"")),""请使用新版Excel2024查看图片"",_xlfn.IMAGE(""https://ir.ozone.ru/s3/multimedia-8/wc300/6766596296.jpg""))"
B683,"=IF(ISERROR(_xlfn.IMAGE(""https://ir.ozone.ru/s3/multimedia-1-s/wc300/8577350128.jpg"")),""请使用新版Excel2024查看图片"",_xlfn.IMAGE(""https://ir.ozone.ru/s3/multimedia-1-s/wc300/8577350128.jpg""))"
B684,"=IF(ISERROR(_xlfn.IMAGE(""https://ir.ozone.ru/s3/multimedia-1-2/wc300/8582230226.jpg"")),""请使用新版Excel2024查看图片"",_xlfn.IMAGE(""https://ir.ozone.ru/s3/multimedia-1-2/wc300/8582230226.jpg""))"
B685,"=IF(ISERROR(_xlfn.IMAGE(""https://ir.ozone.ru/s3/multimedia-1-t/wc300/12921405005.jpg"")),""请使用新版Excel2024查看图片"",_xlfn.IMAGE(""https://ir.ozone.ru/s3/multimedia-1-t/wc300/12921405005.jpg""))"
B686,"=IF(ISERROR(_xlfn.IMAGE(""https://ir.ozone.ru/s3/multimedia-1-k/wc300/8474889476.jpg"")),""请使用新版Excel2024查看图片"",_xlfn.IMAGE(""https://ir.ozone.ru/s3/multimedia-1-k/wc300/8474889476.jpg""))"
B687,"=IF(ISERROR(_xlfn.IMAGE(""https://ir.ozone.ru/s3/multimedia-1-p/wc300/8629645345.jpg"")),""请使用新版Excel2024查看图片"",_xlfn.IMAGE(""https://ir.ozone.ru/s3/multimedia-1-p/wc300/8629645345.jpg""))"
B688,"=IF(ISERROR(_xlfn.IMAGE(""https://ir.ozone.ru/s3/multimedia-1-r/wc300/12921528591.jpg"")),""请使用新版Excel2024查看图片"",_xlfn.IMAGE(""https://ir.ozone.ru/s3/multimedia-1-r/wc300/12921528591.jpg""))"
B689,"=IF(ISERROR(_xlfn.IMAGE(""https://ir.ozone.ru/s3/multimedia-1-w/wc300/8683565900.jpg"")),""请使用新版Excel2024查看图片"",_xlfn.IMAGE(""https://ir.ozone.ru/s3/multimedia-1-w/wc300/8683565900.jpg""))"
B690,"=IF(ISERROR(_xlfn.IMAGE(""https://ir.ozone.ru/s3/multimedia-1-e/wc300/8651821874.jpg"")),""请使用新版Excel2024查看图片"",_xlfn.IMAGE(""https://ir.ozone.ru/s3/multimedia-1-e/wc300/8651821874.jpg""))"
B691,"=IF(ISERROR(_xlfn.IMAGE(""https://ir-20.ozone.ru/s3/multimedia-1-v/wc300/8283568855.jpg"")),""请使用新版Excel2024查看图片"",_xlfn.IMAGE(""https://ir-20.ozone.ru/s3/multimedia-1-v/wc300/8283568855.jpg""))"
B692,"=IF(ISERROR(_xlfn.IMAGE(""https://ir.ozone.ru/s3/multimedia-1-3/wc300/8720446287.jpg"")),""请使用新版Excel2024查看图片"",_xlfn.IMAGE(""https://ir.ozone.ru/s3/multimedia-1-3/wc300/8720446287.jpg""))"
B693,"=IF(ISERROR(_xlfn.IMAGE(""https://ir.ozone.ru/s3/multimedia-1-0/wc300/7686297180.jpg"")),""请使用新版Excel2024查看图片"",_xlfn.IMAGE(""https://ir.ozone.ru/s3/multimedia-1-0/wc300/7686297180.jpg""))"
B694,"=IF(ISERROR(_xlfn.IMAGE(""https://ir.ozone.ru/s3/multimedia-1-0/wc300/8946843588.jpg"")),""请使用新版Excel2024查看图片"",_xlfn.IMAGE(""https://ir.ozone.ru/s3/multimedia-1-0/wc300/8946843588.jpg""))"
B695,"=IF(ISERROR(_xlfn.IMAGE(""https://ir.ozone.ru/s3/multimedia-1-z/wc300/10360424699.jpg"")),""请使用新版Excel2024查看图片"",_xlfn.IMAGE(""https://ir.ozone.ru/s3/multimedia-1-z/wc300/10360424699.jpg""))"
B696,"=IF(ISERROR(_xlfn.IMAGE(""https://ir.ozone.ru/s3/multimedia-1-o/wc300/10987128420.jpg"")),""请使用新版Excel2024查看图片"",_xlfn.IMAGE(""https://ir.ozone.ru/s3/multimedia-1-o/wc300/10987128420.jpg""))"
B697,"=IF(ISERROR(_xlfn.IMAGE(""https://ir.ozone.ru/s3/multimedia-1-y/wc300/7291232818.jpg"")),""请使用新版Excel2024查看图片"",_xlfn.IMAGE(""https://ir.ozone.ru/s3/multimedia-1-y/wc300/7291232818.jpg""))"
B698,"=IF(ISERROR(_xlfn.IMAGE(""https://ir.ozone.ru/s3/multimedia-1-y/wc300/8947076902.jpg"")),""请使用新版Excel2024查看图片"",_xlfn.IMAGE(""https://ir.ozone.ru/s3/multimedia-1-y/wc300/8947076902.jpg""))"
B699,"=IF(ISERROR(_xlfn.IMAGE(""https://ir.ozone.ru/s3/multimedia-1-y/wc300/13023015622.jpg"")),""请使用新版Excel2024查看图片"",_xlfn.IMAGE(""https://ir.ozone.ru/s3/multimedia-1-y/wc300/13023015622.jpg""))"
B700,"=IF(ISERROR(_xlfn.IMAGE(""https://ir.ozone.ru/s3/multimedia-1-7/wc300/11764157263.jpg"")),""请使用新版Excel2024查看图片"",_xlfn.IMAGE(""https://ir.ozone.ru/s3/multimedia-1-7/wc300/11764157263.jpg""))"
B701,"=IF(ISERROR(_xlfn.IMAGE(""https://ir.ozone.ru/s3/multimedia-1-m/wc300/11765858602.jpg"")),""请使用新版Excel2024查看图片"",_xlfn.IMAGE(""https://ir.ozone.ru/s3/multimedia-1-m/wc300/11765858602.jpg""))"
B702,"=IF(ISERROR(_xlfn.IMAGE(""https://ir.ozone.ru/s3/multimedia-1-w/wc300/13261657496.jpg"")),""请使用新版Excel2024查看图片"",_xlfn.IMAGE(""https://ir.ozone.ru/s3/multimedia-1-w/wc300/13261657496.jpg""))"
B703,"=IF(ISERROR(_xlfn.IMAGE(""https://ir.ozone.ru/s3/multimedia-1-0/wc300/12291265332.jpg"")),""请使用新版Excel2024查看图片"",_xlfn.IMAGE(""https://ir.ozone.ru/s3/multimedia-1-0/wc300/12291265332.jpg""))"
B704,"=IF(ISERROR(_xlfn.IMAGE(""https://ir.ozone.ru/s3/multimedia-1-m/wc300/12586698598.jpg"")),""请使用新版Excel2024查看图片"",_xlfn.IMAGE(""https://ir.ozone.ru/s3/multimedia-1-m/wc300/12586698598.jpg""))"
B705,"=IF(ISERROR(_xlfn.IMAGE(""https://ir.ozone.ru/s3/multimedia-1-b/wc300/12664855883.jpg"")),""请使用新版Excel2024查看图片"",_xlfn.IMAGE(""https://ir.ozone.ru/s3/multimedia-1-b/wc300/12664855883.jpg""))"
B706,"=IF(ISERROR(_xlfn.IMAGE(""https://ir.ozone.ru/s3/multimedia-1-w/wc300/8408327216.jpg"")),""请使用新版Excel2024查看图片"",_xlfn.IMAGE(""https://ir.ozone.ru/s3/multimedia-1-w/wc300/8408327216.jpg""))"
B707,"=IF(ISERROR(_xlfn.IMAGE(""https://ir.ozone.ru/s3/multimedia-1-a/wc300/13940374510.jpg"")),""请使用新版Excel2024查看图片"",_xlfn.IMAGE(""https://ir.ozone.ru/s3/multimedia-1-a/wc300/13940374510.jpg""))"
B708,"=IF(ISERROR(_xlfn.IMAGE(""https://ir.ozone.ru/s3/multimedia-1-0/wc300/13407897960.jpg"")),""请使用新版Excel2024查看图片"",_xlfn.IMAGE(""https://ir.ozone.ru/s3/multimedia-1-0/wc300/13407897960.jpg""))"
B709,"=IF(ISERROR(_xlfn.IMAGE(""https://ir.ozone.ru/s3/multimedia-1-y/wc300/13407900406.jpg"")),""请使用新版Excel2024查看图片"",_xlfn.IMAGE(""https://ir.ozone.ru/s3/multimedia-1-y/wc300/13407900406.jpg""))"
B710,"=IF(ISERROR(_xlfn.IMAGE(""https://ir.ozone.ru/s3/multimedia-1-v/wc300/9148869463.jpg"")),""请使用新版Excel2024查看图片"",_xlfn.IMAGE(""https://ir.ozone.ru/s3/multimedia-1-v/wc300/9148869463.jpg""))"
B711,"=IF(ISERROR(_xlfn.IMAGE(""https://ir.ozone.ru/s3/multimedia-1-s/wc300/14484068776.jpg"")),""请使用新版Excel2024查看图片"",_xlfn.IMAGE(""https://ir.ozone.ru/s3/multimedia-1-s/wc300/14484068776.jpg""))"
B712,"=IF(ISERROR(_xlfn.IMAGE(""https://ir.ozone.ru/s3/multimedia-1-x/wc300/12722870085.jpg"")),""请使用新版Excel2024查看图片"",_xlfn.IMAGE(""https://ir.ozone.ru/s3/multimedia-1-x/wc300/12722870085.jpg""))"
B713,"=IF(ISERROR(_xlfn.IMAGE(""https://ir.ozone.ru/s3/multimedia-1-c/wc300/7570533360.jpg"")),""请使用新版Excel2024查看图片"",_xlfn.IMAGE(""https://ir.ozone.ru/s3/multimedia-1-c/wc300/7570533360.jpg""))"
B714,"=IF(ISERROR(_xlfn.IMAGE(""https://ir.ozone.ru/s3/multimedia-1-7/wc300/7438947883.jpg"")),""请使用新版Excel2024查看图片"",_xlfn.IMAGE(""https://ir.ozone.ru/s3/multimedia-1-7/wc300/7438947883.jpg""))"
B715,"=IF(ISERROR(_xlfn.IMAGE(""https://ir.ozone.ru/s3/multimedia-o/wc300/6825049476.jpg"")),""请使用新版Excel2024查看图片"",_xlfn.IMAGE(""https://ir.ozone.ru/s3/multimedia-o/wc300/6825049476.jpg""))"
B716,"=IF(ISERROR(_xlfn.IMAGE(""https://ir-20.ozone.ru/s3/multimedia-2/wc300/6721435946.jpg"")),""请使用新版Excel2024查看图片"",_xlfn.IMAGE(""https://ir-20.ozone.ru/s3/multimedia-2/wc300/6721435946.jpg""))"
B717,"=IF(ISERROR(_xlfn.IMAGE(""https://ir.ozone.ru/s3/multimedia-1-q/wc300/7240046102.jpg"")),""请使用新版Excel2024查看图片"",_xlfn.IMAGE(""https://ir.ozone.ru/s3/multimedia-1-q/wc300/7240046102.jpg""))"
B718,"=IF(ISERROR(_xlfn.IMAGE(""https://ir.ozone.ru/s3/multimedia-g/wc300/6901923256.jpg"")),""请使用新版Excel2024查看图片"",_xlfn.IMAGE(""https://ir.ozone.ru/s3/multimedia-g/wc300/6901923256.jpg""))"
B719,"=IF(ISERROR(_xlfn.IMAGE(""https://ir.ozone.ru/s3/multimedia-1-n/wc300/6935545067.jpg"")),""请使用新版Excel2024查看图片"",_xlfn.IMAGE(""https://ir.ozone.ru/s3/multimedia-1-n/wc300/6935545067.jpg""))"
B720,"=IF(ISERROR(_xlfn.IMAGE(""https://ir.ozone.ru/s3/multimedia-1-m/wc300/6939175954.jpg"")),""请使用新版Excel2024查看图片"",_xlfn.IMAGE(""https://ir.ozone.ru/s3/multimedia-1-m/wc300/6939175954.jpg""))"
B721,"=IF(ISERROR(_xlfn.IMAGE(""https://ir.ozone.ru/s3/multimedia-1-z/wc300/12020673959.jpg"")),""请使用新版Excel2024查看图片"",_xlfn.IMAGE(""https://ir.ozone.ru/s3/multimedia-1-z/wc300/12020673959.jpg""))"
B722,"=IF(ISERROR(_xlfn.IMAGE(""https://ir.ozone.ru/s3/multimedia-1-o/wc300/7183862988.jpg"")),""请使用新版Excel2024查看图片"",_xlfn.IMAGE(""https://ir.ozone.ru/s3/multimedia-1-o/wc300/7183862988.jpg""))"
B723,"=IF(ISERROR(_xlfn.IMAGE(""https://ir.ozone.ru/s3/multimedia-a/wc300/6828405310.jpg"")),""请使用新版Excel2024查看图片"",_xlfn.IMAGE(""https://ir.ozone.ru/s3/multimedia-a/wc300/6828405310.jpg""))"
B724,"=IF(ISERROR(_xlfn.IMAGE(""https://ir.ozone.ru/s3/multimedia-1-f/wc300/7070737731.jpg"")),""请使用新版Excel2024查看图片"",_xlfn.IMAGE(""https://ir.ozone.ru/s3/multimedia-1-f/wc300/7070737731.jpg""))"
B725,"=IF(ISERROR(_xlfn.IMAGE(""https://ir-20.ozone.ru/s3/multimedia-1-6/wc300/13407896274.jpg"")),""请使用新版Excel2024查看图片"",_xlfn.IMAGE(""https://ir-20.ozone.ru/s3/multimedia-1-6/wc300/13407896274.jpg""))"
B726,"=IF(ISERROR(_xlfn.IMAGE(""https://ir.ozone.ru/s3/multimedia-1-d/wc300/11807828257.jpg"")),""请使用新版Excel2024查看图片"",_xlfn.IMAGE(""https://ir.ozone.ru/s3/multimedia-1-d/wc300/11807828257.jpg""))"
B727,"=IF(ISERROR(_xlfn.IMAGE(""https://ir.ozone.ru/s3/multimedia-1-a/wc300/11903635630.jpg"")),""请使用新版Excel2024查看图片"",_xlfn.IMAGE(""https://ir.ozone.ru/s3/multimedia-1-a/wc300/11903635630.jpg""))"
B728,"=IF(ISERROR(_xlfn.IMAGE(""https://ir.ozone.ru/s3/multimedia-1-v/wc300/7248794935.jpg"")),""请使用新版Excel2024查看图片"",_xlfn.IMAGE(""https://ir.ozone.ru/s3/multimedia-1-v/wc300/7248794935.jpg""))"
B729,"=IF(ISERROR(_xlfn.IMAGE(""https://ir-20.ozone.ru/s3/multimedia-1-6/wc300/8019899538.jpg"")),""请使用新版Excel2024查看图片"",_xlfn.IMAGE(""https://ir-20.ozone.ru/s3/multimedia-1-6/wc300/8019899538.jpg""))"
B730,"=IF(ISERROR(_xlfn.IMAGE(""https://ir.ozone.ru/s3/multimedia-1-i/wc300/10683452322.jpg"")),""请使用新版Excel2024查看图片"",_xlfn.IMAGE(""https://ir.ozone.ru/s3/multimedia-1-i/wc300/10683452322.jpg""))"
B731,"=IF(ISERROR(_xlfn.IMAGE(""https://ir.ozone.ru/s3/multimedia-1-c/wc300/8250390516.jpg"")),""请使用新版Excel2024查看图片"",_xlfn.IMAGE(""https://ir.ozone.ru/s3/multimedia-1-c/wc300/8250390516.jpg""))"
B732,"=IF(ISERROR(_xlfn.IMAGE(""https://ir.ozone.ru/s3/multimedia-1-t/wc300/8086257641.jpg"")),""请使用新版Excel2024查看图片"",_xlfn.IMAGE(""https://ir.ozone.ru/s3/multimedia-1-t/wc300/8086257641.jpg""))"
B733,"=IF(ISERROR(_xlfn.IMAGE(""https://ir.ozone.ru/s3/multimedia-1-s/wc300/13859605072.jpg"")),""请使用新版Excel2024查看图片"",_xlfn.IMAGE(""https://ir.ozone.ru/s3/multimedia-1-s/wc300/13859605072.jpg""))"
B734,"=IF(ISERROR(_xlfn.IMAGE(""https://ir.ozone.ru/s3/multimedia-1-s/wc300/14526827200.jpg"")),""请使用新版Excel2024查看图片"",_xlfn.IMAGE(""https://ir.ozone.ru/s3/multimedia-1-s/wc300/14526827200.jpg""))"
B735,"=IF(ISERROR(_xlfn.IMAGE(""https://ir.ozone.ru/s3/multimedia-1-1/wc300/8616588049.jpg"")),""请使用新版Excel2024查看图片"",_xlfn.IMAGE(""https://ir.ozone.ru/s3/multimedia-1-1/wc300/8616588049.jpg""))"
B736,"=IF(ISERROR(_xlfn.IMAGE(""https://ir.ozone.ru/s3/multimedia-1-v/wc300/14805295987.jpg"")),""请使用新版Excel2024查看图片"",_xlfn.IMAGE(""https://ir.ozone.ru/s3/multimedia-1-v/wc300/14805295987.jpg""))"
B737,"=IF(ISERROR(_xlfn.IMAGE(""https://ir.ozone.ru/s3/multimedia-1-u/wc300/12867016170.jpg"")),""请使用新版Excel2024查看图片"",_xlfn.IMAGE(""https://ir.ozone.ru/s3/multimedia-1-u/wc300/12867016170.jpg""))"
B738,"=IF(ISERROR(_xlfn.IMAGE(""https://ir.ozone.ru/s3/multimedia-1-p/wc300/8400344785.jpg"")),""请使用新版Excel2024查看图片"",_xlfn.IMAGE(""https://ir.ozone.ru/s3/multimedia-1-p/wc300/8400344785.jpg""))"
B739,"=IF(ISERROR(_xlfn.IMAGE(""https://ir.ozone.ru/s3/multimedia-1-i/wc300/8315055198.jpg"")),""请使用新版Excel2024查看图片"",_xlfn.IMAGE(""https://ir.ozone.ru/s3/multimedia-1-i/wc300/8315055198.jpg""))"
B740,"=IF(ISERROR(_xlfn.IMAGE(""https://ir-20.ozone.ru/s3/multimedia-1-f/wc300/8851091055.jpg"")),""请使用新版Excel2024查看图片"",_xlfn.IMAGE(""https://ir-20.ozone.ru/s3/multimedia-1-f/wc300/8851091055.jpg""))"
B741,"=IF(ISERROR(_xlfn.IMAGE(""https://ir.ozone.ru/s3/multimedia-1-e/wc300/8839510538.jpg"")),""请使用新版Excel2024查看图片"",_xlfn.IMAGE(""https://ir.ozone.ru/s3/multimedia-1-e/wc300/8839510538.jpg""))"
B742,"=IF(ISERROR(_xlfn.IMAGE(""https://ir.ozone.ru/s3/multimedia-1-n/wc300/8851305767.jpg"")),""请使用新版Excel2024查看图片"",_xlfn.IMAGE(""https://ir.ozone.ru/s3/multimedia-1-n/wc300/8851305767.jpg""))"
B743,"=IF(ISERROR(_xlfn.IMAGE(""https://ir.ozone.ru/s3/multimedia-1-m/wc300/8839512274.jpg"")),""请使用新版Excel2024查看图片"",_xlfn.IMAGE(""https://ir.ozone.ru/s3/multimedia-1-m/wc300/8839512274.jpg""))"
B744,"=IF(ISERROR(_xlfn.IMAGE(""https://ir.ozone.ru/s3/multimedia-1-g/wc300/8871640360.jpg"")),""请使用新版Excel2024查看图片"",_xlfn.IMAGE(""https://ir.ozone.ru/s3/multimedia-1-g/wc300/8871640360.jpg""))"
B745,"=IF(ISERROR(_xlfn.IMAGE(""https://ir.ozone.ru/s3/multimedia-1-6/wc300/9335119902.jpg"")),""请使用新版Excel2024查看图片"",_xlfn.IMAGE(""https://ir.ozone.ru/s3/multimedia-1-6/wc300/9335119902.jpg""))"
B746,"=IF(ISERROR(_xlfn.IMAGE(""https://ir.ozone.ru/s3/multimedia-1-d/wc300/10154842321.jpg"")),""请使用新版Excel2024查看图片"",_xlfn.IMAGE(""https://ir.ozone.ru/s3/multimedia-1-d/wc300/10154842321.jpg""))"
B747,"=IF(ISERROR(_xlfn.IMAGE(""https://ir.ozone.ru/s3/multimedia-1-2/wc300/13941571754.jpg"")),""请使用新版Excel2024查看图片"",_xlfn.IMAGE(""https://ir.ozone.ru/s3/multimedia-1-2/wc300/13941571754.jpg""))"
B748,"=IF(ISERROR(_xlfn.IMAGE(""https://ir.ozone.ru/s3/multimedia-1-z/wc300/8357194439.jpg"")),""请使用新版Excel2024查看图片"",_xlfn.IMAGE(""https://ir.ozone.ru/s3/multimedia-1-z/wc300/8357194439.jpg""))"
B749,"=IF(ISERROR(_xlfn.IMAGE(""https://ir.ozone.ru/s3/multimedia-1-h/wc300/11618673353.jpg"")),""请使用新版Excel2024查看图片"",_xlfn.IMAGE(""https://ir.ozone.ru/s3/multimedia-1-h/wc300/11618673353.jpg""))"
B750,"=IF(ISERROR(_xlfn.IMAGE(""https://ir.ozone.ru/s3/multimedia-1-4/wc300/7294600300.jpg"")),""请使用新版Excel2024查看图片"",_xlfn.IMAGE(""https://ir.ozone.ru/s3/multimedia-1-4/wc300/7294600300.jpg""))"
B751,"=IF(ISERROR(_xlfn.IMAGE(""https://ir.ozone.ru/s3/multimedia-1-7/wc300/11021460091.jpg"")),""请使用新版Excel2024查看图片"",_xlfn.IMAGE(""https://ir.ozone.ru/s3/multimedia-1-7/wc300/11021460091.jpg""))"
B752,"=IF(ISERROR(_xlfn.IMAGE(""https://ir.ozone.ru/s3/multimedia-1-g/wc300/11243489560.jpg"")),""请使用新版Excel2024查看图片"",_xlfn.IMAGE(""https://ir.ozone.ru/s3/multimedia-1-g/wc300/11243489560.jpg""))"
B753,"=IF(ISERROR(_xlfn.IMAGE(""https://ir-20.ozone.ru/s3/multimedia-1-v/wc300/8033664883.jpg"")),""请使用新版Excel2024查看图片"",_xlfn.IMAGE(""https://ir-20.ozone.ru/s3/multimedia-1-v/wc300/8033664883.jpg""))"
B754,"=IF(ISERROR(_xlfn.IMAGE(""https://ir.ozone.ru/s3/multimedia-1-s/wc300/8330593528.jpg"")),""请使用新版Excel2024查看图片"",_xlfn.IMAGE(""https://ir.ozone.ru/s3/multimedia-1-s/wc300/8330593528.jpg""))"
B755,"=IF(ISERROR(_xlfn.IMAGE(""https://ir.ozone.ru/s3/multimedia-1-u/wc300/7897659402.jpg"")),""请使用新版Excel2024查看图片"",_xlfn.IMAGE(""https://ir.ozone.ru/s3/multimedia-1-u/wc300/7897659402.jpg""))"
B756,"=IF(ISERROR(_xlfn.IMAGE(""https://ir.ozone.ru/s3/multimedia-1-m/wc300/11434729774.jpg"")),""请使用新版Excel2024查看图片"",_xlfn.IMAGE(""https://ir.ozone.ru/s3/multimedia-1-m/wc300/11434729774.jpg""))"
B757,"=IF(ISERROR(_xlfn.IMAGE(""https://ir.ozone.ru/s3/multimedia-1-1/wc300/9024448105.jpg"")),""请使用新版Excel2024查看图片"",_xlfn.IMAGE(""https://ir.ozone.ru/s3/multimedia-1-1/wc300/9024448105.jpg""))"
B758,"=IF(ISERROR(_xlfn.IMAGE(""https://ir.ozone.ru/s3/multimedia-1-u/wc300/12186232482.jpg"")),""请使用新版Excel2024查看图片"",_xlfn.IMAGE(""https://ir.ozone.ru/s3/multimedia-1-u/wc300/12186232482.jpg""))"
B759,"=IF(ISERROR(_xlfn.IMAGE(""https://ir.ozone.ru/s3/multimedia-1-f/wc300/7667349639.jpg"")),""请使用新版Excel2024查看图片"",_xlfn.IMAGE(""https://ir.ozone.ru/s3/multimedia-1-f/wc300/7667349639.jpg""))"
B760,"=IF(ISERROR(_xlfn.IMAGE(""https://ir.ozone.ru/s3/multimedia-1-p/wc300/12708808873.jpg"")),""请使用新版Excel2024查看图片"",_xlfn.IMAGE(""https://ir.ozone.ru/s3/multimedia-1-p/wc300/12708808873.jpg""))"
B761,"=IF(ISERROR(_xlfn.IMAGE(""https://ir.ozone.ru/s3/multimedia-1-m/wc300/9096564874.jpg"")),""请使用新版Excel2024查看图片"",_xlfn.IMAGE(""https://ir.ozone.ru/s3/multimedia-1-m/wc300/9096564874.jpg""))"
B762,"=IF(ISERROR(_xlfn.IMAGE(""https://ir.ozone.ru/s3/multimedia-1-6/wc300/11928362046.jpg"")),""请使用新版Excel2024查看图片"",_xlfn.IMAGE(""https://ir.ozone.ru/s3/multimedia-1-6/wc300/11928362046.jpg""))"
B763,"=IF(ISERROR(_xlfn.IMAGE(""https://ir.ozone.ru/s3/multimedia-1-m/wc300/11943342058.jpg"")),""请使用新版Excel2024查看图片"",_xlfn.IMAGE(""https://ir.ozone.ru/s3/multimedia-1-m/wc300/11943342058.jpg""))"
B764,"=IF(ISERROR(_xlfn.IMAGE(""https://ir.ozone.ru/s3/multimedia-1-z/wc300/13605577055.jpg"")),""请使用新版Excel2024查看图片"",_xlfn.IMAGE(""https://ir.ozone.ru/s3/multimedia-1-z/wc300/13605577055.jpg""))"
B765,"=IF(ISERROR(_xlfn.IMAGE(""https://ir.ozone.ru/s3/multimedia-1-w/wc300/14577301148.jpg"")),""请使用新版Excel2024查看图片"",_xlfn.IMAGE(""https://ir.ozone.ru/s3/multimedia-1-w/wc300/14577301148.jpg""))"
B766,"=IF(ISERROR(_xlfn.IMAGE(""https://ir-20.ozone.ru/s3/multimedia-1-c/wc300/12664935084.jpg"")),""请使用新版Excel2024查看图片"",_xlfn.IMAGE(""https://ir-20.ozone.ru/s3/multimedia-1-c/wc300/12664935084.jpg""))"
B767,"=IF(ISERROR(_xlfn.IMAGE(""https://ir.ozone.ru/s3/multimedia-1-r/wc300/13227255423.jpg"")),""请使用新版Excel2024查看图片"",_xlfn.IMAGE(""https://ir.ozone.ru/s3/multimedia-1-r/wc300/13227255423.jpg""))"
B768,"=IF(ISERROR(_xlfn.IMAGE(""https://ir.ozone.ru/s3/multimedia-1-2/wc300/13253100194.jpg"")),""请使用新版Excel2024查看图片"",_xlfn.IMAGE(""https://ir.ozone.ru/s3/multimedia-1-2/wc300/13253100194.jpg""))"
B769,"=IF(ISERROR(_xlfn.IMAGE(""https://ir.ozone.ru/s3/multimedia-1-u/wc300/12995109858.jpg"")),""请使用新版Excel2024查看图片"",_xlfn.IMAGE(""https://ir.ozone.ru/s3/multimedia-1-u/wc300/12995109858.jpg""))"
B770,"=IF(ISERROR(_xlfn.IMAGE(""https://ir.ozone.ru/s3/multimedia-1-2/wc300/13259309474.jpg"")),""请使用新版Excel2024查看图片"",_xlfn.IMAGE(""https://ir.ozone.ru/s3/multimedia-1-2/wc300/13259309474.jpg""))"
B771,"=IF(ISERROR(_xlfn.IMAGE(""https://ir.ozone.ru/s3/multimedia-1-a/wc300/14252088970.jpg"")),""请使用新版Excel2024查看图片"",_xlfn.IMAGE(""https://ir.ozone.ru/s3/multimedia-1-a/wc300/14252088970.jpg""))"
B772,"=IF(ISERROR(_xlfn.IMAGE(""https://ir.ozone.ru/s3/multimedia-1-9/wc300/14890985793.jpg"")),""请使用新版Excel2024查看图片"",_xlfn.IMAGE(""https://ir.ozone.ru/s3/multimedia-1-9/wc300/14890985793.jpg""))"
B773,"=IF(ISERROR(_xlfn.IMAGE(""https://ir.ozone.ru/s3/multimedia-1-0/wc300/13940382312.jpg"")),""请使用新版Excel2024查看图片"",_xlfn.IMAGE(""https://ir.ozone.ru/s3/multimedia-1-0/wc300/13940382312.jpg""))"
B774,"=IF(ISERROR(_xlfn.IMAGE(""https://ir.ozone.ru/s3/multimedia-1-9/wc300/14890985793.jpg"")),""请使用新版Excel2024查看图片"",_xlfn.IMAGE(""https://ir.ozone.ru/s3/multimedia-1-9/wc300/14890985793.jpg""))"
B775,"=IF(ISERROR(_xlfn.IMAGE(""https://ir.ozone.ru/s3/multimedia-1-1/wc300/15073669981.jpg"")),""请使用新版Excel2024查看图片"",_xlfn.IMAGE(""https://ir.ozone.ru/s3/multimedia-1-1/wc300/15073669981.jpg""))"
B776,"=IF(ISERROR(_xlfn.IMAGE(""https://ir.ozone.ru/s3/multimedia-1-9/wc300/14890985793.jpg"")),""请使用新版Excel2024查看图片"",_xlfn.IMAGE(""https://ir.ozone.ru/s3/multimedia-1-9/wc300/14890985793.jpg""))"
B777,"=IF(ISERROR(_xlfn.IMAGE(""https://ir.ozone.ru/s3/multimedia-1-9/wc300/14890985793.jpg"")),""请使用新版Excel2024查看图片"",_xlfn.IMAGE(""https://ir.ozone.ru/s3/multimedia-1-9/wc300/14890985793.jpg""))"
B778,"=IF(ISERROR(_xlfn.IMAGE(""https://ir.ozone.ru/s3/multimedia-1-9/wc300/14890985793.jpg"")),""请使用新版Excel2024查看图片"",_xlfn.IMAGE(""https://ir.ozone.ru/s3/multimedia-1-9/wc300/14890985793.jpg""))"
B779,"=IF(ISERROR(_xlfn.IMAGE(""https://ir-20.ozone.ru/s3/multimedia-1-y/wc300/9673527490.jpg"")),""请使用新版Excel2024查看图片"",_xlfn.IMAGE(""https://ir-20.ozone.ru/s3/multimedia-1-y/wc300/9673527490.jpg""))"
B780,"=IF(ISERROR(_xlfn.IMAGE(""https://ir.ozone.ru/s3/multimedia-1-7/wc300/7438962247.jpg"")),""请使用新版Excel2024查看图片"",_xlfn.IMAGE(""https://ir.ozone.ru/s3/multimedia-1-7/wc300/7438962247.jpg""))"
B781,"=IF(ISERROR(_xlfn.IMAGE(""https://ir.ozone.ru/s3/multimedia-1-h/wc300/8252731421.jpg"")),""请使用新版Excel2024查看图片"",_xlfn.IMAGE(""https://ir.ozone.ru/s3/multimedia-1-h/wc300/8252731421.jpg""))"
B782,"=IF(ISERROR(_xlfn.IMAGE(""https://ir-20.ozone.ru/s3/multimedia-1-z/wc300/7058385539.jpg"")),""请使用新版Excel2024查看图片"",_xlfn.IMAGE(""https://ir-20.ozone.ru/s3/multimedia-1-z/wc300/7058385539.jpg""))"
B783,"=IF(ISERROR(_xlfn.IMAGE(""https://ir.ozone.ru/s3/multimedia-1-u/wc300/7704728958.jpg"")),""请使用新版Excel2024查看图片"",_xlfn.IMAGE(""https://ir.ozone.ru/s3/multimedia-1-u/wc300/7704728958.jpg""))"
B784,"=IF(ISERROR(_xlfn.IMAGE(""https://ir.ozone.ru/s3/multimedia-1-z/wc300/7059412223.jpg"")),""请使用新版Excel2024查看图片"",_xlfn.IMAGE(""https://ir.ozone.ru/s3/multimedia-1-z/wc300/7059412223.jpg""))"
B785,"=IF(ISERROR(_xlfn.IMAGE(""https://ir.ozone.ru/s3/multimedia-1-6/wc300/9971182662.jpg"")),""请使用新版Excel2024查看图片"",_xlfn.IMAGE(""https://ir.ozone.ru/s3/multimedia-1-6/wc300/9971182662.jpg""))"
B786,"=IF(ISERROR(_xlfn.IMAGE(""https://ir.ozone.ru/s3/multimedia-x/wc300/6897781149.jpg"")),""请使用新版Excel2024查看图片"",_xlfn.IMAGE(""https://ir.ozone.ru/s3/multimedia-x/wc300/6897781149.jpg""))"
B787,"=IF(ISERROR(_xlfn.IMAGE(""https://ir.ozone.ru/s3/multimedia-1-8/wc300/8803368116.jpg"")),""请使用新版Excel2024查看图片"",_xlfn.IMAGE(""https://ir.ozone.ru/s3/multimedia-1-8/wc300/8803368116.jpg""))"
B788,"=IF(ISERROR(_xlfn.IMAGE(""https://ir.ozone.ru/s3/multimedia-1-9/wc300/8839510821.jpg"")),""请使用新版Excel2024查看图片"",_xlfn.IMAGE(""https://ir.ozone.ru/s3/multimedia-1-9/wc300/8839510821.jpg""))"
B789,"=IF(ISERROR(_xlfn.IMAGE(""https://ir.ozone.ru/s3/multimedia-1-9/wc300/14584303341.jpg"")),""请使用新版Excel2024查看图片"",_xlfn.IMAGE(""https://ir.ozone.ru/s3/multimedia-1-9/wc300/14584303341.jpg""))"
B790,"=IF(ISERROR(_xlfn.IMAGE(""https://ir.ozone.ru/s3/multimedia-1-5/wc300/7167559757.jpg"")),""请使用新版Excel2024查看图片"",_xlfn.IMAGE(""https://ir.ozone.ru/s3/multimedia-1-5/wc300/7167559757.jpg""))"
B791,"=IF(ISERROR(_xlfn.IMAGE(""https://ir.ozone.ru/s3/multimedia-1-d/wc300/9132799477.jpg"")),""请使用新版Excel2024查看图片"",_xlfn.IMAGE(""https://ir.ozone.ru/s3/multimedia-1-d/wc300/9132799477.jpg""))"
B792,"=IF(ISERROR(_xlfn.IMAGE(""https://ir.ozone.ru/s3/multimedia-1-v/wc300/7380042295.jpg"")),""请使用新版Excel2024查看图片"",_xlfn.IMAGE(""https://ir.ozone.ru/s3/multimedia-1-v/wc300/7380042295.jpg""))"
B793,"=IF(ISERROR(_xlfn.IMAGE(""https://ir.ozone.ru/s3/multimedia-1-u/wc300/7213056402.jpg"")),""请使用新版Excel2024查看图片"",_xlfn.IMAGE(""https://ir.ozone.ru/s3/multimedia-1-u/wc300/7213056402.jpg""))"
B794,"=IF(ISERROR(_xlfn.IMAGE(""https://ir-20.ozone.ru/s3/multimedia-1-2/wc300/7441113890.jpg"")),""请使用新版Excel2024查看图片"",_xlfn.IMAGE(""https://ir-20.ozone.ru/s3/multimedia-1-2/wc300/7441113890.jpg""))"
B795,"=IF(ISERROR(_xlfn.IMAGE(""https://ir.ozone.ru/s3/multimedia-1-z/wc300/12066983711.jpg"")),""请使用新版Excel2024查看图片"",_xlfn.IMAGE(""https://ir.ozone.ru/s3/multimedia-1-z/wc300/12066983711.jpg""))"
B796,"=IF(ISERROR(_xlfn.IMAGE(""https://ir.ozone.ru/s3/multimedia-1-k/wc300/7570510040.jpg"")),""请使用新版Excel2024查看图片"",_xlfn.IMAGE(""https://ir.ozone.ru/s3/multimedia-1-k/wc300/7570510040.jpg""))"
B797,"=IF(ISERROR(_xlfn.IMAGE(""https://ir.ozone.ru/s3/multimedia-1-1/wc300/7389434449.jpg"")),""请使用新版Excel2024查看图片"",_xlfn.IMAGE(""https://ir.ozone.ru/s3/multimedia-1-1/wc300/7389434449.jpg""))"
B798,"=IF(ISERROR(_xlfn.IMAGE(""https://ir.ozone.ru/s3/multimedia-1-r/wc300/12862101519.jpg"")),""请使用新版Excel2024查看图片"",_xlfn.IMAGE(""https://ir.ozone.ru/s3/multimedia-1-r/wc300/12862101519.jpg""))"
B799,"=IF(ISERROR(_xlfn.IMAGE(""https://ir-20.ozone.ru/s3/multimedia-1-w/wc300/7388033216.jpg"")),""请使用新版Excel2024查看图片"",_xlfn.IMAGE(""https://ir-20.ozone.ru/s3/multimedia-1-w/wc300/7388033216.jpg""))"
B800,"=IF(ISERROR(_xlfn.IMAGE(""https://ir.ozone.ru/s3/multimedia-1-a/wc300/12862106938.jpg"")),""请使用新版Excel2024查看图片"",_xlfn.IMAGE(""https://ir.ozone.ru/s3/multimedia-1-a/wc300/12862106938.jpg""))"
B801,"=IF(ISERROR(_xlfn.IMAGE(""https://ir.ozone.ru/s3/multimedia-1-u/wc300/7652959626.jpg"")),""请使用新版Excel2024查看图片"",_xlfn.IMAGE(""https://ir.ozone.ru/s3/multimedia-1-u/wc300/7652959626.jpg""))"
B802,"=IF(ISERROR(_xlfn.IMAGE(""https://ir.ozone.ru/s3/multimedia-1-r/wc300/11984727123.jpg"")),""请使用新版Excel2024查看图片"",_xlfn.IMAGE(""https://ir.ozone.ru/s3/multimedia-1-r/wc300/11984727123.jpg""))"
B803,"=IF(ISERROR(_xlfn.IMAGE(""https://ir-20.ozone.ru/s3/multimedia-1-z/wc300/7533313199.jpg"")),""请使用新版Excel2024查看图片"",_xlfn.IMAGE(""https://ir-20.ozone.ru/s3/multimedia-1-z/wc300/7533313199.jpg""))"
B804,"=IF(ISERROR(_xlfn.IMAGE(""https://ir.ozone.ru/s3/multimedia-1-r/wc300/7652959551.jpg"")),""请使用新版Excel2024查看图片"",_xlfn.IMAGE(""https://ir.ozone.ru/s3/multimedia-1-r/wc300/7652959551.jpg""))"
B805,"=IF(ISERROR(_xlfn.IMAGE(""https://ir.ozone.ru/s3/multimedia-1-x/wc300/7499175693.jpg"")),""请使用新版Excel2024查看图片"",_xlfn.IMAGE(""https://ir.ozone.ru/s3/multimedia-1-x/wc300/7499175693.jpg""))"
B806,"=IF(ISERROR(_xlfn.IMAGE(""https://ir.ozone.ru/s3/multimedia-1-v/wc300/9118188463.jpg"")),""请使用新版Excel2024查看图片"",_xlfn.IMAGE(""https://ir.ozone.ru/s3/multimedia-1-v/wc300/9118188463.jpg""))"
B807,"=IF(ISERROR(_xlfn.IMAGE(""https://ir.ozone.ru/s3/multimedia-1-y/wc300/7706073598.jpg"")),""请使用新版Excel2024查看图片"",_xlfn.IMAGE(""https://ir.ozone.ru/s3/multimedia-1-y/wc300/7706073598.jpg""))"
B808,"=IF(ISERROR(_xlfn.IMAGE(""https://ir.ozone.ru/s3/multimedia-1-8/wc300/10564874468.jpg"")),""请使用新版Excel2024查看图片"",_xlfn.IMAGE(""https://ir.ozone.ru/s3/multimedia-1-8/wc300/10564874468.jpg""))"
B809,"=IF(ISERROR(_xlfn.IMAGE(""https://ir.ozone.ru/s3/multimedia-1-2/wc300/10198847702.jpg"")),""请使用新版Excel2024查看图片"",_xlfn.IMAGE(""https://ir.ozone.ru/s3/multimedia-1-2/wc300/10198847702.jpg""))"
B810,"=IF(ISERROR(_xlfn.IMAGE(""https://ir.ozone.ru/s3/multimedia-1-2/wc300/7612874606.jpg"")),""请使用新版Excel2024查看图片"",_xlfn.IMAGE(""https://ir.ozone.ru/s3/multimedia-1-2/wc300/7612874606.jpg""))"
B811,"=IF(ISERROR(_xlfn.IMAGE(""https://ir.ozone.ru/s3/multimedia-1-t/wc300/8282251577.jpg"")),""请使用新版Excel2024查看图片"",_xlfn.IMAGE(""https://ir.ozone.ru/s3/multimedia-1-t/wc300/8282251577.jpg""))"
B812,"=IF(ISERROR(_xlfn.IMAGE(""https://ir.ozone.ru/s3/multimedia-v/wc300/6858713875.jpg"")),""请使用新版Excel2024查看图片"",_xlfn.IMAGE(""https://ir.ozone.ru/s3/multimedia-v/wc300/6858713875.jpg""))"
B813,"=IF(ISERROR(_xlfn.IMAGE(""https://ir-20.ozone.ru/s3/multimedia-1-3/wc300/15051099855.jpg"")),""请使用新版Excel2024查看图片"",_xlfn.IMAGE(""https://ir-20.ozone.ru/s3/multimedia-1-3/wc300/15051099855.jpg""))"
B814,"=IF(ISERROR(_xlfn.IMAGE(""https://ir.ozone.ru/s3/multimedia-1-u/wc300/10286763834.jpg"")),""请使用新版Excel2024查看图片"",_xlfn.IMAGE(""https://ir.ozone.ru/s3/multimedia-1-u/wc300/10286763834.jpg""))"
B815,"=IF(ISERROR(_xlfn.IMAGE(""https://ir.ozone.ru/s3/multimedia-1-f/wc300/14526826431.jpg"")),""请使用新版Excel2024查看图片"",_xlfn.IMAGE(""https://ir.ozone.ru/s3/multimedia-1-f/wc300/14526826431.jpg""))"
B816,"=IF(ISERROR(_xlfn.IMAGE(""https://ir.ozone.ru/s3/multimedia-1-w/wc300/13840219472.jpg"")),""请使用新版Excel2024查看图片"",_xlfn.IMAGE(""https://ir.ozone.ru/s3/multimedia-1-w/wc300/13840219472.jpg""))"
B817,"=IF(ISERROR(_xlfn.IMAGE(""https://ir.ozone.ru/s3/multimedia-1-h/wc300/13840221041.jpg"")),""请使用新版Excel2024查看图片"",_xlfn.IMAGE(""https://ir.ozone.ru/s3/multimedia-1-h/wc300/13840221041.jpg""))"
B818,"=IF(ISERROR(_xlfn.IMAGE(""https://ir.ozone.ru/s3/multimedia-1-8/wc300/8480019464.jpg"")),""请使用新版Excel2024查看图片"",_xlfn.IMAGE(""https://ir.ozone.ru/s3/multimedia-1-8/wc300/8480019464.jpg""))"
B819,"=IF(ISERROR(_xlfn.IMAGE(""https://ir.ozone.ru/s3/multimedia-1-2/wc300/8577422210.jpg"")),""请使用新版Excel2024查看图片"",_xlfn.IMAGE(""https://ir.ozone.ru/s3/multimedia-1-2/wc300/8577422210.jpg""))"
B820,"=IF(ISERROR(_xlfn.IMAGE(""https://ir.ozone.ru/s3/multimedia-1-7/wc300/8474890255.jpg"")),""请使用新版Excel2024查看图片"",_xlfn.IMAGE(""https://ir.ozone.ru/s3/multimedia-1-7/wc300/8474890255.jpg""))"
B821,"=IF(ISERROR(_xlfn.IMAGE(""https://ir.ozone.ru/s3/multimedia-1-e/wc300/12687226430.jpg"")),""请使用新版Excel2024查看图片"",_xlfn.IMAGE(""https://ir.ozone.ru/s3/multimedia-1-e/wc300/12687226430.jpg""))"
B822,"=IF(ISERROR(_xlfn.IMAGE(""https://ir.ozone.ru/s3/multimedia-1-7/wc300/7992399427.jpg"")),""请使用新版Excel2024查看图片"",_xlfn.IMAGE(""https://ir.ozone.ru/s3/multimedia-1-7/wc300/7992399427.jpg""))"
B823,"=IF(ISERROR(_xlfn.IMAGE(""https://ir.ozone.ru/s3/multimedia-1-g/wc300/8092923100.jpg"")),""请使用新版Excel2024查看图片"",_xlfn.IMAGE(""https://ir.ozone.ru/s3/multimedia-1-g/wc300/8092923100.jpg""))"
B824,"=IF(ISERROR(_xlfn.IMAGE(""https://ir.ozone.ru/s3/multimedia-1-e/wc300/10135107698.jpg"")),""请使用新版Excel2024查看图片"",_xlfn.IMAGE(""https://ir.ozone.ru/s3/multimedia-1-e/wc300/10135107698.jpg""))"
B825,"=IF(ISERROR(_xlfn.IMAGE(""https://ir.ozone.ru/s3/multimedia-0/wc300/6723263448.jpg"")),""请使用新版Excel2024查看图片"",_xlfn.IMAGE(""https://ir.ozone.ru/s3/multimedia-0/wc300/6723263448.jpg""))"
B826,"=IF(ISERROR(_xlfn.IMAGE(""https://ir.ozone.ru/s3/multimedia-1-0/wc300/9821222748.jpg"")),""请使用新版Excel2024查看图片"",_xlfn.IMAGE(""https://ir.ozone.ru/s3/multimedia-1-0/wc300/9821222748.jpg""))"
B827,"=IF(ISERROR(_xlfn.IMAGE(""https://ir.ozone.ru/s3/multimedia-1-6/wc300/9554219034.jpg"")),""请使用新版Excel2024查看图片"",_xlfn.IMAGE(""https://ir.ozone.ru/s3/multimedia-1-6/wc300/9554219034.jpg""))"
B828,"=IF(ISERROR(_xlfn.IMAGE(""https://ir.ozone.ru/s3/multimedia-1-2/wc300/10535494034.jpg"")),""请使用新版Excel2024查看图片"",_xlfn.IMAGE(""https://ir.ozone.ru/s3/multimedia-1-2/wc300/10535494034.jpg""))"
B829,"=IF(ISERROR(_xlfn.IMAGE(""https://ir.ozone.ru/s3/multimedia-1-t/wc300/9685034417.jpg"")),""请使用新版Excel2024查看图片"",_xlfn.IMAGE(""https://ir.ozone.ru/s3/multimedia-1-t/wc300/9685034417.jpg""))"
B830,"=IF(ISERROR(_xlfn.IMAGE(""https://ir.ozone.ru/s3/multimedia-l/wc300/6636404793.jpg"")),""请使用新版Excel2024查看图片"",_xlfn.IMAGE(""https://ir.ozone.ru/s3/multimedia-l/wc300/6636404793.jpg""))"
B831,"=IF(ISERROR(_xlfn.IMAGE(""https://ir.ozone.ru/s3/multimedia-1-4/wc300/11126495092.jpg"")),""请使用新版Excel2024查看图片"",_xlfn.IMAGE(""https://ir.ozone.ru/s3/multimedia-1-4/wc300/11126495092.jpg""))"
B832,"=IF(ISERROR(_xlfn.IMAGE(""https://ir.ozone.ru/s3/multimedia-1-p/wc300/10152053917.jpg"")),""请使用新版Excel2024查看图片"",_xlfn.IMAGE(""https://ir.ozone.ru/s3/multimedia-1-p/wc300/10152053917.jpg""))"
B833,"=IF(ISERROR(_xlfn.IMAGE(""https://ir.ozone.ru/s3/multimedia-1-v/wc300/8900847103.jpg"")),""请使用新版Excel2024查看图片"",_xlfn.IMAGE(""https://ir.ozone.ru/s3/multimedia-1-v/wc300/8900847103.jpg""))"
B834,"=IF(ISERROR(_xlfn.IMAGE(""https://ir.ozone.ru/s3/multimedia-1-a/wc300/11764598410.jpg"")),""请使用新版Excel2024查看图片"",_xlfn.IMAGE(""https://ir.ozone.ru/s3/multimedia-1-a/wc300/11764598410.jpg""))"
B835,"=IF(ISERROR(_xlfn.IMAGE(""https://ir.ozone.ru/s3/multimedia-1-m/wc300/8788321246.jpg"")),""请使用新版Excel2024查看图片"",_xlfn.IMAGE(""https://ir.ozone.ru/s3/multimedia-1-m/wc300/8788321246.jpg""))"
B836,"=IF(ISERROR(_xlfn.IMAGE(""https://ir.ozone.ru/s3/multimedia-1-i/wc300/13592558934.jpg"")),""请使用新版Excel2024查看图片"",_xlfn.IMAGE(""https://ir.ozone.ru/s3/multimedia-1-i/wc300/13592558934.jpg""))"
B837,"=IF(ISERROR(_xlfn.IMAGE(""https://ir.ozone.ru/s3/multimedia-1-x/wc300/13535499705.jpg"")),""请使用新版Excel2024查看图片"",_xlfn.IMAGE(""https://ir.ozone.ru/s3/multimedia-1-x/wc300/13535499705.jpg""))"
B838,"=IF(ISERROR(_xlfn.IMAGE(""https://ir.ozone.ru/s3/multimedia-1-o/wc300/13925435424.jpg"")),""请使用新版Excel2024查看图片"",_xlfn.IMAGE(""https://ir.ozone.ru/s3/multimedia-1-o/wc300/13925435424.jpg""))"
B839,"=IF(ISERROR(_xlfn.IMAGE(""https://ir.ozone.ru/s3/multimedia-1-9/wc300/14351231565.jpg"")),""请使用新版Excel2024查看图片"",_xlfn.IMAGE(""https://ir.ozone.ru/s3/multimedia-1-9/wc300/14351231565.jpg""))"
B840,"=IF(ISERROR(_xlfn.IMAGE(""https://ir.ozone.ru/s3/multimedia-1-p/wc300/8400344785.jpg"")),""请使用新版Excel2024查看图片"",_xlfn.IMAGE(""https://ir.ozone.ru/s3/multimedia-1-p/wc300/8400344785.jpg""))"
B841,"=IF(ISERROR(_xlfn.IMAGE(""https://ir.ozone.ru/s3/multimedia-1-a/wc300/15073817302.jpg"")),""请使用新版Excel2024查看图片"",_xlfn.IMAGE(""https://ir.ozone.ru/s3/multimedia-1-a/wc300/15073817302.jpg""))"
B842,"=IF(ISERROR(_xlfn.IMAGE(""https://ir.ozone.ru/s3/multimedia-1-z/wc300/11872599155.jpg"")),""请使用新版Excel2024查看图片"",_xlfn.IMAGE(""https://ir.ozone.ru/s3/multimedia-1-z/wc300/11872599155.jpg""))"
B843,"=IF(ISERROR(_xlfn.IMAGE(""https://ir.ozone.ru/s3/multimedia-1-q/wc300/9673422974.jpg"")),""请使用新版Excel2024查看图片"",_xlfn.IMAGE(""https://ir.ozone.ru/s3/multimedia-1-q/wc300/9673422974.jpg""))"
B844,"=IF(ISERROR(_xlfn.IMAGE(""https://ir.ozone.ru/s3/multimedia-1-r/wc300/7198724151.jpg"")),""请使用新版Excel2024查看图片"",_xlfn.IMAGE(""https://ir.ozone.ru/s3/multimedia-1-r/wc300/7198724151.jpg""))"
B845,"=IF(ISERROR(_xlfn.IMAGE(""https://ir.ozone.ru/s3/multimedia-1-k/wc300/9845619176.jpg"")),""请使用新版Excel2024查看图片"",_xlfn.IMAGE(""https://ir.ozone.ru/s3/multimedia-1-k/wc300/9845619176.jpg""))"
B846,"=IF(ISERROR(_xlfn.IMAGE(""https://ir.ozone.ru/s3/multimedia-1-4/wc300/8024869120.jpg"")),""请使用新版Excel2024查看图片"",_xlfn.IMAGE(""https://ir.ozone.ru/s3/multimedia-1-4/wc300/8024869120.jpg""))"
B847,"=IF(ISERROR(_xlfn.IMAGE(""https://ir.ozone.ru/s3/multimedia-y/wc300/6824247370.jpg"")),""请使用新版Excel2024查看图片"",_xlfn.IMAGE(""https://ir.ozone.ru/s3/multimedia-y/wc300/6824247370.jpg""))"
B848,"=IF(ISERROR(_xlfn.IMAGE(""https://ir.ozone.ru/s3/multimedia-1-b/wc300/9671341043.jpg"")),""请使用新版Excel2024查看图片"",_xlfn.IMAGE(""https://ir.ozone.ru/s3/multimedia-1-b/wc300/9671341043.jpg""))"
B849,"=IF(ISERROR(_xlfn.IMAGE(""https://ir.ozone.ru/s3/multimedia-1-t/wc300/6980920193.jpg"")),""请使用新版Excel2024查看图片"",_xlfn.IMAGE(""https://ir.ozone.ru/s3/multimedia-1-t/wc300/6980920193.jpg""))"
B850,"=IF(ISERROR(_xlfn.IMAGE(""https://ir.ozone.ru/s3/multimedia-1-7/wc300/7064234719.jpg"")),""请使用新版Excel2024查看图片"",_xlfn.IMAGE(""https://ir.ozone.ru/s3/multimedia-1-7/wc300/7064234719.jpg""))"
B851,"=IF(ISERROR(_xlfn.IMAGE(""https://ir.ozone.ru/s3/multimedia-1-s/wc300/7046355268.jpg"")),""请使用新版Excel2024查看图片"",_xlfn.IMAGE(""https://ir.ozone.ru/s3/multimedia-1-s/wc300/7046355268.jpg""))"
B852,"=IF(ISERROR(_xlfn.IMAGE(""https://ir.ozone.ru/s3/multimedia-1-e/wc300/7038215186.jpg"")),""请使用新版Excel2024查看图片"",_xlfn.IMAGE(""https://ir.ozone.ru/s3/multimedia-1-e/wc300/7038215186.jpg""))"
B853,"=IF(ISERROR(_xlfn.IMAGE(""https://ir.ozone.ru/s3/multimedia-1-i/wc300/7070196366.jpg"")),""请使用新版Excel2024查看图片"",_xlfn.IMAGE(""https://ir.ozone.ru/s3/multimedia-1-i/wc300/7070196366.jpg""))"
B854,"=IF(ISERROR(_xlfn.IMAGE(""https://ir.ozone.ru/s3/multimedia-s/wc300/6626793484.jpg"")),""请使用新版Excel2024查看图片"",_xlfn.IMAGE(""https://ir.ozone.ru/s3/multimedia-s/wc300/6626793484.jpg""))"
B855,"=IF(ISERROR(_xlfn.IMAGE(""https://ir.ozone.ru/s3/multimedia-1-d/wc300/9132716137.jpg"")),""请使用新版Excel2024查看图片"",_xlfn.IMAGE(""https://ir.ozone.ru/s3/multimedia-1-d/wc300/9132716137.jpg""))"
B856,"=IF(ISERROR(_xlfn.IMAGE(""https://ir.ozone.ru/s3/multimedia-1-x/wc300/7150981317.jpg"")),""请使用新版Excel2024查看图片"",_xlfn.IMAGE(""https://ir.ozone.ru/s3/multimedia-1-x/wc300/7150981317.jpg""))"
B857,"=IF(ISERROR(_xlfn.IMAGE(""https://ir.ozone.ru/s3/multimedia-1-6/wc300/13407895842.jpg"")),""请使用新版Excel2024查看图片"",_xlfn.IMAGE(""https://ir.ozone.ru/s3/multimedia-1-6/wc300/13407895842.jpg""))"
B858,"=IF(ISERROR(_xlfn.IMAGE(""https://ir.ozone.ru/s3/multimedia-1-7/wc300/11823619435.jpg"")),""请使用新版Excel2024查看图片"",_xlfn.IMAGE(""https://ir.ozone.ru/s3/multimedia-1-7/wc300/11823619435.jpg""))"
B859,"=IF(ISERROR(_xlfn.IMAGE(""https://ir.ozone.ru/s3/multimedia-1-1/wc300/13360594429.jpg"")),""请使用新版Excel2024查看图片"",_xlfn.IMAGE(""https://ir.ozone.ru/s3/multimedia-1-1/wc300/13360594429.jpg""))"
B860,"=IF(ISERROR(_xlfn.IMAGE(""https://ir.ozone.ru/s3/multimedia-1-e/wc300/8349127610.jpg"")),""请使用新版Excel2024查看图片"",_xlfn.IMAGE(""https://ir.ozone.ru/s3/multimedia-1-e/wc300/8349127610.jpg""))"
B861,"=IF(ISERROR(_xlfn.IMAGE(""https://ir.ozone.ru/s3/multimedia-1-7/wc300/10436816383.jpg"")),""请使用新版Excel2024查看图片"",_xlfn.IMAGE(""https://ir.ozone.ru/s3/multimedia-1-7/wc300/10436816383.jpg""))"
B862,"=IF(ISERROR(_xlfn.IMAGE(""https://ir.ozone.ru/s3/multimedia-1-t/wc300/7992344117.jpg"")),""请使用新版Excel2024查看图片"",_xlfn.IMAGE(""https://ir.ozone.ru/s3/multimedia-1-t/wc300/7992344117.jpg""))"
B863,"=IF(ISERROR(_xlfn.IMAGE(""https://ir.ozone.ru/s3/multimedia-1-l/wc300/10289351901.jpg"")),""请使用新版Excel2024查看图片"",_xlfn.IMAGE(""https://ir.ozone.ru/s3/multimedia-1-l/wc300/10289351901.jpg""))"
B864,"=IF(ISERROR(_xlfn.IMAGE(""https://ir.ozone.ru/s3/multimedia-1-k/wc300/8249949488.jpg"")),""请使用新版Excel2024查看图片"",_xlfn.IMAGE(""https://ir.ozone.ru/s3/multimedia-1-k/wc300/8249949488.jpg""))"
B865,"=IF(ISERROR(_xlfn.IMAGE(""https://ir.ozone.ru/s3/multimedia-1-1/wc300/8086268341.jpg"")),""请使用新版Excel2024查看图片"",_xlfn.IMAGE(""https://ir.ozone.ru/s3/multimedia-1-1/wc300/8086268341.jpg""))"
B866,"=IF(ISERROR(_xlfn.IMAGE(""https://ir.ozone.ru/s3/multimedia-1-r/wc300/8252955531.jpg"")),""请使用新版Excel2024查看图片"",_xlfn.IMAGE(""https://ir.ozone.ru/s3/multimedia-1-r/wc300/8252955531.jpg""))"
B867,"=IF(ISERROR(_xlfn.IMAGE(""https://ir.ozone.ru/s3/multimedia-1-6/wc300/9301747110.jpg"")),""请使用新版Excel2024查看图片"",_xlfn.IMAGE(""https://ir.ozone.ru/s3/multimedia-1-6/wc300/9301747110.jpg""))"
B868,"=IF(ISERROR(_xlfn.IMAGE(""https://ir.ozone.ru/s3/multimedia-1-2/wc300/8407077626.jpg"")),""请使用新版Excel2024查看图片"",_xlfn.IMAGE(""https://ir.ozone.ru/s3/multimedia-1-2/wc300/8407077626.jpg""))"
B869,"=IF(ISERROR(_xlfn.IMAGE(""https://ir.ozone.ru/s3/multimedia-1-0/wc300/8717316300.jpg"")),""请使用新版Excel2024查看图片"",_xlfn.IMAGE(""https://ir.ozone.ru/s3/multimedia-1-0/wc300/8717316300.jpg""))"
B870,"=IF(ISERROR(_xlfn.IMAGE(""https://ir.ozone.ru/s3/multimedia-1-1/wc300/10494271153.jpg"")),""请使用新版Excel2024查看图片"",_xlfn.IMAGE(""https://ir.ozone.ru/s3/multimedia-1-1/wc300/10494271153.jpg""))"
B871,"=IF(ISERROR(_xlfn.IMAGE(""https://ir.ozone.ru/s3/multimedia-1-y/wc300/7947091978.jpg"")),""请使用新版Excel2024查看图片"",_xlfn.IMAGE(""https://ir.ozone.ru/s3/multimedia-1-y/wc300/7947091978.jpg""))"
B872,"=IF(ISERROR(_xlfn.IMAGE(""https://ir-20.ozone.ru/s3/multimedia-1-t/wc300/9087901589.jpg"")),""请使用新版Excel2024查看图片"",_xlfn.IMAGE(""https://ir-20.ozone.ru/s3/multimedia-1-t/wc300/9087901589.jpg""))"
B873,"=IF(ISERROR(_xlfn.IMAGE(""https://ir.ozone.ru/s3/multimedia-1-w/wc300/8803369364.jpg"")),""请使用新版Excel2024查看图片"",_xlfn.IMAGE(""https://ir.ozone.ru/s3/multimedia-1-w/wc300/8803369364.jpg""))"
B874,"=IF(ISERROR(_xlfn.IMAGE(""https://ir.ozone.ru/s3/multimedia-1-y/wc300/8839508938.jpg"")),""请使用新版Excel2024查看图片"",_xlfn.IMAGE(""https://ir.ozone.ru/s3/multimedia-1-y/wc300/8839508938.jpg""))"
B875,"=IF(ISERROR(_xlfn.IMAGE(""https://ir.ozone.ru/s3/multimedia-1-7/wc300/10360836043.jpg"")),""请使用新版Excel2024查看图片"",_xlfn.IMAGE(""https://ir.ozone.ru/s3/multimedia-1-7/wc300/10360836043.jpg""))"
B876,"=IF(ISERROR(_xlfn.IMAGE(""https://ir.ozone.ru/s3/multimedia-1-w/wc300/9374821592.jpg"")),""请使用新版Excel2024查看图片"",_xlfn.IMAGE(""https://ir.ozone.ru/s3/multimedia-1-w/wc300/9374821592.jpg""))"
B877,"=IF(ISERROR(_xlfn.IMAGE(""https://ir.ozone.ru/s3/multimedia-1-s/wc300/8131563424.jpg"")),""请使用新版Excel2024查看图片"",_xlfn.IMAGE(""https://ir.ozone.ru/s3/multimedia-1-s/wc300/8131563424.jpg""))"
B878,"=IF(ISERROR(_xlfn.IMAGE(""https://ir.ozone.ru/s3/multimedia-1-j/wc300/9685041787.jpg"")),""请使用新版Excel2024查看图片"",_xlfn.IMAGE(""https://ir.ozone.ru/s3/multimedia-1-j/wc300/9685041787.jpg""))"
B879,"=IF(ISERROR(_xlfn.IMAGE(""https://ir.ozone.ru/s3/multimedia-1-v/wc300/9983059951.jpg"")),""请使用新版Excel2024查看图片"",_xlfn.IMAGE(""https://ir.ozone.ru/s3/multimedia-1-v/wc300/9983059951.jpg""))"
B880,"=IF(ISERROR(_xlfn.IMAGE(""https://ir.ozone.ru/s3/multimedia-1-l/wc300/9712936209.jpg"")),""请使用新版Excel2024查看图片"",_xlfn.IMAGE(""https://ir.ozone.ru/s3/multimedia-1-l/wc300/9712936209.jpg""))"
B881,"=IF(ISERROR(_xlfn.IMAGE(""https://ir.ozone.ru/s3/multimedia-1-8/wc300/10257115400.jpg"")),""请使用新版Excel2024查看图片"",_xlfn.IMAGE(""https://ir.ozone.ru/s3/multimedia-1-8/wc300/10257115400.jpg""))"
B882,"=IF(ISERROR(_xlfn.IMAGE(""https://ir.ozone.ru/s3/multimedia-1-e/wc300/8651821874.jpg"")),""请使用新版Excel2024查看图片"",_xlfn.IMAGE(""https://ir.ozone.ru/s3/multimedia-1-e/wc300/8651821874.jpg""))"
B883,"=IF(ISERROR(_xlfn.IMAGE(""https://ir-20.ozone.ru/s3/multimedia-1-n/wc300/10157510219.jpg"")),""请使用新版Excel2024查看图片"",_xlfn.IMAGE(""https://ir-20.ozone.ru/s3/multimedia-1-n/wc300/10157510219.jpg""))"
B884,"=IF(ISERROR(_xlfn.IMAGE(""https://ir.ozone.ru/s3/multimedia-b/wc300/6714722711.jpg"")),""请使用新版Excel2024查看图片"",_xlfn.IMAGE(""https://ir.ozone.ru/s3/multimedia-b/wc300/6714722711.jpg""))"
B885,"=IF(ISERROR(_xlfn.IMAGE(""https://ir.ozone.ru/s3/multimedia-1-0/wc300/11434488444.jpg"")),""请使用新版Excel2024查看图片"",_xlfn.IMAGE(""https://ir.ozone.ru/s3/multimedia-1-0/wc300/11434488444.jpg""))"
B886,"=IF(ISERROR(_xlfn.IMAGE(""https://ir.ozone.ru/s3/multimedia-1-3/wc300/10928461611.jpg"")),""请使用新版Excel2024查看图片"",_xlfn.IMAGE(""https://ir.ozone.ru/s3/multimedia-1-3/wc300/10928461611.jpg""))"
B887,"=IF(ISERROR(_xlfn.IMAGE(""https://ir.ozone.ru/s3/multimedia-1/wc300/6655186729.jpg"")),""请使用新版Excel2024查看图片"",_xlfn.IMAGE(""https://ir.ozone.ru/s3/multimedia-1/wc300/6655186729.jpg""))"
B888,"=IF(ISERROR(_xlfn.IMAGE(""https://ir.ozone.ru/s3/multimedia-1-y/wc300/8186426314.jpg"")),""请使用新版Excel2024查看图片"",_xlfn.IMAGE(""https://ir.ozone.ru/s3/multimedia-1-y/wc300/8186426314.jpg""))"
B889,"=IF(ISERROR(_xlfn.IMAGE(""https://ir.ozone.ru/s3/multimedia-1-6/wc300/12152706486.jpg"")),""请使用新版Excel2024查看图片"",_xlfn.IMAGE(""https://ir.ozone.ru/s3/multimedia-1-6/wc300/12152706486.jpg""))"
B890,"=IF(ISERROR(_xlfn.IMAGE(""https://ir.ozone.ru/s3/multimedia-1-i/wc300/11988605574.jpg"")),""请使用新版Excel2024查看图片"",_xlfn.IMAGE(""https://ir.ozone.ru/s3/multimedia-1-i/wc300/11988605574.jpg""))"
B891,"=IF(ISERROR(_xlfn.IMAGE(""https://ir.ozone.ru/s3/multimedia-1-0/wc300/8824861512.jpg"")),""请使用新版Excel2024查看图片"",_xlfn.IMAGE(""https://ir.ozone.ru/s3/multimedia-1-0/wc300/8824861512.jpg""))"
B892,"=IF(ISERROR(_xlfn.IMAGE(""https://ir.ozone.ru/s3/multimedia-1-n/wc300/13741900763.jpg"")),""请使用新版Excel2024查看图片"",_xlfn.IMAGE(""https://ir.ozone.ru/s3/multimedia-1-n/wc300/13741900763.jpg""))"
B893,"=IF(ISERROR(_xlfn.IMAGE(""https://ir.ozone.ru/s3/multimedia-1-c/wc300/14603151504.jpg"")),""请使用新版Excel2024查看图片"",_xlfn.IMAGE(""https://ir.ozone.ru/s3/multimedia-1-c/wc300/14603151504.jpg""))"
B894,"=IF(ISERROR(_xlfn.IMAGE(""https://ir-20.ozone.ru/s3/multimedia-1-j/wc300/13944854539.jpg"")),""请使用新版Excel2024查看图片"",_xlfn.IMAGE(""https://ir-20.ozone.ru/s3/multimedia-1-j/wc300/13944854539.jpg""))"
B895,"=IF(ISERROR(_xlfn.IMAGE(""https://ir.ozone.ru/s3/multimedia-1-j/wc300/14054295547.jpg"")),""请使用新版Excel2024查看图片"",_xlfn.IMAGE(""https://ir.ozone.ru/s3/multimedia-1-j/wc300/14054295547.jpg""))"
B896,"=IF(ISERROR(_xlfn.IMAGE(""https://ir.ozone.ru/s3/multimedia-1-z/wc300/14360056307.jpg"")),""请使用新版Excel2024查看图片"",_xlfn.IMAGE(""https://ir.ozone.ru/s3/multimedia-1-z/wc300/14360056307.jpg""))"
B897,"=IF(ISERROR(_xlfn.IMAGE(""https://ir.ozone.ru/s3/multimedia-1-d/wc300/14086101937.jpg"")),""请使用新版Excel2024查看图片"",_xlfn.IMAGE(""https://ir.ozone.ru/s3/multimedia-1-d/wc300/14086101937.jpg""))"
B898,"=IF(ISERROR(_xlfn.IMAGE(""https://ir.ozone.ru/s3/multimedia-1-q/wc300/14351234246.jpg"")),""请使用新版Excel2024查看图片"",_xlfn.IMAGE(""https://ir.ozone.ru/s3/multimedia-1-q/wc300/14351234246.jpg""))"
B899,"=IF(ISERROR(_xlfn.IMAGE(""https://ir.ozone.ru/s3/multimedia-1-0/wc300/14765072688.jpg"")),""请使用新版Excel2024查看图片"",_xlfn.IMAGE(""https://ir.ozone.ru/s3/multimedia-1-0/wc300/14765072688.jpg""))"
B900,"=IF(ISERROR(_xlfn.IMAGE(""https://ir.ozone.ru/s3/multimedia-1-c/wc300/14351233080.jpg"")),""请使用新版Excel2024查看图片"",_xlfn.IMAGE(""https://ir.ozone.ru/s3/multimedia-1-c/wc300/14351233080.jpg""))"
B901,"=IF(ISERROR(_xlfn.IMAGE(""https://ir.ozone.ru/s3/multimedia-1-2/wc300/7570515170.jpg"")),""请使用新版Excel2024查看图片"",_xlfn.IMAGE(""https://ir.ozone.ru/s3/multimedia-1-2/wc300/7570515170.jpg""))"
B902,"=IF(ISERROR(_xlfn.IMAGE(""https://ir-20.ozone.ru/s3/multimedia-o/wc300/6829366956.jpg"")),""请使用新版Excel2024查看图片"",_xlfn.IMAGE(""https://ir-20.ozone.ru/s3/multimedia-o/wc300/6829366956.jpg""))"
B903,"=IF(ISERROR(_xlfn.IMAGE(""https://ir.ozone.ru/s3/multimedia-l/wc300/6848725233.jpg"")),""请使用新版Excel2024查看图片"",_xlfn.IMAGE(""https://ir.ozone.ru/s3/multimedia-l/wc300/6848725233.jpg""))"
B904,"=IF(ISERROR(_xlfn.IMAGE(""https://ir.ozone.ru/s3/multimedia-9/wc300/6645164229.jpg"")),""请使用新版Excel2024查看图片"",_xlfn.IMAGE(""https://ir.ozone.ru/s3/multimedia-9/wc300/6645164229.jpg""))"
B905,"=IF(ISERROR(_xlfn.IMAGE(""https://ir.ozone.ru/s3/multimedia-1-z/wc300/8817136523.jpg"")),""请使用新版Excel2024查看图片"",_xlfn.IMAGE(""https://ir.ozone.ru/s3/multimedia-1-z/wc300/8817136523.jpg""))"
B906,"=IF(ISERROR(_xlfn.IMAGE(""https://ir.ozone.ru/s3/multimedia-1-u/wc300/7114800954.jpg"")),""请使用新版Excel2024查看图片"",_xlfn.IMAGE(""https://ir.ozone.ru/s3/multimedia-1-u/wc300/7114800954.jpg""))"
B907,"=IF(ISERROR(_xlfn.IMAGE(""https://ir.ozone.ru/s3/multimedia-1-2/wc300/10946596430.jpg"")),""请使用新版Excel2024查看图片"",_xlfn.IMAGE(""https://ir.ozone.ru/s3/multimedia-1-2/wc300/10946596430.jpg""))"
B908,"=IF(ISERROR(_xlfn.IMAGE(""https://ir.ozone.ru/s3/multimedia-i/wc300/6895517634.jpg"")),""请使用新版Excel2024查看图片"",_xlfn.IMAGE(""https://ir.ozone.ru/s3/multimedia-i/wc300/6895517634.jpg""))"
B909,"=IF(ISERROR(_xlfn.IMAGE(""https://ir.ozone.ru/s3/multimedia-o/wc300/6895506552.jpg"")),""请使用新版Excel2024查看图片"",_xlfn.IMAGE(""https://ir.ozone.ru/s3/multimedia-o/wc300/6895506552.jpg""))"
B910,"=IF(ISERROR(_xlfn.IMAGE(""https://ir.ozone.ru/s3/multimedia-1-z/wc300/12994426331.jpg"")),""请使用新版Excel2024查看图片"",_xlfn.IMAGE(""https://ir.ozone.ru/s3/multimedia-1-z/wc300/12994426331.jpg""))"
B911,"=IF(ISERROR(_xlfn.IMAGE(""https://ir.ozone.ru/s3/multimedia-1-v/wc300/12858333655.jpg"")),""请使用新版Excel2024查看图片"",_xlfn.IMAGE(""https://ir.ozone.ru/s3/multimedia-1-v/wc300/12858333655.jpg""))"
B912,"=IF(ISERROR(_xlfn.IMAGE(""https://ir.ozone.ru/s3/multimedia-1-m/wc300/7379375782.jpg"")),""请使用新版Excel2024查看图片"",_xlfn.IMAGE(""https://ir.ozone.ru/s3/multimedia-1-m/wc300/7379375782.jpg""))"
B913,"=IF(ISERROR(_xlfn.IMAGE(""https://ir.ozone.ru/s3/multimedia-1-k/wc300/7063313024.jpg"")),""请使用新版Excel2024查看图片"",_xlfn.IMAGE(""https://ir.ozone.ru/s3/multimedia-1-k/wc300/7063313024.jpg""))"
B914,"=IF(ISERROR(_xlfn.IMAGE(""https://ir-20.ozone.ru/s3/multimedia-1-9/wc300/7533313173.jpg"")),""请使用新版Excel2024查看图片"",_xlfn.IMAGE(""https://ir-20.ozone.ru/s3/multimedia-1-9/wc300/7533313173.jpg""))"
B915,"=IF(ISERROR(_xlfn.IMAGE(""https://ir.ozone.ru/s3/multimedia-1-m/wc300/14560109158.jpg"")),""请使用新版Excel2024查看图片"",_xlfn.IMAGE(""https://ir.ozone.ru/s3/multimedia-1-m/wc300/14560109158.jpg""))"
B916,"=IF(ISERROR(_xlfn.IMAGE(""https://ir-20.ozone.ru/s3/multimedia-1-2/wc300/10250481854.jpg"")),""请使用新版Excel2024查看图片"",_xlfn.IMAGE(""https://ir-20.ozone.ru/s3/multimedia-1-2/wc300/10250481854.jpg""))"
B917,"=IF(ISERROR(_xlfn.IMAGE(""https://ir.ozone.ru/s3/multimedia-1-h/wc300/11210514605.jpg"")),""请使用新版Excel2024查看图片"",_xlfn.IMAGE(""https://ir.ozone.ru/s3/multimedia-1-h/wc300/11210514605.jpg""))"
B918,"=IF(ISERROR(_xlfn.IMAGE(""https://ir.ozone.ru/s3/multimedia-1-2/wc300/8306945750.jpg"")),""请使用新版Excel2024查看图片"",_xlfn.IMAGE(""https://ir.ozone.ru/s3/multimedia-1-2/wc300/8306945750.jpg""))"
B919,"=IF(ISERROR(_xlfn.IMAGE(""https://ir.ozone.ru/s3/multimedia-1-t/wc300/12070105553.jpg"")),""请使用新版Excel2024查看图片"",_xlfn.IMAGE(""https://ir.ozone.ru/s3/multimedia-1-t/wc300/12070105553.jpg""))"
B920,"=IF(ISERROR(_xlfn.IMAGE(""https://ir.ozone.ru/s3/multimedia-1-t/wc300/12154760885.jpg"")),""请使用新版Excel2024查看图片"",_xlfn.IMAGE(""https://ir.ozone.ru/s3/multimedia-1-t/wc300/12154760885.jpg""))"
B921,"=IF(ISERROR(_xlfn.IMAGE(""https://ir.ozone.ru/s3/multimedia-1-e/wc300/7095852158.jpg"")),""请使用新版Excel2024查看图片"",_xlfn.IMAGE(""https://ir.ozone.ru/s3/multimedia-1-e/wc300/7095852158.jpg""))"
B922,"=IF(ISERROR(_xlfn.IMAGE(""https://ir.ozone.ru/s3/multimedia-1-h/wc300/8771905493.jpg"")),""请使用新版Excel2024查看图片"",_xlfn.IMAGE(""https://ir.ozone.ru/s3/multimedia-1-h/wc300/8771905493.jpg""))"
B923,"=IF(ISERROR(_xlfn.IMAGE(""https://ir.ozone.ru/s3/multimedia-1-i/wc300/13474796382.jpg"")),""请使用新版Excel2024查看图片"",_xlfn.IMAGE(""https://ir.ozone.ru/s3/multimedia-1-i/wc300/13474796382.jpg""))"
B924,"=IF(ISERROR(_xlfn.IMAGE(""https://ir.ozone.ru/s3/multimedia-1-i/wc300/15051073662.jpg"")),""请使用新版Excel2024查看图片"",_xlfn.IMAGE(""https://ir.ozone.ru/s3/multimedia-1-i/wc300/15051073662.jpg""))"
B925,"=IF(ISERROR(_xlfn.IMAGE(""https://ir.ozone.ru/s3/multimedia-1-v/wc300/8286434599.jpg"")),""请使用新版Excel2024查看图片"",_xlfn.IMAGE(""https://ir.ozone.ru/s3/multimedia-1-v/wc300/8286434599.jpg""))"
B926,"=IF(ISERROR(_xlfn.IMAGE(""https://ir.ozone.ru/s3/multimedia-1-3/wc300/7036314807.jpg"")),""请使用新版Excel2024查看图片"",_xlfn.IMAGE(""https://ir.ozone.ru/s3/multimedia-1-3/wc300/7036314807.jpg""))"
B927,"=IF(ISERROR(_xlfn.IMAGE(""https://ir.ozone.ru/s3/multimedia-1-n/wc300/8224532771.jpg"")),""请使用新版Excel2024查看图片"",_xlfn.IMAGE(""https://ir.ozone.ru/s3/multimedia-1-n/wc300/8224532771.jpg""))"
B928,"=IF(ISERROR(_xlfn.IMAGE(""https://ir.ozone.ru/s3/multimedia-1-r/wc300/9253365651.jpg"")),""请使用新版Excel2024查看图片"",_xlfn.IMAGE(""https://ir.ozone.ru/s3/multimedia-1-r/wc300/9253365651.jpg""))"
B929,"=IF(ISERROR(_xlfn.IMAGE(""https://ir.ozone.ru/s3/multimedia-1-l/wc300/8674329549.jpg"")),""请使用新版Excel2024查看图片"",_xlfn.IMAGE(""https://ir.ozone.ru/s3/multimedia-1-l/wc300/8674329549.jpg""))"
B930,"=IF(ISERROR(_xlfn.IMAGE(""https://ir.ozone.ru/s3/multimedia-1-y/wc300/9304529470.jpg"")),""请使用新版Excel2024查看图片"",_xlfn.IMAGE(""https://ir.ozone.ru/s3/multimedia-1-y/wc300/9304529470.jpg""))"
B931,"=IF(ISERROR(_xlfn.IMAGE(""https://ir.ozone.ru/s3/multimedia-1-h/wc300/9014018309.jpg"")),""请使用新版Excel2024查看图片"",_xlfn.IMAGE(""https://ir.ozone.ru/s3/multimedia-1-h/wc300/9014018309.jpg""))"
B932,"=IF(ISERROR(_xlfn.IMAGE(""https://ir.ozone.ru/s3/multimedia-1-9/wc300/10280637333.jpg"")),""请使用新版Excel2024查看图片"",_xlfn.IMAGE(""https://ir.ozone.ru/s3/multimedia-1-9/wc300/10280637333.jpg""))"
B933,"=IF(ISERROR(_xlfn.IMAGE(""https://ir.ozone.ru/s3/multimedia-1-k/wc300/10773471548.jpg"")),""请使用新版Excel2024查看图片"",_xlfn.IMAGE(""https://ir.ozone.ru/s3/multimedia-1-k/wc300/10773471548.jpg""))"
B934,"=IF(ISERROR(_xlfn.IMAGE(""https://ir.ozone.ru/s3/multimedia-1-l/wc300/10438781169.jpg"")),""请使用新版Excel2024查看图片"",_xlfn.IMAGE(""https://ir.ozone.ru/s3/multimedia-1-l/wc300/10438781169.jpg""))"
B935,"=IF(ISERROR(_xlfn.IMAGE(""https://ir-20.ozone.ru/s3/multimedia-1-6/wc300/10388375250.jpg"")),""请使用新版Excel2024查看图片"",_xlfn.IMAGE(""https://ir-20.ozone.ru/s3/multimedia-1-6/wc300/10388375250.jpg""))"
B936,"=IF(ISERROR(_xlfn.IMAGE(""https://ir.ozone.ru/s3/multimedia-1-j/wc300/8967666187.jpg"")),""请使用新版Excel2024查看图片"",_xlfn.IMAGE(""https://ir.ozone.ru/s3/multimedia-1-j/wc300/8967666187.jpg""))"
B937,"=IF(ISERROR(_xlfn.IMAGE(""https://ir-20.ozone.ru/s3/multimedia-1-j/wc300/10292524327.jpg"")),""请使用新版Excel2024查看图片"",_xlfn.IMAGE(""https://ir-20.ozone.ru/s3/multimedia-1-j/wc300/10292524327.jpg""))"
B938,"=IF(ISERROR(_xlfn.IMAGE(""https://ir.ozone.ru/s3/multimedia-1-n/wc300/9662745803.jpg"")),""请使用新版Excel2024查看图片"",_xlfn.IMAGE(""https://ir.ozone.ru/s3/multimedia-1-n/wc300/9662745803.jpg""))"
B939,"=IF(ISERROR(_xlfn.IMAGE(""https://ir.ozone.ru/s3/multimedia-1-5/wc300/9694437773.jpg"")),""请使用新版Excel2024查看图片"",_xlfn.IMAGE(""https://ir.ozone.ru/s3/multimedia-1-5/wc300/9694437773.jpg""))"
B940,"=IF(ISERROR(_xlfn.IMAGE(""https://ir.ozone.ru/s3/multimedia-1-v/wc300/9877898227.jpg"")),""请使用新版Excel2024查看图片"",_xlfn.IMAGE(""https://ir.ozone.ru/s3/multimedia-1-v/wc300/9877898227.jpg""))"
B941,"=IF(ISERROR(_xlfn.IMAGE(""https://ir.ozone.ru/s3/multimedia-1-2/wc300/9495912746.jpg"")),""请使用新版Excel2024查看图片"",_xlfn.IMAGE(""https://ir.ozone.ru/s3/multimedia-1-2/wc300/9495912746.jpg""))"
B942,"=IF(ISERROR(_xlfn.IMAGE(""https://ir.ozone.ru/s3/multimedia-1-j/wc300/9579850075.jpg"")),""请使用新版Excel2024查看图片"",_xlfn.IMAGE(""https://ir.ozone.ru/s3/multimedia-1-j/wc300/9579850075.jpg""))"
B943,"=IF(ISERROR(_xlfn.IMAGE(""https://ir.ozone.ru/s3/multimedia-1-p/wc300/9495912769.jpg"")),""请使用新版Excel2024查看图片"",_xlfn.IMAGE(""https://ir.ozone.ru/s3/multimedia-1-p/wc300/9495912769.jpg""))"
B944,"=IF(ISERROR(_xlfn.IMAGE(""https://ir.ozone.ru/s3/multimedia-1-e/wc300/8651821874.jpg"")),""请使用新版Excel2024查看图片"",_xlfn.IMAGE(""https://ir.ozone.ru/s3/multimedia-1-e/wc300/8651821874.jpg""))"
B945,"=IF(ISERROR(_xlfn.IMAGE(""https://ir.ozone.ru/s3/multimedia-1-l/wc300/8159212209.jpg"")),""请使用新版Excel2024查看图片"",_xlfn.IMAGE(""https://ir.ozone.ru/s3/multimedia-1-l/wc300/8159212209.jpg""))"
B946,"=IF(ISERROR(_xlfn.IMAGE(""https://ir.ozone.ru/s3/multimedia-1-o/wc300/9616162560.jpg"")),""请使用新版Excel2024查看图片"",_xlfn.IMAGE(""https://ir.ozone.ru/s3/multimedia-1-o/wc300/9616162560.jpg""))"
B947,"=IF(ISERROR(_xlfn.IMAGE(""https://ir.ozone.ru/s3/multimedia-1-q/wc300/9618781022.jpg"")),""请使用新版Excel2024查看图片"",_xlfn.IMAGE(""https://ir.ozone.ru/s3/multimedia-1-q/wc300/9618781022.jpg""))"
B948,"=IF(ISERROR(_xlfn.IMAGE(""https://ir.ozone.ru/s3/multimedia-1-e/wc300/10661134226.jpg"")),""请使用新版Excel2024查看图片"",_xlfn.IMAGE(""https://ir.ozone.ru/s3/multimedia-1-e/wc300/10661134226.jpg""))"
B949,"=IF(ISERROR(_xlfn.IMAGE(""https://ir.ozone.ru/s3/multimedia-1-l/wc300/8159212209.jpg"")),""请使用新版Excel2024查看图片"",_xlfn.IMAGE(""https://ir.ozone.ru/s3/multimedia-1-l/wc300/8159212209.jpg""))"
B950,"=IF(ISERROR(_xlfn.IMAGE(""https://ir.ozone.ru/s3/multimedia-1-c/wc300/11094504096.jpg"")),""请使用新版Excel2024查看图片"",_xlfn.IMAGE(""https://ir.ozone.ru/s3/multimedia-1-c/wc300/11094504096.jpg""))"
B951,"=IF(ISERROR(_xlfn.IMAGE(""https://ir.ozone.ru/s3/multimedia-1-i/wc300/7992252630.jpg"")),""请使用新版Excel2024查看图片"",_xlfn.IMAGE(""https://ir.ozone.ru/s3/multimedia-1-i/wc300/7992252630.jpg""))"
B952,"=IF(ISERROR(_xlfn.IMAGE(""https://ir.ozone.ru/s3/multimedia-1-e/wc300/11106739778.jpg"")),""请使用新版Excel2024查看图片"",_xlfn.IMAGE(""https://ir.ozone.ru/s3/multimedia-1-e/wc300/11106739778.jpg""))"
B953,"=IF(ISERROR(_xlfn.IMAGE(""https://ir.ozone.ru/s3/multimedia-1-a/wc300/12805487794.jpg"")),""请使用新版Excel2024查看图片"",_xlfn.IMAGE(""https://ir.ozone.ru/s3/multimedia-1-a/wc300/12805487794.jpg""))"
B954,"=IF(ISERROR(_xlfn.IMAGE(""https://ir.ozone.ru/s3/multimedia-1-8/wc300/7306766756.jpg"")),""请使用新版Excel2024查看图片"",_xlfn.IMAGE(""https://ir.ozone.ru/s3/multimedia-1-8/wc300/7306766756.jpg""))"
B955,"=IF(ISERROR(_xlfn.IMAGE(""https://ir.ozone.ru/s3/multimedia-1-g/wc300/8384593156.jpg"")),""请使用新版Excel2024查看图片"",_xlfn.IMAGE(""https://ir.ozone.ru/s3/multimedia-1-g/wc300/8384593156.jpg""))"
B956,"=IF(ISERROR(_xlfn.IMAGE(""https://ir.ozone.ru/s3/multimedia-1-q/wc300/13227913178.jpg"")),""请使用新版Excel2024查看图片"",_xlfn.IMAGE(""https://ir.ozone.ru/s3/multimedia-1-q/wc300/13227913178.jpg""))"
B957,"=IF(ISERROR(_xlfn.IMAGE(""https://ir.ozone.ru/s3/multimedia-1-y/wc300/14086106782.jpg"")),""请使用新版Excel2024查看图片"",_xlfn.IMAGE(""https://ir.ozone.ru/s3/multimedia-1-y/wc300/14086106782.jpg""))"
B958,"=IF(ISERROR(_xlfn.IMAGE(""https://ir.ozone.ru/s3/multimedia-1-t/wc300/12919621889.jpg"")),""请使用新版Excel2024查看图片"",_xlfn.IMAGE(""https://ir.ozone.ru/s3/multimedia-1-t/wc300/12919621889.jpg""))"
B959,"=IF(ISERROR(_xlfn.IMAGE(""https://ir.ozone.ru/s3/multimedia-1-3/wc300/12360165591.jpg"")),""请使用新版Excel2024查看图片"",_xlfn.IMAGE(""https://ir.ozone.ru/s3/multimedia-1-3/wc300/12360165591.jpg""))"
B960,"=IF(ISERROR(_xlfn.IMAGE(""https://ir.ozone.ru/s3/multimedia-1-1/wc300/12391261633.jpg"")),""请使用新版Excel2024查看图片"",_xlfn.IMAGE(""https://ir.ozone.ru/s3/multimedia-1-1/wc300/12391261633.jpg""))"
B961,"=IF(ISERROR(_xlfn.IMAGE(""https://ir.ozone.ru/s3/multimedia-1-3/wc300/12360165591.jpg"")),""请使用新版Excel2024查看图片"",_xlfn.IMAGE(""https://ir.ozone.ru/s3/multimedia-1-3/wc300/12360165591.jpg""))"
B962,"=IF(ISERROR(_xlfn.IMAGE(""https://ir.ozone.ru/s3/multimedia-1-r/wc300/9618185835.jpg"")),""请使用新版Excel2024查看图片"",_xlfn.IMAGE(""https://ir.ozone.ru/s3/multimedia-1-r/wc300/9618185835.jpg""))"
B963,"=IF(ISERROR(_xlfn.IMAGE(""https://ir.ozone.ru/s3/multimedia-1-q/wc300/13870141478.jpg"")),""请使用新版Excel2024查看图片"",_xlfn.IMAGE(""https://ir.ozone.ru/s3/multimedia-1-q/wc300/13870141478.jpg""))"
B964,"=IF(ISERROR(_xlfn.IMAGE(""https://ir.ozone.ru/s3/multimedia-1-3/wc300/12360165591.jpg"")),""请使用新版Excel2024查看图片"",_xlfn.IMAGE(""https://ir.ozone.ru/s3/multimedia-1-3/wc300/12360165591.jpg""))"
B965,"=IF(ISERROR(_xlfn.IMAGE(""https://ir.ozone.ru/s3/multimedia-1-x/wc300/12105833001.jpg"")),""请使用新版Excel2024查看图片"",_xlfn.IMAGE(""https://ir.ozone.ru/s3/multimedia-1-x/wc300/12105833001.jpg""))"
B966,"=IF(ISERROR(_xlfn.IMAGE(""https://ir.ozone.ru/s3/multimedia-1-r/wc300/13965204627.jpg"")),""请使用新版Excel2024查看图片"",_xlfn.IMAGE(""https://ir.ozone.ru/s3/multimedia-1-r/wc300/13965204627.jpg""))"
B967,"=IF(ISERROR(_xlfn.IMAGE(""https://ir.ozone.ru/s3/multimedia-1-v/wc300/13988044039.jpg"")),""请使用新版Excel2024查看图片"",_xlfn.IMAGE(""https://ir.ozone.ru/s3/multimedia-1-v/wc300/13988044039.jpg""))"
B968,"=IF(ISERROR(_xlfn.IMAGE(""https://ir.ozone.ru/s3/multimedia-1-9/wc300/14526826389.jpg"")),""请使用新版Excel2024查看图片"",_xlfn.IMAGE(""https://ir.ozone.ru/s3/multimedia-1-9/wc300/14526826389.jpg""))"
B969,"=IF(ISERROR(_xlfn.IMAGE(""https://ir.ozone.ru/s3/multimedia-1-i/wc300/13701722454.jpg"")),""请使用新版Excel2024查看图片"",_xlfn.IMAGE(""https://ir.ozone.ru/s3/multimedia-1-i/wc300/13701722454.jpg""))"
B970,"=IF(ISERROR(_xlfn.IMAGE(""https://ir.ozone.ru/s3/multimedia-1-9/wc300/12388190841.jpg"")),""请使用新版Excel2024查看图片"",_xlfn.IMAGE(""https://ir.ozone.ru/s3/multimedia-1-9/wc300/12388190841.jpg""))"
B971,"=IF(ISERROR(_xlfn.IMAGE(""https://ir.ozone.ru/s3/multimedia-1-b/wc300/14351250179.jpg"")),""请使用新版Excel2024查看图片"",_xlfn.IMAGE(""https://ir.ozone.ru/s3/multimedia-1-b/wc300/14351250179.jpg""))"
B972,"=IF(ISERROR(_xlfn.IMAGE(""https://ir.ozone.ru/s3/multimedia-1-x/wc300/12866414037.jpg"")),""请使用新版Excel2024查看图片"",_xlfn.IMAGE(""https://ir.ozone.ru/s3/multimedia-1-x/wc300/12866414037.jpg""))"
B973,"=IF(ISERROR(_xlfn.IMAGE(""https://ir.ozone.ru/s3/multimedia-1-z/wc300/7438935311.jpg"")),""请使用新版Excel2024查看图片"",_xlfn.IMAGE(""https://ir.ozone.ru/s3/multimedia-1-z/wc300/7438935311.jpg""))"
B974,"=IF(ISERROR(_xlfn.IMAGE(""https://ir.ozone.ru/s3/multimedia-1-0/wc300/7651130472.jpg"")),""请使用新版Excel2024查看图片"",_xlfn.IMAGE(""https://ir.ozone.ru/s3/multimedia-1-0/wc300/7651130472.jpg""))"
B975,"=IF(ISERROR(_xlfn.IMAGE(""https://ir.ozone.ru/s3/multimedia-1-c/wc300/9673452588.jpg"")),""请使用新版Excel2024查看图片"",_xlfn.IMAGE(""https://ir.ozone.ru/s3/multimedia-1-c/wc300/9673452588.jpg""))"
B976,"=IF(ISERROR(_xlfn.IMAGE(""https://ir-20.ozone.ru/s3/multimedia-1-a/wc300/7651129330.jpg"")),""请使用新版Excel2024查看图片"",_xlfn.IMAGE(""https://ir-20.ozone.ru/s3/multimedia-1-a/wc300/7651129330.jpg""))"
B977,"=IF(ISERROR(_xlfn.IMAGE(""https://ir.ozone.ru/s3/multimedia-1-3/wc300/9845766399.jpg"")),""请使用新版Excel2024查看图片"",_xlfn.IMAGE(""https://ir.ozone.ru/s3/multimedia-1-3/wc300/9845766399.jpg""))"
B978,"=IF(ISERROR(_xlfn.IMAGE(""https://ir.ozone.ru/s3/multimedia-h/wc300/6826036913.jpg"")),""请使用新版Excel2024查看图片"",_xlfn.IMAGE(""https://ir.ozone.ru/s3/multimedia-h/wc300/6826036913.jpg""))"
B979,"=IF(ISERROR(_xlfn.IMAGE(""https://ir.ozone.ru/s3/multimedia-1-v/wc300/13441288243.jpg"")),""请使用新版Excel2024查看图片"",_xlfn.IMAGE(""https://ir.ozone.ru/s3/multimedia-1-v/wc300/13441288243.jpg""))"
B980,"=IF(ISERROR(_xlfn.IMAGE(""https://ir.ozone.ru/s3/multimedia-1-z/wc300/8824861187.jpg"")),""请使用新版Excel2024查看图片"",_xlfn.IMAGE(""https://ir.ozone.ru/s3/multimedia-1-z/wc300/8824861187.jpg""))"
B981,"=IF(ISERROR(_xlfn.IMAGE(""https://ir.ozone.ru/s3/multimedia-x/wc300/6812995425.jpg"")),""请使用新版Excel2024查看图片"",_xlfn.IMAGE(""https://ir.ozone.ru/s3/multimedia-x/wc300/6812995425.jpg""))"
B982,"=IF(ISERROR(_xlfn.IMAGE(""https://ir.ozone.ru/s3/multimedia-4/wc300/6812995432.jpg"")),""请使用新版Excel2024查看图片"",_xlfn.IMAGE(""https://ir.ozone.ru/s3/multimedia-4/wc300/6812995432.jpg""))"
B983,"=IF(ISERROR(_xlfn.IMAGE(""https://ir.ozone.ru/s3/multimedia-1-l/wc300/9898548501.jpg"")),""请使用新版Excel2024查看图片"",_xlfn.IMAGE(""https://ir.ozone.ru/s3/multimedia-1-l/wc300/9898548501.jpg""))"
B984,"=IF(ISERROR(_xlfn.IMAGE(""https://ir.ozone.ru/s3/multimedia-1-c/wc300/12060918264.jpg"")),""请使用新版Excel2024查看图片"",_xlfn.IMAGE(""https://ir.ozone.ru/s3/multimedia-1-c/wc300/12060918264.jpg""))"
B985,"=IF(ISERROR(_xlfn.IMAGE(""https://ir-20.ozone.ru/s3/multimedia-1-2/wc300/7038419006.jpg"")),""请使用新版Excel2024查看图片"",_xlfn.IMAGE(""https://ir-20.ozone.ru/s3/multimedia-1-2/wc300/7038419006.jpg""))"
B986,"=IF(ISERROR(_xlfn.IMAGE(""https://ir.ozone.ru/s3/multimedia-1-9/wc300/7070104665.jpg"")),""请使用新版Excel2024查看图片"",_xlfn.IMAGE(""https://ir.ozone.ru/s3/multimedia-1-9/wc300/7070104665.jpg""))"
B987,"=IF(ISERROR(_xlfn.IMAGE(""https://ir.ozone.ru/s3/multimedia-1-1/wc300/13360618441.jpg"")),""请使用新版Excel2024查看图片"",_xlfn.IMAGE(""https://ir.ozone.ru/s3/multimedia-1-1/wc300/13360618441.jpg""))"
B988,"=IF(ISERROR(_xlfn.IMAGE(""https://ir.ozone.ru/s3/multimedia-1-5/wc300/7206025037.jpg"")),""请使用新版Excel2024查看图片"",_xlfn.IMAGE(""https://ir.ozone.ru/s3/multimedia-1-5/wc300/7206025037.jpg""))"
B989,"=IF(ISERROR(_xlfn.IMAGE(""https://ir.ozone.ru/s3/multimedia-1-m/wc300/10175064538.jpg"")),""请使用新版Excel2024查看图片"",_xlfn.IMAGE(""https://ir.ozone.ru/s3/multimedia-1-m/wc300/10175064538.jpg""))"
B990,"=IF(ISERROR(_xlfn.IMAGE(""https://ir.ozone.ru/s3/multimedia-1-t/wc300/7067616725.jpg"")),""请使用新版Excel2024查看图片"",_xlfn.IMAGE(""https://ir.ozone.ru/s3/multimedia-1-t/wc300/7067616725.jpg""))"
B991,"=IF(ISERROR(_xlfn.IMAGE(""https://ir.ozone.ru/s3/multimedia-1-b/wc300/13364791067.jpg"")),""请使用新版Excel2024查看图片"",_xlfn.IMAGE(""https://ir.ozone.ru/s3/multimedia-1-b/wc300/13364791067.jpg""))"
B992,"=IF(ISERROR(_xlfn.IMAGE(""https://ir.ozone.ru/s3/multimedia-h/wc300/6855697745.jpg"")),""请使用新版Excel2024查看图片"",_xlfn.IMAGE(""https://ir.ozone.ru/s3/multimedia-h/wc300/6855697745.jpg""))"
B993,"=IF(ISERROR(_xlfn.IMAGE(""https://ir.ozone.ru/s3/multimedia-1-r/wc300/8266862691.jpg"")),""请使用新版Excel2024查看图片"",_xlfn.IMAGE(""https://ir.ozone.ru/s3/multimedia-1-r/wc300/8266862691.jpg""))"
B994,"=IF(ISERROR(_xlfn.IMAGE(""https://ir.ozone.ru/s3/multimedia-1-u/wc300/8286633966.jpg"")),""请使用新版Excel2024查看图片"",_xlfn.IMAGE(""https://ir.ozone.ru/s3/multimedia-1-u/wc300/8286633966.jpg""))"
B995,"=IF(ISERROR(_xlfn.IMAGE(""https://ir-20.ozone.ru/s3/multimedia-1-0/wc300/8291790540.jpg"")),""请使用新版Excel2024查看图片"",_xlfn.IMAGE(""https://ir-20.ozone.ru/s3/multimedia-1-0/wc300/8291790540.jpg""))"
B996,"=IF(ISERROR(_xlfn.IMAGE(""https://ir.ozone.ru/s3/multimedia-1-q/wc300/7167564530.jpg"")),""请使用新版Excel2024查看图片"",_xlfn.IMAGE(""https://ir.ozone.ru/s3/multimedia-1-q/wc300/7167564530.jpg""))"
B997,"=IF(ISERROR(_xlfn.IMAGE(""https://ir.ozone.ru/s3/multimedia-1-s/wc300/7204953664.jpg"")),""请使用新版Excel2024查看图片"",_xlfn.IMAGE(""https://ir.ozone.ru/s3/multimedia-1-s/wc300/7204953664.jpg""))"
B998,"=IF(ISERROR(_xlfn.IMAGE(""https://ir.ozone.ru/s3/multimedia-1-q/wc300/7085104154.jpg"")),""请使用新版Excel2024查看图片"",_xlfn.IMAGE(""https://ir.ozone.ru/s3/multimedia-1-q/wc300/7085104154.jpg""))"
B999,"=IF(ISERROR(_xlfn.IMAGE(""https://ir.ozone.ru/s3/multimedia-1-5/wc300/12806340233.jpg"")),""请使用新版Excel2024查看图片"",_xlfn.IMAGE(""https://ir.ozone.ru/s3/multimedia-1-5/wc300/12806340233.jpg""))"
B1000,"=IF(ISERROR(_xlfn.IMAGE(""https://ir.ozone.ru/s3/multimedia-1-2/wc300/7161862970.jpg"")),""请使用新版Excel2024查看图片"",_xlfn.IMAGE(""https://ir.ozone.ru/s3/multimedia-1-2/wc300/7161862970.jpg""))"
B1001,"=IF(ISERROR(_xlfn.IMAGE(""https://ir.ozone.ru/s3/multimedia-1-r/wc300/12858340563.jpg"")),""请使用新版Excel2024查看图片"",_xlfn.IMAGE(""https://ir.ozone.ru/s3/multimedia-1-r/wc300/12858340563.jpg""))"
