排名,标签词,类目,标签词相关产品,平均价格,销量,销售额,竞对数,竞品数,评论数,评分,转换集中度,退货取消率,重量,体积
1,#тентыАвтопрофи,"汽车罩
Чехол на автомобиль",https://ir.ozone.ru/s3/multimedia-1-m/7484242846.jpg;https://ir.ozone.ru/s3/multimedia-1-f/7484242911.jpg;https://ir.ozone.ru/s3/multimedia-1-3/7484242899.jpg;https://ir.ozone.ru/s3/multimedia-1-s/7229107612.jpg;https://ir.ozone.ru/s3/multimedia-1-i/7497727722.jpg;https://ir.ozone.ru/s3/multimedia-1-b/7497708743.jpg,3293₽,241,242508₽,1,6,3312,4.9,100%,8.5%,928 g,6.1 L
2,"#защитаавто
(汽车保护)","汽车罩
Чехол на автомобиль",https://ir.ozone.ru/s3/multimedia-1-i/9096200190.jpg;https://ir.ozone.ru/s3/multimedia-1-i/12612343734.jpg;https://ir.ozone.ru/s3/multimedia-1-u/7438592118.jpg;https://ir.ozone.ru/s3/multimedia-1-a/9255253366.jpg;https://ir.ozone.ru/s3/multimedia-1-c/10131152088.jpg;https://ir.ozone.ru/s3/multimedia-1-6/8427076134.jpg;https://ir.ozone.ru/s3/multimedia-1-k/10025501996.jpg;https://ir.ozone.ru/s3/multimedia-1-o/8493449316.jpg;https://ir.ozone.ru/s3/multimedia-1-t/7297301441.jpg;https://ir.ozone.ru/s3/multimedia-1-f/7877427675.jpg,5119₽,237,255662₽,678,2456,1793,4.7,32%,12.5%,2850 g,15.1 L
3,#акидканаавтомобиль,"汽车罩
Чехол на автомобиль",https://ir.ozone.ru/s3/multimedia-1-s/12876352984.jpg;https://ir.ozone.ru/s3/multimedia-1-7/10436816383.jpg;https://ir.ozone.ru/s3/multimedia-1-t/11782832321.jpg,1452₽,176,340604₽,3,3,1473,3.1,100%,9.1%,1845 g,11.1 L
4,"#тентнамашину
(汽车帐篷)","汽车罩
Чехол на автомобиль",https://ir.ozone.ru/s3/multimedia-1-8/6964493012.jpg;https://ir.ozone.ru/s3/multimedia-1-a/9255253366.jpg;https://ir.ozone.ru/s3/multimedia-1-h/11779928621.jpg;https://ir.ozone.ru/s3/multimedia-1-6/11307767082.jpg;https://ir.ozone.ru/s3/multimedia-1-k/10025501996.jpg;https://ir.ozone.ru/s3/multimedia-1-p/12226165297.jpg;https://ir.ozone.ru/s3/multimedia-1-c/9255277092.jpg;https://ir.ozone.ru/s3/multimedia-1-9/10025490645.jpg;https://ir.ozone.ru/s3/multimedia-1-i/11780311194.jpg;https://ir.ozone.ru/s3/multimedia-1-0/12876026184.jpg,3394₽,159,221082₽,120,393,1149,4.6,31%,11.1%,3233 g,14.5 L
5,#устойчивый_к_царапинам_седан,"汽车罩
Чехол на автомобиль",https://ir.ozone.ru/s3/multimedia-1-h/7045479341.jpg,912₽,138,122572₽,1,1,10,4,100%,7.9%,1100 g,9 L
6,#чехолплент,"汽车罩
Чехол на автомобиль",https://ir.ozone.ru/s3/multimedia-1-z/10888346339.jpg,1518₽,127,188209₽,1,1,1249,4.4,100%,14.8%,916 g,5.9 L
7,#чехлы_кожаные_в_авто,"汽车罩
Чехол на автомобиль",https://ir.ozone.ru/s3/multimedia-2/6824762462.jpg,3169₽,116,364858₽,1,1,356,4.7,100%,34.6%,700 g,2 L
8,"#тентдляавтомобиля
(汽车车衣)","汽车罩
Чехол на автомобиль",https://ir.ozone.ru/s3/multimedia-1-n/10090283027.jpg;https://ir.ozone.ru/s3/multimedia-1-1/10090258849.jpg;https://ir.ozone.ru/s3/multimedia-1-s/12876352984.jpg;https://ir.ozone.ru/s3/multimedia-1-f/12876322659.jpg;https://ir.ozone.ru/s3/multimedia-1-j/10090253359.jpg;https://ir.ozone.ru/s3/multimedia-1-z/12876237359.jpg;https://ir.ozone.ru/s3/multimedia-1-o/12876296028.jpg;https://ir.ozone.ru/s3/multimedia-1-r/9216108891.jpg;https://ir.ozone.ru/s3/multimedia-1-9/10090297953.jpg;https://ir.ozone.ru/s3/multimedia-1-m/9675014134.jpg,5260₽,110,251536₽,241,1318,1096,4.7,34%,12.1%,6041 g,27.5 L
9,#чехол_зимний_на_машину,"汽车罩
Чехол на автомобиль",https://ir.ozone.ru/s3/multimedia-1-x/8396807865.jpg,2842₽,108,303777₽,1,1,127,4.8,100%,19.8%,1440 g,21.3 L
10,#чехол_автомобильный_от_снега,"汽车罩
Чехол на автомобиль",https://ir.ozone.ru/s3/multimedia-1-x/8396807865.jpg,2842₽,108,303777₽,1,1,127,4.8,100%,19.8%,1440 g,21.3 L
11,#чехол_на_авто_зимний,"汽车罩
Чехол на автомобиль",https://ir.ozone.ru/s3/multimedia-1-x/8396807865.jpg,2842₽,108,303777₽,1,1,127,4.8,100%,19.8%,1440 g,21.3 L
12,#чехол_для_машины_на_кузов,"汽车罩
Чехол на автомобиль",https://ir.ozone.ru/s3/multimedia-1-x/8396807865.jpg,2842₽,108,303777₽,1,1,127,4.8,100%,19.8%,1440 g,21.3 L
13,#чехол_для_машины_от_дождя,"汽车罩
Чехол на автомобиль",https://ir.ozone.ru/s3/multimedia-1-x/8396807865.jpg,2842₽,108,303777₽,1,1,127,4.8,100%,19.8%,1440 g,21.3 L
14,#чехол_автомобильный_на_кузов,"汽车罩
Чехол на автомобиль",https://ir.ozone.ru/s3/multimedia-1-x/8396807865.jpg,2842₽,108,303777₽,1,1,127,4.8,100%,19.8%,1440 g,21.3 L
15,#чехолдляавтозимний,"汽车罩
Чехол на автомобиль",https://ir.ozone.ru/s3/multimedia-1-z/10888346339.jpg;https://ir.ozone.ru/s3/multimedia-1-u/8300178498.jpg,1567₽,105,160222₽,1,2,1249,4.4,100%,12.6%,948 g,9.4 L
16,#чехолнаавтомобильXL,"汽车罩
Чехол на автомобиль",https://ir.ozone.ru/s3/multimedia-1-z/10888346339.jpg;https://ir.ozone.ru/s3/multimedia-1-u/8300178498.jpg,1567₽,105,160222₽,1,2,1249,4.4,100%,12.6%,948 g,9.4 L
17,"#чехолнаавтомобиль
(汽车套)","汽车罩
Чехол на автомобиль",https://ir.ozone.ru/s3/multimedia-1-s/12876352984.jpg;https://ir.ozone.ru/s3/multimedia-1-f/12876322659.jpg;https://ir.ozone.ru/s3/multimedia-1-a/9255253366.jpg;https://ir.ozone.ru/s3/multimedia-1-z/12876237359.jpg;https://ir.ozone.ru/s3/multimedia-1-o/12876296028.jpg;https://ir.ozone.ru/s3/multimedia-1-k/10025501996.jpg;https://ir.ozone.ru/s3/multimedia-1-z/12888299735.jpg;https://ir.ozone.ru/s3/multimedia-1-g/12876372772.jpg;https://ir.ozone.ru/s3/multimedia-1-p/12226165297.jpg;https://ir.ozone.ru/s3/multimedia-1-r/12876165495.jpg,3453₽,100,192250₽,164,856,1160,4.5,38%,16.3%,1819 g,19.9 L
18,"#чехол_на_автомобиль_тент
(汽车帐篷罩)","汽车罩
Чехол на автомобиль",https://ir.ozone.ru/s3/multimedia-1-j/7829377795.jpg;https://ir.ozone.ru/s3/multimedia-1-d/7705481809.jpg;https://ir.ozone.ru/s3/multimedia-1-f/10853555919.jpg;https://ir.ozone.ru/s3/multimedia-1-a/9255253366.jpg;https://ir.ozone.ru/s3/multimedia-1-k/10025501996.jpg;https://ir.ozone.ru/s3/multimedia-1-p/12226165297.jpg;https://ir.ozone.ru/s3/multimedia-1-c/9255277092.jpg;https://ir.ozone.ru/s3/multimedia-1-9/10025490645.jpg;https://ir.ozone.ru/s3/multimedia-1-0/12876026184.jpg;https://ir.ozone.ru/s3/multimedia-1-a/12876065254.jpg,3882₽,96,235233₽,62,178,849,4.4,69%,14.4%,2284 g,24.3 L
19,"#чехлы_на_автомобиль
(汽车套)","汽车罩
Чехол на автомобиль",https://ir.ozone.ru/s3/multimedia-1-j/7829377795.jpg;https://ir.ozone.ru/s3/multimedia-1-d/7705481809.jpg;https://ir.ozone.ru/s3/multimedia-1-f/10853555919.jpg;https://ir.ozone.ru/s3/multimedia-1-a/9255253366.jpg;https://ir.ozone.ru/s3/multimedia-1-k/10025501996.jpg;https://ir.ozone.ru/s3/multimedia-1-p/12226165297.jpg;https://ir.ozone.ru/s3/multimedia-1-c/9255277092.jpg;https://ir.ozone.ru/s3/multimedia-1-9/10025490645.jpg;https://ir.ozone.ru/s3/multimedia-1-0/12876026184.jpg;https://ir.ozone.ru/s3/multimedia-1-a/12876065254.jpg,3544₽,96,230272₽,54,218,880,4.5,70%,16%,1591 g,17.3 L
20,"#чехолдлямашины
(汽车保护套)","汽车罩
Чехол на автомобиль",https://ir.ozone.ru/s3/multimedia-1-s/12876352984.jpg;https://ir.ozone.ru/s3/multimedia-1-f/12876322659.jpg;https://ir.ozone.ru/s3/multimedia-1-a/9255253366.jpg;https://ir.ozone.ru/s3/multimedia-1-z/12876237359.jpg;https://ir.ozone.ru/s3/multimedia-1-o/12876296028.jpg;https://ir.ozone.ru/s3/multimedia-1-k/10025501996.jpg;https://ir.ozone.ru/s3/multimedia-1-z/12888299735.jpg;https://ir.ozone.ru/s3/multimedia-1-g/12876372772.jpg;https://ir.ozone.ru/s3/multimedia-1-p/12226165297.jpg;https://ir.ozone.ru/s3/multimedia-1-r/12876165495.jpg,3322₽,94,178152₽,84,349,1060,4.5,41%,14.8%,1775 g,22.3 L
21,"#чехол_на_автомобиль_зимний
(冬季汽车罩)","汽车罩
Чехол на автомобиль",https://ir.ozone.ru/s3/multimedia-1-j/7829377795.jpg;https://ir.ozone.ru/s3/multimedia-1-d/7705481809.jpg;https://ir.ozone.ru/s3/multimedia-1-f/10853555919.jpg;https://ir.ozone.ru/s3/multimedia-1-a/9255253366.jpg;https://ir.ozone.ru/s3/multimedia-1-k/10025501996.jpg;https://ir.ozone.ru/s3/multimedia-1-p/12226165297.jpg;https://ir.ozone.ru/s3/multimedia-1-c/9255277092.jpg;https://ir.ozone.ru/s3/multimedia-1-9/10025490645.jpg;https://ir.ozone.ru/s3/multimedia-1-0/12876026184.jpg;https://ir.ozone.ru/s3/multimedia-1-a/12876065254.jpg,3980₽,94,224359₽,82,340,744,4.1,72%,14.8%,2050 g,26.2 L
22,"#авточехол
(汽车座套)","汽车罩
Чехол на автомобиль",https://ir.ozone.ru/s3/multimedia-1-a/9255253366.jpg;https://ir.ozone.ru/s3/multimedia-1-k/10025501996.jpg;https://ir.ozone.ru/s3/multimedia-1-p/12226165297.jpg;https://ir.ozone.ru/s3/multimedia-1-c/9255277092.jpg;https://ir.ozone.ru/s3/multimedia-1-9/10025490645.jpg;https://ir.ozone.ru/s3/multimedia-1-y/7484765002.jpg;https://ir.ozone.ru/s3/multimedia-1-0/12876026184.jpg;https://ir.ozone.ru/s3/multimedia-1-a/12876065254.jpg;https://ir.ozone.ru/s3/multimedia-1-l/12875972889.jpg;https://ir.ozone.ru/s3/multimedia-1-h/8409317993.jpg,4924₽,93,199823₽,336,1439,1048,4.7,27%,17.5%,1914 g,18.8 L
23,"#универсальные_чехл
(通用保护套)","汽车罩
Чехол на автомобиль",https://ir.ozone.ru/s3/multimedia-1-j/7829377795.jpg;https://ir.ozone.ru/s3/multimedia-1-d/7705481809.jpg;https://ir.ozone.ru/s3/multimedia-1-f/10853555919.jpg;https://ir.ozone.ru/s3/multimedia-1-a/9255253366.jpg;https://ir.ozone.ru/s3/multimedia-1-k/10025501996.jpg;https://ir.ozone.ru/s3/multimedia-1-p/12226165297.jpg;https://ir.ozone.ru/s3/multimedia-1-c/9255277092.jpg;https://ir.ozone.ru/s3/multimedia-1-9/10025490645.jpg;https://ir.ozone.ru/s3/multimedia-1-0/12876026184.jpg;https://ir.ozone.ru/s3/multimedia-1-a/12876065254.jpg,2636₽,92,219135₽,40,114,635,4,74%,16.1%,1587 g,10.3 L
24,"#чехол_для_авто
(汽车罩)","汽车罩
Чехол на автомобиль",https://ir.ozone.ru/s3/multimedia-1-q/7745620850.jpg;https://ir.ozone.ru/s3/multimedia-1-o/9120993864.jpg;https://ir.ozone.ru/s3/multimedia-1-z/9120991895.jpg;https://ir.ozone.ru/s3/multimedia-1-8/9992405348.jpg;https://ir.ozone.ru/s3/multimedia-1-v/10247989675.jpg;https://ir.ozone.ru/s3/multimedia-1-v/8490757243.jpg;https://ir.ozone.ru/s3/multimedia-1-7/8915941195.jpg;https://ir.ozone.ru/s3/multimedia-1-g/9294181720.jpg;https://ir.ozone.ru/s3/multimedia-1-x/8396807865.jpg;https://ir.ozone.ru/s3/multimedia-1-g/7411816420.jpg,5569₽,89,100929₽,235,602,936,4.7,50%,21.4%,2542 g,33.6 L
25,"#чехолнамашинууниверсальный
(通用机器套)","汽车罩
Чехол на автомобиль",https://ir.ozone.ru/s3/multimedia-1-s/12876352984.jpg;https://ir.ozone.ru/s3/multimedia-1-f/12876322659.jpg;https://ir.ozone.ru/s3/multimedia-1-z/12876237359.jpg;https://ir.ozone.ru/s3/multimedia-1-o/12876296028.jpg;https://ir.ozone.ru/s3/multimedia-1-z/12888299735.jpg;https://ir.ozone.ru/s3/multimedia-1-g/12876372772.jpg;https://ir.ozone.ru/s3/multimedia-1-p/12226165297.jpg;https://ir.ozone.ru/s3/multimedia-1-r/12876165495.jpg;https://ir.ozone.ru/s3/multimedia-1-0/12876026184.jpg;https://ir.ozone.ru/s3/multimedia-1-a/12876065254.jpg,2187₽,89,167618₽,24,60,1291,3.3,67%,25.9%,1833 g,11.4 L
26,"#фольга_на_лобовое
(引擎盖锡纸)","汽车罩
Чехол на автомобиль",https://ir.ozone.ru/s3/multimedia-1-9/11148327153.jpg;https://ir.ozone.ru/s3/multimedia-1-v/8490757243.jpg;https://ir.ozone.ru/s3/multimedia-1-s/11712269512.jpg;https://ir.ozone.ru/s3/multimedia-1-m/11765858602.jpg;https://ir.ozone.ru/s3/multimedia-1-8/10215220652.jpg;https://ir.ozone.ru/s3/multimedia-1-s/8420781628.jpg;https://ir.ozone.ru/s3/multimedia-1-0/8986878144.jpg;https://ir.ozone.ru/s3/multimedia-1-v/9504298507.jpg;https://ir.ozone.ru/s3/multimedia-1-7/10279839607.jpg;https://ir.ozone.ru/s3/multimedia-1-o/10698307440.jpg,358₽,85,24999₽,44,59,86,3.3,95%,13.1%,254 g,7.7 L
27,"#чехолдляавтомобиля
(汽车保护套)","汽车罩
Чехол на автомобиль",https://ir.ozone.ru/s3/multimedia-1-n/10090283027.jpg;https://ir.ozone.ru/s3/multimedia-1-1/10090258849.jpg;https://ir.ozone.ru/s3/multimedia-1-s/12876352984.jpg;https://ir.ozone.ru/s3/multimedia-1-f/12876322659.jpg;https://ir.ozone.ru/s3/multimedia-1-j/10090253359.jpg;https://ir.ozone.ru/s3/multimedia-1-z/12876237359.jpg;https://ir.ozone.ru/s3/multimedia-1-o/12876296028.jpg;https://ir.ozone.ru/s3/multimedia-1-9/10090297953.jpg;https://ir.ozone.ru/s3/multimedia-1-z/12888299735.jpg;https://ir.ozone.ru/s3/multimedia-1-g/12876372772.jpg,3997₽,82,198499₽,119,407,1188,4.6,42%,16.2%,1419 g,21.7 L
28,"#чехолдлямашиныXL
(汽车罩XL)","汽车罩
Чехол на автомобиль",https://ir.ozone.ru/s3/multimedia-1-u/8300178498.jpg,1616₽,82,132234₽,1,1,1249,4.4,100%,10.4%,980 g,12.8 L
29,"#чехолCARTAGE
(CARTAGE罩)","汽车罩
Чехол на автомобиль",https://ir.ozone.ru/s3/multimedia-1-u/8300178498.jpg,1616₽,82,132234₽,1,1,1249,4.4,100%,10.4%,980 g,12.8 L
30,"#чехол490см
(490厘米罩)","汽车罩
Чехол на автомобиль",https://ir.ozone.ru/s3/multimedia-1-u/8300178498.jpg,1616₽,82,132234₽,1,1,1249,4.4,100%,10.4%,980 g,12.8 L
31,"#чехолдлядворовойпарковки
(庭院停车罩)","汽车罩
Чехол на автомобиль",https://ir.ozone.ru/s3/multimedia-1-u/8300178498.jpg,1616₽,82,132234₽,1,1,1249,4.4,100%,10.4%,980 g,12.8 L
32,"#автоXL
(汽车XL)","汽车罩
Чехол на автомобиль",https://ir.ozone.ru/s3/multimedia-1-u/8300178498.jpg,1616₽,82,132234₽,1,1,1249,4.4,100%,10.4%,980 g,12.8 L
33,#тентгараж,"汽车罩
Чехол на автомобиль",https://ir.ozone.ru/s3/multimedia-1-u/8300178498.jpg,1616₽,82,132234₽,1,1,1249,4.4,100%,10.4%,980 g,12.8 L
34,#tenet_t7_2025,"汽车罩
Чехол на автомобиль",https://ir.ozone.ru/s3/multimedia-1-8/11033089784.jpg;https://ir.ozone.ru/s3/multimedia-1-j/10063463383.jpg;https://ir.ozone.ru/s3/multimedia-1-y/10913099362.jpg,2361₽,81,119780₽,3,3,19,1.6,100%,5.3%,2270 g,19 L
35,"#от_солнца_в_автомобиль
(汽车防晒)","汽车罩
Чехол на автомобиль",https://ir.ozone.ru/s3/multimedia-1-9/11148327153.jpg;https://ir.ozone.ru/s3/multimedia-1-v/8490757243.jpg;https://ir.ozone.ru/s3/multimedia-1-s/11712269512.jpg;https://ir.ozone.ru/s3/multimedia-1-m/11765858602.jpg;https://ir.ozone.ru/s3/multimedia-1-8/10215220652.jpg;https://ir.ozone.ru/s3/multimedia-1-s/8420781628.jpg;https://ir.ozone.ru/s3/multimedia-1-0/8986878144.jpg;https://ir.ozone.ru/s3/multimedia-1-v/9504298507.jpg;https://ir.ozone.ru/s3/multimedia-1-7/10279839607.jpg;https://ir.ozone.ru/s3/multimedia-1-o/10698307440.jpg,386₽,77,22776₽,47,65,85,3.5,94%,11.1%,238 g,7.1 L
36,"#чехлдылявтомобилей
(汽车罩)","汽车罩
Чехол на автомобиль",https://ir.ozone.ru/s3/multimedia-1-z/10888346339.jpg;https://ir.ozone.ru/s3/multimedia-1-c/12146361276.jpg,1499₽,76,111130₽,1,2,1249,4.4,100%,9.5%,883 g,7.1 L
37,"#тентыдлямашин
(汽车帐篷)","汽车罩
Чехол на автомобиль",https://ir.ozone.ru/s3/multimedia-1-z/10888346339.jpg;https://ir.ozone.ru/s3/multimedia-1-c/12146361276.jpg,1499₽,76,111130₽,1,2,1249,4.4,100%,9.5%,883 g,7.1 L
38,"#уходзаавтомобиле
(汽车护理)","汽车罩
Чехол на автомобиль",https://ir.ozone.ru/s3/multimedia-1-z/10888346339.jpg;https://ir.ozone.ru/s3/multimedia-1-c/12146361276.jpg,1499₽,76,111130₽,1,2,1249,4.4,100%,9.5%,883 g,7.1 L
39,"#чехолдляавто
(汽车罩)","汽车罩
Чехол на автомобиль",https://ir.ozone.ru/s3/multimedia-1-a/9255253366.jpg;https://ir.ozone.ru/s3/multimedia-1-k/10025501996.jpg;https://ir.ozone.ru/s3/multimedia-1-p/12226165297.jpg;https://ir.ozone.ru/s3/multimedia-1-c/9255277092.jpg;https://ir.ozone.ru/s3/multimedia-1-9/10025490645.jpg;https://ir.ozone.ru/s3/multimedia-1-0/12876026184.jpg;https://ir.ozone.ru/s3/multimedia-1-p/9022823521.jpg;https://ir.ozone.ru/s3/multimedia-1-a/12876065254.jpg;https://ir.ozone.ru/s3/multimedia-1-l/12875972889.jpg;https://ir.ozone.ru/s3/multimedia-1-t/9022804445.jpg,3242₽,75,165282₽,190,711,851,4.6,33%,12.3%,3071 g,39.1 L
40,"#автотент
(汽车帐篷)","汽车罩
Чехол на автомобиль",https://ir.ozone.ru/s3/multimedia-1-a/9255253366.jpg;https://ir.ozone.ru/s3/multimedia-1-k/10025501996.jpg;https://ir.ozone.ru/s3/multimedia-1-t/9331283225.jpg;https://ir.ozone.ru/s3/multimedia-1-p/12226165297.jpg;https://ir.ozone.ru/s3/multimedia-1-c/9255277092.jpg;https://ir.ozone.ru/s3/multimedia-1-w/7439522936.jpg;https://ir.ozone.ru/s3/multimedia-1-9/10025490645.jpg;https://ir.ozone.ru/s3/multimedia-1-0/12876026184.jpg;https://ir.ozone.ru/s3/multimedia-1-a/12876065254.jpg;https://ir.ozone.ru/s3/multimedia-1-l/12875972889.jpg,6239₽,74,157473₽,140,572,890,4.5,36%,13.4%,3636 g,21.7 L
41,"#тент_для_автомобиля
(汽车帐篷)","汽车罩
Чехол на автомобиль",https://ir.ozone.ru/s3/multimedia-1-p/9603353473.jpg;https://ir.ozone.ru/s3/multimedia-1-y/9603395818.jpg;https://ir.ozone.ru/s3/multimedia-1-o/9120993864.jpg;https://ir.ozone.ru/s3/multimedia-1-p/9022823521.jpg;https://ir.ozone.ru/s3/multimedia-1-8/9992405348.jpg;https://ir.ozone.ru/s3/multimedia-1-v/10247989675.jpg;https://ir.ozone.ru/s3/multimedia-1-5/9603387761.jpg;https://ir.ozone.ru/s3/multimedia-1-2/9603377246.jpg;https://ir.ozone.ru/s3/multimedia-1-t/9603370901.jpg;https://ir.ozone.ru/s3/multimedia-1-7/8915941195.jpg,6941₽,73,140567₽,175,661,1030,4.7,39%,9.8%,7936 g,30.7 L
42,"#накидканаавтомобиль
(汽车罩)","汽车罩
Чехол на автомобиль",https://ir.ozone.ru/s3/multimedia-1-f/12876322659.jpg;https://ir.ozone.ru/s3/multimedia-1-z/12876237359.jpg;https://ir.ozone.ru/s3/multimedia-1-o/12876296028.jpg;https://ir.ozone.ru/s3/multimedia-1-z/12888299735.jpg;https://ir.ozone.ru/s3/multimedia-1-r/12876165495.jpg;https://ir.ozone.ru/s3/multimedia-1-0/12876026184.jpg;https://ir.ozone.ru/s3/multimedia-1-a/12876065254.jpg;https://ir.ozone.ru/s3/multimedia-1-l/12875972889.jpg;https://ir.ozone.ru/s3/multimedia-1-0/12876205212.jpg;https://ir.ozone.ru/s3/multimedia-1-x/12876135225.jpg,2004₽,72,129148₽,25,60,1173,3.3,75%,24.4%,1586 g,8.8 L
43,#чехолгараждлямашинызимний,"汽车罩
Чехол на автомобиль",https://ir.ozone.ru/s3/multimedia-1-v/11131133359.jpg;https://ir.ozone.ru/s3/multimedia-1-j/11694385819.jpg,2420₽,69,133651₽,2,2,12,1.7,100%,53.7%,1099 g,24.4 L
44,#чехол_для_автомобиля_от_града,"汽车罩
Чехол на автомобиль",https://ir.ozone.ru/s3/multimedia-1-l/11014170393.jpg;https://ir.ozone.ru/s3/multimedia-1-h/11014176005.jpg,2972₽,66,193694₽,1,2,51,4.5,100%,15.5%,2550 g,40.8 L
45,"#5_слоёв
(5层)","汽车罩
Чехол на автомобиль",https://ir.ozone.ru/s3/multimedia-1-4/7681457632.jpg;https://ir.ozone.ru/s3/multimedia-1-n/7672973063.jpg;https://ir.ozone.ru/s3/multimedia-1-9/7282780353.jpg;https://ir.ozone.ru/s3/multimedia-1-i/9872138682.jpg;https://ir.ozone.ru/s3/multimedia-1-7/9969847531.jpg;https://ir.ozone.ru/s3/multimedia-1-e/9925577618.jpg;https://ir.ozone.ru/s3/multimedia-1-a/9891496990.jpg;https://ir.ozone.ru/s3/multimedia-1-z/10058209091.jpg;https://ir.ozone.ru/s3/multimedia-1-s/9903447568.jpg;https://ir.ozone.ru/s3/multimedia-1-6/10062100878.jpg,4203₽,64,36149₽,6,71,179,2.7,88%,4.9%,5068 g,46.7 L
46,#тенты_для_автомобилях,"汽车罩
Чехол на автомобиль",https://ir.ozone.ru/s3/multimedia-1-r/9644377887.jpg;https://ir.ozone.ru/s3/multimedia-1-3/9644367315.jpg,3457₽,63,213163₽,1,2,257,4.5,100%,11.8%,1865 g,14 L
47,#тент_дляавтомобилях,"汽车罩
Чехол на автомобиль",https://ir.ozone.ru/s3/multimedia-1-r/9644377887.jpg;https://ir.ozone.ru/s3/multimedia-1-3/9644367315.jpg,3457₽,63,213163₽,1,2,257,4.5,100%,11.8%,1865 g,14 L
48,#тент_на_машинух,"汽车罩
Чехол на автомобиль",https://ir.ozone.ru/s3/multimedia-1-r/9644377887.jpg;https://ir.ozone.ru/s3/multimedia-1-3/9644367315.jpg,3457₽,63,213163₽,1,2,257,4.5,100%,11.8%,1865 g,14 L
49,#тент_на_автомобильх,"汽车罩
Чехол на автомобиль",https://ir.ozone.ru/s3/multimedia-1-r/9644377887.jpg;https://ir.ozone.ru/s3/multimedia-1-3/9644367315.jpg,3457₽,63,213163₽,1,2,257,4.5,100%,11.8%,1865 g,14 L
50,#тентдляавтомобилях,"汽车罩
Чехол на автомобиль",https://ir.ozone.ru/s3/multimedia-1-r/9644377887.jpg;https://ir.ozone.ru/s3/multimedia-1-3/9644367315.jpg,3457₽,63,213163₽,1,2,257,4.5,100%,11.8%,1865 g,14 L
51,#всесезонныйчехол,"汽车罩
Чехол на автомобиль",https://ir.ozone.ru/s3/multimedia-1-a/9255253366.jpg;https://ir.ozone.ru/s3/multimedia-1-k/10025501996.jpg;https://ir.ozone.ru/s3/multimedia-1-p/12226165297.jpg;https://ir.ozone.ru/s3/multimedia-1-c/9255277092.jpg;https://ir.ozone.ru/s3/multimedia-1-9/10025490645.jpg;https://ir.ozone.ru/s3/multimedia-1-0/12876026184.jpg;https://ir.ozone.ru/s3/multimedia-1-a/12876065254.jpg;https://ir.ozone.ru/s3/multimedia-1-l/12875972889.jpg;https://ir.ozone.ru/s3/multimedia-1-g/10025514952.jpg;https://ir.ozone.ru/s3/multimedia-1-x/12876135225.jpg,3376₽,62,107827₽,60,171,616,4.4,49%,13.3%,1688 g,17.7 L
52,"#тентдлямашины
(汽车帐篷)","汽车罩
Чехол на автомобиль",https://ir.ozone.ru/s3/multimedia-1-a/9255253366.jpg;https://ir.ozone.ru/s3/multimedia-1-k/10025501996.jpg;https://ir.ozone.ru/s3/multimedia-1-p/12226165297.jpg;https://ir.ozone.ru/s3/multimedia-1-c/9255277092.jpg;https://ir.ozone.ru/s3/multimedia-1-9/10025490645.jpg;https://ir.ozone.ru/s3/multimedia-1-0/12876026184.jpg;https://ir.ozone.ru/s3/multimedia-1-a/12876065254.jpg;https://ir.ozone.ru/s3/multimedia-1-l/12875972889.jpg;https://ir.ozone.ru/s3/multimedia-1-g/10025514952.jpg;https://ir.ozone.ru/s3/multimedia-1-x/12876135225.jpg,3473₽,61,115915₽,55,205,930,4.5,45%,12.7%,1894 g,19.5 L
53,"#чехолнаавто
(汽车套)","汽车罩
Чехол на автомобиль",https://ir.ozone.ru/s3/multimedia-1-a/9255253366.jpg;https://ir.ozone.ru/s3/multimedia-1-k/10025501996.jpg;https://ir.ozone.ru/s3/multimedia-1-p/12226165297.jpg;https://ir.ozone.ru/s3/multimedia-1-c/9255277092.jpg;https://ir.ozone.ru/s3/multimedia-1-9/10025490645.jpg;https://ir.ozone.ru/s3/multimedia-1-0/12876026184.jpg;https://ir.ozone.ru/s3/multimedia-1-a/12876065254.jpg;https://ir.ozone.ru/s3/multimedia-1-l/12875972889.jpg;https://ir.ozone.ru/s3/multimedia-1-g/10025514952.jpg;https://ir.ozone.ru/s3/multimedia-1-x/12876135225.jpg,3557₽,61,113719₽,71,262,796,4.4,46%,13.4%,1819 g,19.9 L
54,#тент_для_хетчбэка_зимний,"汽车罩
Чехол на автомобиль",https://ir.ozone.ru/s3/multimedia-1-3/9644367315.jpg,3400₽,61,203110₽,1,1,257,4.5,100%,9%,1790 g,14 L
55,"#чехол_на_кузов_автомобиля
(汽车车身罩)","汽车罩
Чехол на автомобиль",https://ir.ozone.ru/s3/multimedia-1-s/9644078656.jpg,3567₽,60,207793₽,1,1,257,4.5,100%,13.5%,2100 g,12.7 L
56,#тент_автомобильный_от_града,"汽车罩
Чехол на автомобиль",https://ir.ozone.ru/s3/multimedia-1-s/9644078656.jpg,3567₽,60,207793₽,1,1,257,4.5,100%,13.5%,2100 g,12.7 L
57,#чехол_для_автомобиля_уличный,"汽车罩
Чехол на автомобиль",https://ir.ozone.ru/s3/multimedia-1-s/9644078656.jpg,3567₽,60,207793₽,1,1,257,4.5,100%,13.5%,2100 g,12.7 L
58,#всесезонный_чехол_на_машину,"汽车罩
Чехол на автомобиль",https://ir.ozone.ru/s3/multimedia-1-s/9644078656.jpg,3567₽,60,207793₽,1,1,257,4.5,100%,13.5%,2100 g,12.7 L
59,#чехол_на_машину_кроссовер,"汽车罩
Чехол на автомобиль",https://ir.ozone.ru/s3/multimedia-1-s/9644078656.jpg,3567₽,60,207793₽,1,1,257,4.5,100%,13.5%,2100 g,12.7 L
60,#чехол_для_авто_кузова,"汽车罩
Чехол на автомобиль",https://ir.ozone.ru/s3/multimedia-1-s/9644078656.jpg,3567₽,60,207793₽,1,1,257,4.5,100%,13.5%,2100 g,12.7 L
61,#чехол_автомобильный_от_града,"汽车罩
Чехол на автомобиль",https://ir.ozone.ru/s3/multimedia-1-s/9644078656.jpg,3567₽,60,207793₽,1,1,257,4.5,100%,13.5%,2100 g,12.7 L
62,"#тентнаавто
(车用帐篷)","汽车罩
Чехол на автомобиль",https://ir.ozone.ru/s3/multimedia-1-a/9255253366.jpg;https://ir.ozone.ru/s3/multimedia-1-k/10025501996.jpg;https://ir.ozone.ru/s3/multimedia-1-p/12226165297.jpg;https://ir.ozone.ru/s3/multimedia-1-c/9255277092.jpg;https://ir.ozone.ru/s3/multimedia-1-9/10025490645.jpg;https://ir.ozone.ru/s3/multimedia-1-0/12876026184.jpg;https://ir.ozone.ru/s3/multimedia-1-a/12876065254.jpg;https://ir.ozone.ru/s3/multimedia-1-l/12875972889.jpg;https://ir.ozone.ru/s3/multimedia-1-g/10025514952.jpg;https://ir.ozone.ru/s3/multimedia-1-x/12876135225.jpg,3055₽,58,109896₽,53,157,596,4.5,48%,13.5%,1968 g,10.3 L
63,#пылезащитаавто,"汽车罩
Чехол на автомобиль",https://ir.ozone.ru/s3/multimedia-1-a/9255253366.jpg;https://ir.ozone.ru/s3/multimedia-1-k/10025501996.jpg;https://ir.ozone.ru/s3/multimedia-1-p/12226165297.jpg;https://ir.ozone.ru/s3/multimedia-1-c/9255277092.jpg;https://ir.ozone.ru/s3/multimedia-1-9/10025490645.jpg;https://ir.ozone.ru/s3/multimedia-1-0/12876026184.jpg;https://ir.ozone.ru/s3/multimedia-1-a/12876065254.jpg;https://ir.ozone.ru/s3/multimedia-1-l/12875972889.jpg;https://ir.ozone.ru/s3/multimedia-1-g/10025514952.jpg;https://ir.ozone.ru/s3/multimedia-1-x/12876135225.jpg,3291₽,58,105194₽,43,143,633,4.4,50%,15.1%,1738 g,18.1 L
64,"#чехолнамашину
(汽车保护套)","汽车罩
Чехол на автомобиль",https://ir.ozone.ru/s3/multimedia-1-s/12876352984.jpg;https://ir.ozone.ru/s3/multimedia-1-f/12876322659.jpg;https://ir.ozone.ru/s3/multimedia-1-z/12876237359.jpg;https://ir.ozone.ru/s3/multimedia-1-o/12876296028.jpg;https://ir.ozone.ru/s3/multimedia-1-z/12888299735.jpg;https://ir.ozone.ru/s3/multimedia-1-g/12876372772.jpg;https://ir.ozone.ru/s3/multimedia-1-r/12876165495.jpg;https://ir.ozone.ru/s3/multimedia-1-0/12876026184.jpg;https://ir.ozone.ru/s3/multimedia-1-a/12876065254.jpg;https://ir.ozone.ru/s3/multimedia-1-l/12875972889.jpg,3871₽,57,111449₽,50,231,846,4.6,59%,13.1%,2131 g,27.4 L
65,#крышка_на_фаркоп,"汽车罩
Чехол на автомобиль",https://ir.ozone.ru/s3/multimedia-1-w/11829391988.jpg;https://ir.ozone.ru/s3/multimedia-1-a/7540975126.jpg;https://ir.ozone.ru/s3/multimedia-1-c/8155576092.jpg;https://ir.ozone.ru/s3/multimedia-1-p/8969451253.jpg;https://ir.ozone.ru/s3/multimedia-1-d/7054032613.jpg;https://ir.ozone.ru/s3/multimedia-1-n/9802933007.jpg;https://ir.ozone.ru/s3/multimedia-1-j/9803031643.jpg;https://ir.ozone.ru/s3/multimedia-1-2/9803022914.jpg;https://ir.ozone.ru/s3/multimedia-1-j/9803021599.jpg;https://ir.ozone.ru/s3/multimedia-1-5/9803020217.jpg,711₽,57,16046₽,9,16,268,3.6,99%,3.3%,564 g,11.7 L
66,#всепогодныйчехол,"汽车罩
Чехол на автомобиль",https://ir.ozone.ru/s3/multimedia-1-a/9255253366.jpg;https://ir.ozone.ru/s3/multimedia-1-k/10025501996.jpg;https://ir.ozone.ru/s3/multimedia-1-p/12226165297.jpg;https://ir.ozone.ru/s3/multimedia-1-c/9255277092.jpg;https://ir.ozone.ru/s3/multimedia-1-9/10025490645.jpg;https://ir.ozone.ru/s3/multimedia-1-0/12876026184.jpg;https://ir.ozone.ru/s3/multimedia-1-a/12876065254.jpg;https://ir.ozone.ru/s3/multimedia-1-l/12875972889.jpg;https://ir.ozone.ru/s3/multimedia-1-g/10025514952.jpg;https://ir.ozone.ru/s3/multimedia-1-x/12876135225.jpg,3288₽,57,106912₽,45,154,634,4.5,49%,13.4%,1657 g,17.5 L
67,#автопокрывало,"汽车罩
Чехол на автомобиль",https://ir.ozone.ru/s3/multimedia-1-a/9255253366.jpg;https://ir.ozone.ru/s3/multimedia-1-k/10025501996.jpg;https://ir.ozone.ru/s3/multimedia-1-p/12226165297.jpg;https://ir.ozone.ru/s3/multimedia-1-c/9255277092.jpg;https://ir.ozone.ru/s3/multimedia-1-9/10025490645.jpg;https://ir.ozone.ru/s3/multimedia-1-0/12876026184.jpg;https://ir.ozone.ru/s3/multimedia-1-a/12876065254.jpg;https://ir.ozone.ru/s3/multimedia-1-l/12875972889.jpg;https://ir.ozone.ru/s3/multimedia-1-g/10025514952.jpg;https://ir.ozone.ru/s3/multimedia-1-x/12876135225.jpg,2677₽,56,103978₽,38,134,626,4.4,50%,15.4%,1651 g,10.1 L
68,"#чехол_для_машины_зимний
(汽车冬季罩)","汽车罩
Чехол на автомобиль",https://ir.ozone.ru/s3/multimedia-1-x/8396807865.jpg;https://ir.ozone.ru/s3/multimedia-1-7/7438962247.jpg,5212₽,56,166779₽,2,2,455,4.9,100%,9.9%,2270 g,18.4 L
69,#чехол_на_машину_всесезонный,"汽车罩
Чехол на автомобиль",https://ir.ozone.ru/s3/multimedia-1-a/9255253366.jpg;https://ir.ozone.ru/s3/multimedia-1-k/10025501996.jpg;https://ir.ozone.ru/s3/multimedia-1-p/12226165297.jpg;https://ir.ozone.ru/s3/multimedia-1-c/9255277092.jpg;https://ir.ozone.ru/s3/multimedia-1-9/10025490645.jpg;https://ir.ozone.ru/s3/multimedia-1-0/12876026184.jpg;https://ir.ozone.ru/s3/multimedia-1-a/12876065254.jpg;https://ir.ozone.ru/s3/multimedia-1-l/12875972889.jpg;https://ir.ozone.ru/s3/multimedia-1-g/10025514952.jpg;https://ir.ozone.ru/s3/multimedia-1-x/12876135225.jpg,3439₽,56,104842₽,38,143,631,4.4,50%,13%,1733 g,18.6 L
70,#зимний_чехол_на_машину,"汽车罩
Чехол на автомобиль",https://ir.ozone.ru/s3/multimedia-1-x/8396807865.jpg;https://ir.ozone.ru/s3/multimedia-1-e/8137550390.jpg,8339₽,55,159290₽,2,2,121,4.8,100%,9.9%,5620 g,74.2 L
71,#автомобильный_чехол_на_кузов,"汽车罩
Чехол на автомобиль",https://ir.ozone.ru/s3/multimedia-1-x/8396807865.jpg;https://ir.ozone.ru/s3/multimedia-1-v/9795309223.jpg,1946₽,55,152441₽,2,2,63,2.4,100%,9.9%,1220 g,16.9 L
72,"#тент_на_автомобиль
(汽车帐篷)","汽车罩
Чехол на автомобиль",https://ir.ozone.ru/s3/multimedia-1-q/7745620850.jpg;https://ir.ozone.ru/s3/multimedia-1-e/9603360014.jpg;https://ir.ozone.ru/s3/multimedia-1-z/9120991895.jpg;https://ir.ozone.ru/s3/multimedia-1-v/8793359923.jpg;https://ir.ozone.ru/s3/multimedia-1-b/8793368579.jpg;https://ir.ozone.ru/s3/multimedia-1-7/8915941195.jpg;https://ir.ozone.ru/s3/multimedia-1-m/9548688010.jpg;https://ir.ozone.ru/s3/multimedia-1-g/9294181720.jpg;https://ir.ozone.ru/s3/multimedia-1-w/7130412248.jpg;https://ir.ozone.ru/s3/multimedia-1-x/8396807865.jpg,5008₽,53,95863₽,110,361,4362,4.5,50%,12.6%,4951 g,24.2 L
73,#чехол_на_авто_дышащий,"汽车罩
Чехол на автомобиль",https://ir.ozone.ru/s3/multimedia-1-a/9255253366.jpg;https://ir.ozone.ru/s3/multimedia-1-k/10025501996.jpg;https://ir.ozone.ru/s3/multimedia-1-p/12226165297.jpg;https://ir.ozone.ru/s3/multimedia-1-c/9255277092.jpg;https://ir.ozone.ru/s3/multimedia-1-9/10025490645.jpg;https://ir.ozone.ru/s3/multimedia-1-0/12876026184.jpg;https://ir.ozone.ru/s3/multimedia-1-a/12876065254.jpg;https://ir.ozone.ru/s3/multimedia-1-l/12875972889.jpg;https://ir.ozone.ru/s3/multimedia-1-g/10025514952.jpg;https://ir.ozone.ru/s3/multimedia-1-x/12876135225.jpg,2949₽,53,95314₽,41,157,569,4.4,55%,15.4%,1656 g,11.4 L
74,#чехол_на_авто_с_молнией,"汽车罩
Чехол на автомобиль",https://ir.ozone.ru/s3/multimedia-1-a/9255253366.jpg;https://ir.ozone.ru/s3/multimedia-1-k/10025501996.jpg;https://ir.ozone.ru/s3/multimedia-1-c/9255277092.jpg;https://ir.ozone.ru/s3/multimedia-1-9/10025490645.jpg;https://ir.ozone.ru/s3/multimedia-1-0/12876026184.jpg;https://ir.ozone.ru/s3/multimedia-1-a/12876065254.jpg;https://ir.ozone.ru/s3/multimedia-1-l/12875972889.jpg;https://ir.ozone.ru/s3/multimedia-1-g/10025514952.jpg;https://ir.ozone.ru/s3/multimedia-1-x/12876135225.jpg;https://ir.ozone.ru/s3/multimedia-1-a/9255265066.jpg,2284₽,49,86372₽,34,116,642,4.1,58%,15%,1619 g,10.8 L
75,#антиград_тент_на_машину,"汽车罩
Чехол на автомобиль",https://ir.ozone.ru/s3/multimedia-1-a/9255253366.jpg;https://ir.ozone.ru/s3/multimedia-1-k/10025501996.jpg;https://ir.ozone.ru/s3/multimedia-1-c/9255277092.jpg;https://ir.ozone.ru/s3/multimedia-1-9/10025490645.jpg;https://ir.ozone.ru/s3/multimedia-1-0/12876026184.jpg;https://ir.ozone.ru/s3/multimedia-1-a/12876065254.jpg;https://ir.ozone.ru/s3/multimedia-1-l/12875972889.jpg;https://ir.ozone.ru/s3/multimedia-1-g/10025514952.jpg;https://ir.ozone.ru/s3/multimedia-1-x/12876135225.jpg;https://ir.ozone.ru/s3/multimedia-1-a/9255265066.jpg,5829₽,49,90793₽,33,130,630,4.4,56%,15.2%,2151 g,59.9 L
76,#ударопрочный_чехол_на_авто,"汽车罩
Чехол на автомобиль",https://ir.ozone.ru/s3/multimedia-1-a/9255253366.jpg;https://ir.ozone.ru/s3/multimedia-1-k/10025501996.jpg;https://ir.ozone.ru/s3/multimedia-1-c/9255277092.jpg;https://ir.ozone.ru/s3/multimedia-1-9/10025490645.jpg;https://ir.ozone.ru/s3/multimedia-1-0/12876026184.jpg;https://ir.ozone.ru/s3/multimedia-1-a/12876065254.jpg;https://ir.ozone.ru/s3/multimedia-1-l/12875972889.jpg;https://ir.ozone.ru/s3/multimedia-1-g/10025514952.jpg;https://ir.ozone.ru/s3/multimedia-1-x/12876135225.jpg;https://ir.ozone.ru/s3/multimedia-1-a/9255265066.jpg,2044₽,48,83400₽,30,100,627,3.9,60%,13.3%,1599 g,10 L
77,"#чехол_на_автомобиль
(汽车罩)","汽车罩
Чехол на автомобиль",https://ir.ozone.ru/s3/multimedia-1-q/7745620850.jpg;https://ir.ozone.ru/s3/multimedia-1-o/9120993864.jpg;https://ir.ozone.ru/s3/multimedia-1-i/9125867466.jpg;https://ir.ozone.ru/s3/multimedia-1-z/9120991895.jpg;https://ir.ozone.ru/s3/multimedia-1-6/8516447250.jpg;https://ir.ozone.ru/s3/multimedia-1-v/10247989675.jpg;https://ir.ozone.ru/s3/multimedia-1-7/8915941195.jpg;https://ir.ozone.ru/s3/multimedia-1-g/9294181720.jpg;https://ir.ozone.ru/s3/multimedia-1-t/9493186241.jpg;https://ir.ozone.ru/s3/multimedia-1-x/8396807865.jpg,4013₽,46,77369₽,106,348,915,4.4,68%,13.1%,2755 g,26.8 L
78,"#авточехолвсесезонный
(四季汽车罩)","汽车罩
Чехол на автомобиль",https://ir.ozone.ru/s3/multimedia-1-u/8300178498.jpg;https://ir.ozone.ru/s3/multimedia-1-n/8951380295.jpg,2277₽,42,69056₽,2,2,625,2.2,100%,5.2%,1265 g,9.2 L
79,"#авто_чехол
(汽车套)","汽车罩
Чехол на автомобиль",https://ir.ozone.ru/s3/multimedia-1-o/7550807712.jpg;https://ir.ozone.ru/s3/multimedia-1-i/7550846334.jpg;https://ir.ozone.ru/s3/multimedia-1-x/7165302873.jpg;https://ir.ozone.ru/s3/multimedia-1-w/9095309204.jpg;https://ir.ozone.ru/s3/multimedia-1-b/8331462623.jpg;https://ir.ozone.ru/s3/multimedia-1-n/10325608367.jpg;https://ir.ozone.ru/s3/multimedia-1-b/9671341043.jpg;https://ir.ozone.ru/s3/multimedia-1-g/7842193756.jpg;https://ir.ozone.ru/s3/multimedia-1-6/8348402958.jpg;https://ir.ozone.ru/s3/multimedia-1-c/8348383704.jpg,1872₽,40,23723₽,23,52,414,4.4,76%,12.1%,808 g,3.8 L
80,"#чехол_на_автомобиль_от_солнца
(汽车防晒套)","汽车罩
Чехол на автомобиль",https://ir.ozone.ru/s3/multimedia-1-v/8490757243.jpg;https://ir.ozone.ru/s3/multimedia-1-s/9644078656.jpg;https://ir.ozone.ru/s3/multimedia-1-l/11014170393.jpg;https://ir.ozone.ru/s3/multimedia-1-h/11014176005.jpg;https://ir.ozone.ru/s3/multimedia-1-r/11014169643.jpg;https://ir.ozone.ru/s3/multimedia-1-s/11712269512.jpg;https://ir.ozone.ru/s3/multimedia-a/6895097038.jpg;https://ir.ozone.ru/s3/multimedia-1-m/11765858602.jpg;https://ir.ozone.ru/s3/multimedia-1-8/10215220652.jpg;https://ir.ozone.ru/s3/multimedia-2/6721435946.jpg,3501₽,40,31417₽,106,352,792,4.8,46%,9.9%,2501 g,15.9 L
81,"#защитный_чехол_тент
(防护帐篷式车衣)","汽车罩
Чехол на автомобиль",https://ir.ozone.ru/s3/multimedia-1-v/8490757243.jpg;https://ir.ozone.ru/s3/multimedia-1-s/11712269512.jpg;https://ir.ozone.ru/s3/multimedia-a/6895097038.jpg;https://ir.ozone.ru/s3/multimedia-1-m/11765858602.jpg;https://ir.ozone.ru/s3/multimedia-1-8/10215220652.jpg;https://ir.ozone.ru/s3/multimedia-1-w/8257759088.jpg;https://ir.ozone.ru/s3/multimedia-1-u/7047005286.jpg;https://ir.ozone.ru/s3/multimedia-1-8/8284607288.jpg;https://ir.ozone.ru/s3/multimedia-1-2/7441113890.jpg;https://ir.ozone.ru/s3/multimedia-1-g/6962789536.jpg,3511₽,38,22208₽,76,277,556,4.8,40%,9.3%,2526 g,14.7 L
82,"#бестурн_б70
(奔腾B70)","汽车罩
Чехол на автомобиль",https://ir.ozone.ru/s3/multimedia-1-l/8518464669.jpg;https://ir.ozone.ru/s3/multimedia-1-o/7223439480.jpg,779₽,38,20732₽,2,2,13264,2.5,100%,4.3%,466 g,6.2 L
83,"#ТентНаМашину
(汽车帐篷)","汽车罩
Чехол на автомобиль",https://ir.ozone.ru/s3/multimedia-1-8/8117911628.jpg;https://ir.ozone.ru/s3/multimedia-1-s/8117628544.jpg,2404₽,38,90829₽,1,2,379,4.6,100%,16.2%,2300 g,24 L
84,"#чехол_тент_для_автомобиля
(汽车帐篷式车衣)","汽车罩
Чехол на автомобиль",https://ir.ozone.ru/s3/multimedia-1-v/8490757243.jpg;https://ir.ozone.ru/s3/multimedia-1-s/11712269512.jpg;https://ir.ozone.ru/s3/multimedia-a/6895097038.jpg;https://ir.ozone.ru/s3/multimedia-1-m/11765858602.jpg;https://ir.ozone.ru/s3/multimedia-1-8/10215220652.jpg;https://ir.ozone.ru/s3/multimedia-1-w/8257759088.jpg;https://ir.ozone.ru/s3/multimedia-1-e/8683435238.jpg;https://ir.ozone.ru/s3/multimedia-1-u/7047005286.jpg;https://ir.ozone.ru/s3/multimedia-1-8/8284607288.jpg;https://ir.ozone.ru/s3/multimedia-1-2/7441113890.jpg,3466₽,37,23795₽,93,382,548,4.8,38%,10.9%,2383 g,14.4 L
85,#защита_авто_от_пыли,"汽车罩
Чехол на автомобиль",https://ir.ozone.ru/s3/multimedia-1-e/12687226430.jpg;https://ir.ozone.ru/s3/multimedia-1-d/8569261741.jpg,3157₽,35,100539₽,1,2,273,4.4,100%,21.5%,2000 g,34.7 L
86,"#чехол_для_автомобиля
(汽车罩)","汽车罩
Чехол на автомобиль",https://ir.ozone.ru/s3/multimedia-1-q/7745620850.jpg;https://ir.ozone.ru/s3/multimedia-1-z/9120991895.jpg;https://ir.ozone.ru/s3/multimedia-1-8/9992405348.jpg;https://ir.ozone.ru/s3/multimedia-1-7/8915941195.jpg;https://ir.ozone.ru/s3/multimedia-1-a/9971174386.jpg;https://ir.ozone.ru/s3/multimedia-1-g/9294181720.jpg;https://ir.ozone.ru/s3/multimedia-1-w/7130412248.jpg;https://ir.ozone.ru/s3/multimedia-1-t/9493186241.jpg;https://ir.ozone.ru/s3/multimedia-1-x/8396807865.jpg;https://ir.ozone.ru/s3/multimedia-1-w/9992478344.jpg,4781₽,34,89908₽,206,493,1033,4.7,49%,15.7%,2291 g,28.1 L
87,"#купитьавтомобиль
(购买汽车)","汽车罩
Чехол на автомобиль",https://ir.ozone.ru/s3/multimedia-1-d/7807215325.jpg;https://ir.ozone.ru/s3/multimedia-1-f/12895247823.jpg;https://ir.ozone.ru/s3/multimedia-1-y/12876456526.jpg;https://ir.ozone.ru/s3/multimedia-1-l/11981377857.jpg;https://ir.ozone.ru/s3/multimedia-1-y/12524400898.jpg;https://ir.ozone.ru/s3/multimedia-1-d/11435972377.jpg;https://ir.ozone.ru/s3/multimedia-1-d/8582203057.jpg;https://ir.ozone.ru/s3/multimedia-1-c/12876424428.jpg;https://ir.ozone.ru/s3/multimedia-1-l/12921332745.jpg;https://ir.ozone.ru/s3/multimedia-1-5/7206025037.jpg,1841₽,34,30161₽,21,61,248,3.7,91%,16.9%,1133 g,13.5 L
88,#многослойный_авточехол,"汽车罩
Чехол на автомобиль",https://ir.ozone.ru/s3/multimedia-1-0/12876026184.jpg;https://ir.ozone.ru/s3/multimedia-1-a/12876065254.jpg;https://ir.ozone.ru/s3/multimedia-1-l/12875972889.jpg;https://ir.ozone.ru/s3/multimedia-1-x/12876135225.jpg;https://ir.ozone.ru/s3/multimedia-1-r/12876105015.jpg;https://ir.ozone.ru/s3/multimedia-1-b/11470095875.jpg;https://ir.ozone.ru/s3/multimedia-1-3/11476672959.jpg;https://ir.ozone.ru/s3/multimedia-1-t/9308725049.jpg;https://ir.ozone.ru/s3/multimedia-1-l/11476977465.jpg;https://ir.ozone.ru/s3/multimedia-1-f/11476802787.jpg,2152₽,34,58094₽,23,74,747,4,71%,11.8%,1645 g,11 L
89,#vesta_sedan,"汽车罩
Чехол на автомобиль",https://ir.ozone.ru/s3/multimedia-1-x/8792295873.jpg;https://ir.ozone.ru/s3/multimedia-1-x/10111188957.jpg;https://ir.ozone.ru/s3/multimedia-1-2/10111188998.jpg,4235₽,34,123150₽,2,3,31,4.9,100%,8.3%,3993 g,38.1 L
90,#чехолнамашинуотсолнца,"汽车罩
Чехол на автомобиль",https://ir.ozone.ru/s3/multimedia-1-8/7795429424.jpg,1912₽,33,63066₽,1,1,605,4.5,100%,18.8%,2500 g,9.8 L
91,#аксессуары_в_маш,"汽车罩
Чехол на автомобиль",https://ir.ozone.ru/s3/multimedia-1-b/7199700239.jpg;https://ir.ozone.ru/s3/multimedia-1-w/9887161568.jpg,3085₽,31,128609₽,2,2,1587,4.2,100%,9%,2750 g,43.8 L
92,#тент_для_седана,"汽车罩
Чехол на автомобиль",https://ir.ozone.ru/s3/multimedia-1-3/9644367315.jpg;https://ir.ozone.ru/s3/multimedia-1-w/9064931252.jpg,2998₽,31,102879₽,2,2,128,2.3,100%,54.5%,1340 g,11.3 L
93,#Утепленныйтентдляавтомобиля,"汽车罩
Чехол на автомобиль",https://ir.ozone.ru/s3/multimedia-1-l/12888313005.jpg;https://ir.ozone.ru/s3/multimedia-1-d/11435972377.jpg;https://ir.ozone.ru/s3/multimedia-1-g/11387743144.jpg;https://ir.ozone.ru/s3/multimedia-1-k/9133222880.jpg;https://ir.ozone.ru/s3/multimedia-1-t/11782832321.jpg,1919₽,30,70092₽,3,5,2496,3.7,100%,15.6%,1324 g,10.7 L
94,"#чехолотграда
(防冰雹外壳)","汽车罩
Чехол на автомобиль",https://ir.ozone.ru/s3/multimedia-1-z/10888346339.jpg;https://ir.ozone.ru/s3/multimedia-1-u/8300178498.jpg;https://ir.ozone.ru/s3/multimedia-1-z/9600070823.jpg;https://ir.ozone.ru/s3/multimedia-1-c/12146361276.jpg;https://ir.ozone.ru/s3/multimedia-1-2/9410545550.jpg;https://ir.ozone.ru/s3/multimedia-1-w/7959498440.jpg;https://ir.ozone.ru/s3/multimedia-1-d/9432523849.jpg;https://ir.ozone.ru/s3/multimedia-1-2/9430814198.jpg;https://ir.ozone.ru/s3/multimedia-1-z/7406212679.jpg;https://ir.ozone.ru/s3/multimedia-1-z/7406212679.jpg,6894₽,29,50788₽,4,11,525,4.2,99%,27.9%,1905 g,69.3 L
95,#Защита_кузова_авто,"汽车罩
Чехол на автомобиль",https://ir.ozone.ru/s3/multimedia-1-l/9705887229.jpg;https://ir.ozone.ru/s3/multimedia-1-q/12376928078.jpg;https://ir.ozone.ru/s3/multimedia-1-h/9401639489.jpg;https://ir.ozone.ru/s3/multimedia-1-7/9890223739.jpg;https://ir.ozone.ru/s3/multimedia-1-6/11138974494.jpg;https://ir.ozone.ru/s3/multimedia-1-4/9705885916.jpg;https://ir.ozone.ru/s3/multimedia-1-m/11159740462.jpg;https://ir.ozone.ru/s3/multimedia-1-j/7447191787.jpg;https://ir.ozone.ru/s3/multimedia-1-i/9335491506.jpg,1553₽,29,7795₽,8,9,90,2.4,100%,0.3%,1184 g,17.8 L
96,"#гараж_для_авто
(汽车车库)","汽车罩
Чехол на автомобиль",https://ir.ozone.ru/s3/multimedia-1-m/10217349886.jpg;https://ir.ozone.ru/s3/multimedia-1-j/9998307775.jpg;https://ir.ozone.ru/s3/multimedia-1-d/11142644125.jpg;https://ir.ozone.ru/s3/multimedia-1-5/11678960777.jpg;https://ir.ozone.ru/s3/multimedia-1-v/11131133359.jpg;https://ir.ozone.ru/s3/multimedia-1-8/7533313172.jpg;https://ir.ozone.ru/s3/multimedia-1-r/7228131363.jpg;https://ir.ozone.ru/s3/multimedia-1-3/11138945907.jpg;https://ir.ozone.ru/s3/multimedia-1-d/7533313141.jpg;https://ir.ozone.ru/s3/multimedia-1-a/11142644842.jpg,9570₽,28,154461₽,80,284,665,4.4,67%,11.5%,27601 g,147.9 L
97,#накидканаавто,"汽车罩
Чехол на автомобиль",https://ir.ozone.ru/s3/multimedia-1-z/10888346339.jpg;https://ir.ozone.ru/s3/multimedia-1-u/8300178498.jpg;https://ir.ozone.ru/s3/multimedia-1-n/8039719175.jpg;https://ir.ozone.ru/s3/multimedia-1-z/9600070823.jpg;https://ir.ozone.ru/s3/multimedia-1-c/12146361276.jpg;https://ir.ozone.ru/s3/multimedia-1-w/7959498440.jpg;https://ir.ozone.ru/s3/multimedia-1-3/7738981383.jpg;https://ir.ozone.ru/s3/multimedia-1-m/10477438654.jpg;https://ir.ozone.ru/s3/multimedia-1-5/11721294401.jpg;https://ir.ozone.ru/s3/multimedia-1-1/8108278057.jpg,1449₽,27,40458₽,6,15,374,4.7,99%,8.4%,693 g,9.3 L
98,"#чехол_на_авто
(汽车罩)","汽车罩
Чехол на автомобиль",https://ir.ozone.ru/s3/multimedia-1-q/7745620850.jpg;https://ir.ozone.ru/s3/multimedia-1-o/9120993864.jpg;https://ir.ozone.ru/s3/multimedia-1-z/9120991895.jpg;https://ir.ozone.ru/s3/multimedia-1-v/10247989675.jpg;https://ir.ozone.ru/s3/multimedia-1-7/8915941195.jpg;https://ir.ozone.ru/s3/multimedia-1-a/9971174386.jpg;https://ir.ozone.ru/s3/multimedia-1-g/9294181720.jpg;https://ir.ozone.ru/s3/multimedia-1-t/9493186241.jpg;https://ir.ozone.ru/s3/multimedia-1-x/8396807865.jpg;https://ir.ozone.ru/s3/multimedia-g/6800608528.jpg,3787₽,26,67249₽,84,206,275,4.1,70%,13.6%,3047 g,27.7 L
99,#Надежная_з,"汽车罩
Чехол на автомобиль",https://ir.ozone.ru/s3/multimedia-1-o/8394805608.jpg;https://ir.ozone.ru/s3/multimedia-1-g/10627778644.jpg;https://ir.ozone.ru/s3/multimedia-1-i/11307254238.jpg;https://ir.ozone.ru/s3/multimedia-1-5/9602564873.jpg,1654₽,26,40455₽,4,4,14,2.3,100%,29.8%,1888 g,17.5 L
100,#Тигго8ПроМакс,"汽车罩
Чехол на автомобиль",https://ir.ozone.ru/s3/multimedia-1-b/11832963131.jpg;https://ir.ozone.ru/s3/multimedia-1-i/7865456634.jpg,3850₽,25,78027₽,2,2,322,4.9,100%,6.3%,3850 g,19.4 L
101,"#чехолотдождя
(防雨套)","汽车罩
Чехол на автомобиль",https://ir.ozone.ru/s3/multimedia-1-e/7540775978.jpg;https://ir.ozone.ru/s3/multimedia-1-2/12410725790.jpg;https://ir.ozone.ru/s3/multimedia-1-z/10888346339.jpg;https://ir.ozone.ru/s3/multimedia-1-2/7643671850.jpg;https://ir.ozone.ru/s3/multimedia-1-u/8300178498.jpg;https://ir.ozone.ru/s3/multimedia-1-l/9712936209.jpg;https://ir.ozone.ru/s3/multimedia-1-7/7643606767.jpg;https://ir.ozone.ru/s3/multimedia-1-3/9656609979.jpg;https://ir.ozone.ru/s3/multimedia-1-x/9032440029.jpg;https://ir.ozone.ru/s3/multimedia-1-i/9656752050.jpg,2228₽,24,18185₽,58,111,267,3.6,75%,13.9%,706 g,5.8 L
102,"#автомобильныйчехол
(汽车罩)","汽车罩
Чехол на автомобиль",https://ir.ozone.ru/s3/multimedia-1-6/9479480874.jpg;https://ir.ozone.ru/s3/multimedia-1-m/8313108286.jpg;https://ir.ozone.ru/s3/multimedia-1-v/10132512583.jpg;https://ir.ozone.ru/s3/multimedia-1-8/7533313172.jpg;https://ir.ozone.ru/s3/multimedia-1-r/7228131363.jpg;https://ir.ozone.ru/s3/multimedia-1-w/9644387180.jpg;https://ir.ozone.ru/s3/multimedia-1-r/9644377887.jpg;https://ir.ozone.ru/s3/multimedia-1-d/7533313141.jpg;https://ir.ozone.ru/s3/multimedia-1-p/9405662137.jpg;https://ir.ozone.ru/s3/multimedia-1-m/7533313186.jpg,5021₽,24,103116₽,137,675,474,4.7,25%,14.5%,2759 g,45.5 L
103,"#защитамашины
(汽车保护)","汽车罩
Чехол на автомобиль",https://ir.ozone.ru/s3/multimedia-1-3/8901574419.jpg;https://ir.ozone.ru/s3/multimedia-1-k/7652959616.jpg;https://ir.ozone.ru/s3/multimedia-1-q/10125701630.jpg;https://ir.ozone.ru/s3/multimedia-1-k/10125683732.jpg;https://ir.ozone.ru/s3/multimedia-1-9/7653424689.jpg;https://ir.ozone.ru/s3/multimedia-1-m/7652959618.jpg;https://ir.ozone.ru/s3/multimedia-1-u/7652959626.jpg;https://ir.ozone.ru/s3/multimedia-1-y/7652959558.jpg;https://ir.ozone.ru/s3/multimedia-1-r/7652959551.jpg;https://ir.ozone.ru/s3/multimedia-1-c/10125665184.jpg,2163₽,24,18478₽,24,92,435,4.2,68%,16.7%,1943 g,12.6 L
104,#с_ушками_для_дверей,"汽车罩
Чехол на автомобиль",https://ir.ozone.ru/s3/multimedia-1-w/10616913392.jpg,375₽,24,8797₽,1,1,61,4.7,100%,19.1%,500 g,12 L
105,"#Хундай
(现代)","汽车罩
Чехол на автомобиль",https://ir.ozone.ru/s3/multimedia-1-6/7214107722.jpg;https://ir.ozone.ru/s3/multimedia-1-5/10103584325.jpg;https://ir.ozone.ru/s3/multimedia-1-4/9355457488.jpg;https://ir.ozone.ru/s3/multimedia-1-5/8435103701.jpg;https://ir.ozone.ru/s3/multimedia-1-p/8434901545.jpg;https://ir.ozone.ru/s3/multimedia-w/6054132152.jpg;https://ir.ozone.ru/s3/multimedia-1-l/7230305289.jpg,4013₽,23,52055₽,6,7,310,4.8,100%,3.3%,3050 g,15.9 L
106,"#накидка_на_машину_зимняя
(冬季汽车罩)","汽车罩
Чехол на автомобиль",https://ir.ozone.ru/s3/multimedia-1-a/9971174386.jpg;https://ir.ozone.ru/s3/multimedia-1-c/9971188896.jpg;https://ir.ozone.ru/s3/multimedia-1-6/9971182662.jpg;https://ir.ozone.ru/s3/multimedia-1-6/9157523154.jpg;https://ir.ozone.ru/s3/multimedia-1-z/8228324411.jpg;https://ir.ozone.ru/s3/multimedia-1-r/8101461411.jpg;https://ir.ozone.ru/s3/multimedia-1-r/8081404659.jpg;https://ir.ozone.ru/s3/multimedia-1-n/10405785119.jpg,3529₽,23,67202₽,3,8,341,4.2,100%,32.8%,2631 g,33.9 L
107,#тойотарав4xa40,"汽车罩
Чехол на автомобиль",https://ir.ozone.ru/s3/multimedia-1-c/8378679792.jpg;https://ir.ozone.ru/s3/multimedia-1-p/11101042537.jpg;https://ir.ozone.ru/s3/multimedia-1-j/8344538407.jpg,4841₽,23,127254₽,3,3,56,4.7,100%,5.3%,3060 g,9.5 L
108,"#автозабота
(汽车护理)","汽车罩
Чехол на автомобиль",https://ir.ozone.ru/s3/multimedia-1-3/7923759339.jpg;https://ir.ozone.ru/s3/multimedia-1-k/7652959616.jpg;https://ir.ozone.ru/s3/multimedia-1-a/8161743754.jpg;https://ir.ozone.ru/s3/multimedia-1-q/10125701630.jpg;https://ir.ozone.ru/s3/multimedia-1-k/10125683732.jpg;https://ir.ozone.ru/s3/multimedia-1-9/7653424689.jpg;https://ir.ozone.ru/s3/multimedia-1-m/7652959618.jpg;https://ir.ozone.ru/s3/multimedia-1-u/7652959626.jpg;https://ir.ozone.ru/s3/multimedia-1-9/9261858861.jpg;https://ir.ozone.ru/s3/multimedia-1-y/7652959558.jpg,2813₽,22,20181₽,153,241,368,3.9,56%,16.3%,2334 g,15.2 L
109,#чехолдляседана,"汽车罩
Чехол на автомобиль",https://ir.ozone.ru/s3/multimedia-1-u/8300178498.jpg;https://ir.ozone.ru/s3/multimedia-1-s/10956080188.jpg;https://ir.ozone.ru/s3/multimedia-1-c/10495049484.jpg;https://ir.ozone.ru/s3/multimedia-1-q/10477896794.jpg,7983₽,22,40719₽,3,4,379,2.3,100%,5.2%,2245 g,29.7 L
110,#одноразовые_чехлы_на_руль,"汽车罩
Чехол на автомобиль",https://ir.ozone.ru/s3/multimedia-1-h/11848727789.jpg,2766₽,22,59890₽,1,1,102,5,100%,0%,3400 g,9.7 L
111,#пленка_на_руль,"汽车罩
Чехол на автомобиль",https://ir.ozone.ru/s3/multimedia-1-h/11848727789.jpg,2766₽,22,59890₽,1,1,102,5,100%,0%,3400 g,9.7 L
112,"#тентдляавто
(汽车帐篷)","汽车罩
Чехол на автомобиль",https://ir.ozone.ru/s3/multimedia-1-8/10642594292.jpg;https://ir.ozone.ru/s3/multimedia-1-w/9644387180.jpg;https://ir.ozone.ru/s3/multimedia-1-r/9644377887.jpg;https://ir.ozone.ru/s3/multimedia-1-3/9644367315.jpg;https://ir.ozone.ru/s3/multimedia-1-k/7652959616.jpg;https://ir.ozone.ru/s3/multimedia-1-n/9377704895.jpg;https://ir.ozone.ru/s3/multimedia-1-q/10125701630.jpg;https://ir.ozone.ru/s3/multimedia-1-k/10125683732.jpg;https://ir.ozone.ru/s3/multimedia-1-7/7329006727.jpg;https://ir.ozone.ru/s3/multimedia-1-w/9377846096.jpg,5809₽,21,35381₽,56,189,457,4,53%,12.4%,4198 g,31.3 L
113,#Водостойкий_авточехол,"汽车罩
Чехол на автомобиль",https://ir.ozone.ru/s3/multimedia-1-o/8394805608.jpg;https://ir.ozone.ru/s3/multimedia-1-g/10627778644.jpg;https://ir.ozone.ru/s3/multimedia-1-i/11307254238.jpg;https://ir.ozone.ru/s3/multimedia-1-5/9602564873.jpg;https://ir.ozone.ru/s3/multimedia-1-0/9571217400.jpg,1736₽,21,32780₽,5,5,12,2.9,100%,23.9%,1910 g,17.5 L
114,#Чехол_с_боковой_молнией,"汽车罩
Чехол на автомобиль",https://ir.ozone.ru/s3/multimedia-1-o/8394805608.jpg;https://ir.ozone.ru/s3/multimedia-1-g/10627778644.jpg;https://ir.ozone.ru/s3/multimedia-1-i/11307254238.jpg;https://ir.ozone.ru/s3/multimedia-1-5/9602564873.jpg;https://ir.ozone.ru/s3/multimedia-1-0/9571217400.jpg,1736₽,21,32780₽,5,5,12,2.9,100%,23.9%,1910 g,17.5 L
115,#УФ_защита_для_авто,"汽车罩
Чехол на автомобиль",https://ir.ozone.ru/s3/multimedia-1-o/8394805608.jpg;https://ir.ozone.ru/s3/multimedia-1-g/10627778644.jpg;https://ir.ozone.ru/s3/multimedia-1-i/11307254238.jpg;https://ir.ozone.ru/s3/multimedia-1-5/9602564873.jpg;https://ir.ozone.ru/s3/multimedia-1-0/9571217400.jpg,1736₽,21,32780₽,5,5,12,2.9,100%,23.9%,1910 g,17.5 L
116,#Повседневная_защита_авто,"汽车罩
Чехол на автомобиль",https://ir.ozone.ru/s3/multimedia-1-o/8394805608.jpg;https://ir.ozone.ru/s3/multimedia-1-g/10627778644.jpg;https://ir.ozone.ru/s3/multimedia-1-i/11307254238.jpg;https://ir.ozone.ru/s3/multimedia-1-5/9602564873.jpg;https://ir.ozone.ru/s3/multimedia-1-0/9571217400.jpg,1736₽,21,32780₽,5,5,12,2.9,100%,23.9%,1910 g,17.5 L
117,#Защита_от_выцветания_краски,"汽车罩
Чехол на автомобиль",https://ir.ozone.ru/s3/multimedia-1-o/8394805608.jpg;https://ir.ozone.ru/s3/multimedia-1-g/10627778644.jpg;https://ir.ozone.ru/s3/multimedia-1-i/11307254238.jpg;https://ir.ozone.ru/s3/multimedia-1-5/9602564873.jpg;https://ir.ozone.ru/s3/multimedia-1-0/9571217400.jpg,1736₽,21,32780₽,5,5,12,2.9,100%,23.9%,1910 g,17.5 L
118,#всепогоднаязащита,"汽车罩
Чехол на автомобиль",https://ir.ozone.ru/s3/multimedia-1-1/8511299893.jpg;https://ir.ozone.ru/s3/multimedia-1-3/9127563627.jpg;https://ir.ozone.ru/s3/multimedia-1-7/9227473711.jpg;https://ir.ozone.ru/s3/multimedia-1-x/10571493021.jpg;https://ir.ozone.ru/s3/multimedia-1-m/8470574302.jpg;https://ir.ozone.ru/s3/multimedia-1-e/10350709754.jpg;https://ir.ozone.ru/s3/multimedia-1-7/10784653639.jpg;https://ir.ozone.ru/s3/multimedia-1-b/9823087631.jpg;https://ir.ozone.ru/s3/multimedia-1-2/9535315178.jpg;https://ir.ozone.ru/s3/multimedia-1-3/8036155371.jpg,1193₽,21,11721₽,17,19,778,3,96%,4.6%,1188 g,9.7 L
119,#товары_для_авто_и_мототехники,"汽车罩
Чехол на автомобиль",https://ir.ozone.ru/s3/multimedia-1-t/9480415133.jpg;https://ir.ozone.ru/s3/multimedia-1-b/10334003663.jpg;https://ir.ozone.ru/s3/multimedia-1-z/10334026907.jpg;https://ir.ozone.ru/s3/multimedia-1-3/10024763331.jpg;https://ir.ozone.ru/s3/multimedia-1-n/10024673243.jpg;https://ir.ozone.ru/s3/multimedia-1-k/10092779336.jpg;https://ir.ozone.ru/s3/multimedia-1-l/10024425993.jpg;https://ir.ozone.ru/s3/multimedia-1-f/10025155095.jpg;https://ir.ozone.ru/s3/multimedia-1-g/10024518544.jpg;https://ir.ozone.ru/s3/multimedia-1-3/10382184363.jpg,3676₽,21,60151₽,3,34,30,4.3,96%,10.2%,1493 g,15.1 L
120,"#чехол_на_машину
(汽车车衣)","汽车罩
Чехол на автомобиль",https://ir.ozone.ru/s3/multimedia-1-w/7130412248.jpg;https://ir.ozone.ru/s3/multimedia-1-t/9493186241.jpg;https://ir.ozone.ru/s3/multimedia-1-x/8396807865.jpg;https://ir.ozone.ru/s3/multimedia-1-a/7223015890.jpg;https://ir.ozone.ru/s3/multimedia-1-3/7402566711.jpg;https://ir.ozone.ru/s3/multimedia-1-7/7148333527.jpg;https://ir.ozone.ru/s3/multimedia-1-w/7195912772.jpg;https://ir.ozone.ru/s3/multimedia-1-z/7438935311.jpg;https://ir.ozone.ru/s3/multimedia-1-7/7439581051.jpg;https://ir.ozone.ru/s3/multimedia-1-o/7438949160.jpg,5695₽,20,46066₽,127,508,1226,4.4,49%,14.1%,2734 g,28.4 L
121,"#Детейлинг
(汽车美容)","汽车罩
Чехол на автомобиль",https://ir.ozone.ru/s3/multimedia-1-2/7688442278.jpg;https://ir.ozone.ru/s3/multimedia-1-h/11755964933.jpg;https://ir.ozone.ru/s3/multimedia-1-k/11321176016.jpg;https://ir.ozone.ru/s3/multimedia-1-a/12031104754.jpg;https://ir.ozone.ru/s3/multimedia-1-e/7906772030.jpg;https://ir.ozone.ru/s3/multimedia-1-g/9523746700.jpg;https://ir.ozone.ru/s3/multimedia-1-2/7593837950.jpg;https://ir.ozone.ru/s3/multimedia-1-t/9424639973.jpg;https://ir.ozone.ru/s3/multimedia-1-q/9967011434.jpg;https://ir.ozone.ru/s3/multimedia-1-r/7851710475.jpg,1945₽,20,16169₽,99,139,93,3.9,67%,14.4%,856 g,6.1 L
122,"#на_внедорожник
(在越野车上)","汽车罩
Чехол на автомобиль",https://ir.ozone.ru/s3/multimedia-1-e/7009893878.jpg;https://ir.ozone.ru/s3/multimedia-1-y/7128673414.jpg;https://ir.ozone.ru/s3/multimedia-1-c/7128710904.jpg;https://ir.ozone.ru/s3/multimedia-1-b/9671341043.jpg;https://ir.ozone.ru/s3/multimedia-g/6669363652.jpg;https://ir.ozone.ru/s3/multimedia-1-n/9671341055.jpg;https://ir.ozone.ru/s3/multimedia-1-e/9845754314.jpg,2106₽,20,17307₽,3,7,768,4.6,100%,26%,754 g,2.5 L
123,"#чехолнамашинуотдождяиснега
(汽车防雨防雪罩)","汽车罩
Чехол на автомобиль",https://ir.ozone.ru/s3/multimedia-1-p/12226165297.jpg;https://ir.ozone.ru/s3/multimedia-1-f/12895247823.jpg;https://ir.ozone.ru/s3/multimedia-1-y/12876456526.jpg;https://ir.ozone.ru/s3/multimedia-1-l/12888313005.jpg;https://ir.ozone.ru/s3/multimedia-1-d/11435972377.jpg;https://ir.ozone.ru/s3/multimedia-1-r/9253365651.jpg;https://ir.ozone.ru/s3/multimedia-1-c/9253589304.jpg;https://ir.ozone.ru/s3/multimedia-1-r/11467465407.jpg;https://ir.ozone.ru/s3/multimedia-1-y/7921692070.jpg;https://ir.ozone.ru/s3/multimedia-1-u/9914000826.jpg,1888₽,20,51909₽,11,33,114,2.9,99%,9%,1032 g,11.3 L
124,#защитаотптичьегопомета,"汽车罩
Чехол на автомобиль",https://ir.ozone.ru/s3/multimedia-1-z/9742208255.jpg;https://ir.ozone.ru/s3/multimedia-1-l/8061103713.jpg,2326₽,20,26308₽,2,2,22,2.4,100%,4.5%,1700 g,19.4 L
125,"#тент_для_кроссовера
(跨界车帐篷)","汽车罩
Чехол на автомобиль",https://ir.ozone.ru/s3/multimedia-1-s/11183581144.jpg;https://ir.ozone.ru/s3/multimedia-1-n/7651128335.jpg;https://ir.ozone.ru/s3/multimedia-1-a/7651129330.jpg;https://ir.ozone.ru/s3/multimedia-1-0/7651130472.jpg;https://ir.ozone.ru/s3/multimedia-1-a/7651132354.jpg;https://ir.ozone.ru/s3/multimedia-1-f/7651126635.jpg;https://ir.ozone.ru/s3/multimedia-1-w/7651131332.jpg,4079₽,19,74017₽,3,7,492,4.8,100%,2.3%,2584 g,28.4 L
126,"#чехол_на_кроссовер
(跨界车罩)","汽车罩
Чехол на автомобиль",https://ir.ozone.ru/s3/multimedia-1-s/11183581144.jpg;https://ir.ozone.ru/s3/multimedia-1-n/7651128335.jpg;https://ir.ozone.ru/s3/multimedia-1-a/7651129330.jpg;https://ir.ozone.ru/s3/multimedia-1-0/7651130472.jpg;https://ir.ozone.ru/s3/multimedia-1-a/7651132354.jpg;https://ir.ozone.ru/s3/multimedia-1-f/7651126635.jpg;https://ir.ozone.ru/s3/multimedia-1-w/7651131332.jpg,4079₽,19,74017₽,3,7,492,4.8,100%,2.3%,2584 g,28.4 L
127,"#АвтоЧехол
(汽车保护套)","汽车罩
Чехол на автомобиль",https://ir.ozone.ru/s3/multimedia-1-b/11963301707.jpg;https://ir.ozone.ru/s3/multimedia-1-b/12514037267.jpg;https://ir.ozone.ru/s3/multimedia-1-l/8354352909.jpg;https://ir.ozone.ru/s3/multimedia-1-j/10198946899.jpg;https://ir.ozone.ru/s3/multimedia-1-h/9603785717.jpg;https://ir.ozone.ru/s3/multimedia-1-l/8354352909.jpg;https://ir.ozone.ru/s3/multimedia-1-w/10097283164.jpg;https://ir.ozone.ru/s3/multimedia-1-u/10587440766.jpg;https://ir.ozone.ru/s3/multimedia-1-h/10355455241.jpg;https://ir.ozone.ru/s3/multimedia-1-2/7593837950.jpg,2886₽,18,27678₽,198,921,78,4.5,28%,12.6%,2681 g,36.8 L
128,#тент_для_автомобиля_кроссовер,"汽车罩
Чехол на автомобиль",https://ir.ozone.ru/s3/multimedia-1-6/12364533762.jpg;https://ir.ozone.ru/s3/multimedia-1-w/9644387180.jpg;https://ir.ozone.ru/s3/multimedia-1-r/9644377887.jpg;https://ir.ozone.ru/s3/multimedia-1-s/9644078656.jpg;https://ir.ozone.ru/s3/multimedia-1-s/7329008152.jpg;https://ir.ozone.ru/s3/multimedia-1-3/9644367315.jpg;https://ir.ozone.ru/s3/multimedia-1-7/7329006727.jpg;https://ir.ozone.ru/s3/multimedia-1-8/8250625592.jpg;https://ir.ozone.ru/s3/multimedia-1-a/8250648094.jpg;https://ir.ozone.ru/s3/multimedia-1-5/11740824401.jpg,4838₽,18,29120₽,19,110,335,4.5,62%,12.2%,3425 g,12 L
129,"#солнца_и_града
(太阳和冰雹)","汽车罩
Чехол на автомобиль",https://ir.ozone.ru/s3/multimedia-1-8/12466861352.jpg;https://ir.ozone.ru/s3/multimedia-1-x/12866414037.jpg;https://ir.ozone.ru/s3/multimedia-1-u/12852191442.jpg;https://ir.ozone.ru/s3/multimedia-1-n/12850188395.jpg;https://ir.ozone.ru/s3/multimedia-1-m/7208177818.jpg;https://ir.ozone.ru/s3/multimedia-1-g/7208174284.jpg;https://ir.ozone.ru/s3/multimedia-1-x/7208185713.jpg;https://ir.ozone.ru/s3/multimedia-1-r/7208148087.jpg;https://ir.ozone.ru/s3/multimedia-1-b/8899335155.jpg,4107₽,18,60188₽,2,9,336,4.1,100%,6%,4767 g,100 L
130,"#защищающая_от_дождя
(防雨防护)","汽车罩
Чехол на автомобиль",https://ir.ozone.ru/s3/multimedia-1-8/12466861352.jpg;https://ir.ozone.ru/s3/multimedia-1-x/12866414037.jpg;https://ir.ozone.ru/s3/multimedia-1-u/12852191442.jpg;https://ir.ozone.ru/s3/multimedia-1-n/12850188395.jpg;https://ir.ozone.ru/s3/multimedia-1-m/7208177818.jpg;https://ir.ozone.ru/s3/multimedia-1-g/7208174284.jpg;https://ir.ozone.ru/s3/multimedia-1-x/7208185713.jpg;https://ir.ozone.ru/s3/multimedia-1-r/7208148087.jpg;https://ir.ozone.ru/s3/multimedia-1-b/8899335155.jpg,4107₽,18,60188₽,2,9,336,4.1,100%,6%,4767 g,100 L
131,#чехолнаавтомо,"汽车罩
Чехол на автомобиль",https://ir.ozone.ru/s3/multimedia-1-g/8003262832.jpg;https://ir.ozone.ru/s3/multimedia-1-v/8899551427.jpg;https://ir.ozone.ru/s3/multimedia-1-k/8899526144.jpg;https://ir.ozone.ru/s3/multimedia-1-0/8899579044.jpg;https://ir.ozone.ru/s3/multimedia-1-0/8899579044.jpg,3522₽,18,60685₽,2,5,116,3.8,100%,33.2%,1280 g,6.8 L
132,"#тойота_ленд_крузер_200
(丰田兰德酷路泽200)","汽车罩
Чехол на автомобиль",https://ir.ozone.ru/s3/multimedia-1-7/7478122543.jpg;https://ir.ozone.ru/s3/multimedia-1-d/8192821657.jpg;https://ir.ozone.ru/s3/multimedia-1-s/7007414176.jpg;https://ir.ozone.ru/s3/multimedia-1-1/11692783981.jpg;https://ir.ozone.ru/s3/multimedia-1-6/8348402958.jpg;https://ir.ozone.ru/s3/multimedia-r/6497030931.jpg;https://ir.ozone.ru/s3/multimedia-1-c/8348383704.jpg;https://ir.ozone.ru/s3/multimedia-m/6871595530.jpg;https://ir.ozone.ru/s3/multimedia-d/6848818933.jpg;https://ir.ozone.ru/s3/multimedia-1-d/9333858685.jpg,2785₽,17,18786₽,27,37,2029,4.6,76%,7.9%,1139 g,6.4 L
133,"#зимний_чехол
(冬季保护套)","汽车罩
Чехол на автомобиль",https://ir.ozone.ru/s3/multimedia-1-v/11131133359.jpg;https://ir.ozone.ru/s3/multimedia-1-8/7533313172.jpg;https://ir.ozone.ru/s3/multimedia-1-r/7228131363.jpg;https://ir.ozone.ru/s3/multimedia-1-d/7533313141.jpg;https://ir.ozone.ru/s3/multimedia-1-m/7533313186.jpg;https://ir.ozone.ru/s3/multimedia-1-s/9481587724.jpg;https://ir.ozone.ru/s3/multimedia-1-b/7533313211.jpg;https://ir.ozone.ru/s3/multimedia-1-o/7228132116.jpg;https://ir.ozone.ru/s3/multimedia-1-8/12466861352.jpg;https://ir.ozone.ru/s3/multimedia-1-4/7533313168.jpg,4990₽,17,59172₽,173,532,619,4.5,34%,11.2%,5403 g,81.1 L
134,"#тент_для_авто
(汽车车罩)","汽车罩
Чехол на автомобиль",https://ir.ozone.ru/s3/multimedia-1-o/9120993864.jpg;https://ir.ozone.ru/s3/multimedia-1-z/9120991895.jpg;https://ir.ozone.ru/s3/multimedia-1-v/10247989675.jpg;https://ir.ozone.ru/s3/multimedia-1-7/8915941195.jpg;https://ir.ozone.ru/s3/multimedia-1-g/9294181720.jpg;https://ir.ozone.ru/s3/multimedia-1-x/8396807865.jpg;https://ir.ozone.ru/s3/multimedia-1-l/11014170393.jpg;https://ir.ozone.ru/s3/multimedia-1-h/11014176005.jpg;https://ir.ozone.ru/s3/multimedia-1-v/11883580951.jpg;https://ir.ozone.ru/s3/multimedia-1-x/11883829821.jpg,5045₽,17,53540₽,72,185,2024,4,65%,13.8%,5148 g,39.4 L
135,"#Накидканалобовоестеклоотснега
(汽车挡风玻璃防雪罩)","汽车罩
Чехол на автомобиль",https://ir.ozone.ru/s3/multimedia-1-v/11131133359.jpg;https://ir.ozone.ru/s3/multimedia-1-8/7533313172.jpg;https://ir.ozone.ru/s3/multimedia-1-r/7228131363.jpg;https://ir.ozone.ru/s3/multimedia-1-d/7533313141.jpg;https://ir.ozone.ru/s3/multimedia-1-m/7533313186.jpg;https://ir.ozone.ru/s3/multimedia-1-s/9481587724.jpg;https://ir.ozone.ru/s3/multimedia-1-b/7533313211.jpg;https://ir.ozone.ru/s3/multimedia-1-o/7228132116.jpg;https://ir.ozone.ru/s3/multimedia-1-8/12466861352.jpg;https://ir.ozone.ru/s3/multimedia-1-4/7533313168.jpg,4476₽,17,59600₽,106,432,629,4.6,34%,10.2%,4785 g,71.9 L
136,#чехол_от_снега_и_дождя,"汽车罩
Чехол на автомобиль",https://ir.ozone.ru/s3/multimedia-1-v/11131133359.jpg;https://ir.ozone.ru/s3/multimedia-1-8/7533313172.jpg;https://ir.ozone.ru/s3/multimedia-1-r/7228131363.jpg;https://ir.ozone.ru/s3/multimedia-1-d/7533313141.jpg;https://ir.ozone.ru/s3/multimedia-1-m/7533313186.jpg;https://ir.ozone.ru/s3/multimedia-1-s/9481587724.jpg;https://ir.ozone.ru/s3/multimedia-1-b/7533313211.jpg;https://ir.ozone.ru/s3/multimedia-1-o/7228132116.jpg;https://ir.ozone.ru/s3/multimedia-1-8/12466861352.jpg;https://ir.ozone.ru/s3/multimedia-1-4/7533313168.jpg,4900₽,17,57932₽,93,347,645,4.5,35%,10.1%,5241 g,79.5 L
137,#Легкий_и_прочный_чехол,"汽车罩
Чехол на автомобиль",https://ir.ozone.ru/s3/multimedia-1-o/8394805608.jpg;https://ir.ozone.ru/s3/multimedia-1-g/10627778644.jpg;https://ir.ozone.ru/s3/multimedia-1-i/11307254238.jpg;https://ir.ozone.ru/s3/multimedia-1-5/9602564873.jpg;https://ir.ozone.ru/s3/multimedia-1-0/9571217400.jpg;https://ir.ozone.ru/s3/multimedia-1-f/11186404719.jpg,1471₽,17,27341₽,6,6,10,3.2,100%,19.9%,1611 g,15 L
138,#тент_на_машин,"汽车罩
Чехол на автомобиль",https://ir.ozone.ru/s3/multimedia-1-7/9720669391.jpg,1862₽,17,30803₽,1,1,3,5,100%,0%,1420 g,12.2 L
139,#чехол_для_автомобиля_на_зиму,"汽车罩
Чехол на автомобиль",https://ir.ozone.ru/s3/multimedia-1-w/9644387180.jpg;https://ir.ozone.ru/s3/multimedia-1-r/9644377887.jpg;https://ir.ozone.ru/s3/multimedia-1-3/9644367315.jpg;https://ir.ozone.ru/s3/multimedia-1-9/7158309669.jpg;https://ir.ozone.ru/s3/multimedia-1-y/8197276354.jpg;https://ir.ozone.ru/s3/multimedia-1-f/7161366039.jpg;https://ir.ozone.ru/s3/multimedia-1-u/7161366054.jpg;https://ir.ozone.ru/s3/multimedia-1-e/8097497330.jpg;https://ir.ozone.ru/s3/multimedia-1-z/7158309659.jpg;https://ir.ozone.ru/s3/multimedia-1-5/8097492713.jpg,3840₽,16,54134₽,6,13,112,3.5,99%,15.5%,3431 g,100.8 L
140,"#тентчехолнаавтомобиль
(汽车帐篷罩)","汽车罩
Чехол на автомобиль",https://ir.ozone.ru/s3/multimedia-1-5/11740824401.jpg;https://ir.ozone.ru/s3/multimedia-1-5/11740824401.jpg;https://ir.ozone.ru/s3/multimedia-1-8/7795429424.jpg;https://ir.ozone.ru/s3/multimedia-1-4/8006993500.jpg;https://ir.ozone.ru/s3/multimedia-1-8/8006913476.jpg,6807₽,16,58171₽,3,5,141,4.7,100%,15.1%,3298 g,29.1 L
141,"#Двухслойный
(双层)","汽车罩
Чехол на автомобиль",https://ir.ozone.ru/s3/multimedia-1-j/10198946899.jpg;https://ir.ozone.ru/s3/multimedia-1-a/9169834474.jpg;https://ir.ozone.ru/s3/multimedia-1-n/8984360723.jpg;https://ir.ozone.ru/s3/multimedia-1-w/10097283164.jpg;https://ir.ozone.ru/s3/multimedia-1-n/8984360723.jpg;https://ir.ozone.ru/s3/multimedia-1-h/10355455241.jpg;https://ir.ozone.ru/s3/multimedia-1-m/10129310122.jpg;https://ir.ozone.ru/s3/multimedia-1-0/8405822808.jpg;https://ir.ozone.ru/s3/multimedia-1-i/8191542438.jpg;https://ir.ozone.ru/s3/multimedia-1-n/8984360723.jpg,3313₽,16,23948₽,100,722,118,4.5,24%,12%,2824 g,38.1 L
142,"#Чехолавтомобильныйтент
(汽车帐篷罩)","汽车罩
Чехол на автомобиль",https://ir.ozone.ru/s3/multimedia-1-8/7533313172.jpg;https://ir.ozone.ru/s3/multimedia-1-r/7228131363.jpg;https://ir.ozone.ru/s3/multimedia-1-d/7533313141.jpg;https://ir.ozone.ru/s3/multimedia-1-m/7533313186.jpg;https://ir.ozone.ru/s3/multimedia-1-s/9481587724.jpg;https://ir.ozone.ru/s3/multimedia-1-b/7533313211.jpg;https://ir.ozone.ru/s3/multimedia-1-o/7228132116.jpg;https://ir.ozone.ru/s3/multimedia-1-8/12466861352.jpg;https://ir.ozone.ru/s3/multimedia-1-4/7533313168.jpg;https://ir.ozone.ru/s3/multimedia-1-5/7228132997.jpg,4253₽,16,57508₽,103,488,613,4.7,33%,10.8%,4594 g,68.8 L
143,"#Тентдляавтомобилякроссовер
(跨界车汽车帐篷)","汽车罩
Чехол на автомобиль",https://ir.ozone.ru/s3/multimedia-1-8/7533313172.jpg;https://ir.ozone.ru/s3/multimedia-1-r/7228131363.jpg;https://ir.ozone.ru/s3/multimedia-1-d/7533313141.jpg;https://ir.ozone.ru/s3/multimedia-1-m/7533313186.jpg;https://ir.ozone.ru/s3/multimedia-1-s/9481587724.jpg;https://ir.ozone.ru/s3/multimedia-1-b/7533313211.jpg;https://ir.ozone.ru/s3/multimedia-1-o/7228132116.jpg;https://ir.ozone.ru/s3/multimedia-1-8/12466861352.jpg;https://ir.ozone.ru/s3/multimedia-1-4/7533313168.jpg;https://ir.ozone.ru/s3/multimedia-1-5/7228132997.jpg,4318₽,16,57888₽,114,558,600,4.6,33%,11.1%,4623 g,68.3 L
144,#защита_от_ветра_и_пыли,"汽车罩
Чехол на автомобиль",https://ir.ozone.ru/s3/multimedia-1-6/10132807722.jpg;https://ir.ozone.ru/s3/multimedia-1-b/9716168819.jpg;https://ir.ozone.ru/s3/multimedia-1-0/9679595148.jpg;https://ir.ozone.ru/s3/multimedia-1-u/9838114050.jpg;https://ir.ozone.ru/s3/multimedia-1-m/9697959130.jpg;https://ir.ozone.ru/s3/multimedia-1-p/9667253077.jpg;https://ir.ozone.ru/s3/multimedia-1-n/9680015039.jpg;https://ir.ozone.ru/s3/multimedia-1-s/10404397468.jpg;https://ir.ozone.ru/s3/multimedia-1-w/8545683812.jpg,2921₽,16,5636₽,3,9,75,2.7,100%,1.1%,1237 g,12.4 L
145,#Защитатранспортногосредства,"汽车罩
Чехол на автомобиль",https://ir.ozone.ru/s3/multimedia-1-s/8420781628.jpg;https://ir.ozone.ru/s3/multimedia-1-0/8986878144.jpg;https://ir.ozone.ru/s3/multimedia-1-7/10279839607.jpg;https://ir.ozone.ru/s3/multimedia-1-o/10698307440.jpg;https://ir.ozone.ru/s3/multimedia-1-v/8490757243.jpg;https://ir.ozone.ru/s3/multimedia-1-9/10883119077.jpg;https://ir.ozone.ru/s3/multimedia-1-d/10735926205.jpg;https://ir.ozone.ru/s3/multimedia-1-2/8421471830.jpg;https://ir.ozone.ru/s3/multimedia-1-y/9262938670.jpg;https://ir.ozone.ru/s3/multimedia-1-w/10751376596.jpg,325₽,16,4540₽,14,22,52,3.9,92%,2%,230 g,8.4 L
146,#Для_гаражного_использования,"汽车罩
Чехол на автомобиль",https://ir.ozone.ru/s3/multimedia-1-l/7753393389.jpg;https://ir.ozone.ru/s3/multimedia-1-o/8394805608.jpg;https://ir.ozone.ru/s3/multimedia-1-g/10627778644.jpg;https://ir.ozone.ru/s3/multimedia-1-r/7801639227.jpg;https://ir.ozone.ru/s3/multimedia-1-l/10098303321.jpg;https://ir.ozone.ru/s3/multimedia-1-i/11307254238.jpg;https://ir.ozone.ru/s3/multimedia-1-5/9602564873.jpg;https://ir.ozone.ru/s3/multimedia-1-0/9571217400.jpg;https://ir.ozone.ru/s3/multimedia-1-i/8413883226.jpg,3135₽,16,39489₽,9,9,27,3.7,100%,17.6%,3333 g,14.9 L
147,#Зимнийавтомобиль,"汽车罩
Чехол на автомобиль",https://ir.ozone.ru/s3/multimedia-1-s/8420781628.jpg;https://ir.ozone.ru/s3/multimedia-1-0/8986878144.jpg;https://ir.ozone.ru/s3/multimedia-1-7/10279839607.jpg;https://ir.ozone.ru/s3/multimedia-1-o/10698307440.jpg;https://ir.ozone.ru/s3/multimedia-1-v/8490757243.jpg;https://ir.ozone.ru/s3/multimedia-1-9/10883119077.jpg;https://ir.ozone.ru/s3/multimedia-1-d/10735926205.jpg;https://ir.ozone.ru/s3/multimedia-1-2/8421471830.jpg;https://ir.ozone.ru/s3/multimedia-1-y/9262938670.jpg;https://ir.ozone.ru/s3/multimedia-1-w/10751376596.jpg,325₽,16,4540₽,14,22,52,3.9,92%,2%,230 g,8.4 L
148,#СнежныйпокровизтканиОксфорд,"汽车罩
Чехол на автомобиль",https://ir.ozone.ru/s3/multimedia-1-s/8420781628.jpg;https://ir.ozone.ru/s3/multimedia-1-0/8986878144.jpg;https://ir.ozone.ru/s3/multimedia-1-7/10279839607.jpg;https://ir.ozone.ru/s3/multimedia-1-o/10698307440.jpg;https://ir.ozone.ru/s3/multimedia-1-v/8490757243.jpg;https://ir.ozone.ru/s3/multimedia-1-9/10883119077.jpg;https://ir.ozone.ru/s3/multimedia-1-d/10735926205.jpg;https://ir.ozone.ru/s3/multimedia-1-2/8421471830.jpg;https://ir.ozone.ru/s3/multimedia-1-y/9262938670.jpg;https://ir.ozone.ru/s3/multimedia-1-w/10751376596.jpg,325₽,16,4540₽,14,22,52,3.9,92%,2%,230 g,8.4 L
149,#Снежныйпокровналобовомстекле,"汽车罩
Чехол на автомобиль",https://ir.ozone.ru/s3/multimedia-1-s/8420781628.jpg;https://ir.ozone.ru/s3/multimedia-1-0/8986878144.jpg;https://ir.ozone.ru/s3/multimedia-1-7/10279839607.jpg;https://ir.ozone.ru/s3/multimedia-1-o/10698307440.jpg;https://ir.ozone.ru/s3/multimedia-1-v/8490757243.jpg;https://ir.ozone.ru/s3/multimedia-1-9/10883119077.jpg;https://ir.ozone.ru/s3/multimedia-1-d/10735926205.jpg;https://ir.ozone.ru/s3/multimedia-1-2/8421471830.jpg;https://ir.ozone.ru/s3/multimedia-1-y/9262938670.jpg;https://ir.ozone.ru/s3/multimedia-1-w/10751376596.jpg,325₽,16,4540₽,14,22,52,3.9,92%,2%,230 g,8.4 L
150,#Защитапереднейпередачи,"汽车罩
Чехол на автомобиль",https://ir.ozone.ru/s3/multimedia-1-s/8420781628.jpg;https://ir.ozone.ru/s3/multimedia-1-0/8986878144.jpg;https://ir.ozone.ru/s3/multimedia-1-7/10279839607.jpg;https://ir.ozone.ru/s3/multimedia-1-o/10698307440.jpg;https://ir.ozone.ru/s3/multimedia-1-v/8490757243.jpg;https://ir.ozone.ru/s3/multimedia-1-9/10883119077.jpg;https://ir.ozone.ru/s3/multimedia-1-d/10735926205.jpg;https://ir.ozone.ru/s3/multimedia-1-2/8421471830.jpg;https://ir.ozone.ru/s3/multimedia-1-y/9262938670.jpg;https://ir.ozone.ru/s3/multimedia-1-w/10751376596.jpg,325₽,16,4540₽,14,22,52,3.9,92%,2%,230 g,8.4 L
151,#снежный_козырек,"汽车罩
Чехол на автомобиль",https://ir.ozone.ru/s3/multimedia-1-8/8806145300.jpg;https://ir.ozone.ru/s3/multimedia-1-u/9239495430.jpg;https://ir.ozone.ru/s3/multimedia-1-1/9332420437.jpg;https://ir.ozone.ru/s3/multimedia-1-o/9332421000.jpg;https://ir.ozone.ru/s3/multimedia-1-i/10535828526.jpg;https://ir.ozone.ru/s3/multimedia-1-u/8723304786.jpg;https://ir.ozone.ru/s3/multimedia-1-1/9332420581.jpg;https://ir.ozone.ru/s3/multimedia-1-g/9435651928.jpg,564₽,16,7208₽,8,8,7,3.8,100%,23.3%,281 g,8.9 L
152,"#тент_на_автомобиль_кроссовер
(跨界车汽车帐篷)","汽车罩
Чехол на автомобиль",https://ir.ozone.ru/s3/multimedia-1-s/9644078656.jpg;https://ir.ozone.ru/s3/multimedia-1-n/7651128335.jpg;https://ir.ozone.ru/s3/multimedia-1-a/7651129330.jpg;https://ir.ozone.ru/s3/multimedia-1-0/7651130472.jpg;https://ir.ozone.ru/s3/multimedia-1-a/7651132354.jpg;https://ir.ozone.ru/s3/multimedia-1-f/7651126635.jpg;https://ir.ozone.ru/s3/multimedia-1-w/7651131332.jpg,4009₽,15,52902₽,3,7,481,4.7,100%,3.3%,2527 g,27.6 L
153,"#Чехолнаавтомобиль
(汽车套)","汽车罩
Чехол на автомобиль",https://ir.ozone.ru/s3/multimedia-1-z/8357194439.jpg;https://ir.ozone.ru/s3/multimedia-1-2/8218385210.jpg;https://ir.ozone.ru/s3/multimedia-1-r/9680582835.jpg;https://ir.ozone.ru/s3/multimedia-1-j/10198946899.jpg;https://ir.ozone.ru/s3/multimedia-1-h/9603785717.jpg;https://ir.ozone.ru/s3/multimedia-1-w/10097283164.jpg;https://ir.ozone.ru/s3/multimedia-1-u/10587440766.jpg;https://ir.ozone.ru/s3/multimedia-1-h/10355455241.jpg;https://ir.ozone.ru/s3/multimedia-1-m/10129310122.jpg;https://ir.ozone.ru/s3/multimedia-1-e/8683435238.jpg,3249₽,15,28936₽,174,1049,98,4.6,25%,13%,2454 g,32.7 L
154,"#чехолавтомобильныйтент
(汽车罩帐篷)","汽车罩
Чехол на автомобиль",https://ir.ozone.ru/s3/multimedia-1-y/11200067458.jpg;https://ir.ozone.ru/s3/multimedia-1-5/11740824401.jpg;https://ir.ozone.ru/s3/multimedia-1-5/11740824401.jpg;https://ir.ozone.ru/s3/multimedia-1-n/11740908551.jpg;https://ir.ozone.ru/s3/multimedia-1-y/7921692070.jpg;https://ir.ozone.ru/s3/multimedia-1-q/8725685534.jpg;https://ir.ozone.ru/s3/multimedia-1-1/8565888853.jpg;https://ir.ozone.ru/s3/multimedia-1-s/11178281008.jpg;https://ir.ozone.ru/s3/multimedia-1-7/8060965207.jpg,7513₽,15,46518₽,7,9,64,3.7,100%,14.6%,3550 g,36.6 L
155,"#тент_для_машины_универсальный
(通用汽车车衣)","汽车罩
Чехол на автомобиль",https://ir.ozone.ru/s3/multimedia-1-n/9671341055.jpg;https://ir.ozone.ru/s3/multimedia-1-z/7438935311.jpg;https://ir.ozone.ru/s3/multimedia-1-7/7439581051.jpg;https://ir.ozone.ru/s3/multimedia-1-o/7438949160.jpg;https://ir.ozone.ru/s3/multimedia-1-y/10083070834.jpg;https://ir.ozone.ru/s3/multimedia-1-3/7438946403.jpg;https://ir.ozone.ru/s3/multimedia-1-7/7438962247.jpg;https://ir.ozone.ru/s3/multimedia-1-2/7438942550.jpg;https://ir.ozone.ru/s3/multimedia-1-o/7438938252.jpg;https://ir.ozone.ru/s3/multimedia-h/6629325281.jpg,5371₽,15,56985₽,3,19,610,4.5,93%,11.9%,2223 g,11.3 L
156,"#зимняя_накидка
(冬季开衫)","汽车罩
Чехол на автомобиль",https://ir.ozone.ru/s3/multimedia-1-j/9507720259.jpg;https://ir.ozone.ru/s3/multimedia-1-k/7755905576.jpg;https://ir.ozone.ru/s3/multimedia-1-5/9104326997.jpg;https://ir.ozone.ru/s3/multimedia-1-6/9991675086.jpg;https://ir.ozone.ru/s3/multimedia-1-o/8894965596.jpg;https://ir.ozone.ru/s3/multimedia-1-l/9991685469.jpg;https://ir.ozone.ru/s3/multimedia-1-y/7159834978.jpg;https://ir.ozone.ru/s3/multimedia-1-0/7711258752.jpg;https://ir.ozone.ru/s3/multimedia-1-3/8720446287.jpg;https://ir.ozone.ru/s3/multimedia-1-2/8720446178.jpg,1135₽,15,13281₽,12,21,1084,3.4,98%,9.2%,271 g,4.5 L
157,#Защитаотснега,"汽车罩
Чехол на автомобиль",https://ir.ozone.ru/s3/multimedia-1-8/7533313172.jpg;https://ir.ozone.ru/s3/multimedia-1-r/7228131363.jpg;https://ir.ozone.ru/s3/multimedia-1-d/7533313141.jpg;https://ir.ozone.ru/s3/multimedia-1-m/7533313186.jpg;https://ir.ozone.ru/s3/multimedia-1-s/9481587724.jpg;https://ir.ozone.ru/s3/multimedia-1-b/7533313211.jpg;https://ir.ozone.ru/s3/multimedia-1-o/7228132116.jpg;https://ir.ozone.ru/s3/multimedia-1-8/12466861352.jpg;https://ir.ozone.ru/s3/multimedia-1-4/7533313168.jpg;https://ir.ozone.ru/s3/multimedia-1-5/7228132997.jpg,4832₽,15,58180₽,133,541,597,4.6,33%,10.6%,4827 g,70 L
158,#велюр_антистресс,"汽车罩
Чехол на автомобиль",https://ir.ozone.ru/s3/multimedia-1-s/9481587724.jpg;https://ir.ozone.ru/s3/multimedia-1-3/9481603935.jpg;https://ir.ozone.ru/s3/multimedia-1-z/7204932035.jpg;https://ir.ozone.ru/s3/multimedia-1-8/7204955732.jpg;https://ir.ozone.ru/s3/multimedia-1-3/7204951227.jpg;https://ir.ozone.ru/s3/multimedia-1-s/7204953664.jpg,4588₽,15,67880₽,2,6,652,4.7,100%,10%,4885 g,78.2 L
159,"#чехол_на_автомобиль_защитный
(汽车防护套)","汽车罩
Чехол на автомобиль",https://ir.ozone.ru/s3/multimedia-1-n/9671341055.jpg;https://ir.ozone.ru/s3/multimedia-1-y/10083070834.jpg;https://ir.ozone.ru/s3/multimedia-7/6597325627.jpg;https://ir.ozone.ru/s3/multimedia-1-t/8748722117.jpg;https://ir.ozone.ru/s3/multimedia-z/6597325367.jpg;https://ir.ozone.ru/s3/multimedia-h/6629325281.jpg;https://ir.ozone.ru/s3/multimedia-y/6597324934.jpg;https://ir.ozone.ru/s3/multimedia-z/6804905183.jpg;https://ir.ozone.ru/s3/multimedia-1-b/9671341043.jpg;https://ir.ozone.ru/s3/multimedia-1-3/9845766399.jpg,2123₽,15,30072₽,7,19,591,4.7,93%,17%,1245 g,8.2 L
160,#corona_premio,"汽车罩
Чехол на автомобиль",https://ir.ozone.ru/s3/multimedia-2/6170731982.jpg;https://ir.ozone.ru/s3/multimedia-1-a/8480215990.jpg;https://ir.ozone.ru/s3/multimedia-1-0/11767807224.jpg;https://ir.ozone.ru/s3/multimedia-1-1/7117055713.jpg;https://ir.ozone.ru/s3/multimedia-o/6424059468.jpg;https://ir.ozone.ru/s3/multimedia-1-b/12866492963.jpg;https://ir.ozone.ru/s3/multimedia-1-5/8317252985.jpg;https://ir.ozone.ru/s3/multimedia-1-7/8857246795.jpg;https://ir.ozone.ru/s3/multimedia-1-z/10477115135.jpg,2251₽,15,26268₽,7,9,125,4.2,100%,8.3%,304 g,4.4 L
161,#всесезонныйтент,"汽车罩
Чехол на автомобиль",https://ir.ozone.ru/s3/multimedia-1-2/12410725790.jpg;https://ir.ozone.ru/s3/multimedia-1-3/9712941159.jpg;https://ir.ozone.ru/s3/multimedia-1-3/9712941159.jpg;https://ir.ozone.ru/s3/multimedia-1-3/9712941159.jpg;https://ir.ozone.ru/s3/multimedia-1-m/11671853098.jpg;https://ir.ozone.ru/s3/multimedia-1-2/10477439570.jpg;https://ir.ozone.ru/s3/multimedia-1-e/10477896458.jpg;https://ir.ozone.ru/s3/multimedia-1-e/10477438754.jpg;https://ir.ozone.ru/s3/multimedia-1-x/10477895793.jpg;https://ir.ozone.ru/s3/multimedia-1-c/11673303132.jpg,4184₽,14,21835₽,5,19,64,3.9,91%,11.5%,1492 g,16.7 L
162,"#чехол_автомобильный
(汽车套)","汽车罩
Чехол на автомобиль",https://ir.ozone.ru/s3/multimedia-1-r/7856149419.jpg;https://ir.ozone.ru/s3/multimedia-1-a/9971174386.jpg;https://ir.ozone.ru/s3/multimedia-1-y/9868458742.jpg;https://ir.ozone.ru/s3/multimedia-1-e/12687226430.jpg;https://ir.ozone.ru/s3/multimedia-1-c/9971188896.jpg;https://ir.ozone.ru/s3/multimedia-1-4/9870034540.jpg;https://ir.ozone.ru/s3/multimedia-1-a/11134463158.jpg;https://ir.ozone.ru/s3/multimedia-7/6803878219.jpg;https://ir.ozone.ru/s3/multimedia-1-n/7453926491.jpg;https://ir.ozone.ru/s3/multimedia-1-l/7581379449.jpg,4820₽,14,31430₽,88,285,249,3.5,61%,12.9%,2608 g,21.8 L
163,"#авто_тент
(汽车帐篷)","汽车罩
Чехол на автомобиль",https://ir.ozone.ru/s3/multimedia-1-v/11131133359.jpg;https://ir.ozone.ru/s3/multimedia-1-8/7533313172.jpg;https://ir.ozone.ru/s3/multimedia-1-r/7228131363.jpg;https://ir.ozone.ru/s3/multimedia-1-d/7533313141.jpg;https://ir.ozone.ru/s3/multimedia-1-m/7533313186.jpg;https://ir.ozone.ru/s3/multimedia-1-s/9481587724.jpg;https://ir.ozone.ru/s3/multimedia-1-b/7533313211.jpg;https://ir.ozone.ru/s3/multimedia-1-o/7228132116.jpg;https://ir.ozone.ru/s3/multimedia-1-8/12466861352.jpg;https://ir.ozone.ru/s3/multimedia-1-4/7533313168.jpg,4948₽,14,57663₽,73,321,640,4.5,35%,10.2%,5266 g,78.4 L
164,"#тент_защита_авто_от_солнца
(汽车防晒帐篷)","汽车罩
Чехол на автомобиль",https://ir.ozone.ru/s3/multimedia-1-y/9868458742.jpg;https://ir.ozone.ru/s3/multimedia-1-e/12687226430.jpg;https://ir.ozone.ru/s3/multimedia-1-4/9870034540.jpg;https://ir.ozone.ru/s3/multimedia-1-l/7444509249.jpg;https://ir.ozone.ru/s3/multimedia-1-y/7159395130.jpg;https://ir.ozone.ru/s3/multimedia-1-d/8569261741.jpg;https://ir.ozone.ru/s3/multimedia-1-g/7362182284.jpg;https://ir.ozone.ru/s3/multimedia-1-m/7154139010.jpg;https://ir.ozone.ru/s3/multimedia-1-7/9137329027.jpg;https://ir.ozone.ru/s3/multimedia-1-f/10137321231.jpg,3457₽,14,43539₽,9,16,93,2.8,97%,16.4%,2967 g,25.1 L
165,"#чехолдлякузова
(车身罩)","汽车罩
Чехол на автомобиль",https://ir.ozone.ru/s3/multimedia-1-u/8300178498.jpg;https://ir.ozone.ru/s3/multimedia-1-3/9712941159.jpg;https://ir.ozone.ru/s3/multimedia-1-3/9712941159.jpg;https://ir.ozone.ru/s3/multimedia-1-3/9712941159.jpg;https://ir.ozone.ru/s3/multimedia-1-3/9712941159.jpg;https://ir.ozone.ru/s3/multimedia-1-3/9712941159.jpg;https://ir.ozone.ru/s3/multimedia-1-3/9712941159.jpg,4750₽,14,29710₽,2,7,180,4.2,100%,22.9%,1854 g,3.9 L
166,#чехол_для_универсала,"汽车罩
Чехол на автомобиль",https://ir.ozone.ru/s3/multimedia-1-v/11131133359.jpg;https://ir.ozone.ru/s3/multimedia-1-8/7533313172.jpg;https://ir.ozone.ru/s3/multimedia-1-r/7228131363.jpg;https://ir.ozone.ru/s3/multimedia-1-d/7533313141.jpg;https://ir.ozone.ru/s3/multimedia-1-m/7533313186.jpg;https://ir.ozone.ru/s3/multimedia-1-s/9481587724.jpg;https://ir.ozone.ru/s3/multimedia-1-b/7533313211.jpg;https://ir.ozone.ru/s3/multimedia-1-o/7228132116.jpg;https://ir.ozone.ru/s3/multimedia-1-8/12466861352.jpg;https://ir.ozone.ru/s3/multimedia-1-4/7533313168.jpg,5348₽,14,56292₽,63,260,698,4.6,36%,9.6%,5785 g,89.6 L
167,#портативный_чехол_гараж,"汽车罩
Чехол на автомобиль",https://ir.ozone.ru/s3/multimedia-1-v/11131133359.jpg;https://ir.ozone.ru/s3/multimedia-1-8/7533313172.jpg;https://ir.ozone.ru/s3/multimedia-1-r/7228131363.jpg;https://ir.ozone.ru/s3/multimedia-1-d/7533313141.jpg;https://ir.ozone.ru/s3/multimedia-1-m/7533313186.jpg;https://ir.ozone.ru/s3/multimedia-1-s/9481587724.jpg;https://ir.ozone.ru/s3/multimedia-1-b/7533313211.jpg;https://ir.ozone.ru/s3/multimedia-1-o/7228132116.jpg;https://ir.ozone.ru/s3/multimedia-1-8/12466861352.jpg;https://ir.ozone.ru/s3/multimedia-1-4/7533313168.jpg,5355₽,14,56397₽,64,260,692,4.6,36%,9.6%,5770 g,89.4 L
168,#чехол_для_хетчбэка,"汽车罩
Чехол на автомобиль",https://ir.ozone.ru/s3/multimedia-1-v/11131133359.jpg;https://ir.ozone.ru/s3/multimedia-1-8/7533313172.jpg;https://ir.ozone.ru/s3/multimedia-1-r/7228131363.jpg;https://ir.ozone.ru/s3/multimedia-1-d/7533313141.jpg;https://ir.ozone.ru/s3/multimedia-1-m/7533313186.jpg;https://ir.ozone.ru/s3/multimedia-1-s/9481587724.jpg;https://ir.ozone.ru/s3/multimedia-1-b/7533313211.jpg;https://ir.ozone.ru/s3/multimedia-1-o/7228132116.jpg;https://ir.ozone.ru/s3/multimedia-1-8/12466861352.jpg;https://ir.ozone.ru/s3/multimedia-1-4/7533313168.jpg,5348₽,14,56292₽,55,250,698,4.6,36%,9.6%,5785 g,89.6 L
169,#чехол_гараж_для_седана,"汽车罩
Чехол на автомобиль",https://ir.ozone.ru/s3/multimedia-1-v/11131133359.jpg;https://ir.ozone.ru/s3/multimedia-1-8/7533313172.jpg;https://ir.ozone.ru/s3/multimedia-1-r/7228131363.jpg;https://ir.ozone.ru/s3/multimedia-1-d/7533313141.jpg;https://ir.ozone.ru/s3/multimedia-1-m/7533313186.jpg;https://ir.ozone.ru/s3/multimedia-1-s/9481587724.jpg;https://ir.ozone.ru/s3/multimedia-1-b/7533313211.jpg;https://ir.ozone.ru/s3/multimedia-1-o/7228132116.jpg;https://ir.ozone.ru/s3/multimedia-1-8/12466861352.jpg;https://ir.ozone.ru/s3/multimedia-1-4/7533313168.jpg,5365₽,14,56710₽,56,252,686,4.5,36%,9.8%,5755 g,88 L
170,"#Тентдляавтомобиля
(汽车帐篷)","汽车罩
Чехол на автомобиль",https://ir.ozone.ru/s3/multimedia-1-8/7533313172.jpg;https://ir.ozone.ru/s3/multimedia-1-r/7228131363.jpg;https://ir.ozone.ru/s3/multimedia-1-d/7533313141.jpg;https://ir.ozone.ru/s3/multimedia-1-m/7533313186.jpg;https://ir.ozone.ru/s3/multimedia-1-s/9481587724.jpg;https://ir.ozone.ru/s3/multimedia-1-b/7533313211.jpg;https://ir.ozone.ru/s3/multimedia-1-o/7228132116.jpg;https://ir.ozone.ru/s3/multimedia-1-8/12466861352.jpg;https://ir.ozone.ru/s3/multimedia-1-4/7533313168.jpg;https://ir.ozone.ru/s3/multimedia-1-5/7228132997.jpg,4332₽,14,58541₽,129,584,587,4.7,33%,10.9%,4615 g,66.8 L
171,"#ТентнаГазель
(嘎斯帐篷)","汽车罩
Чехол на автомобиль",https://ir.ozone.ru/s3/multimedia-1-8/7533313172.jpg;https://ir.ozone.ru/s3/multimedia-1-r/7228131363.jpg;https://ir.ozone.ru/s3/multimedia-1-d/7533313141.jpg;https://ir.ozone.ru/s3/multimedia-1-m/7533313186.jpg;https://ir.ozone.ru/s3/multimedia-1-s/9481587724.jpg;https://ir.ozone.ru/s3/multimedia-1-b/7533313211.jpg;https://ir.ozone.ru/s3/multimedia-1-o/7228132116.jpg;https://ir.ozone.ru/s3/multimedia-1-8/12466861352.jpg;https://ir.ozone.ru/s3/multimedia-1-4/7533313168.jpg;https://ir.ozone.ru/s3/multimedia-1-5/7228132997.jpg,4350₽,14,56654₽,73,361,658,4.7,34%,10.2%,4728 g,70.8 L
172,"#НакидканаЛобовоеСтеклоотСнега
(前挡风玻璃防雪罩)","汽车罩
Чехол на автомобиль",https://ir.ozone.ru/s3/multimedia-1-8/7533313172.jpg;https://ir.ozone.ru/s3/multimedia-1-r/7228131363.jpg;https://ir.ozone.ru/s3/multimedia-1-d/7533313141.jpg;https://ir.ozone.ru/s3/multimedia-1-m/7533313186.jpg;https://ir.ozone.ru/s3/multimedia-1-s/9481587724.jpg;https://ir.ozone.ru/s3/multimedia-1-b/7533313211.jpg;https://ir.ozone.ru/s3/multimedia-1-o/7228132116.jpg;https://ir.ozone.ru/s3/multimedia-1-8/12466861352.jpg;https://ir.ozone.ru/s3/multimedia-1-4/7533313168.jpg;https://ir.ozone.ru/s3/multimedia-1-5/7228132997.jpg,4317₽,14,57116₽,88,446,630,4.7,33%,10.1%,4595 g,69.3 L
173,"#премиумчехлынаавто
(优质汽车罩)","汽车罩
Чехол на автомобиль",https://ir.ozone.ru/s3/multimedia-1-8/7533313172.jpg;https://ir.ozone.ru/s3/multimedia-1-r/7228131363.jpg;https://ir.ozone.ru/s3/multimedia-1-d/7533313141.jpg;https://ir.ozone.ru/s3/multimedia-1-m/7533313186.jpg;https://ir.ozone.ru/s3/multimedia-1-s/9481587724.jpg;https://ir.ozone.ru/s3/multimedia-1-b/7533313211.jpg;https://ir.ozone.ru/s3/multimedia-1-o/7228132116.jpg;https://ir.ozone.ru/s3/multimedia-1-8/12466861352.jpg;https://ir.ozone.ru/s3/multimedia-1-4/7533313168.jpg;https://ir.ozone.ru/s3/multimedia-1-5/7228132997.jpg,4333₽,14,57136₽,90,466,629,4.7,33%,10.4%,4628 g,69.7 L
174,#kia_soul_чехол_для_авто,"汽车罩
Чехол на автомобиль",https://ir.ozone.ru/s3/multimedia-1-2/7441113890.jpg,3160₽,14,44240₽,1,1,439,4.8,100%,16.7%,1500 g,6 L
175,#внедорожников_чехол_для_авто,"汽车罩
Чехол на автомобиль",https://ir.ozone.ru/s3/multimedia-1-v/11131133359.jpg;https://ir.ozone.ru/s3/multimedia-1-8/7533313172.jpg;https://ir.ozone.ru/s3/multimedia-1-r/7228131363.jpg;https://ir.ozone.ru/s3/multimedia-1-d/7533313141.jpg;https://ir.ozone.ru/s3/multimedia-1-m/7533313186.jpg;https://ir.ozone.ru/s3/multimedia-1-s/9481587724.jpg;https://ir.ozone.ru/s3/multimedia-1-b/7533313211.jpg;https://ir.ozone.ru/s3/multimedia-1-o/7228132116.jpg;https://ir.ozone.ru/s3/multimedia-1-8/12466861352.jpg;https://ir.ozone.ru/s3/multimedia-1-4/7533313168.jpg,4672₽,14,56140₽,71,295,722,4.6,36%,10%,5260 g,86.3 L
176,#Защита_от_пыли_и_грязи,"汽车罩
Чехол на автомобиль",https://ir.ozone.ru/s3/multimedia-1-o/8394805608.jpg;https://ir.ozone.ru/s3/multimedia-1-g/10627778644.jpg;https://ir.ozone.ru/s3/multimedia-1-i/11307254238.jpg;https://ir.ozone.ru/s3/multimedia-1-5/9602564873.jpg;https://ir.ozone.ru/s3/multimedia-1-0/9571217400.jpg;https://ir.ozone.ru/s3/multimedia-1-0/10601460612.jpg;https://ir.ozone.ru/s3/multimedia-1-z/9010239479.jpg;https://ir.ozone.ru/s3/multimedia-1-1/9363933685.jpg,1253₽,14,20670₽,8,8,12,2.4,100%,17%,1373 g,11.9 L
177,#чехолнамашинуотграда,"汽车罩
Чехол на автомобиль",https://ir.ozone.ru/s3/multimedia-1-r/9253365651.jpg;https://ir.ozone.ru/s3/multimedia-1-c/9253589304.jpg,4859₽,14,65387₽,1,2,38,4.9,100%,14.9%,3100 g,35.1 L
178,#ЧехолНаАвтомобиль,"汽车罩
Чехол на автомобиль",https://ir.ozone.ru/s3/multimedia-1-u/10855994214.jpg,2859₽,14,38752₽,1,1,34,4.7,100%,28.6%,1900 g,20.5 L
179,#Снежныйпокровнаавтомобиле,"汽车罩
Чехол на автомобиль",https://ir.ozone.ru/s3/multimedia-1-s/8420781628.jpg;https://ir.ozone.ru/s3/multimedia-1-0/8986878144.jpg;https://ir.ozone.ru/s3/multimedia-1-7/10279839607.jpg;https://ir.ozone.ru/s3/multimedia-1-o/10698307440.jpg;https://ir.ozone.ru/s3/multimedia-1-v/8490757243.jpg;https://ir.ozone.ru/s3/multimedia-1-9/10883119077.jpg;https://ir.ozone.ru/s3/multimedia-1-d/10735926205.jpg;https://ir.ozone.ru/s3/multimedia-1-2/8421471830.jpg;https://ir.ozone.ru/s3/multimedia-1-y/9262938670.jpg;https://ir.ozone.ru/s3/multimedia-1-r/8463986487.jpg,380₽,14,4092₽,16,25,46,3.8,90%,1.9%,260 g,8.3 L
180,#Магнитныйснежныйпокров,"汽车罩
Чехол на автомобиль",https://ir.ozone.ru/s3/multimedia-1-s/8420781628.jpg;https://ir.ozone.ru/s3/multimedia-1-0/8986878144.jpg;https://ir.ozone.ru/s3/multimedia-1-7/10279839607.jpg;https://ir.ozone.ru/s3/multimedia-1-o/10698307440.jpg;https://ir.ozone.ru/s3/multimedia-1-v/8490757243.jpg;https://ir.ozone.ru/s3/multimedia-1-9/10883119077.jpg;https://ir.ozone.ru/s3/multimedia-1-d/10735926205.jpg;https://ir.ozone.ru/s3/multimedia-1-2/8421471830.jpg;https://ir.ozone.ru/s3/multimedia-1-y/9262938670.jpg;https://ir.ozone.ru/s3/multimedia-1-r/8463986487.jpg,380₽,14,4092₽,16,25,46,3.8,90%,1.9%,260 g,8.3 L
181,#ТентДляLadaGranta,"汽车罩
Чехол на автомобиль",https://ir.ozone.ru/s3/multimedia-1-u/10855994214.jpg,2859₽,14,38752₽,1,1,34,4.7,100%,28.6%,1900 g,20.5 L
182,#ТентЧехол,"汽车罩
Чехол на автомобиль",https://ir.ozone.ru/s3/multimedia-1-u/10855994214.jpg,2859₽,14,38752₽,1,1,34,4.7,100%,28.6%,1900 g,20.5 L
183,#LadaGranta20182025,"汽车罩
Чехол на автомобиль",https://ir.ozone.ru/s3/multimedia-1-u/10855994214.jpg,2859₽,14,38752₽,1,1,34,4.7,100%,28.6%,1900 g,20.5 L
184,#ЧехолДляLadaGranta,"汽车罩
Чехол на автомобиль",https://ir.ozone.ru/s3/multimedia-1-u/10855994214.jpg,2859₽,14,38752₽,1,1,34,4.7,100%,28.6%,1900 g,20.5 L
185,#ЧехолНаЛадаГранта,"汽车罩
Чехол на автомобиль",https://ir.ozone.ru/s3/multimedia-1-u/10855994214.jpg,2859₽,14,38752₽,1,1,34,4.7,100%,28.6%,1900 g,20.5 L
186,"#чехол_на_автомобиль_от_снега
(汽车防雪罩)","汽车罩
Чехол на автомобиль",https://ir.ozone.ru/s3/multimedia-1-a/9971174386.jpg;https://ir.ozone.ru/s3/multimedia-1-x/8396807865.jpg;https://ir.ozone.ru/s3/multimedia-1-c/9971188896.jpg;https://ir.ozone.ru/s3/multimedia-1-i/8568580986.jpg;https://ir.ozone.ru/s3/multimedia-1-6/9971182662.jpg;https://ir.ozone.ru/s3/multimedia-1-t/8748722117.jpg;https://ir.ozone.ru/s3/multimedia-1-4/8568580936.jpg;https://ir.ozone.ru/s3/multimedia-1-q/8788247486.jpg;https://ir.ozone.ru/s3/multimedia-1-o/9652135416.jpg;https://ir.ozone.ru/s3/multimedia-z/6804905183.jpg,2141₽,13,32141₽,19,31,249,4.1,95%,16.7%,1264 g,12.9 L
187,#чехолотснега,"汽车罩
Чехол на автомобиль",https://ir.ozone.ru/s3/multimedia-1-z/10888346339.jpg;https://ir.ozone.ru/s3/multimedia-1-u/8300178498.jpg;https://ir.ozone.ru/s3/multimedia-1-3/9656609979.jpg;https://ir.ozone.ru/s3/multimedia-1-x/9032440029.jpg;https://ir.ozone.ru/s3/multimedia-1-i/9656752050.jpg;https://ir.ozone.ru/s3/multimedia-1-e/9656868614.jpg;https://ir.ozone.ru/s3/multimedia-1-m/11671853098.jpg;https://ir.ozone.ru/s3/multimedia-1-z/7406212679.jpg;https://ir.ozone.ru/s3/multimedia-1-z/7406212679.jpg;https://ir.ozone.ru/s3/multimedia-1-c/10495049484.jpg,2117₽,13,21801₽,16,25,125,3.7,94%,11.8%,946 g,12.6 L
188,"#материал_алюминиевой_пленки
(铝箔材料)","汽车罩
Чехол на автомобиль",https://ir.ozone.ru/s3/multimedia-1-q/9132864938.jpg;https://ir.ozone.ru/s3/multimedia-1-s/9132914260.jpg;https://ir.ozone.ru/s3/multimedia-1-4/8006993500.jpg;https://ir.ozone.ru/s3/multimedia-1-d/9132799477.jpg;https://ir.ozone.ru/s3/multimedia-1-d/8390356897.jpg;https://ir.ozone.ru/s3/multimedia-1-e/8390512886.jpg;https://ir.ozone.ru/s3/multimedia-1-8/8006913476.jpg;https://ir.ozone.ru/s3/multimedia-1-k/9133222880.jpg;https://ir.ozone.ru/s3/multimedia-1-7/9137329027.jpg;https://ir.ozone.ru/s3/multimedia-1-f/10137321231.jpg,2564₽,13,26272₽,9,19,2459,3.2,94%,11.7%,2088 g,18 L
189,#чехолнаавтомобильотсолнца,"汽车罩
Чехол на автомобиль",https://ir.ozone.ru/s3/multimedia-1-8/8006913476.jpg,2643₽,13,34050₽,1,1,29,4.8,100%,27.3%,970 g,6 L
190,#чехолнаавтомобилькроссовер,"汽车罩
Чехол на автомобиль",https://ir.ozone.ru/s3/multimedia-1-8/8006913476.jpg,2643₽,13,34050₽,1,1,29,4.8,100%,27.3%,970 g,6 L
191,"#тент_на_авто
(汽车帐篷)","汽车罩
Чехол на автомобиль",https://ir.ozone.ru/s3/multimedia-1-q/7745620850.jpg;https://ir.ozone.ru/s3/multimedia-1-z/9120991895.jpg;https://ir.ozone.ru/s3/multimedia-1-7/8915941195.jpg;https://ir.ozone.ru/s3/multimedia-1-g/9294181720.jpg;https://ir.ozone.ru/s3/multimedia-1-x/8396807865.jpg;https://ir.ozone.ru/s3/multimedia-1-1/8756094709.jpg;https://ir.ozone.ru/s3/multimedia-1-n/7651128335.jpg;https://ir.ozone.ru/s3/multimedia-1-a/7651129330.jpg;https://ir.ozone.ru/s3/multimedia-1-r/8767452123.jpg;https://ir.ozone.ru/s3/multimedia-1-n/7179230327.jpg,5932₽,12,40592₽,57,139,202,3.7,77%,13.1%,5365 g,49.9 L
192,"#защитадляавто
(汽车防护)","汽车罩
Чехол на автомобиль",https://ir.ozone.ru/s3/multimedia-1-n/10903264007.jpg;https://ir.ozone.ru/s3/multimedia-1-k/7652959616.jpg;https://ir.ozone.ru/s3/multimedia-1-q/10125701630.jpg;https://ir.ozone.ru/s3/multimedia-1-k/10125683732.jpg;https://ir.ozone.ru/s3/multimedia-1-9/7653424689.jpg;https://ir.ozone.ru/s3/multimedia-1-m/7652959618.jpg;https://ir.ozone.ru/s3/multimedia-1-u/7652959626.jpg;https://ir.ozone.ru/s3/multimedia-1-y/7652959558.jpg;https://ir.ozone.ru/s3/multimedia-1-r/7652959551.jpg;https://ir.ozone.ru/s3/multimedia-1-c/10125665184.jpg,2706₽,12,16000₽,59,121,361,3.7,61%,14.5%,2503 g,16.8 L
193,"#Складноехранилище
(折叠仓库)","汽车罩
Чехол на автомобиль",https://ir.ozone.ru/s3/multimedia-1-l/8435098245.jpg;https://ir.ozone.ru/s3/multimedia-1-s/8420781628.jpg;https://ir.ozone.ru/s3/multimedia-1-p/11116222909.jpg;https://ir.ozone.ru/s3/multimedia-1-0/8986878144.jpg;https://ir.ozone.ru/s3/multimedia-1-7/10279839607.jpg;https://ir.ozone.ru/s3/multimedia-1-o/10698307440.jpg;https://ir.ozone.ru/s3/multimedia-1-v/8490757243.jpg;https://ir.ozone.ru/s3/multimedia-1-a/10737125470.jpg;https://ir.ozone.ru/s3/multimedia-1-q/8099803034.jpg;https://ir.ozone.ru/s3/multimedia-1-y/8295804610.jpg,857₽,12,4444₽,37,46,47,3.5,78%,6.8%,750 g,8.8 L
194,"#тент_чехол
(帐篷套)","汽车罩
Чехол на автомобиль",https://ir.ozone.ru/s3/multimedia-1-c/11783067888.jpg;https://ir.ozone.ru/s3/multimedia-1-s/11783060488.jpg;https://ir.ozone.ru/s3/multimedia-1-p/11783065525.jpg;https://ir.ozone.ru/s3/multimedia-1-5/11783074757.jpg;https://ir.ozone.ru/s3/multimedia-1-a/11783155006.jpg;https://ir.ozone.ru/s3/multimedia-1-k/12020916728.jpg;https://ir.ozone.ru/s3/multimedia-1-4/9870034540.jpg;https://ir.ozone.ru/s3/multimedia-1-c/7394064312.jpg;https://ir.ozone.ru/s3/multimedia-1-q/12020858450.jpg;https://ir.ozone.ru/s3/multimedia-1-5/9095404073.jpg,4628₽,12,42697₽,21,103,404,4.3,59%,13.9%,2358 g,24.7 L
195,"#Снежныйпокров
(雪覆盖物)","汽车罩
Чехол на автомобиль",https://ir.ozone.ru/s3/multimedia-1-s/8420781628.jpg;https://ir.ozone.ru/s3/multimedia-1-m/8891176414.jpg;https://ir.ozone.ru/s3/multimedia-1-f/8891163879.jpg;https://ir.ozone.ru/s3/multimedia-1-0/8986878144.jpg;https://ir.ozone.ru/s3/multimedia-1-o/8854969200.jpg;https://ir.ozone.ru/s3/multimedia-1-7/10279839607.jpg;https://ir.ozone.ru/s3/multimedia-1-o/10698307440.jpg;https://ir.ozone.ru/s3/multimedia-1-v/8490757243.jpg;https://ir.ozone.ru/s3/multimedia-1-9/10883119077.jpg;https://ir.ozone.ru/s3/multimedia-1-5/8890879001.jpg,994₽,12,6040₽,17,30,40,3.8,85%,6%,1059 g,14.8 L
196,"#всесезонный_чехол
(四季通用保护套)","汽车罩
Чехол на автомобиль",https://ir.ozone.ru/s3/multimedia-1-2/10135797050.jpg;https://ir.ozone.ru/s3/multimedia-1-1/8373156769.jpg;https://ir.ozone.ru/s3/multimedia-1-d/10485025177.jpg;https://ir.ozone.ru/s3/multimedia-1-b/7361884775.jpg;https://ir.ozone.ru/s3/multimedia-1-v/9306073219.jpg;https://ir.ozone.ru/s3/multimedia-1-k/10668978956.jpg;https://ir.ozone.ru/s3/multimedia-1-g/7965750544.jpg;https://ir.ozone.ru/s3/multimedia-1-2/wc500/10135797050.jpg;https://ir.ozone.ru/s3/multimedia-1-v/9306073219.jpg;https://ir.ozone.ru/s3/multimedia-1-1/8785625185.jpg,1614₽,12,5560₽,79,201,85,3.7,46%,17.9%,804 g,9.3 L
197,"#тент_на_машину_универсальный
(汽车通用帐篷)","汽车罩
Чехол на автомобиль",https://ir.ozone.ru/s3/multimedia-1-l/11014170393.jpg;https://ir.ozone.ru/s3/multimedia-1-h/11014176005.jpg;https://ir.ozone.ru/s3/multimedia-1-r/11014169643.jpg;https://ir.ozone.ru/s3/multimedia-1-n/7570533371.jpg;https://ir.ozone.ru/s3/multimedia-1-0/7570534068.jpg;https://ir.ozone.ru/s3/multimedia-1-c/7570533360.jpg;https://ir.ozone.ru/s3/multimedia-1-9/7570535229.jpg;https://ir.ozone.ru/s3/multimedia-1-2/7570515170.jpg;https://ir.ozone.ru/s3/multimedia-1-w/12378294356.jpg;https://ir.ozone.ru/s3/multimedia-1-6/7570533498.jpg,3456₽,12,36504₽,4,20,238,4.8,92%,12.6%,1801 g,18.5 L
198,#чехол_гараж_для_машины_зимний,"汽车罩
Чехол на автомобиль",https://ir.ozone.ru/s3/multimedia-1-8/7533313172.jpg;https://ir.ozone.ru/s3/multimedia-1-r/7228131363.jpg;https://ir.ozone.ru/s3/multimedia-1-d/7533313141.jpg;https://ir.ozone.ru/s3/multimedia-1-m/7533313186.jpg;https://ir.ozone.ru/s3/multimedia-1-s/9481587724.jpg;https://ir.ozone.ru/s3/multimedia-1-b/7533313211.jpg;https://ir.ozone.ru/s3/multimedia-1-o/7228132116.jpg;https://ir.ozone.ru/s3/multimedia-1-8/12466861352.jpg;https://ir.ozone.ru/s3/multimedia-1-4/7533313168.jpg;https://ir.ozone.ru/s3/multimedia-1-5/7228132997.jpg,5390₽,12,53774₽,60,255,703,4.6,35%,10.1%,5849 g,91.4 L
199,#Магнитнаяфиксация,"汽车罩
Чехол на автомобиль",https://ir.ozone.ru/s3/multimedia-1-s/8420781628.jpg;https://ir.ozone.ru/s3/multimedia-1-0/8986878144.jpg;https://ir.ozone.ru/s3/multimedia-1-7/10279839607.jpg;https://ir.ozone.ru/s3/multimedia-1-o/10698307440.jpg;https://ir.ozone.ru/s3/multimedia-1-v/8490757243.jpg;https://ir.ozone.ru/s3/multimedia-1-9/10883119077.jpg;https://ir.ozone.ru/s3/multimedia-1-d/10735926205.jpg;https://ir.ozone.ru/s3/multimedia-1-2/8421471830.jpg;https://ir.ozone.ru/s3/multimedia-1-y/9262938670.jpg;https://ir.ozone.ru/s3/multimedia-1-r/8463986487.jpg,437₽,12,3647₽,20,29,40,3.5,87%,5.4%,241 g,7.3 L
200,#чехлы_на_сидение_одноразовые,"汽车罩
Чехол на автомобиль",https://ir.ozone.ru/s3/multimedia-1-3/12151469955.jpg,3710₽,12,43955₽,1,1,78,5,100%,0%,5800 g,18.2 L
201,#кабинамягкая,"汽车罩
Чехол на автомобиль",https://ir.ozone.ru/s3/multimedia-1-a/8400344554.jpg;https://ir.ozone.ru/s3/multimedia-1-p/8400344785.jpg,9861₽,12,108380₽,1,2,12,5,100%,0%,4150 g,25.1 L
202,#кабина_на_погрузчик,"汽车罩
Чехол на автомобиль",https://ir.ozone.ru/s3/multimedia-1-a/8400344554.jpg;https://ir.ozone.ru/s3/multimedia-1-p/8400344785.jpg,9861₽,12,108380₽,1,2,12,5,100%,0%,4150 g,25.1 L
203,#чехолнаTenetT7,"汽车罩
Чехол на автомобиль",https://ir.ozone.ru/s3/multimedia-1-m/8286576574.jpg,4609₽,12,54534₽,1,1,20,5,100%,9.1%,2600 g,29.5 L
204,#чехолнаТенетТ7,"汽车罩
Чехол на автомобиль",https://ir.ozone.ru/s3/multimedia-1-m/8286576574.jpg,4609₽,12,54534₽,1,1,20,5,100%,9.1%,2600 g,29.5 L
205,#тентнапогрузчиквилочный,"汽车罩
Чехол на автомобиль",https://ir.ozone.ru/s3/multimedia-1-a/8400344554.jpg;https://ir.ozone.ru/s3/multimedia-1-p/8400344785.jpg,9861₽,12,108380₽,1,2,12,5,100%,0%,4150 g,25.1 L
206,#тент_на_погрузчик,"汽车罩
Чехол на автомобиль",https://ir.ozone.ru/s3/multimedia-1-a/8400344554.jpg;https://ir.ozone.ru/s3/multimedia-1-p/8400344785.jpg,9861₽,12,108380₽,1,2,12,5,100%,0%,4150 g,25.1 L
207,"#тент_для_автомобиля_седан
(轿车用汽车帐篷)","汽车罩
Чехол на автомобиль",https://ir.ozone.ru/s3/multimedia-1-e/7013886782.jpg;https://ir.ozone.ru/s3/multimedia-1-b/7199700239.jpg;https://ir.ozone.ru/s3/multimedia-1-s/9644078656.jpg;https://ir.ozone.ru/s3/multimedia-1-j/7013883007.jpg;https://ir.ozone.ru/s3/multimedia-1-f/9335119911.jpg;https://ir.ozone.ru/s3/multimedia-1-6/9335119902.jpg;https://ir.ozone.ru/s3/multimedia-1-z/9335120111.jpg;https://ir.ozone.ru/s3/multimedia-1-1/9335120293.jpg;https://ir.ozone.ru/s3/multimedia-1-q/9334670966.jpg;https://ir.ozone.ru/s3/multimedia-1-2/11579793914.jpg,2242₽,11,38484₽,14,27,513,3.1,95%,18.8%,2032 g,25.6 L
208,"#защитнаякрышка
(保护盖)","汽车罩
Чехол на автомобиль",https://ir.ozone.ru/s3/multimedia-1-e/8683435238.jpg;https://ir.ozone.ru/s3/multimedia-1-2/7441113890.jpg;https://ir.ozone.ru/s3/multimedia-1-b/12756980207.jpg;https://ir.ozone.ru/s3/multimedia-1-e/8651821874.jpg;https://ir.ozone.ru/s3/multimedia-1-0/7803677700.jpg;https://ir.ozone.ru/s3/multimedia-1-2/7612874606.jpg;https://ir.ozone.ru/s3/multimedia-1-e/8651821874.jpg;https://ir.ozone.ru/s3/multimedia-1-r/7221451311.jpg;https://ir.ozone.ru/s3/multimedia-1-1/8616588049.jpg;https://ir.ozone.ru/s3/multimedia-1-e/8651821874.jpg,3319₽,11,9370₽,130,286,539,4.3,31%,15.1%,2043 g,11.2 L
209,"#ЗащитаСалона
(车内保护)","汽车罩
Чехол на автомобиль",https://ir.ozone.ru/s3/multimedia-1-l/11786276613.jpg;https://ir.ozone.ru/s3/multimedia-1-5/11786288693.jpg;https://ir.ozone.ru/s3/multimedia-4/6390788356.jpg;https://ir.ozone.ru/s3/multimedia-1-8/11318983892.jpg;https://ir.ozone.ru/s3/multimedia-1-y/11786266114.jpg;https://ir.ozone.ru/s3/multimedia-1-j/10198946899.jpg;https://ir.ozone.ru/s3/multimedia-1-h/9603785717.jpg;https://ir.ozone.ru/s3/multimedia-1-w/10097283164.jpg;https://ir.ozone.ru/s3/multimedia-1-u/10587440766.jpg;https://ir.ozone.ru/s3/multimedia-1-h/10355455241.jpg,4162₽,11,33162₽,266,1097,85,4.4,33%,13.3%,2957 g,39.4 L
210,"#губозакаточнаямашинка
(唇部磨削机)","汽车罩
Чехол на автомобиль",https://ir.ozone.ru/s3/multimedia-1-d/8582203057.jpg;https://ir.ozone.ru/s3/multimedia-1-c/12876424428.jpg;https://ir.ozone.ru/s3/multimedia-1-v/7740861259.jpg;https://ir.ozone.ru/s3/multimedia-1-2/11435926934.jpg;https://ir.ozone.ru/s3/multimedia-1-s/9054956188.jpg;https://ir.ozone.ru/s3/multimedia-1-0/8233808976.jpg;https://ir.ozone.ru/s3/multimedia-1-g/9959193916.jpg;https://ir.ozone.ru/s3/multimedia-1-p/11267046313.jpg;https://ir.ozone.ru/s3/multimedia-1-l/8350371669.jpg;https://ir.ozone.ru/s3/multimedia-1-k/7935455144.jpg,1106₽,11,17034₽,16,16,126,2.6,99%,21.3%,661 g,6.7 L
211,"#75м
(75米)","汽车罩
Чехол на автомобиль",https://ir.ozone.ru/s3/multimedia-1-c/8250390516.jpg;https://ir.ozone.ru/s3/multimedia-1-x/7508900733.jpg;https://ir.ozone.ru/s3/multimedia-1-v/10517471455.jpg;https://ir.ozone.ru/s3/multimedia-1-x/7467152253.jpg;https://ir.ozone.ru/s3/multimedia-1-a/9461720566.jpg;https://ir.ozone.ru/s3/multimedia-1-x/7467152253.jpg;https://ir.ozone.ru/s3/multimedia-1-v/8900847103.jpg;https://ir.ozone.ru/s3/multimedia-1-7/10526650063.jpg;https://ir.ozone.ru/s3/multimedia-1-0/7270462188.jpg;https://ir.ozone.ru/s3/multimedia-1-h/7229042873.jpg,5311₽,11,19014₽,13,67,2949,4.1,51%,18.3%,5526 g,37.2 L
212,"#Безцарапин
(无划痕)","汽车罩
Чехол на автомобиль",https://ir.ozone.ru/s3/multimedia-1-a/7864456186.jpg;https://ir.ozone.ru/s3/multimedia-1-s/8420781628.jpg;https://ir.ozone.ru/s3/multimedia-1-0/8986878144.jpg;https://ir.ozone.ru/s3/multimedia-1-7/10279839607.jpg;https://ir.ozone.ru/s3/multimedia-1-j/7864475275.jpg;https://ir.ozone.ru/s3/multimedia-1-o/10698307440.jpg;https://ir.ozone.ru/s3/multimedia-1-v/8490757243.jpg;https://ir.ozone.ru/s3/multimedia-1-9/10883119077.jpg;https://ir.ozone.ru/s3/multimedia-1-g/7519983712.jpg;https://ir.ozone.ru/s3/multimedia-1-d/10735926205.jpg,449₽,11,2699₽,54,79,118,3.7,73%,4.8%,176 g,4.1 L
213,"#тент_для_автомобиля_зимний
(冬季汽车帐篷)","汽车罩
Чехол на автомобиль",https://ir.ozone.ru/s3/multimedia-1-6/12364533762.jpg;https://ir.ozone.ru/s3/multimedia-1-5/9329156213.jpg;https://ir.ozone.ru/s3/multimedia-1-i/11016204750.jpg;https://ir.ozone.ru/s3/multimedia-1-j/9538806799.jpg;https://ir.ozone.ru/s3/multimedia-1-i/9813590370.jpg;https://ir.ozone.ru/s3/multimedia-1-g/10193730352.jpg;https://ir.ozone.ru/s3/multimedia-1-n/11217258095.jpg;https://ir.ozone.ru/s3/multimedia-1-m/8350147606.jpg;https://ir.ozone.ru/s3/multimedia-1-y/8984818690.jpg;https://ir.ozone.ru/s3/multimedia-1-i/8315055198.jpg,5137₽,11,11427₽,34,179,43,3.2,52%,13.8%,2727 g,22.8 L
214,#авто_товары_для_машины,"汽车罩
Чехол на автомобиль",https://ir.ozone.ru/s3/multimedia-1-o/7438949160.jpg;https://ir.ozone.ru/s3/multimedia-1-v/7438941535.jpg,7080₽,11,74884₽,1,2,784,4.9,100%,8.4%,3120 g,15.4 L
215,"#тентдлякроссовера
(跨界车帐篷)","汽车罩
Чехол на автомобиль",https://ir.ozone.ru/s3/multimedia-1-u/8300178498.jpg;https://ir.ozone.ru/s3/multimedia-1-8/9693464984.jpg;https://ir.ozone.ru/s3/multimedia-1-8/9693464984.jpg;https://ir.ozone.ru/s3/multimedia-1-8/9693464984.jpg;https://ir.ozone.ru/s3/multimedia-1-8/9693464984.jpg;https://ir.ozone.ru/s3/multimedia-1-2/10477439570.jpg;https://ir.ozone.ru/s3/multimedia-1-8/9693464984.jpg;https://ir.ozone.ru/s3/multimedia-1-c/11673303132.jpg;https://ir.ozone.ru/s3/multimedia-1-8/9693464984.jpg;https://ir.ozone.ru/s3/multimedia-1-8/9693464984.jpg,4596₽,11,31652₽,7,13,109,3.6,98%,7.1%,2692 g,21.3 L
216,#рождество2025,"汽车罩
Чехол на автомобиль",https://ir.ozone.ru/s3/multimedia-1-k/8486346584.jpg;https://ir.ozone.ru/s3/multimedia-1-u/8492249154.jpg;https://ir.ozone.ru/s3/multimedia-1-l/7704875577.jpg;https://ir.ozone.ru/s3/multimedia-1-e/8092361066.jpg;https://ir.ozone.ru/s3/multimedia-1-3/8203749663.jpg;https://ir.ozone.ru/s3/multimedia-1-l/8042009529.jpg;https://ir.ozone.ru/s3/multimedia-1-1/8343721009.jpg;https://ir.ozone.ru/s3/multimedia-1-2/9535315178.jpg;https://ir.ozone.ru/s3/multimedia-1-3/8036155371.jpg;https://ir.ozone.ru/s3/multimedia-1-3/8036155371.jpg,1045₽,11,4888₽,18,21,7199,3.6,92%,14%,893 g,10.4 L
217,#рав4xa40,"汽车罩
Чехол на автомобиль",https://ir.ozone.ru/s3/multimedia-1-p/11101042537.jpg;https://ir.ozone.ru/s3/multimedia-1-j/8344538407.jpg,3658₽,11,21176₽,2,2,11,4.6,100%,5.6%,2800 g,6.9 L
218,#чехол_на_лобовое_стекло,"汽车罩
Чехол на автомобиль",https://ir.ozone.ru/s3/multimedia-1-7/12182883991.jpg;https://ir.ozone.ru/s3/multimedia-1-6/9991675086.jpg;https://ir.ozone.ru/s3/multimedia-1-w/10616913392.jpg;https://ir.ozone.ru/s3/multimedia-1-v/12808135111.jpg;https://ir.ozone.ru/s3/multimedia-1-5/10416260669.jpg;https://ir.ozone.ru/s3/multimedia-1-h/12320749169.jpg;https://ir.ozone.ru/s3/multimedia-1-o/8894965596.jpg;https://ir.ozone.ru/s3/multimedia-1-l/9991685469.jpg;https://ir.ozone.ru/s3/multimedia-1-v/10379630875.jpg;https://ir.ozone.ru/s3/multimedia-1-3/8720446287.jpg,528₽,11,4842₽,18,20,46,3.7,93%,10.6%,416 g,7.1 L
219,#накидка_на_бампер,"汽车罩
Чехол на автомобиль",https://ir.ozone.ru/s3/multimedia-1-z/10896411815.jpg;https://ir.ozone.ru/s3/multimedia-1-u/9038492958.jpg;https://ir.ozone.ru/s3/multimedia-1-y/9853927846.jpg,937₽,11,8972₽,3,3,466,5,100%,19.4%,827 g,2.8 L
220,#чехолнаджип,"汽车罩
Чехол на автомобиль",https://ir.ozone.ru/s3/multimedia-1-v/8899551427.jpg;https://ir.ozone.ru/s3/multimedia-1-0/8899579044.jpg;https://ir.ozone.ru/s3/multimedia-1-0/8899579044.jpg,3859₽,11,44584₽,2,3,96,3.1,100%,45.5%,1300 g,7.5 L
221,#чехолнавнедорожник,"汽车罩
Чехол на автомобиль",https://ir.ozone.ru/s3/multimedia-1-v/8899551427.jpg;https://ir.ozone.ru/s3/multimedia-1-0/8899579044.jpg;https://ir.ozone.ru/s3/multimedia-1-0/8899579044.jpg,3859₽,11,44584₽,2,3,96,3.1,100%,45.5%,1300 g,7.5 L
222,"#тент_для_машины
(汽车帐篷)","汽车罩
Чехол на автомобиль",https://ir.ozone.ru/s3/multimedia-1-t/9331283225.jpg;https://ir.ozone.ru/s3/multimedia-1-a/9971174386.jpg;https://ir.ozone.ru/s3/multimedia-1-x/8396807865.jpg;https://ir.ozone.ru/s3/multimedia-1-n/9671341055.jpg;https://ir.ozone.ru/s3/multimedia-1-z/7438935311.jpg;https://ir.ozone.ru/s3/multimedia-1-7/7439581051.jpg;https://ir.ozone.ru/s3/multimedia-1-o/7438949160.jpg;https://ir.ozone.ru/s3/multimedia-1-v/12215644267.jpg;https://ir.ozone.ru/s3/multimedia-1-9/9332740737.jpg;https://ir.ozone.ru/s3/multimedia-1-c/9971188896.jpg,11279₽,10,49860₽,67,311,205,4.3,47%,18%,7217 g,50.3 L
223,"#АвтоГащита
(汽车保护)","汽车罩
Чехол на автомобиль",https://ir.ozone.ru/s3/multimedia-1-2/7593837950.jpg;https://ir.ozone.ru/s3/multimedia-1-r/7851710475.jpg;https://ir.ozone.ru/s3/multimedia-1-y/7851708178.jpg;https://ir.ozone.ru/s3/multimedia-1-9/7593838245.jpg;https://ir.ozone.ru/s3/multimedia-1-i/8492862222.jpg;https://ir.ozone.ru/s3/multimedia-1-x/7593840969.jpg;https://ir.ozone.ru/s3/multimedia-1-t/7622531381.jpg;https://ir.ozone.ru/s3/multimedia-1-h/7593839081.jpg;https://ir.ozone.ru/s3/multimedia-1-x/7593840177.jpg;https://ir.ozone.ru/s3/multimedia-1-9/7593837093.jpg,2301₽,10,16514₽,2,10,637,4.6,100%,14.8%,2393 g,12 L
224,"#чехол_от_погоды
(防风雨罩)","汽车罩
Чехол на автомобиль",https://ir.ozone.ru/s3/multimedia-1-1/10688232637.jpg;https://ir.ozone.ru/s3/multimedia-1-1/8373156769.jpg;https://ir.ozone.ru/s3/multimedia-1-t/9446891141.jpg;https://ir.ozone.ru/s3/multimedia-1-1/8373156769.jpg;https://ir.ozone.ru/s3/multimedia-1-6/10781942730.jpg;https://ir.ozone.ru/s3/multimedia-1-8/10426941332.jpg;https://ir.ozone.ru/s3/multimedia-1-h/10721933261.jpg;https://ir.ozone.ru/s3/multimedia-1-z/10968962183.jpg;https://ir.ozone.ru/s3/multimedia-1-h/8404783937.jpg;https://ir.ozone.ru/s3/multimedia-1-t/9446891141.jpg,1412₽,10,11602₽,13,13,10,3,99%,24.8%,1176 g,10.7 L
225,#уличнаястоянка,"汽车罩
Чехол на автомобиль",https://ir.ozone.ru/s3/multimedia-1-k/7652959616.jpg;https://ir.ozone.ru/s3/multimedia-1-q/10125701630.jpg;https://ir.ozone.ru/s3/multimedia-1-k/10125683732.jpg;https://ir.ozone.ru/s3/multimedia-1-9/7653424689.jpg;https://ir.ozone.ru/s3/multimedia-1-m/7652959618.jpg;https://ir.ozone.ru/s3/multimedia-1-j/10198946899.jpg;https://ir.ozone.ru/s3/multimedia-1-u/7652959626.jpg;https://ir.ozone.ru/s3/multimedia-1-h/9603785717.jpg;https://ir.ozone.ru/s3/multimedia-1-y/7652959558.jpg;https://ir.ozone.ru/s3/multimedia-1-w/10097283164.jpg,3393₽,10,30390₽,111,761,175,4.5,30%,13.5%,3181 g,41.1 L
226,#Чехолдляавтомобиля,"汽车罩
Чехол на автомобиль",https://ir.ozone.ru/s3/multimedia-1-3/9470842995.jpg;https://ir.ozone.ru/s3/multimedia-1-7/10133720179.jpg;https://ir.ozone.ru/s3/multimedia-1-d/10124424625.jpg;https://ir.ozone.ru/s3/multimedia-1-d/10434100261.jpg;https://ir.ozone.ru/s3/multimedia-1-4/9495912748.jpg;https://ir.ozone.ru/s3/multimedia-1-v/9148869463.jpg;https://ir.ozone.ru/s3/multimedia-1-e/10990787702.jpg;https://ir.ozone.ru/s3/multimedia-1-n/9148870031.jpg;https://ir.ozone.ru/s3/multimedia-1-j/11429506567.jpg;https://ir.ozone.ru/s3/multimedia-1-r/9849240495.jpg,4027₽,10,10317₽,28,73,25,4.1,57%,8.7%,3120 g,36 L
227,#тентавтомобильныйотграда,"汽车罩
Чехол на автомобиль",https://ir.ozone.ru/s3/multimedia-1-z/10888346339.jpg;https://ir.ozone.ru/s3/multimedia-1-5/11740824401.jpg;https://ir.ozone.ru/s3/multimedia-1-4/7911662188.jpg;https://ir.ozone.ru/s3/multimedia-1-9/7911642069.jpg;https://ir.ozone.ru/s3/multimedia-1-i/7911645714.jpg;https://ir.ozone.ru/s3/multimedia-1-k/7911669548.jpg;https://ir.ozone.ru/s3/multimedia-1-6/8279901150.jpg;https://ir.ozone.ru/s3/multimedia-1-4/8426387776.jpg;https://ir.ozone.ru/s3/multimedia-1-d/7911637609.jpg;https://ir.ozone.ru/s3/multimedia-1-g/10716264340.jpg,4263₽,10,24090₽,12,18,91,3.9,93%,1.3%,4140 g,44.2 L
228,#для_дома_и_дороги,"汽车罩
Чехол на автомобиль",https://ir.ozone.ru/s3/multimedia-1-6/11594765382.jpg;https://ir.ozone.ru/s3/multimedia-1-y/9344998546.jpg;https://ir.ozone.ru/s3/multimedia-1-r/8804209995.jpg;https://ir.ozone.ru/s3/multimedia-1-1/8785625185.jpg;https://ir.ozone.ru/s3/multimedia-1-i/8784741186.jpg;https://ir.ozone.ru/s3/multimedia-1-b/10334003663.jpg;https://ir.ozone.ru/s3/multimedia-1-z/10334026907.jpg;https://ir.ozone.ru/s3/multimedia-1-c/8804212320.jpg;https://ir.ozone.ru/s3/multimedia-1-3/8804214183.jpg;https://ir.ozone.ru/s3/multimedia-1-c/9748044444.jpg,4452₽,10,17826₽,11,59,18,4,84%,14.1%,1410 g,13.9 L
229,#чехолнаджетурдашинготсолнца,"汽车罩
Чехол на автомобиль",https://ir.ozone.ru/s3/multimedia-1-8/11302720748.jpg;https://ir.ozone.ru/s3/multimedia-1-8/11302720748.jpg,1896₽,10,17927₽,2,2,4,2.3,100%,19.2%,2000 g,15.8 L
230,#чехолнаджетурдашинг2024полный,"汽车罩
Чехол на автомобиль",https://ir.ozone.ru/s3/multimedia-1-8/11302720748.jpg;https://ir.ozone.ru/s3/multimedia-1-8/11302720748.jpg,1896₽,10,17927₽,2,2,4,2.3,100%,19.2%,2000 g,15.8 L
231,#чехолджетурdashing,"汽车罩
Чехол на автомобиль",https://ir.ozone.ru/s3/multimedia-1-8/11302720748.jpg;https://ir.ozone.ru/s3/multimedia-1-8/11302720748.jpg,1896₽,10,17927₽,2,2,4,2.3,100%,19.2%,2000 g,15.8 L
232,#тентjetourdashing,"汽车罩
Чехол на автомобиль",https://ir.ozone.ru/s3/multimedia-1-8/11302720748.jpg;https://ir.ozone.ru/s3/multimedia-1-8/11302720748.jpg,1896₽,10,17927₽,2,2,4,2.3,100%,19.2%,2000 g,15.8 L
233,#тентджетурдашинг,"汽车罩
Чехол на автомобиль",https://ir.ozone.ru/s3/multimedia-1-8/11302720748.jpg;https://ir.ozone.ru/s3/multimedia-1-8/11302720748.jpg,1896₽,10,17927₽,2,2,4,2.3,100%,19.2%,2000 g,15.8 L
234,"#чехол_автомобильный_тент
(汽车罩车衣)","汽车罩
Чехол на автомобиль",https://ir.ozone.ru/s3/multimedia-1-8/9992405348.jpg;https://ir.ozone.ru/s3/multimedia-1-w/9992478344.jpg;https://ir.ozone.ru/s3/multimedia-1-e/12687226430.jpg;https://ir.ozone.ru/s3/multimedia-1-u/9992447814.jpg;https://ir.ozone.ru/s3/multimedia-1-u/7360896594.jpg;https://ir.ozone.ru/s3/multimedia-1-n/7651128335.jpg;https://ir.ozone.ru/s3/multimedia-1-a/7651129330.jpg;https://ir.ozone.ru/s3/multimedia-1-l/9432481161.jpg;https://ir.ozone.ru/s3/multimedia-1-o/9432833568.jpg;https://ir.ozone.ru/s3/multimedia-1-o/10245341364.jpg,5588₽,9,28704₽,32,64,523,4.1,74%,20.7%,2364 g,48.3 L
235,"#АвтоЛюкс
(奥托卢克司)","汽车罩
Чехол на автомобиль",https://ir.ozone.ru/s3/multimedia-1-j/10198946899.jpg;https://ir.ozone.ru/s3/multimedia-1-h/9603785717.jpg;https://ir.ozone.ru/s3/multimedia-1-w/10097283164.jpg;https://ir.ozone.ru/s3/multimedia-1-u/10587440766.jpg;https://ir.ozone.ru/s3/multimedia-1-h/10355455241.jpg;https://ir.ozone.ru/s3/multimedia-1-2/7593837950.jpg;https://ir.ozone.ru/s3/multimedia-1-v/8646951667.jpg;https://ir.ozone.ru/s3/multimedia-1-m/10129310122.jpg;https://ir.ozone.ru/s3/multimedia-1-i/8191542438.jpg;https://ir.ozone.ru/s3/multimedia-1-r/7851710475.jpg,3594₽,9,23697₽,119,803,71,4.5,24%,15.4%,3039 g,41.3 L
236,"#ЗащитаОтСнега
(防雪保护)","汽车罩
Чехол на автомобиль",https://ir.ozone.ru/s3/multimedia-1-8/8117911628.jpg;https://ir.ozone.ru/s3/multimedia-1-j/10198946899.jpg;https://ir.ozone.ru/s3/multimedia-1-s/8117628544.jpg;https://ir.ozone.ru/s3/multimedia-1-w/10097283164.jpg;https://ir.ozone.ru/s3/multimedia-1-h/10355455241.jpg;https://ir.ozone.ru/s3/multimedia-1-m/10129310122.jpg;https://ir.ozone.ru/s3/multimedia-1-i/8191542438.jpg;https://ir.ozone.ru/s3/multimedia-1-2/8422697702.jpg;https://ir.ozone.ru/s3/multimedia-1-w/7962447020.jpg;https://ir.ozone.ru/s3/multimedia-1-p/12993297721.jpg,3358₽,9,22580₽,155,772,38,4.5,27%,13.8%,3021 g,42.2 L
237,#чехолотсолнца,"汽车罩
Чехол на автомобиль",https://ir.ozone.ru/s3/multimedia-1-2/12410725790.jpg;https://ir.ozone.ru/s3/multimedia-1-3/9656609979.jpg;https://ir.ozone.ru/s3/multimedia-1-x/9032440029.jpg;https://ir.ozone.ru/s3/multimedia-1-i/9656752050.jpg;https://ir.ozone.ru/s3/multimedia-1-x/10617968481.jpg;https://ir.ozone.ru/s3/multimedia-1-e/9656868614.jpg;https://ir.ozone.ru/s3/multimedia-1-m/11671853098.jpg;https://ir.ozone.ru/s3/multimedia-1-y/8158931962.jpg;https://ir.ozone.ru/s3/multimedia-1-2/10477439570.jpg;https://ir.ozone.ru/s3/multimedia-1-e/10477896458.jpg,1697₽,9,11185₽,33,57,137,3.9,76%,7.8%,578 g,11.2 L
238,"#защитадлямашины
(机器防护)","汽车罩
Чехол на автомобиль",https://ir.ozone.ru/s3/multimedia-1-z/9693479555.jpg;https://ir.ozone.ru/s3/multimedia-1-z/9693479555.jpg;https://ir.ozone.ru/s3/multimedia-1-z/9693479555.jpg;https://ir.ozone.ru/s3/multimedia-1-z/9693479555.jpg;https://ir.ozone.ru/s3/multimedia-1-k/8202501560.jpg;https://ir.ozone.ru/s3/multimedia-1-z/9693479555.jpg;https://ir.ozone.ru/s3/multimedia-1-z/9693479555.jpg;https://ir.ozone.ru/s3/multimedia-1-z/9693479555.jpg;https://ir.ozone.ru/s3/multimedia-1-z/9693479555.jpg;https://ir.ozone.ru/s3/multimedia-1-z/9693479555.jpg,3916₽,9,16644₽,10,23,12,3.6,85%,9.8%,1438 g,2.2 L
239,"#чехол_для_автомобиля_от_снега
(汽车防雪罩)","汽车罩
Чехол на автомобиль",https://ir.ozone.ru/s3/multimedia-1-l/11014170393.jpg;https://ir.ozone.ru/s3/multimedia-1-h/11014176005.jpg;https://ir.ozone.ru/s3/multimedia-1-r/11014169643.jpg;https://ir.ozone.ru/s3/multimedia-1-n/7570533371.jpg;https://ir.ozone.ru/s3/multimedia-1-0/7570534068.jpg;https://ir.ozone.ru/s3/multimedia-1-c/7570533360.jpg;https://ir.ozone.ru/s3/multimedia-1-9/7570535229.jpg;https://ir.ozone.ru/s3/multimedia-1-2/7570515170.jpg;https://ir.ozone.ru/s3/multimedia-1-6/7570533498.jpg;https://ir.ozone.ru/s3/multimedia-1-0/7570510092.jpg,3151₽,9,25813₽,6,29,193,4.5,89%,20.9%,1300 g,14.4 L
240,#ToyotaHarrier,"汽车罩
Чехол на автомобиль",https://ir.ozone.ru/s3/multimedia-1-3/9061367547.jpg;https://ir.ozone.ru/s3/multimedia-1-y/8943755974.jpg;https://ir.ozone.ru/s3/multimedia-1-e/8683435238.jpg;https://ir.ozone.ru/s3/multimedia-1-b/7350193811.jpg;https://ir.ozone.ru/s3/multimedia-1-e/8539965986.jpg;https://ir.ozone.ru/s3/multimedia-1-q/8735837426.jpg;https://ir.ozone.ru/s3/multimedia-1-d/10558107949.jpg;https://ir.ozone.ru/s3/multimedia-1-9/9032147541.jpg;https://ir.ozone.ru/s3/multimedia-1-k/9238921364.jpg;https://ir.ozone.ru/s3/multimedia-1-b/10112949839.jpg,3998₽,9,11967₽,22,29,1198,3.7,86%,8.3%,1200 g,13.5 L
241,#чехол_лобового_стекла,"汽车罩
Чехол на автомобиль",https://ir.ozone.ru/s3/multimedia-1-s/8203234528.jpg,438₽,9,3931₽,1,1,27,4.8,100%,11.2%,3000 g,8 L
242,#размер_170x143,"汽车罩
Чехол на автомобиль",https://ir.ozone.ru/s3/multimedia-1-s/8203234528.jpg,438₽,9,3931₽,1,1,27,4.8,100%,11.2%,3000 g,8 L
243,#арктическая_зима,"汽车罩
Чехол на автомобиль",https://ir.ozone.ru/s3/multimedia-1-s/8203234528.jpg,438₽,9,3931₽,1,1,27,4.8,100%,11.2%,3000 g,8 L
244,#дверной_крепеж,"汽车罩
Чехол на автомобиль",https://ir.ozone.ru/s3/multimedia-1-s/8203234528.jpg,438₽,9,3931₽,1,1,27,4.8,100%,11.2%,3000 g,8 L
245,#Защитаавтомобиляотпыли,"汽车罩
Чехол на автомобиль",https://ir.ozone.ru/s3/multimedia-1-i/8492977206.jpg;https://ir.ozone.ru/s3/multimedia-1-f/9385140687.jpg,212₽,9,2020₽,2,2,4,2.5,100%,7.2%,189 g,12 L
246,#Одноразовыйавтомобильныйчехол,"汽车罩
Чехол на автомобиль",https://ir.ozone.ru/s3/multimedia-1-i/8492977206.jpg;https://ir.ozone.ru/s3/multimedia-1-f/9385140687.jpg,212₽,9,2020₽,2,2,4,2.5,100%,7.2%,189 g,12 L
247,#Одноразоваяоболочка,"汽车罩
Чехол на автомобиль",https://ir.ozone.ru/s3/multimedia-1-i/8492977206.jpg;https://ir.ozone.ru/s3/multimedia-1-f/9385140687.jpg,212₽,9,2020₽,2,2,4,2.5,100%,7.2%,189 g,12 L
248,#Одноразоваяпокрывающаяткань,"汽车罩
Чехол на автомобиль",https://ir.ozone.ru/s3/multimedia-1-i/8492977206.jpg;https://ir.ozone.ru/s3/multimedia-1-f/9385140687.jpg,212₽,9,2020₽,2,2,4,2.5,100%,7.2%,189 g,12 L
249,#Полнаязащитаавтомобиляотпыли,"汽车罩
Чехол на автомобиль",https://ir.ozone.ru/s3/multimedia-1-i/8492977206.jpg;https://ir.ozone.ru/s3/multimedia-1-f/9385140687.jpg,212₽,9,2020₽,2,2,4,2.5,100%,7.2%,189 g,12 L
250,#Пылезащитныйчехолдлякорпуса,"汽车罩
Чехол на автомобиль",https://ir.ozone.ru/s3/multimedia-1-i/8492977206.jpg;https://ir.ozone.ru/s3/multimedia-1-f/9385140687.jpg,212₽,9,2020₽,2,2,4,2.5,100%,7.2%,189 g,12 L
251,#Защитаотзагрязненийипыли,"汽车罩
Чехол на автомобиль",https://ir.ozone.ru/s3/multimedia-1-i/8492977206.jpg;https://ir.ozone.ru/s3/multimedia-1-f/9385140687.jpg,212₽,9,2020₽,2,2,4,2.5,100%,7.2%,189 g,12 L
252,#Защитныйчехолдлятела,"汽车罩
Чехол на автомобиль",https://ir.ozone.ru/s3/multimedia-1-i/8492977206.jpg;https://ir.ozone.ru/s3/multimedia-1-f/9385140687.jpg,212₽,9,2020₽,2,2,4,2.5,100%,7.2%,189 g,12 L
253,#Защитаавтомобиляотсерогоцвета,"汽车罩
Чехол на автомобиль",https://ir.ozone.ru/s3/multimedia-1-i/8492977206.jpg;https://ir.ozone.ru/s3/multimedia-1-f/9385140687.jpg,212₽,9,2020₽,2,2,4,2.5,100%,7.2%,189 g,12 L
254,#Простаяпылезащитнаякрышка,"汽车罩
Чехол на автомобиль",https://ir.ozone.ru/s3/multimedia-1-i/8492977206.jpg;https://ir.ozone.ru/s3/multimedia-1-f/9385140687.jpg,212₽,9,2020₽,2,2,4,2.5,100%,7.2%,189 g,12 L
255,#Переноснойпылезащитныйчехол,"汽车罩
Чехол на автомобиль",https://ir.ozone.ru/s3/multimedia-1-i/8492977206.jpg;https://ir.ozone.ru/s3/multimedia-1-f/9385140687.jpg,212₽,9,2020₽,2,2,4,2.5,100%,7.2%,189 g,12 L
256,#Одноразоваязащитаотдождя,"汽车罩
Чехол на автомобиль",https://ir.ozone.ru/s3/multimedia-1-i/8492977206.jpg;https://ir.ozone.ru/s3/multimedia-1-f/9385140687.jpg,212₽,9,2020₽,2,2,4,2.5,100%,7.2%,189 g,12 L
257,#Одноразовыйпылезащитный,"汽车罩
Чехол на автомобиль",https://ir.ozone.ru/s3/multimedia-1-i/8492977206.jpg;https://ir.ozone.ru/s3/multimedia-1-f/9385140687.jpg,212₽,9,2020₽,2,2,4,2.5,100%,7.2%,189 g,12 L
258,#Защитаавтомобиляотобрастания,"汽车罩
Чехол на автомобиль",https://ir.ozone.ru/s3/multimedia-1-i/8492977206.jpg;https://ir.ozone.ru/s3/multimedia-1-f/9385140687.jpg,212₽,9,2020₽,2,2,4,2.5,100%,7.2%,189 g,12 L
259,#Непромокаемыйзащитныйчехол,"汽车罩
Чехол на автомобиль",https://ir.ozone.ru/s3/multimedia-1-i/8492977206.jpg;https://ir.ozone.ru/s3/multimedia-1-f/9385140687.jpg,212₽,9,2020₽,2,2,4,2.5,100%,7.2%,189 g,12 L
260,#чехол_с_зеркалами,"汽车罩
Чехол на автомобиль",https://ir.ozone.ru/s3/multimedia-1-s/8203234528.jpg,438₽,9,3931₽,1,1,27,4.8,100%,11.2%,3000 g,8 L
261,#dongda,"汽车罩
Чехол на автомобиль",https://ir.ozone.ru/s3/multimedia-1-8/8806145300.jpg;https://ir.ozone.ru/s3/multimedia-1-u/9239495430.jpg;https://ir.ozone.ru/s3/multimedia-1-1/9332420437.jpg;https://ir.ozone.ru/s3/multimedia-1-k/8950018916.jpg;https://ir.ozone.ru/s3/multimedia-1-t/8832611945.jpg;https://ir.ozone.ru/s3/multimedia-1-o/9332421000.jpg;https://ir.ozone.ru/s3/multimedia-1-j/10453438207.jpg;https://ir.ozone.ru/s3/multimedia-1-u/8723304786.jpg;https://ir.ozone.ru/s3/multimedia-1-1/9332420581.jpg;https://ir.ozone.ru/s3/multimedia-1-2/9858193814.jpg,520₽,9,4153₽,16,16,5,2.3,97%,18.2%,287 g,5 L
262,#тендлямашины,"汽车罩
Чехол на автомобиль",https://ir.ozone.ru/s3/multimedia-1-q/8217028574.jpg,1335₽,9,11593₽,1,1,7,4.9,100%,11.2%,400 g,7.8 L
263,#чехолтавто,"汽车罩
Чехол на автомобиль",https://ir.ozone.ru/s3/multimedia-1-q/11445000362.jpg,145₽,9,1313₽,1,1,0,0,100%,0%,200 g,3 L
264,#одноразовыйчехолнаавто,"汽车罩
Чехол на автомобиль",https://ir.ozone.ru/s3/multimedia-1-q/11445000362.jpg,145₽,9,1313₽,1,1,0,0,100%,0%,200 g,3 L
265,"#АвтоЭстетика
(汽车美学)","汽车罩
Чехол на автомобиль",https://ir.ozone.ru/s3/multimedia-1-s/8052029596.jpg;https://ir.ozone.ru/s3/multimedia-1-j/10198946899.jpg;https://ir.ozone.ru/s3/multimedia-1-h/9603785717.jpg;https://ir.ozone.ru/s3/multimedia-1-z/8002222019.jpg;https://ir.ozone.ru/s3/multimedia-1-k/9685411436.jpg;https://ir.ozone.ru/s3/multimedia-1-w/10097283164.jpg;https://ir.ozone.ru/s3/multimedia-1-u/10587440766.jpg;https://ir.ozone.ru/s3/multimedia-1-h/10355455241.jpg;https://ir.ozone.ru/s3/multimedia-1-6/10821080274.jpg;https://ir.ozone.ru/s3/multimedia-1-2/7593837950.jpg,5861₽,8,29696₽,174,952,76,4.4,22%,18.1%,2676 g,41.6 L
266,"#чехол_тент
(帐篷罩)","汽车罩
Чехол на автомобиль",https://ir.ozone.ru/s3/multimedia-1-s/9644078656.jpg;https://ir.ozone.ru/s3/multimedia-1-y/9780783190.jpg;https://ir.ozone.ru/s3/multimedia-1-y/9780783190.jpg;https://ir.ozone.ru/s3/multimedia-1-3/7831167447.jpg;https://ir.ozone.ru/s3/multimedia-1-9/7831102221.jpg;https://ir.ozone.ru/s3/multimedia-1-e/8868232994.jpg;https://ir.ozone.ru/s3/multimedia-1-j/7831171675.jpg;https://ir.ozone.ru/s3/multimedia-1-h/8868232493.jpg;https://ir.ozone.ru/s3/multimedia-1-4/12924483952.jpg;https://ir.ozone.ru/s3/multimedia-y/6730652266.jpg,2664₽,8,17606₽,58,138,521,4.4,50%,14.5%,1117 g,10.4 L
267,"#ЧехолНаАвто
(汽车保护套)","汽车罩
Чехол на автомобиль",https://ir.ozone.ru/s3/multimedia-1-j/10198946899.jpg;https://ir.ozone.ru/s3/multimedia-1-h/9603785717.jpg;https://ir.ozone.ru/s3/multimedia-1-w/10097283164.jpg;https://ir.ozone.ru/s3/multimedia-1-u/10587440766.jpg;https://ir.ozone.ru/s3/multimedia-1-h/10355455241.jpg;https://ir.ozone.ru/s3/multimedia-1-2/7593837950.jpg;https://ir.ozone.ru/s3/multimedia-1-m/10129310122.jpg;https://ir.ozone.ru/s3/multimedia-1-i/8191542438.jpg;https://ir.ozone.ru/s3/multimedia-1-r/7851710475.jpg;https://ir.ozone.ru/s3/multimedia-1-2/8422697702.jpg,3314₽,8,23190₽,109,728,61,4.5,24%,12.6%,3047 g,42.1 L
268,"#ЧехлыДляМашин
(汽车保护套)","汽车罩
Чехол на автомобиль",https://ir.ozone.ru/s3/multimedia-1-j/10198946899.jpg;https://ir.ozone.ru/s3/multimedia-1-h/9603785717.jpg;https://ir.ozone.ru/s3/multimedia-1-w/10097283164.jpg;https://ir.ozone.ru/s3/multimedia-1-u/10587440766.jpg;https://ir.ozone.ru/s3/multimedia-1-h/10355455241.jpg;https://ir.ozone.ru/s3/multimedia-1-2/7593837950.jpg;https://ir.ozone.ru/s3/multimedia-1-m/10129310122.jpg;https://ir.ozone.ru/s3/multimedia-1-i/8191542438.jpg;https://ir.ozone.ru/s3/multimedia-1-r/7851710475.jpg;https://ir.ozone.ru/s3/multimedia-1-2/8422697702.jpg,3325₽,8,22835₽,104,722,62,4.5,25%,13%,3073 g,42.7 L
269,"#тент_чехол_на_автомобиль
(汽车帐篷套)","汽车罩
Чехол на автомобиль",https://ir.ozone.ru/s3/multimedia-1-a/9971174386.jpg;https://ir.ozone.ru/s3/multimedia-1-y/9868458742.jpg;https://ir.ozone.ru/s3/multimedia-1-e/12687226430.jpg;https://ir.ozone.ru/s3/multimedia-1-y/9780783190.jpg;https://ir.ozone.ru/s3/multimedia-1-y/9780783190.jpg;https://ir.ozone.ru/s3/multimedia-1-c/9971188896.jpg;https://ir.ozone.ru/s3/multimedia-1-4/9870034540.jpg;https://ir.ozone.ru/s3/multimedia-1-l/7444509249.jpg;https://ir.ozone.ru/s3/multimedia-1-b/7350877559.jpg;https://ir.ozone.ru/s3/multimedia-1-n/7570533371.jpg,4074₽,8,21548₽,21,133,215,4.5,65%,18.4%,1512 g,14.3 L
270,"#защита_автомобиля_от_солнца
(汽车防晒)","汽车罩
Чехол на автомобиль",https://ir.ozone.ru/s3/multimedia-1-4/9870034540.jpg;https://ir.ozone.ru/s3/multimedia-1-d/12995719177.jpg;https://ir.ozone.ru/s3/multimedia-1-b/7350877559.jpg;https://ir.ozone.ru/s3/multimedia-1-h/7350866189.jpg;https://ir.ozone.ru/s3/multimedia-s/6690883996.jpg;https://ir.ozone.ru/s3/multimedia-1-g/11471134696.jpg;https://ir.ozone.ru/s3/multimedia-1-q/7350861842.jpg;https://ir.ozone.ru/s3/multimedia-1-c/7350889548.jpg;https://ir.ozone.ru/s3/multimedia-1-r/7444894383.jpg;https://ir.ozone.ru/s3/multimedia-1-1/7350778297.jpg,2320₽,8,8939₽,22,37,56,4,84%,20.1%,1727 g,19.7 L
271,"#АвтоТент
(汽车帐篷)","汽车罩
Чехол на автомобиль",https://ir.ozone.ru/s3/multimedia-1-8/8117911628.jpg;https://ir.ozone.ru/s3/multimedia-1-j/10198946899.jpg;https://ir.ozone.ru/s3/multimedia-1-h/9603785717.jpg;https://ir.ozone.ru/s3/multimedia-1-s/8117628544.jpg;https://ir.ozone.ru/s3/multimedia-1-w/10097283164.jpg;https://ir.ozone.ru/s3/multimedia-1-u/10587440766.jpg;https://ir.ozone.ru/s3/multimedia-1-h/10355455241.jpg;https://ir.ozone.ru/s3/multimedia-1-m/10129310122.jpg;https://ir.ozone.ru/s3/multimedia-1-i/8191542438.jpg;https://ir.ozone.ru/s3/multimedia-1-2/8422697702.jpg,3398₽,8,23303₽,103,714,35,4.5,28%,13.7%,3090 g,43.9 L
272,"#премиум_чехлы_на_авто
(优质汽车保护套)","汽车罩
Чехол на автомобиль",https://ir.ozone.ru/s3/multimedia-1-v/11131133359.jpg;https://ir.ozone.ru/s3/multimedia-1-e/8525757506.jpg;https://ir.ozone.ru/s3/multimedia-1-3/7581010431.jpg;https://ir.ozone.ru/s3/multimedia-1-2/7038419006.jpg;https://ir.ozone.ru/s3/multimedia-1-e/7038215186.jpg;https://ir.ozone.ru/s3/multimedia-1-d/7039159573.jpg;https://ir.ozone.ru/s3/multimedia-1-a/7058452870.jpg;https://ir.ozone.ru/s3/multimedia-1-e/7038215186.jpg;https://ir.ozone.ru/s3/multimedia-1-d/7039159573.jpg;https://ir.ozone.ru/s3/multimedia-1-e/7038215186.jpg,2879₽,8,17684₽,7,25,2911,3.8,87%,11.6%,1552 g,10.2 L
273,#машинаподзащитой,"汽车罩
Чехол на автомобиль",https://ir.ozone.ru/s3/multimedia-1-k/7652959616.jpg;https://ir.ozone.ru/s3/multimedia-1-q/10125701630.jpg;https://ir.ozone.ru/s3/multimedia-1-k/10125683732.jpg;https://ir.ozone.ru/s3/multimedia-1-9/7653424689.jpg;https://ir.ozone.ru/s3/multimedia-1-m/7652959618.jpg;https://ir.ozone.ru/s3/multimedia-1-u/7652959626.jpg;https://ir.ozone.ru/s3/multimedia-1-y/7652959558.jpg;https://ir.ozone.ru/s3/multimedia-1-r/7652959551.jpg;https://ir.ozone.ru/s3/multimedia-1-c/10125665184.jpg;https://ir.ozone.ru/s3/multimedia-1-j/7652959615.jpg,3355₽,8,26033₽,7,44,578,4.3,74%,18%,3262 g,20.1 L
274,#отграда,"汽车罩
Чехол на автомобиль",https://ir.ozone.ru/s3/multimedia-1-k/7652959616.jpg;https://ir.ozone.ru/s3/multimedia-1-q/10125701630.jpg;https://ir.ozone.ru/s3/multimedia-1-k/10125683732.jpg;https://ir.ozone.ru/s3/multimedia-1-9/7653424689.jpg;https://ir.ozone.ru/s3/multimedia-1-m/7652959618.jpg;https://ir.ozone.ru/s3/multimedia-1-u/7652959626.jpg;https://ir.ozone.ru/s3/multimedia-1-y/7652959558.jpg;https://ir.ozone.ru/s3/multimedia-1-r/7652959551.jpg;https://ir.ozone.ru/s3/multimedia-1-c/10125665184.jpg;https://ir.ozone.ru/s3/multimedia-1-j/7652959615.jpg,3177₽,8,24481₽,10,47,541,4.1,73%,16.7%,3078 g,19 L
275,#бережноекузова,"汽车罩
Чехол на автомобиль",https://ir.ozone.ru/s3/multimedia-1-k/7652959616.jpg;https://ir.ozone.ru/s3/multimedia-1-q/10125701630.jpg;https://ir.ozone.ru/s3/multimedia-1-k/10125683732.jpg;https://ir.ozone.ru/s3/multimedia-1-9/7653424689.jpg;https://ir.ozone.ru/s3/multimedia-1-m/7652959618.jpg;https://ir.ozone.ru/s3/multimedia-1-u/7652959626.jpg;https://ir.ozone.ru/s3/multimedia-1-y/7652959558.jpg;https://ir.ozone.ru/s3/multimedia-1-r/7652959551.jpg;https://ir.ozone.ru/s3/multimedia-1-c/10125665184.jpg;https://ir.ozone.ru/s3/multimedia-1-j/7652959615.jpg,3355₽,8,26033₽,7,44,578,4.3,74%,18%,3262 g,20.1 L
276,#длядомаидороги,"汽车罩
Чехол на автомобиль",https://ir.ozone.ru/s3/multimedia-1-k/7652959616.jpg;https://ir.ozone.ru/s3/multimedia-1-q/10125701630.jpg;https://ir.ozone.ru/s3/multimedia-1-k/10125683732.jpg;https://ir.ozone.ru/s3/multimedia-1-9/7653424689.jpg;https://ir.ozone.ru/s3/multimedia-1-m/7652959618.jpg;https://ir.ozone.ru/s3/multimedia-1-u/7652959626.jpg;https://ir.ozone.ru/s3/multimedia-1-y/7652959558.jpg;https://ir.ozone.ru/s3/multimedia-1-r/7652959551.jpg;https://ir.ozone.ru/s3/multimedia-1-c/10125665184.jpg;https://ir.ozone.ru/s3/multimedia-1-j/7652959615.jpg,3025₽,8,23481₽,12,49,537,4.2,73%,16.4%,2933 g,18.1 L
277,"#тентдляседана
(轿车帐篷)","汽车罩
Чехол на автомобиль",https://ir.ozone.ru/s3/multimedia-1-u/8300178498.jpg;https://ir.ozone.ru/s3/multimedia-1-l/9712936209.jpg;https://ir.ozone.ru/s3/multimedia-1-l/9712936209.jpg;https://ir.ozone.ru/s3/multimedia-1-l/9712936209.jpg;https://ir.ozone.ru/s3/multimedia-1-l/9712936209.jpg;https://ir.ozone.ru/s3/multimedia-1-m/11671853098.jpg;https://ir.ozone.ru/s3/multimedia-1-2/10477439570.jpg;https://ir.ozone.ru/s3/multimedia-1-l/9712936209.jpg;https://ir.ozone.ru/s3/multimedia-1-l/9712936209.jpg;https://ir.ozone.ru/s3/multimedia-1-3/9712941159.jpg,4001₽,8,22607₽,6,17,83,3.4,94%,21.2%,1994 g,6.3 L
278,"#чехол_тент_на_ав
(汽车帐篷套)","汽车罩
Чехол на автомобиль",https://ir.ozone.ru/s3/multimedia-1-e/7013886782.jpg;https://ir.ozone.ru/s3/multimedia-1-j/7013883007.jpg;https://ir.ozone.ru/s3/multimedia-1-f/9335119911.jpg;https://ir.ozone.ru/s3/multimedia-1-6/9335119902.jpg;https://ir.ozone.ru/s3/multimedia-1-z/9335120111.jpg;https://ir.ozone.ru/s3/multimedia-1-1/9335120293.jpg;https://ir.ozone.ru/s3/multimedia-1-q/9334670966.jpg;https://ir.ozone.ru/s3/multimedia-1-2/11579793914.jpg;https://ir.ozone.ru/s3/multimedia-1-s/10243752976.jpg;https://ir.ozone.ru/s3/multimedia-1-m/7013934814.jpg,2084₽,8,24831₽,12,23,450,2.9,94%,20.5%,1989 g,25.4 L
279,#Автонакидка,"汽车罩
Чехол на автомобиль",https://ir.ozone.ru/s3/multimedia-1-u/10855994214.jpg;https://ir.ozone.ru/s3/multimedia-1-x/10881754413.jpg,2620₽,8,20573₽,2,2,17,2.4,100%,28.6%,1790 g,18.5 L
280,#от_наледи,"汽车罩
Чехол на автомобиль",https://ir.ozone.ru/s3/multimedia-1-a/11212301134.jpg;https://ir.ozone.ru/s3/multimedia-1-k/7372427528.jpg;https://ir.ozone.ru/s3/multimedia-1-6/7334519982.jpg;https://ir.ozone.ru/s3/multimedia-1-6/9991675086.jpg;https://ir.ozone.ru/s3/multimedia-1-w/10616913392.jpg;https://ir.ozone.ru/s3/multimedia-x/6781098957.jpg;https://ir.ozone.ru/s3/multimedia-1-o/8894965596.jpg;https://ir.ozone.ru/s3/multimedia-1-l/9991685469.jpg;https://ir.ozone.ru/s3/multimedia-1-z/8492898671.jpg;https://ir.ozone.ru/s3/multimedia-1-3/8720446287.jpg,845₽,8,7165₽,15,17,1595,4.2,96%,12.1%,703 g,6.7 L
281,#lexus_rx_чехол_для_авто,"汽车罩
Чехол на автомобиль",https://ir.ozone.ru/s3/multimedia-1-4/7212979624.jpg,3223₽,8,25480₽,1,1,100,4.9,100%,0%,1712 g,7.1 L
282,"#Солнцезащитныйчехол
(防晒套)","汽车罩
Чехол на автомобиль",https://ir.ozone.ru/s3/multimedia-1-1/wc1000/7330900213.jpg;https://ir.ozone.ru/s3/multimedia-1-n/9148870031.jpg;https://ir.ozone.ru/s3/multimedia-1-q/9149126102.jpg;https://ir.ozone.ru/s3/multimedia-1-y/10482810910.jpg;https://ir.ozone.ru/s3/multimedia-1-z/13028961311.jpg;https://ir.ozone.ru/s3/multimedia-1-t/10546288157.jpg;https://ir.ozone.ru/s3/multimedia-1-y/9148869430.jpg;https://ir.ozone.ru/s3/multimedia-1-2/9149127338.jpg;https://ir.ozone.ru/s3/multimedia-1-0/9148973904.jpg;https://ir.ozone.ru/s3/multimedia-1-v/9148974259.jpg,1779₽,8,6818₽,10,27,139,4.2,88%,7.7%,1536 g,17.6 L
283,#Oxford210D,"汽车罩
Чехол на автомобиль",https://ir.ozone.ru/s3/multimedia-1-u/10855994214.jpg;https://ir.ozone.ru/s3/multimedia-1-h/11017457981.jpg,1872₽,8,20138₽,2,2,17,4.4,100%,14.3%,1165 g,11.9 L
284,#чехол_peva,"汽车罩
Чехол на автомобиль",https://ir.ozone.ru/s3/multimedia-1-6/7378398330.jpg;https://ir.ozone.ru/s3/multimedia-1-e/10472190350.jpg;https://ir.ozone.ru/s3/multimedia-1-f/10598423919.jpg,670₽,8,4755₽,3,3,57,3,100%,3%,578 g,5.1 L
285,#Плотныйчехол,"汽车罩
Чехол на автомобиль",https://ir.ozone.ru/s3/multimedia-1-u/10855994214.jpg;https://ir.ozone.ru/s3/multimedia-1-x/10881754413.jpg,2620₽,8,20573₽,2,2,17,2.4,100%,28.6%,1790 g,18.5 L
286,#lada_iskra_cross,"汽车罩
Чехол на автомобиль",https://ir.ozone.ru/s3/multimedia-1-0/10891078308.jpg;https://ir.ozone.ru/s3/multimedia-1-h/11052272933.jpg,2077₽,8,19435₽,2,2,8,2.4,100%,13.4%,2750 g,20.8 L
287,#Креплениекколёсам,"汽车罩
Чехол на автомобиль",https://ir.ozone.ru/s3/multimedia-1-u/10855994214.jpg;https://ir.ozone.ru/s3/multimedia-1-x/10881754413.jpg,2620₽,8,20573₽,2,2,17,2.4,100%,28.6%,1790 g,18.5 L
288,#Флуоресцентныеленты,"汽车罩
Чехол на автомобиль",https://ir.ozone.ru/s3/multimedia-1-u/10855994214.jpg;https://ir.ozone.ru/s3/multimedia-1-x/10881754413.jpg,2620₽,8,20573₽,2,2,17,2.4,100%,28.6%,1790 g,18.5 L
289,#Защитаавтокузова,"汽车罩
Чехол на автомобиль",https://ir.ozone.ru/s3/multimedia-1-u/10855994214.jpg;https://ir.ozone.ru/s3/multimedia-1-x/10881754413.jpg,2620₽,8,20573₽,2,2,17,2.4,100%,28.6%,1790 g,18.5 L
290,#Долговечныйтент,"汽车罩
Чехол на автомобиль",https://ir.ozone.ru/s3/multimedia-1-u/10855994214.jpg;https://ir.ozone.ru/s3/multimedia-1-x/10881754413.jpg,2620₽,8,20573₽,2,2,17,2.4,100%,28.6%,1790 g,18.5 L
291,#Тентседан,"汽车罩
Чехол на автомобиль",https://ir.ozone.ru/s3/multimedia-1-u/10855994214.jpg;https://ir.ozone.ru/s3/multimedia-1-x/10881754413.jpg,2620₽,8,20573₽,2,2,17,2.4,100%,28.6%,1790 g,18.5 L
292,#Тентнамашину,"汽车罩
Чехол на автомобиль",https://ir.ozone.ru/s3/multimedia-1-u/10855994214.jpg;https://ir.ozone.ru/s3/multimedia-1-x/10881754413.jpg,2620₽,8,20573₽,2,2,17,2.4,100%,28.6%,1790 g,18.5 L
293,#Чехолнаседан,"汽车罩
Чехол на автомобиль",https://ir.ozone.ru/s3/multimedia-1-u/10855994214.jpg;https://ir.ozone.ru/s3/multimedia-1-x/10881754413.jpg,2620₽,8,20573₽,2,2,17,2.4,100%,28.6%,1790 g,18.5 L
294,#Авторемонтаксессуары,"汽车罩
Чехол на автомобиль",https://ir.ozone.ru/s3/multimedia-1-u/10855994214.jpg;https://ir.ozone.ru/s3/multimedia-1-x/10881754413.jpg,2620₽,8,20573₽,2,2,17,2.4,100%,28.6%,1790 g,18.5 L
295,#Защитнаяобшивкаотснега,"汽车罩
Чехол на автомобиль",https://ir.ozone.ru/s3/multimedia-1-x/9029920893.jpg;https://ir.ozone.ru/s3/multimedia-1-2/9574570478.jpg;https://ir.ozone.ru/s3/multimedia-1-s/9422144740.jpg;https://ir.ozone.ru/s3/multimedia-1-w/11898430052.jpg;https://ir.ozone.ru/s3/multimedia-1-p/8721541897.jpg;https://ir.ozone.ru/s3/multimedia-1-o/10938664824.jpg;https://ir.ozone.ru/s3/multimedia-1-0/9241741584.jpg;https://ir.ozone.ru/s3/multimedia-1-e/10661134226.jpg;https://ir.ozone.ru/s3/multimedia-1-p/8721541897.jpg;https://ir.ozone.ru/s3/multimedia-1-a/9352383130.jpg,1523₽,8,9169₽,25,26,15,2.8,89%,16.5%,1472 g,6.5 L
296,#одеялогараждляавтомобиля,"汽车罩
Чехол на автомобиль",https://ir.ozone.ru/s3/multimedia-1-x/9029920893.jpg;https://ir.ozone.ru/s3/multimedia-1-2/9574570478.jpg;https://ir.ozone.ru/s3/multimedia-1-s/9422144740.jpg;https://ir.ozone.ru/s3/multimedia-1-w/11898430052.jpg;https://ir.ozone.ru/s3/multimedia-1-p/8721541897.jpg;https://ir.ozone.ru/s3/multimedia-1-o/10938664824.jpg;https://ir.ozone.ru/s3/multimedia-1-0/9241741584.jpg;https://ir.ozone.ru/s3/multimedia-1-e/10661134226.jpg;https://ir.ozone.ru/s3/multimedia-1-p/8721541897.jpg;https://ir.ozone.ru/s3/multimedia-1-a/9352383130.jpg,1523₽,8,9169₽,25,26,15,2.8,89%,16.5%,1472 g,6.5 L
297,#Защитнаякрышкаответра,"汽车罩
Чехол на автомобиль",https://ir.ozone.ru/s3/multimedia-1-x/9029920893.jpg;https://ir.ozone.ru/s3/multimedia-1-2/9574570478.jpg;https://ir.ozone.ru/s3/multimedia-1-s/9422144740.jpg;https://ir.ozone.ru/s3/multimedia-1-w/11898430052.jpg;https://ir.ozone.ru/s3/multimedia-1-p/8721541897.jpg;https://ir.ozone.ru/s3/multimedia-1-o/10938664824.jpg;https://ir.ozone.ru/s3/multimedia-1-0/9241741584.jpg;https://ir.ozone.ru/s3/multimedia-1-e/10661134226.jpg;https://ir.ozone.ru/s3/multimedia-1-p/8721541897.jpg;https://ir.ozone.ru/s3/multimedia-1-a/9352383130.jpg,1523₽,8,9169₽,25,26,15,2.8,89%,16.5%,1472 g,6.5 L
298,#одеялонаавтомобильзимний,"汽车罩
Чехол на автомобиль",https://ir.ozone.ru/s3/multimedia-1-x/9029920893.jpg;https://ir.ozone.ru/s3/multimedia-1-2/9574570478.jpg;https://ir.ozone.ru/s3/multimedia-1-s/9422144740.jpg;https://ir.ozone.ru/s3/multimedia-1-w/11898430052.jpg;https://ir.ozone.ru/s3/multimedia-1-p/8721541897.jpg;https://ir.ozone.ru/s3/multimedia-1-o/10938664824.jpg;https://ir.ozone.ru/s3/multimedia-1-0/9241741584.jpg;https://ir.ozone.ru/s3/multimedia-1-e/10661134226.jpg;https://ir.ozone.ru/s3/multimedia-1-p/8721541897.jpg;https://ir.ozone.ru/s3/multimedia-1-a/9352383130.jpg,1523₽,8,9169₽,25,26,15,2.8,89%,16.5%,1472 g,6.5 L
299,"#тент_автомобильный
(汽车帐篷)","汽车罩
Чехол на автомобиль",https://ir.ozone.ru/s3/multimedia-1-x/8396807865.jpg;https://ir.ozone.ru/s3/multimedia-1-s/9644078656.jpg;https://ir.ozone.ru/s3/multimedia-1-e/12687226430.jpg;https://ir.ozone.ru/s3/multimedia-1-4/9870034540.jpg;https://ir.ozone.ru/s3/multimedia-1-d/7643416441.jpg;https://ir.ozone.ru/s3/multimedia-1-n/7651128335.jpg;https://ir.ozone.ru/s3/multimedia-1-a/7651129330.jpg;https://ir.ozone.ru/s3/multimedia-1-9/8489480517.jpg;https://ir.ozone.ru/s3/multimedia-1-7/10919740903.jpg;https://ir.ozone.ru/s3/multimedia-1-w/7643416244.jpg,4252₽,7,21063₽,44,85,100,3.1,65%,16.7%,3285 g,18.7 L
300,"#чехол_тент_на_автомобиль
(汽车帐篷罩)","汽车罩
Чехол на автомобиль",https://ir.ozone.ru/s3/multimedia-1-x/9029920893.jpg;https://ir.ozone.ru/s3/multimedia-1-n/7651128335.jpg;https://ir.ozone.ru/s3/multimedia-1-a/7651129330.jpg;https://ir.ozone.ru/s3/multimedia-1-2/9574570478.jpg;https://ir.ozone.ru/s3/multimedia-1-s/9422144740.jpg;https://ir.ozone.ru/s3/multimedia-1-0/7651130472.jpg;https://ir.ozone.ru/s3/multimedia-1-w/11898430052.jpg;https://ir.ozone.ru/s3/multimedia-1-p/8721541897.jpg;https://ir.ozone.ru/s3/multimedia-1-a/7651132354.jpg;https://ir.ozone.ru/s3/multimedia-1-o/10938664824.jpg,1997₽,7,11407₽,28,36,110,3.2,85%,11.9%,1618 g,11.4 L
301,"#чехол_на_машину_от_града
(汽车防冰雹罩)","汽车罩
Чехол на автомобиль",https://ir.ozone.ru/s3/multimedia-1-n/7651128335.jpg;https://ir.ozone.ru/s3/multimedia-1-a/7651129330.jpg;https://ir.ozone.ru/s3/multimedia-1-0/7651130472.jpg;https://ir.ozone.ru/s3/multimedia-1-a/7651132354.jpg;https://ir.ozone.ru/s3/multimedia-1-f/7651126635.jpg;https://ir.ozone.ru/s3/multimedia-1-w/7651131332.jpg,4083₽,7,27087₽,2,6,519,4.8,100%,1.3%,2598 g,30.1 L
302,"#чехол_на_автомобиль_от_града
(汽车防冰雹罩)","汽车罩
Чехол на автомобиль",https://ir.ozone.ru/s3/multimedia-1-n/7651128335.jpg;https://ir.ozone.ru/s3/multimedia-1-a/7651129330.jpg;https://ir.ozone.ru/s3/multimedia-1-0/7651130472.jpg;https://ir.ozone.ru/s3/multimedia-1-a/7651132354.jpg;https://ir.ozone.ru/s3/multimedia-1-f/7651126635.jpg;https://ir.ozone.ru/s3/multimedia-1-w/7651131332.jpg,4083₽,7,27087₽,2,6,519,4.8,100%,1.3%,2598 g,30.1 L
303,"#Молниянадвери
(门上的搭扣)","汽车罩
Чехол на автомобиль",https://ir.ozone.ru/s3/multimedia-1-j/10198946899.jpg;https://ir.ozone.ru/s3/multimedia-1-h/9603785717.jpg;https://ir.ozone.ru/s3/multimedia-1-w/10097283164.jpg;https://ir.ozone.ru/s3/multimedia-1-u/10587440766.jpg;https://ir.ozone.ru/s3/multimedia-1-h/10355455241.jpg;https://ir.ozone.ru/s3/multimedia-1-m/10129310122.jpg;https://ir.ozone.ru/s3/multimedia-1-i/8191542438.jpg;https://ir.ozone.ru/s3/multimedia-1-2/8422697702.jpg;https://ir.ozone.ru/s3/multimedia-1-w/7962447020.jpg;https://ir.ozone.ru/s3/multimedia-1-p/12993297721.jpg,3382₽,7,22206₽,99,711,33,4.5,25%,13.5%,3053 g,43.6 L
304,"#тентнаавтомобиль
(汽车帐篷)","汽车罩
Чехол на автомобиль",https://ir.ozone.ru/s3/multimedia-1-p/12226165297.jpg;https://ir.ozone.ru/s3/multimedia-1-5/7433756861.jpg;https://ir.ozone.ru/s3/multimedia-1-l/12888313005.jpg;https://ir.ozone.ru/s3/multimedia-1-m/8286576574.jpg;https://ir.ozone.ru/s3/multimedia-1-h/11725160309.jpg;https://ir.ozone.ru/s3/multimedia-1-r/11467465407.jpg;https://ir.ozone.ru/s3/multimedia-1-l/12921332745.jpg;https://ir.ozone.ru/s3/multimedia-1-5/7206025037.jpg;https://ir.ozone.ru/s3/multimedia-1-t/8795711621.jpg;https://ir.ozone.ru/s3/multimedia-1-r/12921528591.jpg,3421₽,7,21553₽,17,71,236,4,83%,13%,2123 g,25.2 L
305,"#Защитныемеры
(防护措施)","汽车罩
Чехол на автомобиль",https://ir.ozone.ru/s3/multimedia-1-4/9495912748.jpg;https://ir.ozone.ru/s3/multimedia-1-v/9148869463.jpg;https://ir.ozone.ru/s3/multimedia-1-n/9148870031.jpg;https://ir.ozone.ru/s3/multimedia-1-b/7950187307.jpg;https://ir.ozone.ru/s3/multimedia-1-q/9149126102.jpg;https://ir.ozone.ru/s3/multimedia-1-t/9149126681.jpg;https://ir.ozone.ru/s3/multimedia-1-k/9149127860.jpg;https://ir.ozone.ru/s3/multimedia-1-8/9149126300.jpg;https://ir.ozone.ru/s3/multimedia-1-v/9148974259.jpg;https://ir.ozone.ru/s3/multimedia-1-6/9148974810.jpg,3780₽,7,7123₽,10,35,30,4.3,63%,5.1%,3403 g,33.2 L
306,"#ВсесезонныйТент
(四季帐篷)","汽车罩
Чехол на автомобиль",https://ir.ozone.ru/s3/multimedia-1-8/8117911628.jpg;https://ir.ozone.ru/s3/multimedia-1-j/10198946899.jpg;https://ir.ozone.ru/s3/multimedia-1-s/8117628544.jpg;https://ir.ozone.ru/s3/multimedia-1-w/10097283164.jpg;https://ir.ozone.ru/s3/multimedia-1-h/10355455241.jpg;https://ir.ozone.ru/s3/multimedia-1-m/10129310122.jpg;https://ir.ozone.ru/s3/multimedia-1-i/8191542438.jpg;https://ir.ozone.ru/s3/multimedia-1-2/8422697702.jpg;https://ir.ozone.ru/s3/multimedia-1-w/7962447020.jpg;https://ir.ozone.ru/s3/multimedia-1-p/12993297721.jpg,3460₽,7,22103₽,83,694,36,4.5,27%,14%,3115 g,43.6 L
307,"#ВодоотталкивающийТент
(防水帐篷)","汽车罩
Чехол на автомобиль",https://ir.ozone.ru/s3/multimedia-1-8/8117911628.jpg;https://ir.ozone.ru/s3/multimedia-1-j/10198946899.jpg;https://ir.ozone.ru/s3/multimedia-1-s/8117628544.jpg;https://ir.ozone.ru/s3/multimedia-1-w/10097283164.jpg;https://ir.ozone.ru/s3/multimedia-1-h/10355455241.jpg;https://ir.ozone.ru/s3/multimedia-1-m/10129310122.jpg;https://ir.ozone.ru/s3/multimedia-1-i/8191542438.jpg;https://ir.ozone.ru/s3/multimedia-1-2/8422697702.jpg;https://ir.ozone.ru/s3/multimedia-1-w/7962447020.jpg;https://ir.ozone.ru/s3/multimedia-1-p/12993297721.jpg,3463₽,7,21812₽,82,693,36,4.5,28%,13.7%,3124 g,43.9 L
308,#уличное_хранение,"汽车罩
Чехол на автомобиль",https://ir.ozone.ru/s3/multimedia-1-o/9338305344.jpg;https://ir.ozone.ru/s3/multimedia-1-q/6996433778.jpg;https://ir.ozone.ru/s3/multimedia-1-w/6996433928.jpg;https://ir.ozone.ru/s3/multimedia-1-i/9872138682.jpg;https://ir.ozone.ru/s3/multimedia-1-0/10407719556.jpg;https://ir.ozone.ru/s3/multimedia-1-l/11084949381.jpg;https://ir.ozone.ru/s3/multimedia-1-7/9969847531.jpg;https://ir.ozone.ru/s3/multimedia-1-0/9239109912.jpg;https://ir.ozone.ru/s3/multimedia-1-h/7815650561.jpg;https://ir.ozone.ru/s3/multimedia-1-e/8451353354.jpg,3771₽,7,10808₽,113,197,4,3,47%,9%,4293 g,41 L
309,#чехолдлякроссовера,"汽车罩
Чехол на автомобиль",https://ir.ozone.ru/s3/multimedia-1-z/10888346339.jpg;https://ir.ozone.ru/s3/multimedia-1-u/8300178498.jpg;https://ir.ozone.ru/s3/multimedia-1-v/8899551427.jpg;https://ir.ozone.ru/s3/multimedia-1-z/9693479555.jpg;https://ir.ozone.ru/s3/multimedia-1-e/8683435238.jpg;https://ir.ozone.ru/s3/multimedia-1-z/9693479555.jpg;https://ir.ozone.ru/s3/multimedia-1-z/9693479555.jpg;https://ir.ozone.ru/s3/multimedia-1-z/9693479555.jpg;https://ir.ozone.ru/s3/multimedia-1-f/9693474099.jpg;https://ir.ozone.ru/s3/multimedia-1-z/9693479555.jpg,4123₽,7,19055₽,15,60,81,4,62%,14%,1782 g,8.9 L
310,#сезонный,"汽车罩
Чехол на автомобиль",https://ir.ozone.ru/s3/multimedia-1-8/8806145300.jpg;https://ir.ozone.ru/s3/multimedia-1-0/11370414636.jpg;https://ir.ozone.ru/s3/multimedia-1-z/8272796543.jpg;https://ir.ozone.ru/s3/multimedia-1-g/7675550368.jpg;https://ir.ozone.ru/s3/multimedia-1-3/10206026031.jpg;https://ir.ozone.ru/s3/multimedia-1-u/9239495430.jpg;https://ir.ozone.ru/s3/multimedia-1-o/12775663824.jpg;https://ir.ozone.ru/s3/multimedia-1-1/9332420437.jpg;https://ir.ozone.ru/s3/multimedia-1-9/10399074993.jpg;https://ir.ozone.ru/s3/multimedia-1-v/10206031315.jpg,718₽,7,2517₽,52,77,36,3.3,58%,27.7%,341 g,7.2 L
311,"#Защита_от_снега
(防雪防护)","汽车罩
Чехол на автомобиль",https://ir.ozone.ru/s3/multimedia-1-v/11131133359.jpg;https://ir.ozone.ru/s3/multimedia-1-h/11725160309.jpg;https://ir.ozone.ru/s3/multimedia-1-m/10619230378.jpg;https://ir.ozone.ru/s3/multimedia-1-6/9554219034.jpg;https://ir.ozone.ru/s3/multimedia-1-w/9859663904.jpg;https://ir.ozone.ru/s3/multimedia-1-p/11107422241.jpg;https://ir.ozone.ru/s3/multimedia-1-c/8999995980.jpg;https://ir.ozone.ru/s3/multimedia-1-i/9554218542.jpg;https://ir.ozone.ru/s3/multimedia-1-y/8984818690.jpg;https://ir.ozone.ru/s3/multimedia-1-d/8890069693.jpg,3557₽,7,10965₽,80,263,656,3.1,43%,13.1%,2165 g,18.6 L
312,"#тент_для_машины_от_солнца
(汽车防晒帐篷)","汽车罩
Чехол на автомобиль",https://ir.ozone.ru/s3/multimedia-1-z/7438935311.jpg;https://ir.ozone.ru/s3/multimedia-1-7/7438962247.jpg;https://ir.ozone.ru/s3/multimedia-1-2/7438942550.jpg;https://ir.ozone.ru/s3/multimedia-1-7/7438947883.jpg;https://ir.ozone.ru/s3/multimedia-1-2/7739449922.jpg;https://ir.ozone.ru/s3/multimedia-1-c/10342672824.jpg;https://ir.ozone.ru/s3/multimedia-1-v/7438941535.jpg,6554₽,7,38135₽,3,7,565,4.2,100%,7.3%,3237 g,19.3 L
313,#ЧехолДляМашины,"汽车罩
Чехол на автомобиль",https://ir.ozone.ru/s3/multimedia-1-u/10855994214.jpg;https://ir.ozone.ru/s3/multimedia-1-x/11532036273.jpg;https://ir.ozone.ru/s3/multimedia-1-j/10601595775.jpg;https://ir.ozone.ru/s3/multimedia-1-i/8447372730.jpg;https://ir.ozone.ru/s3/multimedia-1-f/11681616111.jpg;https://ir.ozone.ru/s3/multimedia-1-z/10452800807.jpg,924₽,7,11825₽,6,6,8,2.4,100%,9.5%,920 g,13.2 L
314,#чехолдляджипа,"汽车罩
Чехол на автомобиль",https://ir.ozone.ru/s3/multimedia-1-v/8899551427.jpg;https://ir.ozone.ru/s3/multimedia-1-0/8899579044.jpg;https://ir.ozone.ru/s3/multimedia-1-c/10495049484.jpg;https://ir.ozone.ru/s3/multimedia-1-0/8899579044.jpg;https://ir.ozone.ru/s3/multimedia-1-q/10477896794.jpg,3321₽,7,27804₽,3,5,111,2.8,100%,34.1%,980 g,16.5 L
315,#maxima_a32_94_00,"汽车罩
Чехол на автомобиль",https://ir.ozone.ru/s3/multimedia-1-1/8262099721.jpg,901₽,7,6256₽,1,1,3,5,100%,28.6%,432 g,12.2 L
316,#чехол_на_лобовоестекло,"汽车罩
Чехол на автомобиль",https://ir.ozone.ru/s3/multimedia-d/6030340957.jpg,223₽,7,1584₽,1,1,149,4.1,100%,0%,100 g,7.5 L
317,#чехолнакроссовер,"汽车罩
Чехол на автомобиль",https://ir.ozone.ru/s3/multimedia-1-v/8899551427.jpg;https://ir.ozone.ru/s3/multimedia-1-0/8899579044.jpg;https://ir.ozone.ru/s3/multimedia-1-c/11673303132.jpg;https://ir.ozone.ru/s3/multimedia-1-0/8899579044.jpg;https://ir.ozone.ru/s3/multimedia-1-i/8456736258.jpg,3006₽,7,28590₽,4,5,329,3.6,100%,27.3%,1720 g,11.5 L
318,#Аксессуар_для_авто,"汽车罩
Чехол на автомобиль",https://ir.ozone.ru/s3/multimedia-j/6870193075.jpg;https://ir.ozone.ru/s3/multimedia-1-8/7571791808.jpg;https://ir.ozone.ru/s3/multimedia-1-h/10058140601.jpg;https://ir.ozone.ru/s3/multimedia-1-u/7490152686.jpg;https://ir.ozone.ru/s3/multimedia-1-4/8802526756.jpg;https://ir.ozone.ru/s3/multimedia-1-z/10521749339.jpg;https://ir.ozone.ru/s3/multimedia-1-q/12376928078.jpg;https://ir.ozone.ru/s3/multimedia-1-s/11143140364.jpg;https://ir.ozone.ru/s3/multimedia-1-7/9890223739.jpg;https://ir.ozone.ru/s3/multimedia-1-6/11138974494.jpg,1657₽,7,12423₽,33,38,38,3.5,93%,15.7%,617 g,8 L
319,#автомобильнаяобивка,"汽车罩
Чехол на автомобиль",https://ir.ozone.ru/s3/multimedia-1-x/9029920893.jpg;https://ir.ozone.ru/s3/multimedia-1-2/9574570478.jpg;https://ir.ozone.ru/s3/multimedia-1-s/9422144740.jpg;https://ir.ozone.ru/s3/multimedia-1-w/11898430052.jpg;https://ir.ozone.ru/s3/multimedia-1-p/8721541897.jpg;https://ir.ozone.ru/s3/multimedia-1-o/10938664824.jpg;https://ir.ozone.ru/s3/multimedia-1-0/9241741584.jpg;https://ir.ozone.ru/s3/multimedia-1-e/10661134226.jpg;https://ir.ozone.ru/s3/multimedia-1-p/8721541897.jpg;https://ir.ozone.ru/s3/multimedia-1-a/9352383130.jpg,1599₽,7,8457₽,27,29,14,2.8,86%,15.1%,1699 g,11.6 L
320,#maxima_a32_95,"汽车罩
Чехол на автомобиль",https://ir.ozone.ru/s3/multimedia-1-1/8262099721.jpg,901₽,7,6256₽,1,1,3,5,100%,28.6%,432 g,12.2 L
321,#nissan_maxima_4_а_32,"汽车罩
Чехол на автомобиль",https://ir.ozone.ru/s3/multimedia-1-1/8262099721.jpg,901₽,7,6256₽,1,1,3,5,100%,28.6%,432 g,12.2 L
322,#nissan_maxima_a32_vq20de,"汽车罩
Чехол на автомобиль",https://ir.ozone.ru/s3/multimedia-1-1/8262099721.jpg,901₽,7,6256₽,1,1,3,5,100%,28.6%,432 g,12.2 L
323,#nissan_maxima_2_0,"汽车罩
Чехол на автомобиль",https://ir.ozone.ru/s3/multimedia-1-1/8262099721.jpg,901₽,7,6256₽,1,1,3,5,100%,28.6%,432 g,12.2 L
324,#чехолjetourdashing,"汽车罩
Чехол на автомобиль",https://ir.ozone.ru/s3/multimedia-1-8/11302720748.jpg;https://ir.ozone.ru/s3/multimedia-1-8/11302720748.jpg;https://ir.ozone.ru/s3/multimedia-1-n/8251633067.jpg,1674₽,7,12750₽,3,3,5,3.2,100%,12.8%,1533 g,14.6 L
325,"#чехол_на_джип
(吉普车罩)","汽车罩
Чехол на автомобиль",https://ir.ozone.ru/s3/multimedia-1-n/7651128335.jpg;https://ir.ozone.ru/s3/multimedia-1-a/7651129330.jpg;https://ir.ozone.ru/s3/multimedia-1-0/7651130472.jpg;https://ir.ozone.ru/s3/multimedia-1-a/7651132354.jpg;https://ir.ozone.ru/s3/multimedia-1-f/7651126635.jpg;https://ir.ozone.ru/s3/multimedia-1-w/7651131332.jpg;https://ir.ozone.ru/s3/multimedia-1-2/8396443154.jpg,3613₽,6,23331₽,3,7,445,4.7,100%,1.3%,2249 g,26 L
326,"#чехол_на_машину_от_дождя
(汽车防雨罩)","汽车罩
Чехол на автомобиль",https://ir.ozone.ru/s3/multimedia-1-n/7651128335.jpg;https://ir.ozone.ru/s3/multimedia-1-a/7651129330.jpg;https://ir.ozone.ru/s3/multimedia-1-0/7651130472.jpg;https://ir.ozone.ru/s3/multimedia-1-a/7651132354.jpg;https://ir.ozone.ru/s3/multimedia-1-f/7651126635.jpg;https://ir.ozone.ru/s3/multimedia-1-w/7651131332.jpg;https://ir.ozone.ru/s3/multimedia-1-v/7240970011.jpg,3731₽,6,23438₽,3,7,466,4.8,100%,1.3%,2297 g,27.1 L
327,"#тентавто
(汽车篷布)","汽车罩
Чехол на автомобиль",https://ir.ozone.ru/s3/multimedia-1-r/9644377887.jpg;https://ir.ozone.ru/s3/multimedia-1-3/9644367315.jpg;https://ir.ozone.ru/s3/multimedia-1-g/8003262832.jpg;https://ir.ozone.ru/s3/multimedia-1-1/7171061113.jpg;https://ir.ozone.ru/s3/multimedia-1-v/8899551427.jpg;https://ir.ozone.ru/s3/multimedia-1-f/9693474099.jpg;https://ir.ozone.ru/s3/multimedia-1-5/11740824401.jpg;https://ir.ozone.ru/s3/multimedia-1-n/11740908551.jpg;https://ir.ozone.ru/s3/multimedia-1-k/8899526144.jpg;https://ir.ozone.ru/s3/multimedia-1-f/9693474099.jpg,5882₽,6,28373₽,7,55,24,3.3,68%,17.3%,2203 g,5.4 L
328,"#тент_на_кузов
(车身帐篷)","汽车罩
Чехол на автомобиль",https://ir.ozone.ru/s3/multimedia-1-w/9644387180.jpg;https://ir.ozone.ru/s3/multimedia-1-r/9644377887.jpg;https://ir.ozone.ru/s3/multimedia-1-3/9644367315.jpg;https://ir.ozone.ru/s3/multimedia-1-z/9898587755.jpg;https://ir.ozone.ru/s3/multimedia-1-h/9900666053.jpg;https://ir.ozone.ru/s3/multimedia-1-a/9900823042.jpg;https://ir.ozone.ru/s3/multimedia-q/6895713878.jpg;https://ir.ozone.ru/s3/multimedia-q/6895713878.jpg;https://ir.ozone.ru/s3/multimedia-1-l/9898548501.jpg;https://ir.ozone.ru/s3/multimedia-1-z/9717427115.jpg,4456₽,6,22140₽,3,279,15,4,56%,14.8%,1448 g,20.6 L
329,"#тентавтомобильный
(汽车帐篷)","汽车罩
Чехол на автомобиль",https://ir.ozone.ru/s3/multimedia-1-p/12226165297.jpg;https://ir.ozone.ru/s3/multimedia-1-l/12888313005.jpg;https://ir.ozone.ru/s3/multimedia-1-g/8003262832.jpg;https://ir.ozone.ru/s3/multimedia-1-v/8899551427.jpg;https://ir.ozone.ru/s3/multimedia-1-n/11740908551.jpg;https://ir.ozone.ru/s3/multimedia-1-k/8899526144.jpg;https://ir.ozone.ru/s3/multimedia-1-h/11725160309.jpg;https://ir.ozone.ru/s3/multimedia-1-r/11467465407.jpg;https://ir.ozone.ru/s3/multimedia-1-0/8899579044.jpg;https://ir.ozone.ru/s3/multimedia-1-3/10265449251.jpg,3680₽,6,19621₽,19,78,36,2.7,78%,8.8%,2830 g,24.9 L
330,"#тентотградадляавтомобиля
(汽车防冰雹帐篷)","汽车罩
Чехол на автомобиль",https://ir.ozone.ru/s3/multimedia-1-e/7013886782.jpg;https://ir.ozone.ru/s3/multimedia-1-4/7911662188.jpg;https://ir.ozone.ru/s3/multimedia-1-9/7911642069.jpg;https://ir.ozone.ru/s3/multimedia-1-i/7911645714.jpg;https://ir.ozone.ru/s3/multimedia-1-k/7911669548.jpg;https://ir.ozone.ru/s3/multimedia-1-6/8279901150.jpg;https://ir.ozone.ru/s3/multimedia-1-4/8426387776.jpg;https://ir.ozone.ru/s3/multimedia-1-d/7911637609.jpg;https://ir.ozone.ru/s3/multimedia-1-g/10716264340.jpg;https://ir.ozone.ru/s3/multimedia-1-h/8112749957.jpg,3868₽,6,23498₽,13,20,179,3.8,92%,9.9%,3993 g,44 L
331,#укрывашка_на_машину,"汽车罩
Чехол на автомобиль",https://ir.ozone.ru/s3/multimedia-1-a/11134463158.jpg;https://ir.ozone.ru/s3/multimedia-1-4/12924483952.jpg;https://ir.ozone.ru/s3/multimedia-1-1/11441838169.jpg;https://ir.ozone.ru/s3/multimedia-1-i/10936362402.jpg;https://ir.ozone.ru/s3/multimedia-1-u/11427131226.jpg;https://ir.ozone.ru/s3/multimedia-1-y/8714659102.jpg;https://ir.ozone.ru/s3/multimedia-1-i/10936417014.jpg;https://ir.ozone.ru/s3/multimedia-1-j/10936379719.jpg;https://ir.ozone.ru/s3/multimedia-1-z/10844658611.jpg;https://ir.ozone.ru/s3/multimedia-1-p/11371293313.jpg,1804₽,6,9798₽,20,30,347,2.9,86%,17%,1479 g,17.8 L
332,"#тент_для_машины_зимний
(汽车冬季帐篷)","汽车罩
Чехол на автомобиль",https://ir.ozone.ru/s3/multimedia-1-o/7438949160.jpg;https://ir.ozone.ru/s3/multimedia-1-r/7438957371.jpg;https://ir.ozone.ru/s3/multimedia-1-3/7438946403.jpg;https://ir.ozone.ru/s3/multimedia-1-2/7438942550.jpg;https://ir.ozone.ru/s3/multimedia-1-o/7438938252.jpg;https://ir.ozone.ru/s3/multimedia-1-7/7438947883.jpg;https://ir.ozone.ru/s3/multimedia-1-f/7438952787.jpg;https://ir.ozone.ru/s3/multimedia-1-v/7438941535.jpg;https://ir.ozone.ru/s3/multimedia-1-0/7438932756.jpg;https://ir.ozone.ru/s3/multimedia-1-9/7656652665.jpg,5851₽,6,35971₽,3,12,698,4.9,99%,6.2%,2398 g,12.7 L
333,"#чехолнаавтомобильтент
(汽车帐篷罩)","汽车罩
Чехол на автомобиль",https://ir.ozone.ru/s3/multimedia-1-p/12226165297.jpg;https://ir.ozone.ru/s3/multimedia-1-l/12888313005.jpg;https://ir.ozone.ru/s3/multimedia-1-g/8003262832.jpg;https://ir.ozone.ru/s3/multimedia-1-v/8899551427.jpg;https://ir.ozone.ru/s3/multimedia-1-2/8218385210.jpg;https://ir.ozone.ru/s3/multimedia-1-k/8899526144.jpg;https://ir.ozone.ru/s3/multimedia-1-4/8006993500.jpg;https://ir.ozone.ru/s3/multimedia-1-r/11467465407.jpg;https://ir.ozone.ru/s3/multimedia-1-2/8306945750.jpg;https://ir.ozone.ru/s3/multimedia-1-8/8006913476.jpg,3345₽,6,19143₽,13,106,62,4.5,66%,14%,1485 g,19.9 L
334,"#Джили_Окаванго
(吉里·奥卡万戈)","汽车罩
Чехол на автомобиль",https://ir.ozone.ru/s3/multimedia-1-n/8417640263.jpg;https://ir.ozone.ru/s3/multimedia-1-m/9058916974.jpg;https://ir.ozone.ru/s3/multimedia-1-9/8462942397.jpg;https://ir.ozone.ru/s3/multimedia-1-f/8462940423.jpg;https://ir.ozone.ru/s3/multimedia-1-3/10683429051.jpg;https://ir.ozone.ru/s3/multimedia-1-t/8522323913.jpg;https://ir.ozone.ru/s3/multimedia-1-z/8522324279.jpg;https://ir.ozone.ru/s3/multimedia-1-q/8522324090.jpg,2007₽,6,16992₽,6,8,46,3,100%,2.4%,2124 g,10.3 L
335,#чехол_большой_тлк_200,"汽车罩
Чехол на автомобиль",https://ir.ozone.ru/s3/multimedia-1-6/8348402958.jpg;https://ir.ozone.ru/s3/multimedia-1-c/8348383704.jpg,6755₽,6,36021₽,1,2,42,4.9,100%,10%,3000 g,12 L
336,"#защитный_тент_на_автомобиль
(汽车防护帐篷)","汽车罩
Чехол на автомобиль",https://ir.ozone.ru/s3/multimedia-1-e/12687226430.jpg;https://ir.ozone.ru/s3/multimedia-1-l/9432481161.jpg;https://ir.ozone.ru/s3/multimedia-1-o/9432833568.jpg;https://ir.ozone.ru/s3/multimedia-1-1/9432642565.jpg;https://ir.ozone.ru/s3/multimedia-1-e/9433023170.jpg;https://ir.ozone.ru/s3/multimedia-1-n/9432814811.jpg;https://ir.ozone.ru/s3/multimedia-1-o/9432674556.jpg;https://ir.ozone.ru/s3/multimedia-1-o/9432688164.jpg;https://ir.ozone.ru/s3/multimedia-1-a/10249057486.jpg;https://ir.ozone.ru/s3/multimedia-1-w/9431197520.jpg,15668₽,6,35328₽,3,13,165,4.3,93%,30.4%,3338 g,164.2 L
337,#чехолнастекло,"汽车罩
Чехол на автомобиль",https://ir.ozone.ru/s3/multimedia-1-1/8917257241.jpg,248₽,6,1579₽,1,1,2,5,100%,20%,70 g,7.5 L
338,#чехолдляавтоотсолнца,"汽车罩
Чехол на автомобиль",https://ir.ozone.ru/s3/multimedia-1-2/7739449922.jpg,1992₽,6,11081₽,1,1,38,4.9,100%,20%,5100 g,42.4 L
339,#toyota_camry_чехол_для_авто,"汽车罩
Чехол на автомобиль",https://ir.ozone.ru/s3/multimedia-1-m/7256039962.jpg;https://ir.ozone.ru/s3/multimedia-1-r/7125841359.jpg,3157₽,6,17338₽,1,2,146,4.9,100%,12.5%,1500 g,5 L
340,#ВременноеУкрытие,"汽车罩
Чехол на автомобиль",https://ir.ozone.ru/s3/multimedia-1-8/8805752504.jpg;https://ir.ozone.ru/s3/multimedia-1-0/12338140176.jpg;https://ir.ozone.ru/s3/multimedia-1-u/10438978818.jpg;https://ir.ozone.ru/s3/multimedia-1-3/10438982175.jpg;https://ir.ozone.ru/s3/multimedia-1-e/10438978262.jpg,1210₽,6,2944₽,3,5,13,3.9,100%,1.3%,836 g,8.1 L
341,#машинный_тенг_,"汽车罩
Чехол на автомобиль",https://ir.ozone.ru/s3/multimedia-1-1/8373156769.jpg;https://ir.ozone.ru/s3/multimedia-1-1/8373156769.jpg;https://ir.ozone.ru/s3/multimedia-1-8/10426941332.jpg;https://ir.ozone.ru/s3/multimedia-1-h/10721933261.jpg,2273₽,6,13140₽,4,4,5,1.3,100%,31.8%,2275 g,22.6 L
342,#чехол_гаражного_хранения,"汽车罩
Чехол на автомобиль",https://ir.ozone.ru/s3/multimedia-1-n/7179230327.jpg,8149₽,6,48821₽,1,1,10,4.8,100%,60%,3000 g,11 L
343,#внедорожников_чехол_для_,"汽车罩
Чехол на автомобиль",https://ir.ozone.ru/s3/multimedia-1-l/8449090761.jpg;https://ir.ozone.ru/s3/multimedia-1-r/7527413007.jpg;https://ir.ozone.ru/s3/multimedia-1-r/8449088535.jpg;https://ir.ozone.ru/s3/multimedia-1-2/10451262098.jpg;https://ir.ozone.ru/s3/multimedia-1-m/7533313186.jpg;https://ir.ozone.ru/s3/multimedia-1-g/7527412996.jpg,3592₽,6,20786₽,5,6,14,3.3,100%,29.8%,4317 g,25.9 L
344,#Защитаавтомобиляотдождя,"汽车罩
Чехол на автомобиль",https://ir.ozone.ru/s3/multimedia-1-i/8492977206.jpg;https://ir.ozone.ru/s3/multimedia-1-1/8479617373.jpg;https://ir.ozone.ru/s3/multimedia-1-f/9385140687.jpg,201₽,6,1407₽,3,3,3,3,100%,4.8%,159 g,8.6 L
345,#антиграддляавто,"汽车罩
Чехол на автомобиль",https://ir.ozone.ru/s3/multimedia-1-v/9430820023.jpg;https://ir.ozone.ru/s3/multimedia-1-u/9439839138.jpg;https://ir.ozone.ru/s3/multimedia-1-b/9254358047.jpg;https://ir.ozone.ru/s3/multimedia-1-f/9315135699.jpg;https://ir.ozone.ru/s3/multimedia-1-9/9430719849.jpg;https://ir.ozone.ru/s3/multimedia-1-y/9261885058.jpg;https://ir.ozone.ru/s3/multimedia-1-i/9254342934.jpg;https://ir.ozone.ru/s3/multimedia-1-2/9410545550.jpg;https://ir.ozone.ru/s3/multimedia-1-v/9431027527.jpg;https://ir.ozone.ru/s3/multimedia-1-x/9694052061.jpg,8604₽,6,15789₽,21,50,137,3.9,57%,13.6%,2092 g,112.1 L
346,#ЗащитаОт,"汽车罩
Чехол на автомобиль",https://ir.ozone.ru/s3/multimedia-1-h/9603785717.jpg;https://ir.ozone.ru/s3/multimedia-1-u/10587440766.jpg;https://ir.ozone.ru/s3/multimedia-1-h/10388168441.jpg;https://ir.ozone.ru/s3/multimedia-1-k/9684035444.jpg;https://ir.ozone.ru/s3/multimedia-1-u/10888112766.jpg;https://ir.ozone.ru/s3/multimedia-1-a/11597296618.jpg;https://ir.ozone.ru/s3/multimedia-1-r/7996791411.jpg;https://ir.ozone.ru/s3/multimedia-1-r/7996791411.jpg;https://ir.ozone.ru/s3/multimedia-1-x/10755375837.jpg;https://ir.ozone.ru/s3/multimedia-1-4/8245808536.jpg,1918₽,6,10735₽,22,24,4,3.5,89%,6.6%,1996 g,37.9 L
347,#тентнадляавто,"汽车罩
Чехол на автомобиль",https://ir.ozone.ru/s3/multimedia-1-m/11671853098.jpg,1951₽,6,11558₽,1,1,2,4.5,100%,33.4%,4200 g,25 L
348,#чехолодождя,"汽车罩
Чехол на автомобиль",https://ir.ozone.ru/s3/multimedia-1-m/11671853098.jpg,1951₽,6,11558₽,1,1,2,4.5,100%,33.4%,4200 g,25 L
349,#тентxl,"汽车罩
Чехол на автомобиль",https://ir.ozone.ru/s3/multimedia-1-m/11671853098.jpg,1951₽,6,11558₽,1,1,2,4.5,100%,33.4%,4200 g,25 L
350,#495x190x150,"汽车罩
Чехол на автомобиль",https://ir.ozone.ru/s3/multimedia-1-m/11671853098.jpg,1951₽,6,11558₽,1,1,2,4.5,100%,33.4%,4200 g,25 L
351,#ЧехлыНаСветодиодныеБалки,"汽车罩
Чехол на автомобиль",https://ir.ozone.ru/s3/multimedia-1-i/7992252630.jpg;https://ir.ozone.ru/s3/multimedia-1-t/7992344117.jpg;https://ir.ozone.ru/s3/multimedia-1-i/7992252630.jpg;https://ir.ozone.ru/s3/multimedia-1-t/7992344117.jpg;https://ir.ozone.ru/s3/multimedia-1-i/7992252630.jpg;https://ir.ozone.ru/s3/multimedia-1-t/7992344117.jpg;https://ir.ozone.ru/s3/multimedia-1-i/7992252630.jpg;https://ir.ozone.ru/s3/multimedia-1-i/7992252630.jpg;https://ir.ozone.ru/s3/multimedia-1-t/7992344117.jpg;https://ir.ozone.ru/s3/multimedia-1-i/7992252630.jpg,574₽,6,3562₽,1,23,184,4.8,80%,8.1%,75 g,0.9 L
352,#черный_тент_на_уаз_31514,"汽车罩
Чехол на автомобиль",https://ir.ozone.ru/s3/multimedia-1-v/7704727303.jpg,9167₽,6,53643₽,1,1,11,5,100%,0%,9000 g,16.5 L
353,#купить_тент_черный_уаз_3151,"汽车罩
Чехол на автомобиль",https://ir.ozone.ru/s3/multimedia-1-v/7704727303.jpg,9167₽,6,53643₽,1,1,11,5,100%,0%,9000 g,16.5 L
354,#тент_черный_на_уаз_31512,"汽车罩
Чехол на автомобиль",https://ir.ozone.ru/s3/multimedia-1-v/7704727303.jpg,9167₽,6,53643₽,1,1,11,5,100%,0%,9000 g,16.5 L
355,#тент_уаз_3151_купить,"汽车罩
Чехол на автомобиль",https://ir.ozone.ru/s3/multimedia-1-v/7704727303.jpg,9167₽,6,53643₽,1,1,11,5,100%,0%,9000 g,16.5 L
356,#черный_тент_уаз_469,"汽车罩
Чехол на автомобиль",https://ir.ozone.ru/s3/multimedia-1-v/7704727303.jpg,9167₽,6,53643₽,1,1,11,5,100%,0%,9000 g,16.5 L
357,#тент_черный_уаз_469_купить,"汽车罩
Чехол на автомобиль",https://ir.ozone.ru/s3/multimedia-1-v/7704727303.jpg,9167₽,6,53643₽,1,1,11,5,100%,0%,9000 g,16.5 L
358,#belgee_x50_plus,"汽车罩
Чехол на автомобиль",https://ir.ozone.ru/s3/multimedia-1-4/11145028216.jpg;https://ir.ozone.ru/s3/multimedia-1-m/11144818282.jpg;https://ir.ozone.ru/s3/multimedia-1-a/9891496990.jpg;https://ir.ozone.ru/s3/multimedia-1-m/9891496966.jpg;https://ir.ozone.ru/s3/multimedia-1-k/9891497036.jpg;https://ir.ozone.ru/s3/multimedia-1-n/10621410287.jpg,3280₽,6,17075₽,3,6,5,4.1,100%,4%,2967 g,28.6 L
359,#отсолнцаотснега,"汽车罩
Чехол на автомобиль",https://ir.ozone.ru/s3/multimedia-1-y/8992724722.jpg;https://ir.ozone.ru/s3/multimedia-1-q/9014016842.jpg,347₽,6,2010₽,1,2,31,4.5,100%,30.6%,203 g,1.3 L
360,#чехолзащитныйот,"汽车罩
Чехол на автомобиль",https://ir.ozone.ru/s3/multimedia-1-y/8992724722.jpg;https://ir.ozone.ru/s3/multimedia-1-q/9014016842.jpg,347₽,6,2010₽,1,2,31,4.5,100%,30.6%,203 g,1.3 L
361,#ЧехолнаLadaGranta,"汽车罩
Чехол на автомобиль",https://ir.ozone.ru/s3/multimedia-1-u/10855994214.jpg;https://ir.ozone.ru/s3/multimedia-1-f/11577843519.jpg;https://ir.ozone.ru/s3/multimedia-1-x/11805077661.jpg,2576₽,6,16819₽,3,3,11,1.6,100%,42.9%,2450 g,20.5 L
362,#отморозков,"汽车罩
Чехол на автомобиль",https://ir.ozone.ru/s3/multimedia-1-1/8917257241.jpg,248₽,6,1579₽,1,1,2,5,100%,20%,70 g,7.5 L
363,"#тент_на_автомобиль_защитный
(汽车防护帐篷)","汽车罩
Чехол на автомобиль",https://ir.ozone.ru/s3/multimedia-1-n/7651128335.jpg;https://ir.ozone.ru/s3/multimedia-1-a/7651129330.jpg;https://ir.ozone.ru/s3/multimedia-1-0/7651130472.jpg;https://ir.ozone.ru/s3/multimedia-1-a/7651132354.jpg;https://ir.ozone.ru/s3/multimedia-1-i/10936417014.jpg;https://ir.ozone.ru/s3/multimedia-1-8/9493783928.jpg;https://ir.ozone.ru/s3/multimedia-1-h/8315786609.jpg;https://ir.ozone.ru/s3/multimedia-1-f/7651126635.jpg;https://ir.ozone.ru/s3/multimedia-1-6/10552390314.jpg;https://ir.ozone.ru/s3/multimedia-1-w/7651131332.jpg,3626₽,5,18512₽,6,10,429,3.8,100%,5.7%,2365 g,25.9 L
364,"#чехол_на_автомобиль_кроссовер
(跨界车汽车罩)","汽车罩
Чехол на автомобиль",https://ir.ozone.ru/s3/multimedia-1-n/7651128335.jpg;https://ir.ozone.ru/s3/multimedia-1-a/7651129330.jpg;https://ir.ozone.ru/s3/multimedia-1-0/7651130472.jpg;https://ir.ozone.ru/s3/multimedia-1-a/7651132354.jpg;https://ir.ozone.ru/s3/multimedia-1-8/9493783928.jpg;https://ir.ozone.ru/s3/multimedia-1-f/7651126635.jpg;https://ir.ozone.ru/s3/multimedia-1-n/11481124703.jpg;https://ir.ozone.ru/s3/multimedia-1-k/11626383908.jpg;https://ir.ozone.ru/s3/multimedia-1-w/7651131332.jpg;https://ir.ozone.ru/s3/multimedia-1-j/11557938763.jpg,3401₽,5,17722₽,5,10,314,3.3,100%,5%,2219 g,24.1 L
365,"#тентутепленный
(保温帐篷)","汽车罩
Чехол на автомобиль",https://ir.ozone.ru/s3/multimedia-1-5/11740824401.jpg;https://ir.ozone.ru/s3/multimedia-1-5/11740824401.jpg;https://ir.ozone.ru/s3/multimedia-1-n/11740908551.jpg,13523₽,5,64941₽,1,3,22,4.8,100%,6.7%,6000 g,49 L
366,"#geely_atlas_чехол_для_авто
(吉利Atlas汽车套)","汽车罩
Чехол на автомобиль",https://ir.ozone.ru/s3/multimedia-1-8/8284607288.jpg;https://ir.ozone.ru/s3/multimedia-x/6897781149.jpg;https://ir.ozone.ru/s3/multimedia-g/6898837876.jpg,3709₽,5,19915₽,2,3,681,4.9,100%,3.3%,2933 g,14.3 L
367,"#Автомобильныйзащитныйчехол
(汽车防护套)","汽车罩
Чехол на автомобиль",https://ir.ozone.ru/s3/multimedia-1-m/8891176414.jpg;https://ir.ozone.ru/s3/multimedia-1-f/8891163879.jpg;https://ir.ozone.ru/s3/multimedia-1-o/8854969200.jpg;https://ir.ozone.ru/s3/multimedia-1-5/8890879001.jpg;https://ir.ozone.ru/s3/multimedia-1-4/8890939012.jpg,3173₽,5,14897₽,1,5,9,4.5,100%,5.1%,4520 g,40.1 L
368,#тент_чехол_для_автомобиля,"汽车罩
Чехол на автомобиль",https://ir.ozone.ru/s3/multimedia-1-a/11134463158.jpg;https://ir.ozone.ru/s3/multimedia-1-4/12924483952.jpg;https://ir.ozone.ru/s3/multimedia-1-1/11441838169.jpg;https://ir.ozone.ru/s3/multimedia-1-i/10936362402.jpg;https://ir.ozone.ru/s3/multimedia-1-7/7270274527.jpg;https://ir.ozone.ru/s3/multimedia-1-u/11427131226.jpg;https://ir.ozone.ru/s3/multimedia-1-y/8714659102.jpg;https://ir.ozone.ru/s3/multimedia-1-6/7270315134.jpg;https://ir.ozone.ru/s3/multimedia-1-m/7826556406.jpg;https://ir.ozone.ru/s3/multimedia-1-l/7306935285.jpg,2528₽,5,9225₽,22,38,295,3.2,77%,14.8%,1493 g,16.2 L
369,#защита_от_грязи_и_насекомых,"汽车罩
Чехол на автомобиль",https://ir.ozone.ru/s3/multimedia-1-n/8112625691.jpg;https://ir.ozone.ru/s3/multimedia-1-i/7992252630.jpg;https://ir.ozone.ru/s3/multimedia-1-t/7992344117.jpg;https://ir.ozone.ru/s3/multimedia-1-i/7992252630.jpg;https://ir.ozone.ru/s3/multimedia-1-t/7992344117.jpg;https://ir.ozone.ru/s3/multimedia-1-n/8112625691.jpg;https://ir.ozone.ru/s3/multimedia-1-n/8112625691.jpg;https://ir.ozone.ru/s3/multimedia-1-i/7992252630.jpg;https://ir.ozone.ru/s3/multimedia-1-n/8112625691.jpg;https://ir.ozone.ru/s3/multimedia-1-t/7992344117.jpg,1717₽,5,4117₽,2,32,249,4.6,61%,6.3%,618 g,6.5 L
370,"#Защитаотдождяиснега
(防雨防雪保护)","汽车罩
Чехол на автомобиль",https://ir.ozone.ru/s3/multimedia-1-m/9629766166.jpg;https://ir.ozone.ru/s3/multimedia-1-4/9495912748.jpg;https://ir.ozone.ru/s3/multimedia-1-v/9148869463.jpg;https://ir.ozone.ru/s3/multimedia-1-n/9148870031.jpg;https://ir.ozone.ru/s3/multimedia-1-w/11230985660.jpg;https://ir.ozone.ru/s3/multimedia-1-5/8152895561.jpg;https://ir.ozone.ru/s3/multimedia-1-q/9149126102.jpg;https://ir.ozone.ru/s3/multimedia-1-t/9149126681.jpg;https://ir.ozone.ru/s3/multimedia-1-k/9149127860.jpg;https://ir.ozone.ru/s3/multimedia-1-8/9149126300.jpg,2904₽,5,6886₽,33,54,24,2.9,64%,24.9%,2339 g,23.5 L
371,"#тент_на_хэтчбек
(两厢车帐篷)","汽车罩
Чехол на автомобиль",https://ir.ozone.ru/s3/multimedia-1-a/6954219010.jpg;https://ir.ozone.ru/s3/multimedia-1-t/7295949749.jpg,1829₽,5,8523₽,1,2,43,4.9,100%,35%,2630 g,9.2 L
372,"#тент_на_седан
(轿车车衣)","汽车罩
Чехол на автомобиль",https://ir.ozone.ru/s3/multimedia-1-a/6954219010.jpg;https://ir.ozone.ru/s3/multimedia-1-t/7295949749.jpg,1829₽,5,8523₽,1,2,43,4.9,100%,35%,2630 g,9.2 L
373,"#bmw_x5_чехол_для_авто
(宝马X5汽车座套)","汽车罩
Чехол на автомобиль",https://ir.ozone.ru/s3/multimedia-1-g/7224239500.jpg,3163₽,5,15750₽,1,1,500,5,100%,0%,1750 g,6 L
374,"#ТентнаУАЗфермер
(UAZ农夫车帐篷)","汽车罩
Чехол на автомобиль",https://ir.ozone.ru/s3/multimedia-1-m/8891176414.jpg;https://ir.ozone.ru/s3/multimedia-1-f/8891163879.jpg;https://ir.ozone.ru/s3/multimedia-1-o/8854969200.jpg;https://ir.ozone.ru/s3/multimedia-1-5/8890879001.jpg;https://ir.ozone.ru/s3/multimedia-1-4/8890939012.jpg,3173₽,5,14897₽,1,5,9,4.5,100%,5.1%,4520 g,40.1 L
375,"#ТентдляVeSta
(用于VeSta的帐篷)","汽车罩
Чехол на автомобиль",https://ir.ozone.ru/s3/multimedia-1-m/8891176414.jpg;https://ir.ozone.ru/s3/multimedia-1-f/8891163879.jpg;https://ir.ozone.ru/s3/multimedia-1-o/8854969200.jpg;https://ir.ozone.ru/s3/multimedia-1-5/8890879001.jpg;https://ir.ozone.ru/s3/multimedia-1-4/8890939012.jpg,3173₽,5,14897₽,1,5,9,4.5,100%,5.1%,4520 g,40.1 L
376,"#Пылезащитныйзащитныйчехол
(防尘保护套)","汽车罩
Чехол на автомобиль",https://ir.ozone.ru/s3/multimedia-1-i/8492977206.jpg;https://ir.ozone.ru/s3/multimedia-1-2/8126035274.jpg;https://ir.ozone.ru/s3/multimedia-1-1/7822986589.jpg;https://ir.ozone.ru/s3/multimedia-1-f/9385140687.jpg,276₽,5,1180₽,4,4,3,2.4,100%,3.6%,245 g,6.1 L
377,#тентчехолнаавтомобильхэтчбек,"汽车罩
Чехол на автомобиль",https://ir.ozone.ru/s3/multimedia-1-5/11740824401.jpg,13793₽,5,70620₽,1,1,22,4.8,100%,20%,6000 g,60 L
378,#тентчехолнаавтомобильседан,"汽车罩
Чехол на автомобиль",https://ir.ozone.ru/s3/multimedia-1-5/11740824401.jpg;https://ir.ozone.ru/s3/multimedia-1-5/11740824401.jpg,13405₽,5,69493₽,1,2,22,4.8,100%,10%,6000 g,60 L
379,#тентчехолнаавтомобильотграда,"汽车罩
Чехол на автомобиль",https://ir.ozone.ru/s3/multimedia-1-5/11740824401.jpg;https://ir.ozone.ru/s3/multimedia-1-5/11740824401.jpg,13405₽,5,69493₽,1,2,22,4.8,100%,10%,6000 g,60 L
380,#тентчехолнаавтомобильотсолнца,"汽车罩
Чехол на автомобиль",https://ir.ozone.ru/s3/multimedia-1-5/11740824401.jpg;https://ir.ozone.ru/s3/multimedia-1-5/11740824401.jpg;https://ir.ozone.ru/s3/multimedia-1-2/7739449922.jpg,9601₽,5,50022₽,2,3,27,4.8,100%,13.3%,5700 g,54.1 L
381,#тентнаташа,"汽车罩
Чехол на автомобиль",https://ir.ozone.ru/s3/multimedia-1-5/11740824401.jpg;https://ir.ozone.ru/s3/multimedia-1-5/11740824401.jpg;https://ir.ozone.ru/s3/multimedia-1-n/11740908551.jpg,13523₽,5,64941₽,1,3,22,4.8,100%,6.7%,6000 g,49 L
382,"#чехол_с_креплением
(带固定装置的套)","汽车罩
Чехол на автомобиль",https://ir.ozone.ru/s3/multimedia-1-1/8373156769.jpg;https://ir.ozone.ru/s3/multimedia-1-h/9400572809.jpg;https://ir.ozone.ru/s3/multimedia-1-m/9099717214.jpg;https://ir.ozone.ru/s3/multimedia-1-1/8373156769.jpg;https://ir.ozone.ru/s3/multimedia-1-f/9653311887.jpg;https://ir.ozone.ru/s3/multimedia-1-2/9255388574.jpg;https://ir.ozone.ru/s3/multimedia-1-1/10542389977.jpg;https://ir.ozone.ru/s3/multimedia-1-8/9381835556.jpg;https://ir.ozone.ru/s3/multimedia-1-j/8236478251.jpg;https://ir.ozone.ru/s3/multimedia-1-8/10426941332.jpg,545₽,5,2118₽,34,58,23,3.4,78%,11.6%,248 g,3.2 L
383,#тентчехолнаснегоход,"汽车罩
Чехол на автомобиль",https://ir.ozone.ru/s3/multimedia-1-5/11740824401.jpg,13793₽,5,70620₽,1,1,22,4.8,100%,20%,6000 g,60 L
384,#тентчехолналодкухантер,"汽车罩
Чехол на автомобиль",https://ir.ozone.ru/s3/multimedia-1-5/11740824401.jpg;https://ir.ozone.ru/s3/multimedia-1-5/11740824401.jpg,13405₽,5,69493₽,1,2,22,4.8,100%,10%,6000 g,60 L
385,#тентзималето,"汽车罩
Чехол на автомобиль",https://ir.ozone.ru/s3/multimedia-1-5/11740824401.jpg;https://ir.ozone.ru/s3/multimedia-1-5/11740824401.jpg;https://ir.ozone.ru/s3/multimedia-1-n/11740908551.jpg,13523₽,5,64941₽,1,3,22,4.8,100%,6.7%,6000 g,49 L
386,#lexus_gx_чехол_для_авто,"汽车罩
Чехол на автомобиль",https://ir.ozone.ru/s3/multimedia-1-e/7214617202.jpg,3162₽,5,15760₽,1,1,438,4.8,100%,40%,1750 g,6 L
387,"#ТентнаУАЗ
(乌阿斯帐篷)","汽车罩
Чехол на автомобиль",https://ir.ozone.ru/s3/multimedia-1-m/8891176414.jpg;https://ir.ozone.ru/s3/multimedia-1-f/8891163879.jpg;https://ir.ozone.ru/s3/multimedia-1-o/8854969200.jpg;https://ir.ozone.ru/s3/multimedia-1-5/8890879001.jpg;https://ir.ozone.ru/s3/multimedia-1-4/8890939012.jpg,3173₽,5,14897₽,1,5,9,4.5,100%,5.1%,4520 g,40.1 L
388,#тент_на_машину_lexus_lx570,"汽车罩
Чехол на автомобиль",https://ir.ozone.ru/s3/multimedia-1-2/7217311574.jpg,6511₽,5,33252₽,1,1,11,4.8,100%,0%,4500 g,180 L
389,"#haval_jolion_чехол_для_авто
(哈弗Jolion汽车套)","汽车罩
Чехол на автомобиль",https://ir.ozone.ru/s3/multimedia-a/6895097038.jpg;https://ir.ozone.ru/s3/multimedia-0/6896206548.jpg;https://ir.ozone.ru/s3/multimedia-a/6895097038.jpg;https://ir.ozone.ru/s3/multimedia-1-9/7339834305.jpg,3928₽,5,20301₽,3,4,104,5,100%,3.9%,3013 g,16.2 L
390,#bmw_x6_чехол_для_авто,"汽车罩
Чехол на автомобиль",https://ir.ozone.ru/s3/multimedia-1-z/7221478319.jpg;https://ir.ozone.ru/s3/multimedia-1-g/10051196524.jpg;https://ir.ozone.ru/s3/multimedia-1-c/7062205368.jpg,3522₽,5,16527₽,2,3,377,5,100%,12.1%,1967 g,9.9 L
391,"#тентдлявнедорожника
(越野车帐篷)","汽车罩
Чехол на автомобиль",https://ir.ozone.ru/s3/multimedia-1-z/9693487007.jpg;https://ir.ozone.ru/s3/multimedia-1-f/9693474099.jpg;https://ir.ozone.ru/s3/multimedia-1-f/9693474099.jpg;https://ir.ozone.ru/s3/multimedia-1-f/9693474099.jpg;https://ir.ozone.ru/s3/multimedia-1-z/9693487007.jpg;https://ir.ozone.ru/s3/multimedia-1-z/9693487007.jpg;https://ir.ozone.ru/s3/multimedia-1-f/9693474099.jpg;https://ir.ozone.ru/s3/multimedia-1-z/9693487007.jpg;https://ir.ozone.ru/s3/multimedia-1-f/9693474099.jpg;https://ir.ozone.ru/s3/multimedia-1-f/9693474099.jpg,5208₽,5,24580₽,6,31,4,3.8,75%,15.3%,2000 g,2.5 L
392,#защита_на_лобовое_стекло,"汽车罩
Чехол на автомобиль",https://ir.ozone.ru/s3/multimedia-1-8/8351244692.jpg;https://ir.ozone.ru/s3/multimedia-1-c/8356417284.jpg;https://ir.ozone.ru/s3/multimedia-1-f/9720651579.jpg;https://ir.ozone.ru/s3/multimedia-1-s/7551684424.jpg;https://ir.ozone.ru/s3/multimedia-1-4/7551683104.jpg;https://ir.ozone.ru/s3/multimedia-1-c/7592376180.jpg;https://ir.ozone.ru/s3/multimedia-1-e/11128071398.jpg;https://ir.ozone.ru/s3/multimedia-1-s/7551684424.jpg;https://ir.ozone.ru/s3/multimedia-1-s/7551684424.jpg;https://ir.ozone.ru/s3/multimedia-1-c/7592376180.jpg,348₽,5,1007₽,11,12,7,3.6,94%,0%,448 g,11.5 L
393,"#jetour_t2_тент_чехол_для_авто
(捷途T2 汽车帐篷罩)","汽车罩
Чехол на автомобиль",https://ir.ozone.ru/s3/multimedia-1-2/7161862970.jpg,4449₽,5,21438₽,1,1,33,5,100%,0%,3600 g,19.7 L
394,#granta_liftback,"汽车罩
Чехол на автомобиль",https://ir.ozone.ru/s3/multimedia-1-9/9312166701.jpg;https://ir.ozone.ru/s3/multimedia-1-w/10110732440.jpg;https://ir.ozone.ru/s3/multimedia-1-y/10110732226.jpg;https://ir.ozone.ru/s3/multimedia-1-u/9402677958.jpg;https://ir.ozone.ru/s3/multimedia-1-a/9312166666.jpg,2378₽,5,5251₽,4,5,186,2.9,100%,4.8%,2600 g,21.3 L
395,#bmw_3_series_чехол_для_авто,"汽车罩
Чехол на автомобиль",https://ir.ozone.ru/s3/multimedia-1-i/7044185790.jpg,4369₽,5,22040₽,1,1,1485,4.9,100%,0%,3200 g,19.3 L
396,#защит_от_снега,"汽车罩
Чехол на автомобиль",https://ir.ozone.ru/s3/multimedia-1-6/9991675086.jpg;https://ir.ozone.ru/s3/multimedia-1-o/8894965596.jpg;https://ir.ozone.ru/s3/multimedia-1-l/9991685469.jpg;https://ir.ozone.ru/s3/multimedia-1-3/8720446287.jpg;https://ir.ozone.ru/s3/multimedia-1-2/8720446178.jpg;https://ir.ozone.ru/s3/multimedia-1-q/8592875558.jpg;https://ir.ozone.ru/s3/multimedia-1-u/9053535018.jpg,540₽,5,2683₽,5,7,116,3.4,100%,16.7%,339 g,6.7 L
397,#чехолдлявнедорожника,"汽车罩
Чехол на автомобиль",https://ir.ozone.ru/s3/multimedia-1-v/8899551427.jpg;https://ir.ozone.ru/s3/multimedia-1-0/8899579044.jpg;https://ir.ozone.ru/s3/multimedia-1-s/10956080188.jpg;https://ir.ozone.ru/s3/multimedia-1-c/10495049484.jpg;https://ir.ozone.ru/s3/multimedia-1-m/7211134606.jpg;https://ir.ozone.ru/s3/multimedia-1-0/8899579044.jpg;https://ir.ozone.ru/s3/multimedia-1-f/8805562467.jpg;https://ir.ozone.ru/s3/multimedia-1-q/10477896794.jpg,5964₽,5,21288₽,6,8,73,2.3,100%,34.1%,1799 g,19.5 L
398,#ТентдляLadaGranta,"汽车罩
Чехол на автомобиль",https://ir.ozone.ru/s3/multimedia-1-u/10855994214.jpg;https://ir.ozone.ru/s3/multimedia-1-f/11577843519.jpg;https://ir.ozone.ru/s3/multimedia-1-x/11805077661.jpg;https://ir.ozone.ru/s3/multimedia-1-x/10881754413.jpg,2528₽,5,13213₽,4,4,8,1.2,100%,42.9%,2193 g,19.1 L
399,#Чехолнаавто,"汽车罩
Чехол на автомобиль",https://ir.ozone.ru/s3/multimedia-1-u/10855994214.jpg;https://ir.ozone.ru/s3/multimedia-1-f/11577843519.jpg;https://ir.ozone.ru/s3/multimedia-1-x/11805077661.jpg;https://ir.ozone.ru/s3/multimedia-1-x/10881754413.jpg,2528₽,5,13213₽,4,4,8,1.2,100%,42.9%,2193 g,19.1 L
400,#Всесезонныйтент,"汽车罩
Чехол на автомобиль",https://ir.ozone.ru/s3/multimedia-1-u/10855994214.jpg;https://ir.ozone.ru/s3/multimedia-1-f/11577843519.jpg;https://ir.ozone.ru/s3/multimedia-1-x/11805077661.jpg;https://ir.ozone.ru/s3/multimedia-1-x/10881754413.jpg,2528₽,5,13213₽,4,4,8,1.2,100%,42.9%,2193 g,19.1 L
401,#Плотныйтент,"汽车罩
Чехол на автомобиль",https://ir.ozone.ru/s3/multimedia-1-u/10855994214.jpg;https://ir.ozone.ru/s3/multimedia-1-f/11577843519.jpg;https://ir.ozone.ru/s3/multimedia-1-x/11805077661.jpg;https://ir.ozone.ru/s3/multimedia-1-x/10881754413.jpg,2528₽,5,13213₽,4,4,8,1.2,100%,42.9%,2193 g,19.1 L
402,#чехол_на_погрузчик_вилочный,"汽车罩
Чехол на автомобиль",https://ir.ozone.ru/s3/multimedia-1-a/8400344554.jpg;https://ir.ozone.ru/s3/multimedia-1-p/8400344785.jpg;https://ir.ozone.ru/s3/multimedia-1-f/8173214079.jpg;https://ir.ozone.ru/s3/multimedia-1-v/8334237415.jpg;https://ir.ozone.ru/s3/multimedia-1-m/8322599722.jpg,7518₽,5,46960₽,3,5,6,5,100%,0%,3410 g,21.5 L
403,#чехолgranta,"汽车罩
Чехол на автомобиль",https://ir.ozone.ru/s3/multimedia-1-8/9972464912.jpg;https://ir.ozone.ru/s3/multimedia-1-9/10542417741.jpg;https://ir.ozone.ru/s3/multimedia-1-i/10479036258.jpg,2453₽,5,12682₽,3,3,1,3.2,100%,0%,2200 g,15.8 L
404,#чехолдождьиснег,"汽车罩
Чехол на автомобиль",https://ir.ozone.ru/s3/multimedia-1-8/9972464912.jpg;https://ir.ozone.ru/s3/multimedia-1-9/10542417741.jpg;https://ir.ozone.ru/s3/multimedia-1-i/10479036258.jpg,2453₽,5,12682₽,3,3,1,3.2,100%,0%,2200 g,15.8 L
405,#Уличнаяпарковка,"汽车罩
Чехол на автомобиль",https://ir.ozone.ru/s3/multimedia-1-u/10855994214.jpg;https://ir.ozone.ru/s3/multimedia-1-x/10881754413.jpg;https://ir.ozone.ru/s3/multimedia-1-a/8776910926.jpg,2024₽,5,14000₽,3,3,12,3.1,100%,28.6%,1347 g,14.3 L
406,#зимний_чехол_для_седана,"汽车罩
Чехол на автомобиль",https://ir.ozone.ru/s3/multimedia-1-h/11725160309.jpg;https://ir.ozone.ru/s3/multimedia-1-4/8909906512.jpg,7927₽,5,26289₽,1,2,0,0,100%,14.3%,6116 g,129 L
407,#утеплённый_авто_чехол,"汽车罩
Чехол на автомобиль",https://ir.ozone.ru/s3/multimedia-1-h/11725160309.jpg;https://ir.ozone.ru/s3/multimedia-1-4/8909906512.jpg,7927₽,5,26289₽,1,2,0,0,100%,14.3%,6116 g,129 L
408,#серебристый_авто_чех,"汽车罩
Чехол на автомобиль",https://ir.ozone.ru/s3/multimedia-1-h/11725160309.jpg;https://ir.ozone.ru/s3/multimedia-1-4/8909906512.jpg,7927₽,5,26289₽,1,2,0,0,100%,14.3%,6116 g,129 L
409,#чехлынафары,"汽车罩
Чехол на автомобиль",https://ir.ozone.ru/s3/multimedia-1-v/10229329579.jpg;https://ir.ozone.ru/s3/multimedia-1-i/7992252630.jpg;https://ir.ozone.ru/s3/multimedia-1-t/7992344117.jpg;https://ir.ozone.ru/s3/multimedia-1-4/10452970516.jpg;https://ir.ozone.ru/s3/multimedia-1-i/7992252630.jpg;https://ir.ozone.ru/s3/multimedia-1-t/7992344117.jpg;https://ir.ozone.ru/s3/multimedia-1-u/9993130518.jpg;https://ir.ozone.ru/s3/multimedia-1-i/7992252630.jpg;https://ir.ozone.ru/s3/multimedia-1-o/10393959120.jpg;https://ir.ozone.ru/s3/multimedia-1-t/7992344117.jpg,1426₽,5,4225₽,7,32,132,3.9,63%,9.9%,550 g,4.1 L
410,#чехолавтомобильноготента,"汽车罩
Чехол на автомобиль",https://ir.ozone.ru/s3/multimedia-1-5/11740824401.jpg,13017₽,5,68365₽,1,1,22,4.8,100%,0%,6000 g,60 L
411,"#автомобильный_тент
(汽车帐篷)","汽车罩
Чехол на автомобиль",https://ir.ozone.ru/s3/multimedia-1-w/10045095224.jpg;https://ir.ozone.ru/s3/multimedia-1-4/9870034540.jpg;https://ir.ozone.ru/s3/multimedia-1-n/7651128335.jpg;https://ir.ozone.ru/s3/multimedia-1-a/7651129330.jpg;https://ir.ozone.ru/s3/multimedia-1-n/10325608367.jpg;https://ir.ozone.ru/s3/multimedia-1-b/9671341043.jpg;https://ir.ozone.ru/s3/multimedia-1-9/10901275497.jpg;https://ir.ozone.ru/s3/multimedia-1-5/7036110257.jpg;https://ir.ozone.ru/s3/multimedia-1-1/7082557345.jpg;https://ir.ozone.ru/s3/multimedia-1-s/11709296164.jpg,3351₽,4,12614₽,42,88,146,3.5,57%,21.9%,2131 g,15.3 L
412,"#чехол_на_машину_от_снега
(汽车防雪罩)","汽车罩
Чехол на автомобиль",https://ir.ozone.ru/s3/multimedia-1-r/7438957371.jpg;https://ir.ozone.ru/s3/multimedia-1-n/7651128335.jpg;https://ir.ozone.ru/s3/multimedia-1-a/7651129330.jpg;https://ir.ozone.ru/s3/multimedia-1-n/7570533371.jpg;https://ir.ozone.ru/s3/multimedia-1-0/7570534068.jpg;https://ir.ozone.ru/s3/multimedia-1-c/7570533360.jpg;https://ir.ozone.ru/s3/multimedia-1-0/7651130472.jpg;https://ir.ozone.ru/s3/multimedia-1-9/7570535229.jpg;https://ir.ozone.ru/s3/multimedia-1-2/7570515170.jpg;https://ir.ozone.ru/s3/multimedia-1-6/7570533498.jpg,3460₽,4,15116₽,8,33,283,4.6,78%,17.6%,1465 g,14.8 L
413,"#Антистарение
(抗衰老)","汽车罩
Чехол на автомобиль",https://ir.ozone.ru/s3/multimedia-1-d/9124066561.jpg;https://ir.ozone.ru/s3/multimedia-1-x/8729047725.jpg;https://ir.ozone.ru/s3/multimedia-1-a/8815464658.jpg;https://ir.ozone.ru/s3/multimedia-1-u/8815465146.jpg;https://ir.ozone.ru/s3/multimedia-1-4/8924546848.jpg;https://ir.ozone.ru/s3/multimedia-1-e/10343021342.jpg;https://ir.ozone.ru/s3/multimedia-1-u/8717376342.jpg;https://ir.ozone.ru/s3/multimedia-1-m/7551681430.jpg;https://ir.ozone.ru/s3/multimedia-1-f/8653462323.jpg;https://ir.ozone.ru/s3/multimedia-1-9/7704758025.jpg,2212₽,4,4894₽,12,16,24,3.6,95%,20.5%,885 g,5.3 L
414,"#тентдляавтомобилязимний
(汽车冬季帐篷)","汽车罩
Чехол на автомобиль",https://ir.ozone.ru/s3/multimedia-1-w/9644387180.jpg;https://ir.ozone.ru/s3/multimedia-1-r/9644377887.jpg;https://ir.ozone.ru/s3/multimedia-1-3/9644367315.jpg;https://ir.ozone.ru/s3/multimedia-1-p/9927252241.jpg;https://ir.ozone.ru/s3/multimedia-1-4/7911662188.jpg;https://ir.ozone.ru/s3/multimedia-1-u/9927252390.jpg;https://ir.ozone.ru/s3/multimedia-1-e/8240187614.jpg;https://ir.ozone.ru/s3/multimedia-1-i/8307279018.jpg;https://ir.ozone.ru/s3/multimedia-1-9/7911642069.jpg;https://ir.ozone.ru/s3/multimedia-1-c/8086270044.jpg,5157₽,4,16160₽,35,115,103,4,58%,9.8%,5215 g,33.6 L
415,"#портативныйгараждляавтомобиля
(便携式汽车车库)","汽车罩
Чехол на автомобиль",https://ir.ozone.ru/s3/multimedia-1-j/8086251835.jpg;https://ir.ozone.ru/s3/multimedia-1-b/8086253555.jpg;https://ir.ozone.ru/s3/multimedia-1-4/7911662188.jpg;https://ir.ozone.ru/s3/multimedia-1-h/8474898833.jpg;https://ir.ozone.ru/s3/multimedia-1-y/8086250086.jpg;https://ir.ozone.ru/s3/multimedia-1-9/7911642069.jpg;https://ir.ozone.ru/s3/multimedia-1-i/7911645714.jpg;https://ir.ozone.ru/s3/multimedia-1-k/7911669548.jpg;https://ir.ozone.ru/s3/multimedia-1-d/11567514901.jpg;https://ir.ozone.ru/s3/multimedia-1-1/8086268341.jpg,3937₽,4,13575₽,23,52,76,3.9,67%,17.1%,4396 g,49.8 L
416,"#тёплыйгараждляавтомобиля
(汽车暖车库)","汽车罩
Чехол на автомобиль",https://ir.ozone.ru/s3/multimedia-1-j/8086251835.jpg;https://ir.ozone.ru/s3/multimedia-1-b/8086253555.jpg;https://ir.ozone.ru/s3/multimedia-1-4/7911662188.jpg;https://ir.ozone.ru/s3/multimedia-1-h/8474898833.jpg;https://ir.ozone.ru/s3/multimedia-1-y/8086250086.jpg;https://ir.ozone.ru/s3/multimedia-1-9/7911642069.jpg;https://ir.ozone.ru/s3/multimedia-1-i/7911645714.jpg;https://ir.ozone.ru/s3/multimedia-1-k/7911669548.jpg;https://ir.ozone.ru/s3/multimedia-1-d/11567514901.jpg;https://ir.ozone.ru/s3/multimedia-1-1/8086268341.jpg,3933₽,4,13392₽,24,53,75,3.9,67%,17.1%,4362 g,49.6 L
417,"#тент_8_люверсов
(带8个通风窗的篷)","汽车罩
Чехол на автомобиль",https://ir.ozone.ru/s3/multimedia-1-b/7502993039.jpg;https://ir.ozone.ru/s3/multimedia-j/6636338047.jpg;https://ir.ozone.ru/s3/multimedia-j/6636338047.jpg;https://ir.ozone.ru/s3/multimedia-1-v/9387881383.jpg;https://ir.ozone.ru/s3/multimedia-1-1/10128262825.jpg;https://ir.ozone.ru/s3/multimedia-1-m/7139018254.jpg,11085₽,4,42672₽,4,6,32,2.3,100%,0%,11750 g,58.6 L
418,"#чехлы_со_скидкой
(打折的保护套)","汽车罩
Чехол на автомобиль",https://ir.ozone.ru/s3/multimedia-1-e/8525757506.jpg;https://ir.ozone.ru/s3/multimedia-1-3/7581010431.jpg;https://ir.ozone.ru/s3/multimedia-1-2/7038419006.jpg;https://ir.ozone.ru/s3/multimedia-1-e/7038215186.jpg;https://ir.ozone.ru/s3/multimedia-1-d/7039159573.jpg;https://ir.ozone.ru/s3/multimedia-h/6559768121.jpg;https://ir.ozone.ru/s3/multimedia-n/6559773923.jpg;https://ir.ozone.ru/s3/multimedia-1-e/7038215186.jpg;https://ir.ozone.ru/s3/multimedia-1-d/7039159573.jpg;https://ir.ozone.ru/s3/multimedia-1-e/7038215186.jpg,2710₽,4,8464₽,5,20,3101,4.3,77%,11%,1333 g,6.7 L
419,"#тент_защитный_на_машин
(汽车防护帐篷)","汽车罩
Чехол на автомобиль",https://ir.ozone.ru/s3/multimedia-h/6559768121.jpg;https://ir.ozone.ru/s3/multimedia-n/6559773923.jpg,2488₽,4,9306₽,1,2,121,4.9,100%,25%,1050 g,6.8 L
420,"#защитный_чехол_для_автомобиля
(汽车防护套)","汽车罩
Чехол на автомобиль",https://ir.ozone.ru/s3/multimedia-1-b/8714337779.jpg;https://ir.ozone.ru/s3/multimedia-1-s/7051962088.jpg;https://ir.ozone.ru/s3/multimedia-1-n/7152518291.jpg;https://ir.ozone.ru/s3/multimedia-1-i/7152516018.jpg;https://ir.ozone.ru/s3/multimedia-1-7/8714335111.jpg;https://ir.ozone.ru/s3/multimedia-1-f/8910146175.jpg;https://ir.ozone.ru/s3/multimedia-r/6094022055.jpg;https://ir.ozone.ru/s3/multimedia-1-t/7257354149.jpg;https://ir.ozone.ru/s3/multimedia-1-w/8997519704.jpg;https://ir.ozone.ru/s3/multimedia-1-o/7257354108.jpg,1233₽,4,2144₽,9,18,69,4,93%,3.5%,1120 g,4.4 L
421,"#от_листьев
(防叶子)","汽车罩
Чехол на автомобиль",https://ir.ozone.ru/s3/multimedia-1-a/11212301134.jpg;https://ir.ozone.ru/s3/multimedia-1-i/9872138682.jpg;https://ir.ozone.ru/s3/multimedia-1-7/9969847531.jpg;https://ir.ozone.ru/s3/multimedia-1-5/8999804885.jpg;https://ir.ozone.ru/s3/multimedia-1-e/9925577618.jpg;https://ir.ozone.ru/s3/multimedia-1-a/9891496990.jpg;https://ir.ozone.ru/s3/multimedia-1-z/10058209091.jpg;https://ir.ozone.ru/s3/multimedia-1-s/9903447568.jpg;https://ir.ozone.ru/s3/multimedia-1-6/10062100878.jpg;https://ir.ozone.ru/s3/multimedia-1-3/9870052035.jpg,3418₽,4,6495₽,15,91,12,2.9,42%,7.2%,3932 g,36.7 L
422,"#Чехол_на_автомобиль
(汽车罩)","汽车罩
Чехол на автомобиль",https://ir.ozone.ru/s3/multimedia-1-o/8394805608.jpg;https://ir.ozone.ru/s3/multimedia-1-g/10627778644.jpg;https://ir.ozone.ru/s3/multimedia-1-u/7728844674.jpg;https://ir.ozone.ru/s3/multimedia-1-h/11725160309.jpg;https://ir.ozone.ru/s3/multimedia-1-j/8143720219.jpg;https://ir.ozone.ru/s3/multimedia-1-i/7749389430.jpg;https://ir.ozone.ru/s3/multimedia-1-u/7728844674.jpg;https://ir.ozone.ru/s3/multimedia-1-h/8376336449.jpg;https://ir.ozone.ru/s3/multimedia-1-k/8623081424.jpg;https://ir.ozone.ru/s3/multimedia-1-k/7749405704.jpg,2845₽,4,9192₽,25,52,2,2.3,70%,14.9%,2509 g,14.8 L
423,"#чехолтентнаавтомобиль
(汽车帐篷罩)","汽车罩
Чехол на автомобиль",https://ir.ozone.ru/s3/multimedia-1-n/11740908551.jpg,13760₽,4,55837₽,1,1,22,4.8,100%,0%,6000 g,27 L
424,"#зимнийгараждляавтомобиля
(汽车冬季车库)","汽车罩
Чехол на автомобиль",https://ir.ozone.ru/s3/multimedia-1-j/8086251835.jpg;https://ir.ozone.ru/s3/multimedia-1-b/8086253555.jpg;https://ir.ozone.ru/s3/multimedia-1-4/7911662188.jpg;https://ir.ozone.ru/s3/multimedia-1-h/8474898833.jpg;https://ir.ozone.ru/s3/multimedia-1-y/8086250086.jpg;https://ir.ozone.ru/s3/multimedia-1-9/7911642069.jpg;https://ir.ozone.ru/s3/multimedia-1-i/7911645714.jpg;https://ir.ozone.ru/s3/multimedia-1-k/7911669548.jpg;https://ir.ozone.ru/s3/multimedia-1-d/11567514901.jpg;https://ir.ozone.ru/s3/multimedia-1-1/8086268341.jpg,3937₽,4,13575₽,23,52,76,3.9,67%,17.1%,4396 g,49.8 L
425,"#чехолзимнийнаавтомобиль
(冬季汽车罩)","汽车罩
Чехол на автомобиль",https://ir.ozone.ru/s3/multimedia-1-j/8086251835.jpg;https://ir.ozone.ru/s3/multimedia-1-b/8086253555.jpg;https://ir.ozone.ru/s3/multimedia-1-4/7911662188.jpg;https://ir.ozone.ru/s3/multimedia-1-h/8474898833.jpg;https://ir.ozone.ru/s3/multimedia-1-y/8086250086.jpg;https://ir.ozone.ru/s3/multimedia-1-9/7911642069.jpg;https://ir.ozone.ru/s3/multimedia-1-i/7911645714.jpg;https://ir.ozone.ru/s3/multimedia-1-k/7911669548.jpg;https://ir.ozone.ru/s3/multimedia-1-d/11567514901.jpg;https://ir.ozone.ru/s3/multimedia-1-1/8086268341.jpg,3937₽,4,13575₽,23,52,76,3.9,67%,17.1%,4396 g,49.8 L
426,"#тентзимнийдляавтомобиля
(冬季汽车帐篷)","汽车罩
Чехол на автомобиль",https://ir.ozone.ru/s3/multimedia-1-n/11740908551.jpg,13760₽,4,55837₽,1,1,22,4.8,100%,0%,6000 g,27 L
427,"#nissan_x_trail_чехол_для_авто
(日产X Trail汽车罩)","汽车罩
Чехол на автомобиль",https://ir.ozone.ru/s3/multimedia-1-j/9517172455.jpg;https://ir.ozone.ru/s3/multimedia-1-5/7407118409.jpg;https://ir.ozone.ru/s3/multimedia-1-r/7190398287.jpg;https://ir.ozone.ru/s3/multimedia-1-h/10827657773.jpg;https://ir.ozone.ru/s3/multimedia-1-o/9806642592.jpg,3000₽,4,11391₽,4,5,136,3.9,100%,13.6%,3150 g,16.8 L
428,#чехол_на_кузов,"汽车罩
Чехол на автомобиль",https://ir.ozone.ru/s3/multimedia-1-z/9898587755.jpg;https://ir.ozone.ru/s3/multimedia-1-h/9900666053.jpg;https://ir.ozone.ru/s3/multimedia-1-a/9900823042.jpg;https://ir.ozone.ru/s3/multimedia-q/6895713878.jpg;https://ir.ozone.ru/s3/multimedia-q/6895713878.jpg;https://ir.ozone.ru/s3/multimedia-1-l/9898548501.jpg;https://ir.ozone.ru/s3/multimedia-1-z/9717427115.jpg;https://ir.ozone.ru/s3/multimedia-1-d/9899071537.jpg;https://ir.ozone.ru/s3/multimedia-5/6895439645.jpg;https://ir.ozone.ru/s3/multimedia-q/6895713878.jpg,4501₽,4,15793₽,3,277,7,4,41%,15.7%,1458 g,20.8 L
429,"#чехол_мерседес
(奔驰护套)","汽车罩
Чехол на автомобиль",https://ir.ozone.ru/s3/multimedia-1-a/9388273258.jpg;https://ir.ozone.ru/s3/multimedia-1-u/8746113738.jpg;https://ir.ozone.ru/s3/multimedia-1-t/8384729537.jpg;https://ir.ozone.ru/s3/multimedia-o/6703209852.jpg;https://ir.ozone.ru/s3/multimedia-1-a/10203219406.jpg,1136₽,4,4170₽,5,5,172,4.5,100%,27.5%,398 g,8.5 L
430,"#чехол_для_машины_от_солнца
(汽车防晒罩)","汽车罩
Чехол на автомобиль",https://ir.ozone.ru/s3/multimedia-1-7/7438962247.jpg;https://ir.ozone.ru/s3/multimedia-1-5/7206025037.jpg;https://ir.ozone.ru/s3/multimedia-1-2/7739449922.jpg;https://ir.ozone.ru/s3/multimedia-1-5/7206025037.jpg;https://ir.ozone.ru/s3/multimedia-1-5/7206025037.jpg;https://ir.ozone.ru/s3/multimedia-1-8/7105290560.jpg;https://ir.ozone.ru/s3/multimedia-1-5/7206025037.jpg;https://ir.ozone.ru/s3/multimedia-1-8/7105290560.jpg;https://ir.ozone.ru/s3/multimedia-1-5/7206025037.jpg;https://ir.ozone.ru/s3/multimedia-1-5/7206025037.jpg,2200₽,4,8153₽,5,13,478,4.7,97%,14.6%,1296 g,33.5 L
431,#АвтомобильныйматрасНасиденье,"汽车罩
Чехол на автомобиль",https://ir.ozone.ru/s3/multimedia-1-e/12477144434.jpg,665₽,4,3781₽,1,1,147,4.7,100%,25%,210 g,2.6 L
432,#чехолтентдляхранения,"汽车罩
Чехол на автомобиль",https://ir.ozone.ru/s3/multimedia-1-5/11740824401.jpg;https://ir.ozone.ru/s3/multimedia-1-n/11740908551.jpg;https://ir.ozone.ru/s3/multimedia-1-d/8990001013.jpg,9824₽,4,44637₽,2,3,20,4.8,100%,6.7%,4087 g,29.7 L
433,"#ЗащитныйТент
(防护帐篷)","汽车罩
Чехол на автомобиль",https://ir.ozone.ru/s3/multimedia-1-i/7079837490.jpg;https://ir.ozone.ru/s3/multimedia-1-8/8805752504.jpg;https://ir.ozone.ru/s3/multimedia-1-o/9440808540.jpg;https://ir.ozone.ru/s3/multimedia-1-t/9440834609.jpg;https://ir.ozone.ru/s3/multimedia-1-0/12338140176.jpg;https://ir.ozone.ru/s3/multimedia-1-5/8931192701.jpg;https://ir.ozone.ru/s3/multimedia-1-h/11386415537.jpg;https://ir.ozone.ru/s3/multimedia-1-8/11398341752.jpg,3316₽,4,4709₽,7,8,9,2.4,100%,1%,2860 g,28 L
434,"#Тентавто
(汽车帐篷)","汽车罩
Чехол на автомобиль",https://ir.ozone.ru/s3/multimedia-1-e/8683435238.jpg;https://ir.ozone.ru/s3/multimedia-1-2/7441113890.jpg;https://ir.ozone.ru/s3/multimedia-1-l/7252203945.jpg;https://ir.ozone.ru/s3/multimedia-1-3/7513911687.jpg;https://ir.ozone.ru/s3/multimedia-1-z/7221478319.jpg;https://ir.ozone.ru/s3/multimedia-1-3/7248764487.jpg;https://ir.ozone.ru/s3/multimedia-1-e/8651821874.jpg;https://ir.ozone.ru/s3/multimedia-1-m/8891176414.jpg;https://ir.ozone.ru/s3/multimedia-1-f/8891163879.jpg;https://ir.ozone.ru/s3/multimedia-1-2/7612874606.jpg,3438₽,4,13075₽,32,218,453,4.7,25%,14.3%,2132 g,11.5 L
435,#mazda_cx_5_чехол_для_авто,"汽车罩
Чехол на автомобиль",https://ir.ozone.ru/s3/multimedia-1-i/10409304942.jpg;https://ir.ozone.ru/s3/multimedia-1-3/7248764487.jpg;https://ir.ozone.ru/s3/multimedia-5/6747840581.jpg;https://ir.ozone.ru/s3/multimedia-6/6748004346.jpg;https://ir.ozone.ru/s3/multimedia-1-3/10409990331.jpg;https://ir.ozone.ru/s3/multimedia-1-t/10409993021.jpg;https://ir.ozone.ru/s3/multimedia-1-w/10421688848.jpg;https://ir.ozone.ru/s3/multimedia-5/6747840581.jpg,6662₽,4,18992₽,4,8,314,4,100%,21.4%,3253 g,30.4 L
436,"#накидка_магнитная
(磁性罩衫)","汽车罩
Чехол на автомобиль",https://ir.ozone.ru/s3/multimedia-1-s/7433274376.jpg;https://ir.ozone.ru/s3/multimedia-1-k/8152365584.jpg;https://ir.ozone.ru/s3/multimedia-1-w/7362530492.jpg;https://ir.ozone.ru/s3/multimedia-1-o/7447657704.jpg;https://ir.ozone.ru/s3/multimedia-1-6/7433280906.jpg;https://ir.ozone.ru/s3/multimedia-1-s/7433281684.jpg;https://ir.ozone.ru/s3/multimedia-1-2/10829922986.jpg;https://ir.ozone.ru/s3/multimedia-1-n/7433279627.jpg;https://ir.ozone.ru/s3/multimedia-1-3/7433278563.jpg;https://ir.ozone.ru/s3/multimedia-1-f/7433277639.jpg,1995₽,4,4679₽,4,13,192,4.5,96%,12.7%,759 g,3.1 L
437,#nissan_qashqai_чехол_для_авто,"汽车罩
Чехол на автомобиль",https://ir.ozone.ru/s3/multimedia-l/6861943929.jpg;https://ir.ozone.ru/s3/multimedia-1-e/7257649334.jpg,3534₽,4,16127₽,2,2,285,2.5,100%,0%,2450 g,20.4 L
438,"#автозапчасти_и_аксессуары
(汽车零件和配件)","汽车罩
Чехол на автомобиль",https://ir.ozone.ru/s3/multimedia-u/6300381978.jpg;https://ir.ozone.ru/s3/multimedia-1-g/7709518672.jpg;https://ir.ozone.ru/s3/multimedia-1-4/7709518696.jpg;https://ir.ozone.ru/s3/multimedia-1-j/7254673471.jpg;https://ir.ozone.ru/s3/multimedia-1-r/12723392295.jpg;https://ir.ozone.ru/s3/multimedia-1-b/12723437459.jpg;https://ir.ozone.ru/s3/multimedia-1-1/12723599197.jpg;https://ir.ozone.ru/s3/multimedia-1-6/7709521470.jpg;https://ir.ozone.ru/s3/multimedia-1-6/12723487962.jpg;https://ir.ozone.ru/s3/multimedia-1-j/7242712759.jpg,2695₽,4,15725₽,8,16,30,3.1,96%,15.3%,1205 g,11.4 L
439,#corona_накидка_на_панель,"汽车罩
Чехол на автомобиль",https://ir.ozone.ru/s3/multimedia-1-1/7117055713.jpg;https://ir.ozone.ru/s3/multimedia-1-5/8317252985.jpg;https://ir.ozone.ru/s3/multimedia-1-z/10477115135.jpg,1478₽,4,5494₽,3,3,22,3.1,100%,8.4%,382 g,9.1 L
440,#чехолтентнаавтомобильседан,"汽车罩
Чехол на автомобиль",https://ir.ozone.ru/s3/multimedia-1-n/11740908551.jpg,13760₽,4,55837₽,1,1,22,4.8,100%,0%,6000 g,27 L
441,#зимнийавточехол,"汽车罩
Чехол на автомобиль",https://ir.ozone.ru/s3/multimedia-1-r/8175251979.jpg;https://ir.ozone.ru/s3/multimedia-d/6030340957.jpg,2903₽,4,3591₽,2,2,76,4.6,100%,0%,2300 g,11.6 L
442,#укрытие_для_машины,"汽车罩
Чехол на автомобиль",https://ir.ozone.ru/s3/multimedia-1-1/8373156769.jpg;https://ir.ozone.ru/s3/multimedia-1-1/8373156769.jpg;https://ir.ozone.ru/s3/multimedia-1-t/7935780341.jpg;https://ir.ozone.ru/s3/multimedia-1-m/7964729554.jpg;https://ir.ozone.ru/s3/multimedia-1-8/10426941332.jpg;https://ir.ozone.ru/s3/multimedia-1-h/10721933261.jpg;https://ir.ozone.ru/s3/multimedia-1-z/7964736227.jpg,2097₽,4,9094₽,6,7,10,2.8,100%,32.6%,1900 g,14.6 L
443,#ford_focus_чехол_для_авто,"汽车罩
Чехол на автомобиль",https://ir.ozone.ru/s3/multimedia-1-3/7115470923.jpg,3163₽,4,12554₽,1,1,23,5,100%,25%,1400 g,5 L
444,#гараждляавтомобиляз,"汽车罩
Чехол на автомобиль",https://ir.ozone.ru/s3/multimedia-1-j/8086251835.jpg;https://ir.ozone.ru/s3/multimedia-1-b/8086253555.jpg;https://ir.ozone.ru/s3/multimedia-1-h/8474898833.jpg;https://ir.ozone.ru/s3/multimedia-1-y/8086250086.jpg;https://ir.ozone.ru/s3/multimedia-1-d/11567514901.jpg;https://ir.ozone.ru/s3/multimedia-1-1/8086268341.jpg;https://ir.ozone.ru/s3/multimedia-1-g/8474889364.jpg;https://ir.ozone.ru/s3/multimedia-1-u/8086246338.jpg;https://ir.ozone.ru/s3/multimedia-1-z/8086266035.jpg;https://ir.ozone.ru/s3/multimedia-1-u/9161759406.jpg,3932₽,4,14974₽,13,35,102,4,77%,19.9%,4418 g,52.2 L
445,#Тент_для_автомобиля,"汽车罩
Чехол на автомобиль",https://ir.ozone.ru/s3/multimedia-1-v/11131133359.jpg;https://ir.ozone.ru/s3/multimedia-1-h/11725160309.jpg;https://ir.ozone.ru/s3/multimedia-1-5/9329156213.jpg;https://ir.ozone.ru/s3/multimedia-1-i/11016204750.jpg;https://ir.ozone.ru/s3/multimedia-1-6/9554219034.jpg;https://ir.ozone.ru/s3/multimedia-1-i/9813590370.jpg;https://ir.ozone.ru/s3/multimedia-1-g/10193730352.jpg;https://ir.ozone.ru/s3/multimedia-1-n/11217258095.jpg;https://ir.ozone.ru/s3/multimedia-1-z/10360424699.jpg;https://ir.ozone.ru/s3/multimedia-1-i/9554218542.jpg,5331₽,4,11594₽,50,300,3,2.9,42%,11.7%,3027 g,26.2 L
446,#Чехол_автомобильный_тент,"汽车罩
Чехол на автомобиль",https://ir.ozone.ru/s3/multimedia-1-v/11131133359.jpg;https://ir.ozone.ru/s3/multimedia-1-h/11725160309.jpg;https://ir.ozone.ru/s3/multimedia-1-5/9329156213.jpg;https://ir.ozone.ru/s3/multimedia-1-i/11016204750.jpg;https://ir.ozone.ru/s3/multimedia-1-6/9554219034.jpg;https://ir.ozone.ru/s3/multimedia-1-i/9813590370.jpg;https://ir.ozone.ru/s3/multimedia-1-g/10193730352.jpg;https://ir.ozone.ru/s3/multimedia-1-n/11217258095.jpg;https://ir.ozone.ru/s3/multimedia-1-z/10360424699.jpg;https://ir.ozone.ru/s3/multimedia-1-i/9554218542.jpg,5350₽,4,11577₽,49,330,4,2.8,42%,11.3%,3027 g,26.2 L
447,#toyota_alphard_чехол_для_авто,"汽车罩
Чехол на автомобиль",https://ir.ozone.ru/s3/multimedia-1-j/7473599011.jpg,4545₽,4,17705₽,1,1,490,5,100%,25%,3800 g,19.7 L
448,#универсальныйавточехол,"汽车罩
Чехол на автомобиль",https://ir.ozone.ru/s3/multimedia-1-m/7211134606.jpg;https://ir.ozone.ru/s3/multimedia-d/6030340957.jpg,2417₽,4,3097₽,2,2,74,2.1,100%,0%,1150 g,15.8 L
449,#для_Джили_Окаванго,"汽车罩
Чехол на автомобиль",https://ir.ozone.ru/s3/multimedia-1-m/9058916974.jpg;https://ir.ozone.ru/s3/multimedia-1-9/8462942397.jpg;https://ir.ozone.ru/s3/multimedia-1-f/8462940423.jpg;https://ir.ozone.ru/s3/multimedia-1-3/10683429051.jpg,2209₽,4,9398₽,4,4,1,1.2,100%,2.5%,3600 g,18.8 L
450,#Джили_Окаванго_2025,"汽车罩
Чехол на автомобиль",https://ir.ozone.ru/s3/multimedia-1-m/9058916974.jpg;https://ir.ozone.ru/s3/multimedia-1-9/8462942397.jpg;https://ir.ozone.ru/s3/multimedia-1-f/8462940423.jpg;https://ir.ozone.ru/s3/multimedia-1-3/10683429051.jpg,2209₽,4,9398₽,4,4,1,1.2,100%,2.5%,3600 g,18.8 L
451,#Джили_Окаванго_чехол,"汽车罩
Чехол на автомобиль",https://ir.ozone.ru/s3/multimedia-1-m/9058916974.jpg;https://ir.ozone.ru/s3/multimedia-1-9/8462942397.jpg;https://ir.ozone.ru/s3/multimedia-1-f/8462940423.jpg;https://ir.ozone.ru/s3/multimedia-1-3/10683429051.jpg,2209₽,4,9398₽,4,4,1,1.2,100%,2.5%,3600 g,18.8 L
452,#Джили_Окаванго_деталь,"汽车罩
Чехол на автомобиль",https://ir.ozone.ru/s3/multimedia-1-m/9058916974.jpg;https://ir.ozone.ru/s3/multimedia-1-9/8462942397.jpg;https://ir.ozone.ru/s3/multimedia-1-f/8462940423.jpg;https://ir.ozone.ru/s3/multimedia-1-3/10683429051.jpg,2209₽,4,9398₽,4,4,1,1.2,100%,2.5%,3600 g,18.8 L
453,#Джили_Окаванго_Защитный_чехол,"汽车罩
Чехол на автомобиль",https://ir.ozone.ru/s3/multimedia-1-m/9058916974.jpg;https://ir.ozone.ru/s3/multimedia-1-9/8462942397.jpg;https://ir.ozone.ru/s3/multimedia-1-f/8462940423.jpg;https://ir.ozone.ru/s3/multimedia-1-3/10683429051.jpg,2209₽,4,9398₽,4,4,1,1.2,100%,2.5%,3600 g,18.8 L
454,#Джили_Окаванго_защита,"汽车罩
Чехол на автомобиль",https://ir.ozone.ru/s3/multimedia-1-m/9058916974.jpg;https://ir.ozone.ru/s3/multimedia-1-9/8462942397.jpg;https://ir.ozone.ru/s3/multimedia-1-f/8462940423.jpg;https://ir.ozone.ru/s3/multimedia-1-3/10683429051.jpg,2209₽,4,9398₽,4,4,1,1.2,100%,2.5%,3600 g,18.8 L
455,#corona_premio_левый,"汽车罩
Чехол на автомобиль",https://ir.ozone.ru/s3/multimedia-1-1/7117055713.jpg;https://ir.ozone.ru/s3/multimedia-1-5/8317252985.jpg;https://ir.ozone.ru/s3/multimedia-1-z/10477115135.jpg,1478₽,4,5494₽,3,3,22,3.1,100%,8.4%,382 g,9.1 L
456,#granta_drive_active,"汽车罩
Чехол на автомобиль",https://ir.ozone.ru/s3/multimedia-1-p/7158578749.jpg;https://ir.ozone.ru/s3/multimedia-1-i/9603875826.jpg;https://ir.ozone.ru/s3/multimedia-1-w/10110732440.jpg;https://ir.ozone.ru/s3/multimedia-1-y/10110732226.jpg,4991₽,4,19464₽,2,4,16,3.7,100%,18.2%,3070 g,27 L
457,#oxford_210d,"汽车罩
Чехол на автомобиль",https://ir.ozone.ru/s3/multimedia-1-w/9972338216.jpg;https://ir.ozone.ru/s3/multimedia-e/6571572926.jpg;https://ir.ozone.ru/s3/multimedia-1-5/9972430637.jpg,2077₽,4,7094₽,2,3,10,4.5,100%,8.3%,3595 g,38.5 L
458,#крыло_бампер_защита,"汽车罩
Чехол на автомобиль",https://ir.ozone.ru/s3/multimedia-1-u/9038492958.jpg,985₽,4,3909₽,1,1,10,4.9,100%,25%,1500 g,3.4 L
459,#для_домашнего_ремонта_машины,"汽车罩
Чехол на автомобиль",https://ir.ozone.ru/s3/multimedia-1-u/9038492958.jpg,985₽,4,3909₽,1,1,10,4.9,100%,25%,1500 g,3.4 L
460,#защита_при_покраске_авто,"汽车罩
Чехол на автомобиль",https://ir.ozone.ru/s3/multimedia-1-u/9038492958.jpg,985₽,4,3909₽,1,1,10,4.9,100%,25%,1500 g,3.4 L
461,#накидка_с_магнитами,"汽车罩
Чехол на автомобиль",https://ir.ozone.ru/s3/multimedia-1-u/9038492958.jpg,985₽,4,3909₽,1,1,10,4.9,100%,25%,1500 g,3.4 L
462,#чтобы_не_поцарапать_краску,"汽车罩
Чехол на автомобиль",https://ir.ozone.ru/s3/multimedia-1-u/9038492958.jpg,985₽,4,3909₽,1,1,10,4.9,100%,25%,1500 g,3.4 L
463,#комплект_из_3х_накидок,"汽车罩
Чехол на автомобиль",https://ir.ozone.ru/s3/multimedia-1-u/9038492958.jpg,985₽,4,3909₽,1,1,10,4.9,100%,25%,1500 g,3.4 L
464,#при_замене_масла_и_фильтров,"汽车罩
Чехол на автомобиль",https://ir.ozone.ru/s3/multimedia-1-u/9038492958.jpg,985₽,4,3909₽,1,1,10,4.9,100%,25%,1500 g,3.4 L
465,#защита_сцепного_устройства,"汽车罩
Чехол на автомобиль",https://ir.ozone.ru/s3/multimedia-1-1/8596909333.jpg;https://ir.ozone.ru/s3/multimedia-1-n/9802933007.jpg;https://ir.ozone.ru/s3/multimedia-1-j/9803031643.jpg;https://ir.ozone.ru/s3/multimedia-1-2/9803022914.jpg;https://ir.ozone.ru/s3/multimedia-1-j/9803021599.jpg;https://ir.ozone.ru/s3/multimedia-1-5/9803020217.jpg;https://ir.ozone.ru/s3/multimedia-1-0/9803108664.jpg;https://ir.ozone.ru/s3/multimedia-1-8/9803109392.jpg,741₽,4,1791₽,3,8,546,2.9,100%,4.8%,410 g,21.1 L
466,#chery_tiggo_7,"汽车罩
Чехол на автомобиль",https://ir.ozone.ru/s3/multimedia-1-d/10795521073.jpg;https://ir.ozone.ru/s3/multimedia-1-z/10058209091.jpg;https://ir.ozone.ru/s3/multimedia-1-f/8432130651.jpg;https://ir.ozone.ru/s3/multimedia-1-i/10058208714.jpg;https://ir.ozone.ru/s3/multimedia-1-e/10058007758.jpg;https://ir.ozone.ru/s3/multimedia-1-m/10058208718.jpg;https://ir.ozone.ru/s3/multimedia-1-w/10122280808.jpg;https://ir.ozone.ru/s3/multimedia-1-o/10795594992.jpg;https://ir.ozone.ru/s3/multimedia-1-u/7243901526.jpg;https://ir.ozone.ru/s3/multimedia-t/6260812649.jpg,3610₽,4,10202₽,10,14,1390,3.4,95%,15%,3595 g,20.5 L
467,#гараж_на_колесах,"汽车罩
Чехол на автомобиль",https://ir.ozone.ru/s3/multimedia-1-z/8305394327.jpg;https://ir.ozone.ru/s3/multimedia-1-z/8305394327.jpg,1552₽,4,5825₽,2,2,5,2.3,100%,8.4%,1500 g,12 L
468,#зеркальный_карман,"汽车罩
Чехол на автомобиль",https://ir.ozone.ru/s3/multimedia-1-z/8305394327.jpg;https://ir.ozone.ru/s3/multimedia-1-z/8305394327.jpg,1552₽,4,5825₽,2,2,5,2.3,100%,8.4%,1500 g,12 L
469,#corona_premio_1996_2001,"汽车罩
Чехол на автомобиль",https://ir.ozone.ru/s3/multimedia-1-1/7117055713.jpg;https://ir.ozone.ru/s3/multimedia-1-5/8317252985.jpg;https://ir.ozone.ru/s3/multimedia-1-z/10477115135.jpg,1478₽,4,5494₽,3,3,22,3.1,100%,8.4%,382 g,9.1 L
470,#чехолдляlada,"汽车罩
Чехол на автомобиль",https://ir.ozone.ru/s3/multimedia-1-8/9972464912.jpg;https://ir.ozone.ru/s3/multimedia-1-9/10542417741.jpg;https://ir.ozone.ru/s3/multimedia-1-2/10477439570.jpg;https://ir.ozone.ru/s3/multimedia-1-i/10479036258.jpg,3176₽,4,12182₽,4,4,34,3.6,100%,0%,1633 g,20.5 L
471,#чехол_на_авто_универсальный,"汽车罩
Чехол на автомобиль",https://ir.ozone.ru/s3/multimedia-1-l/11014170393.jpg;https://ir.ozone.ru/s3/multimedia-1-h/11014176005.jpg;https://ir.ozone.ru/s3/multimedia-1-r/11014169643.jpg;https://ir.ozone.ru/s3/multimedia-1-5/9329156213.jpg;https://ir.ozone.ru/s3/multimedia-1-i/11016204750.jpg;https://ir.ozone.ru/s3/multimedia-1-i/9813590370.jpg;https://ir.ozone.ru/s3/multimedia-1-g/10193730352.jpg;https://ir.ozone.ru/s3/multimedia-1-n/11217258095.jpg;https://ir.ozone.ru/s3/multimedia-1-m/8350147606.jpg;https://ir.ozone.ru/s3/multimedia-1-y/8984818690.jpg,4907₽,4,12145₽,30,173,9,3.2,55%,12.5%,2561 g,22 L
472,#градоустойчивый,"汽车罩
Чехол на автомобиль",https://ir.ozone.ru/s3/multimedia-1-z/8305394327.jpg;https://ir.ozone.ru/s3/multimedia-1-z/8305394327.jpg,1552₽,4,5825₽,2,2,5,2.3,100%,8.4%,1500 g,12 L
473,#внутренний_хлопок,"汽车罩
Чехол на автомобиль",https://ir.ozone.ru/s3/multimedia-1-z/8305394327.jpg;https://ir.ozone.ru/s3/multimedia-1-z/8305394327.jpg,1552₽,4,5825₽,2,2,5,2.3,100%,8.4%,1500 g,12 L
474,#тентначехол,"汽车罩
Чехол на автомобиль",https://ir.ozone.ru/s3/multimedia-1-c/11673303132.jpg,1949₽,4,7796₽,1,1,2,4,100%,0%,4200 g,25 L
475,#автотент2XL,"汽车罩
Чехол на автомобиль",https://ir.ozone.ru/s3/multimedia-1-c/11673303132.jpg,1949₽,4,7796₽,1,1,2,4,100%,0%,4200 g,25 L
476,#защита_от_градa_авто,"汽车罩
Чехол на автомобиль",https://ir.ozone.ru/s3/multimedia-1-4/8369330260.jpg,6704₽,4,22640₽,1,1,2,5,100%,0%,5500 g,60 L
477,#седан_зимний_чехол,"汽车罩
Чехол на автомобиль",https://ir.ozone.ru/s3/multimedia-1-4/8369330260.jpg,6704₽,4,22640₽,1,1,2,5,100%,0%,5500 g,60 L
478,#чехол_с_толстой_подкладкой,"汽车罩
Чехол на автомобиль",https://ir.ozone.ru/s3/multimedia-1-4/8369330260.jpg,6704₽,4,22640₽,1,1,2,5,100%,0%,5500 g,60 L
479,#легко_надеть_авто_чехол,"汽车罩
Чехол на автомобиль",https://ir.ozone.ru/s3/multimedia-1-4/8369330260.jpg,6704₽,4,22640₽,1,1,2,5,100%,0%,5500 g,60 L
480,#оксфордский_авто_чехол,"汽车罩
Чехол на автомобиль",https://ir.ozone.ru/s3/multimedia-1-4/8369330260.jpg,6704₽,4,22640₽,1,1,2,5,100%,0%,5500 g,60 L
481,#долговечный_зимний_чехол,"汽车罩
Чехол на автомобиль",https://ir.ozone.ru/s3/multimedia-1-4/8369330260.jpg,6704₽,4,22640₽,1,1,2,5,100%,0%,5500 g,60 L
482,#полный_обхват_зимний_чехол,"汽车罩
Чехол на автомобиль",https://ir.ozone.ru/s3/multimedia-1-4/8369330260.jpg,6704₽,4,22640₽,1,1,2,5,100%,0%,5500 g,60 L
483,#водонепроницаемый_авто_чехол,"汽车罩
Чехол на автомобиль",https://ir.ozone.ru/s3/multimedia-1-4/8369330260.jpg,6704₽,4,22640₽,1,1,2,5,100%,0%,5500 g,60 L
484,#чехол_защита_от_царапин,"汽车罩
Чехол на автомобиль",https://ir.ozone.ru/s3/multimedia-1-4/8369330260.jpg,6704₽,4,22640₽,1,1,2,5,100%,0%,5500 g,60 L
485,#зимняя_парковка_авто_защита,"汽车罩
Чехол на автомобиль",https://ir.ozone.ru/s3/multimedia-1-4/8369330260.jpg,6704₽,4,22640₽,1,1,2,5,100%,0%,5500 g,60 L
486,#спокойствие_за_машину,"汽车罩
Чехол на автомобиль",https://ir.ozone.ru/s3/multimedia-1-4/8369330260.jpg,6704₽,4,22640₽,1,1,2,5,100%,0%,5500 g,60 L
487,#чехол_для_седана_зимний,"汽车罩
Чехол на автомобиль",https://ir.ozone.ru/s3/multimedia-1-4/8369330260.jpg,6704₽,4,22640₽,1,1,2,5,100%,0%,5500 g,60 L
488,#новогодняя_авто_защита,"汽车罩
Чехол на автомобиль",https://ir.ozone.ru/s3/multimedia-1-4/8369330260.jpg,6704₽,4,22640₽,1,1,2,5,100%,0%,5500 g,60 L
489,#семья_авто_защита_зима,"汽车罩
Чехол на автомобиль",https://ir.ozone.ru/s3/multimedia-1-4/8369330260.jpg,6704₽,4,22640₽,1,1,2,5,100%,0%,5500 g,60 L
490,#выходной_защита_машины,"汽车罩
Чехол на автомобиль",https://ir.ozone.ru/s3/multimedia-1-4/8369330260.jpg,6704₽,4,22640₽,1,1,2,5,100%,0%,5500 g,60 L
491,#седан_полный_обхват_чехол,"汽车罩
Чехол на автомобиль",https://ir.ozone.ru/s3/multimedia-1-4/8369330260.jpg,6704₽,4,22640₽,1,1,2,5,100%,0%,5500 g,60 L
492,#Всесезоннаязащита,"汽车罩
Чехол на автомобиль",https://ir.ozone.ru/s3/multimedia-1-u/10855994214.jpg;https://ir.ozone.ru/s3/multimedia-1-f/11577843519.jpg;https://ir.ozone.ru/s3/multimedia-1-6/8524667526.jpg;https://ir.ozone.ru/s3/multimedia-1-4/8524520356.jpg;https://ir.ozone.ru/s3/multimedia-1-x/11805077661.jpg,2773₽,4,11319₽,4,5,8,1.9,100%,25.7%,2025 g,17.5 L
493,#чехолдляtoyota,"汽车罩
Чехол на автомобиль",https://ir.ozone.ru/s3/multimedia-1-2/10477439570.jpg;https://ir.ozone.ru/s3/multimedia-1-e/8551666526.jpg,2846₽,4,6181₽,2,2,69,4.8,100%,10%,285 g,15.3 L
494,#автозащитныйчехол,"汽车罩
Чехол на автомобиль",https://ir.ozone.ru/s3/multimedia-1-f/9693474099.jpg;https://ir.ozone.ru/s3/multimedia-1-f/9693474099.jpg;https://ir.ozone.ru/s3/multimedia-1-f/9693474099.jpg;https://ir.ozone.ru/s3/multimedia-1-z/9693487007.jpg;https://ir.ozone.ru/s3/multimedia-1-z/9693487007.jpg;https://ir.ozone.ru/s3/multimedia-1-f/9693474099.jpg;https://ir.ozone.ru/s3/multimedia-1-z/9693487007.jpg;https://ir.ozone.ru/s3/multimedia-1-f/9693474099.jpg;https://ir.ozone.ru/s3/multimedia-1-f/9693474099.jpg;https://ir.ozone.ru/s3/multimedia-1-z/9693487007.jpg,5159₽,4,22530₽,4,27,4,4,77%,16.5%,2000 g,2.4 L
495,#чехол_lada_2104,"汽车罩
Чехол на автомобиль",https://ir.ozone.ru/s3/multimedia-1-w/9972338216.jpg,2876₽,4,11882₽,1,1,1,5,100%,25%,2686 g,49.1 L
496,#тент_lada_2104,"汽车罩
Чехол на автомобиль",https://ir.ozone.ru/s3/multimedia-1-w/9972338216.jpg,2876₽,4,11882₽,1,1,1,5,100%,25%,2686 g,49.1 L
497,#тентдляуниверсала,"汽车罩
Чехол на автомобиль",https://ir.ozone.ru/s3/multimedia-1-m/11671853098.jpg;https://ir.ozone.ru/s3/multimedia-1-2/10477439570.jpg,3647₽,4,11121₽,2,2,68,4.6,100%,16.7%,2350 g,27.5 L
498,#чехол_Outlander,"汽车罩
Чехол на автомобиль",https://ir.ozone.ru/s3/multimedia-1-c/10155313128.jpg,1540₽,4,6106₽,1,1,4,4.2,100%,0%,1400 g,12 L
499,#чехол_для_Mitsubishi,"汽车罩
Чехол на автомобиль",https://ir.ozone.ru/s3/multimedia-1-c/10155313128.jpg,1540₽,4,6106₽,1,1,4,4.2,100%,0%,1400 g,12 L
500,"#чехол_на_машину_от_солнца
(汽车防晒罩)","汽车罩
Чехол на автомобиль",https://ir.ozone.ru/s3/multimedia-1-p/11220195733.jpg;https://ir.ozone.ru/s3/multimedia-1-n/7651128335.jpg;https://ir.ozone.ru/s3/multimedia-1-a/7651129330.jpg;https://ir.ozone.ru/s3/multimedia-1-y/9673527490.jpg;https://ir.ozone.ru/s3/multimedia-1-t/8748722117.jpg;https://ir.ozone.ru/s3/multimedia-1-0/7651130472.jpg;https://ir.ozone.ru/s3/multimedia-1-g/7003108420.jpg;https://ir.ozone.ru/s3/multimedia-1-t/9673486337.jpg;https://ir.ozone.ru/s3/multimedia-1-s/7003108396.jpg;https://ir.ozone.ru/s3/multimedia-1-g/9635231968.jpg,6577₽,3,13961₽,8,45,138,4.5,59%,4.4%,2495 g,39.2 L
501,"#чехол_от_града_на_автомобиль
(汽车防冰雹罩)","汽车罩
Чехол на автомобиль",https://ir.ozone.ru/s3/multimedia-1-a/11134463158.jpg;https://ir.ozone.ru/s3/multimedia-1-v/9430820023.jpg;https://ir.ozone.ru/s3/multimedia-1-n/7651128335.jpg;https://ir.ozone.ru/s3/multimedia-1-b/9254358047.jpg;https://ir.ozone.ru/s3/multimedia-1-a/7651129330.jpg;https://ir.ozone.ru/s3/multimedia-1-f/9315135699.jpg;https://ir.ozone.ru/s3/multimedia-1-8/7992059732.jpg;https://ir.ozone.ru/s3/multimedia-1-9/9430719849.jpg;https://ir.ozone.ru/s3/multimedia-1-y/9261885058.jpg;https://ir.ozone.ru/s3/multimedia-1-i/9254342934.jpg,8125₽,3,15551₽,35,203,74,3.2,38%,11.3%,3258 g,66.1 L
502,"#чехол_на_машину_универсальный
(通用汽车罩)","汽车罩
Чехол на автомобиль",https://ir.ozone.ru/s3/multimedia-1-w/7130412248.jpg;https://ir.ozone.ru/s3/multimedia-1-n/7651128335.jpg;https://ir.ozone.ru/s3/multimedia-1-a/7651129330.jpg;https://ir.ozone.ru/s3/multimedia-1-5/9329156213.jpg;https://ir.ozone.ru/s3/multimedia-1-i/11016204750.jpg;https://ir.ozone.ru/s3/multimedia-1-6/9554219034.jpg;https://ir.ozone.ru/s3/multimedia-1-i/9813590370.jpg;https://ir.ozone.ru/s3/multimedia-1-0/7651130472.jpg;https://ir.ozone.ru/s3/multimedia-1-g/10193730352.jpg;https://ir.ozone.ru/s3/multimedia-1-n/11217258095.jpg,4355₽,3,12316₽,61,292,68,3.6,49%,16.4%,2379 g,20.3 L
503,"#защитаотпогоды
(天气防护)","汽车罩
Чехол на автомобиль",https://ir.ozone.ru/s3/multimedia-1-z/9693487007.jpg;https://ir.ozone.ru/s3/multimedia-1-4/10343450344.jpg;https://ir.ozone.ru/s3/multimedia-1-8/9693464984.jpg;https://ir.ozone.ru/s3/multimedia-1-j/8937546643.jpg;https://ir.ozone.ru/s3/multimedia-1-j/8937546643.jpg;https://ir.ozone.ru/s3/multimedia-1-e/11694410762.jpg;https://ir.ozone.ru/s3/multimedia-1-n/8112625691.jpg;https://ir.ozone.ru/s3/multimedia-1-k/7564503224.jpg;https://ir.ozone.ru/s3/multimedia-1-h/7564503221.jpg;https://ir.ozone.ru/s3/multimedia-1-j/8937546643.jpg,2507₽,3,6128₽,42,119,76,4.1,44%,16.1%,1483 g,22.1 L
504,"#ащищаетотдождя
(防雨)","汽车罩
Чехол на автомобиль",https://ir.ozone.ru/s3/multimedia-1-5/7206025037.jpg;https://ir.ozone.ru/s3/multimedia-1-5/7206025037.jpg;https://ir.ozone.ru/s3/multimedia-1-l/7209316461.jpg;https://ir.ozone.ru/s3/multimedia-1-5/7206025037.jpg;https://ir.ozone.ru/s3/multimedia-1-g/7534380184.jpg;https://ir.ozone.ru/s3/multimedia-1-8/7105290560.jpg;https://ir.ozone.ru/s3/multimedia-1-l/7209316461.jpg;https://ir.ozone.ru/s3/multimedia-1-5/7206025037.jpg;https://ir.ozone.ru/s3/multimedia-1-j/9027661339.jpg;https://ir.ozone.ru/s3/multimedia-1-8/7105290560.jpg,2005₽,3,5156₽,4,19,305,4.3,80%,23.7%,1063 g,32.3 L
505,"#Защитаотснегаимороза
(防雪和防冻保护)","汽车罩
Чехол на автомобиль",https://ir.ozone.ru/s3/multimedia-1-5/7206025037.jpg;https://ir.ozone.ru/s3/multimedia-1-5/7206025037.jpg;https://ir.ozone.ru/s3/multimedia-1-l/7209316461.jpg;https://ir.ozone.ru/s3/multimedia-1-5/7206025037.jpg;https://ir.ozone.ru/s3/multimedia-1-g/7534380184.jpg;https://ir.ozone.ru/s3/multimedia-1-8/7105290560.jpg;https://ir.ozone.ru/s3/multimedia-1-l/7209316461.jpg;https://ir.ozone.ru/s3/multimedia-1-5/7206025037.jpg;https://ir.ozone.ru/s3/multimedia-1-j/9027661339.jpg;https://ir.ozone.ru/s3/multimedia-1-8/7105290560.jpg,2005₽,3,5156₽,4,19,305,4.3,80%,23.7%,1063 g,32.3 L
506,"#Защитаотпылиипеска
(防尘和防沙保护)","汽车罩
Чехол на автомобиль",https://ir.ozone.ru/s3/multimedia-1-5/7206025037.jpg;https://ir.ozone.ru/s3/multimedia-1-5/7206025037.jpg;https://ir.ozone.ru/s3/multimedia-1-l/7209316461.jpg;https://ir.ozone.ru/s3/multimedia-1-5/7206025037.jpg;https://ir.ozone.ru/s3/multimedia-1-g/7534380184.jpg;https://ir.ozone.ru/s3/multimedia-1-8/7105290560.jpg;https://ir.ozone.ru/s3/multimedia-1-l/7209316461.jpg;https://ir.ozone.ru/s3/multimedia-1-5/7206025037.jpg;https://ir.ozone.ru/s3/multimedia-1-j/9027661339.jpg;https://ir.ozone.ru/s3/multimedia-1-8/7105290560.jpg,2005₽,3,5156₽,4,19,305,4.3,80%,23.7%,1063 g,32.3 L
507,"#ЧехолДляАвто
(汽车套)","汽车罩
Чехол на автомобиль",https://ir.ozone.ru/s3/multimedia-1-2/7593837950.jpg;https://ir.ozone.ru/s3/multimedia-1-r/7851710475.jpg;https://ir.ozone.ru/s3/multimedia-1-z/10088942651.jpg;https://ir.ozone.ru/s3/multimedia-1-o/8714326920.jpg;https://ir.ozone.ru/s3/multimedia-1-y/7851708178.jpg;https://ir.ozone.ru/s3/multimedia-1-9/7593838245.jpg;https://ir.ozone.ru/s3/multimedia-1-i/8492862222.jpg;https://ir.ozone.ru/s3/multimedia-1-o/11075389224.jpg;https://ir.ozone.ru/s3/multimedia-1-x/7593840969.jpg;https://ir.ozone.ru/s3/multimedia-1-p/9884987089.jpg,1565₽,3,4297₽,36,82,95,3.5,59%,10.7%,1372 g,12.2 L
508,"#nissan_murano_чехол_для_авто
(日产楼兰汽车座套)","汽车罩
Чехол на автомобиль",https://ir.ozone.ru/s3/multimedia-1-o/7183862988.jpg,3274₽,3,9969₽,1,1,438,4.8,100%,33.4%,1750 g,5.2 L
509,"#Автомобильныйчехол
(汽车套)","汽车罩
Чехол на автомобиль",https://ir.ozone.ru/s3/multimedia-1-e/8240187614.jpg;https://ir.ozone.ru/s3/multimedia-1-i/8307279018.jpg;https://ir.ozone.ru/s3/multimedia-1-m/8891176414.jpg;https://ir.ozone.ru/s3/multimedia-1-f/8891163879.jpg;https://ir.ozone.ru/s3/multimedia-1-0/8611533792.jpg;https://ir.ozone.ru/s3/multimedia-1-n/8286310247.jpg;https://ir.ozone.ru/s3/multimedia-1-8/10686949568.jpg;https://ir.ozone.ru/s3/multimedia-1-4/8240206648.jpg;https://ir.ozone.ru/s3/multimedia-1-l/8815468269.jpg;https://ir.ozone.ru/s3/multimedia-1-z/7233540731.jpg,4954₽,3,7995₽,42,144,54,4,29%,8.6%,4505 g,30.7 L
510,"#тентдляавтомобиляотграда
(汽车防冰雹帐篷)","汽车罩
Чехол на автомобиль",https://ir.ozone.ru/s3/multimedia-1-4/7911662188.jpg;https://ir.ozone.ru/s3/multimedia-1-9/7911642069.jpg;https://ir.ozone.ru/s3/multimedia-1-i/7911645714.jpg;https://ir.ozone.ru/s3/multimedia-1-k/7911669548.jpg;https://ir.ozone.ru/s3/multimedia-1-6/8279901150.jpg;https://ir.ozone.ru/s3/multimedia-1-4/8426387776.jpg;https://ir.ozone.ru/s3/multimedia-1-d/7911637609.jpg;https://ir.ozone.ru/s3/multimedia-1-g/10716264340.jpg;https://ir.ozone.ru/s3/multimedia-1-h/8112749957.jpg;https://ir.ozone.ru/s3/multimedia-1-l/8177104461.jpg,3946₽,3,10694₽,10,17,23,3.6,86%,9.1%,4353 g,45.1 L
511,"#зимнийтентдляавтомобиля
(汽车冬季帐篷)","汽车罩
Чехол на автомобиль",https://ir.ozone.ru/s3/multimedia-1-j/8086251835.jpg;https://ir.ozone.ru/s3/multimedia-1-b/8086253555.jpg;https://ir.ozone.ru/s3/multimedia-1-4/7911662188.jpg;https://ir.ozone.ru/s3/multimedia-1-h/8474898833.jpg;https://ir.ozone.ru/s3/multimedia-1-y/8086250086.jpg;https://ir.ozone.ru/s3/multimedia-1-e/8240187614.jpg;https://ir.ozone.ru/s3/multimedia-1-9/7911642069.jpg;https://ir.ozone.ru/s3/multimedia-1-c/8086270044.jpg;https://ir.ozone.ru/s3/multimedia-1-i/7911645714.jpg;https://ir.ozone.ru/s3/multimedia-1-k/7911669548.jpg,4513₽,3,10605₽,43,101,62,3.6,46%,17.4%,4870 g,50 L
512,"#солнцезащитный_крем_от_града
(防冰雹防晒霜)","汽车罩
Чехол на автомобиль",https://ir.ozone.ru/s3/multimedia-1-a/7208433010.jpg;https://ir.ozone.ru/s3/multimedia-1-1/7208433037.jpg;https://ir.ozone.ru/s3/multimedia-1-n/7208432987.jpg;https://ir.ozone.ru/s3/multimedia-1-d/7208433013.jpg;https://ir.ozone.ru/s3/multimedia-1-c/7208433012.jpg;https://ir.ozone.ru/s3/multimedia-1-0/7208433000.jpg;https://ir.ozone.ru/s3/multimedia-1-u/7208432994.jpg;https://ir.ozone.ru/s3/multimedia-1-1/8716060441.jpg;https://ir.ozone.ru/s3/multimedia-1-m/8715908866.jpg;https://ir.ozone.ru/s3/multimedia-1-c/8979210408.jpg,4538₽,3,12994₽,4,10,621,4.3,100%,3.6%,4909 g,80.5 L
513,"#тент_уаз_3303
(UAZ 3303 帐篷)","汽车罩
Чехол на автомобиль",https://ir.ozone.ru/s3/multimedia-1-6/7704730410.jpg;https://ir.ozone.ru/s3/multimedia-1-5/7704731525.jpg;https://ir.ozone.ru/s3/multimedia-1-q/7704727874.jpg;https://ir.ozone.ru/s3/multimedia-a/6564992758.jpg;https://ir.ozone.ru/s3/multimedia-1-6/7704730410.jpg;https://ir.ozone.ru/s3/multimedia-1-w/7085414516.jpg,7430₽,3,24227₽,4,6,110,3.9,100%,2.4%,7583 g,35.7 L
514,#haval_dargo_x,"汽车罩
Чехол на автомобиль",https://ir.ozone.ru/s3/multimedia-1-2/7548865994.jpg;https://ir.ozone.ru/s3/multimedia-1-v/7096046215.jpg;https://ir.ozone.ru/s3/multimedia-1-7/9969847531.jpg;https://ir.ozone.ru/s3/multimedia-1-7/7269836119.jpg;https://ir.ozone.ru/s3/multimedia-1-8/9969844472.jpg;https://ir.ozone.ru/s3/multimedia-1-5/8354029721.jpg;https://ir.ozone.ru/s3/multimedia-1-u/7144224870.jpg;https://ir.ozone.ru/s3/multimedia-1-g/10837032748.jpg;https://ir.ozone.ru/s3/multimedia-1-6/10837030434.jpg;https://ir.ozone.ru/s3/multimedia-1-f/10087209195.jpg,3964₽,3,15300₽,15,21,82,4.5,91%,3.1%,2466 g,29 L
515,"#чехлы_на_автомобиль_в_сумке
(袋装汽车保护套)","汽车罩
Чехол на автомобиль",https://ir.ozone.ru/s3/multimedia-1-e/8525757506.jpg;https://ir.ozone.ru/s3/multimedia-1-3/7581010431.jpg;https://ir.ozone.ru/s3/multimedia-1-2/7038419006.jpg;https://ir.ozone.ru/s3/multimedia-1-e/7038215186.jpg;https://ir.ozone.ru/s3/multimedia-1-d/7039159573.jpg;https://ir.ozone.ru/s3/multimedia-1-e/7038215186.jpg;https://ir.ozone.ru/s3/multimedia-1-d/7039159573.jpg;https://ir.ozone.ru/s3/multimedia-1-e/7038215186.jpg;https://ir.ozone.ru/s3/multimedia-1-u/8746113738.jpg;https://ir.ozone.ru/s3/multimedia-1-u/7196329002.jpg,2757₽,3,8097₽,4,19,3293,4.3,82%,8.7%,1382 g,6.7 L
516,#Оксфорд210D,"汽车罩
Чехол на автомобиль",https://ir.ozone.ru/s3/multimedia-1-u/10855994214.jpg;https://ir.ozone.ru/s3/multimedia-1-f/11577843519.jpg;https://ir.ozone.ru/s3/multimedia-1-j/11209238875.jpg;https://ir.ozone.ru/s3/multimedia-1-m/10492965706.jpg;https://ir.ozone.ru/s3/multimedia-1-3/7634541819.jpg;https://ir.ozone.ru/s3/multimedia-1-b/7634541719.jpg;https://ir.ozone.ru/s3/multimedia-1-e/9833360882.jpg;https://ir.ozone.ru/s3/multimedia-1-x/11805077661.jpg;https://ir.ozone.ru/s3/multimedia-1-x/10881754413.jpg;https://ir.ozone.ru/s3/multimedia-1-u/11316672822.jpg,2397₽,3,6837₽,11,12,6,3.3,98%,14.3%,1478 g,13.2 L
517,"#модели_blizzard
(暴雪模型)","汽车罩
Чехол на автомобиль",https://ir.ozone.ru/s3/multimedia-1-e/8839509458.jpg;https://ir.ozone.ru/s3/multimedia-1-g/8824861384.jpg;https://ir.ozone.ru/s3/multimedia-1-m/8839510150.jpg;https://ir.ozone.ru/s3/multimedia-1-1/8824861765.jpg;https://ir.ozone.ru/s3/multimedia-1-7/8824862203.jpg;https://ir.ozone.ru/s3/multimedia-1-4/8824861552.jpg;https://ir.ozone.ru/s3/multimedia-1-g/8851649020.jpg;https://ir.ozone.ru/s3/multimedia-1-6/8824861626.jpg;https://ir.ozone.ru/s3/multimedia-1-9/8839512225.jpg;https://ir.ozone.ru/s3/multimedia-1-0/8824861512.jpg,5832₽,3,19444₽,1,18,590,4.5,80%,13.2%,6911 g,112.9 L
518,"#тент_газель_3302
(嘎斯3302车篷)","汽车罩
Чехол на автомобиль",https://ir.ozone.ru/s3/multimedia-s/6626793484.jpg;https://ir.ozone.ru/s3/multimedia-1-r/7114775355.jpg;https://ir.ozone.ru/s3/multimedia-1-r/7114775355.jpg;https://ir.ozone.ru/s3/multimedia-9/6666132357.jpg;https://ir.ozone.ru/s3/multimedia-s/6626793484.jpg;https://ir.ozone.ru/s3/multimedia-1-w/9588945164.jpg,8320₽,3,20355₽,3,6,63,3.1,100%,6.7%,9650 g,51.7 L
519,"#чехолнаавтомобильотграда
(汽车防冰雹罩)","汽车罩
Чехол на автомобиль",https://ir.ozone.ru/s3/multimedia-1-j/8086251835.jpg;https://ir.ozone.ru/s3/multimedia-1-b/8086253555.jpg;https://ir.ozone.ru/s3/multimedia-1-4/7911662188.jpg;https://ir.ozone.ru/s3/multimedia-1-h/8474898833.jpg;https://ir.ozone.ru/s3/multimedia-1-y/8086250086.jpg;https://ir.ozone.ru/s3/multimedia-1-e/8240187614.jpg;https://ir.ozone.ru/s3/multimedia-1-i/8307279018.jpg;https://ir.ozone.ru/s3/multimedia-1-9/7911642069.jpg;https://ir.ozone.ru/s3/multimedia-1-i/7911645714.jpg;https://ir.ozone.ru/s3/multimedia-1-0/8611533792.jpg,5080₽,3,11886₽,46,137,49,3.9,41%,11.7%,4830 g,35.7 L
520,"#чехолотграданаавтомобиль
(汽车防冰雹罩)","汽车罩
Чехол на автомобиль",https://ir.ozone.ru/s3/multimedia-1-j/8086251835.jpg;https://ir.ozone.ru/s3/multimedia-1-b/8086253555.jpg;https://ir.ozone.ru/s3/multimedia-1-4/7911662188.jpg;https://ir.ozone.ru/s3/multimedia-1-h/8474898833.jpg;https://ir.ozone.ru/s3/multimedia-1-y/8086250086.jpg;https://ir.ozone.ru/s3/multimedia-1-e/8240187614.jpg;https://ir.ozone.ru/s3/multimedia-1-i/8307279018.jpg;https://ir.ozone.ru/s3/multimedia-1-9/7911642069.jpg;https://ir.ozone.ru/s3/multimedia-1-i/7911645714.jpg;https://ir.ozone.ru/s3/multimedia-1-0/8611533792.jpg,5110₽,3,11693₽,43,132,42,3.9,42%,10.5%,4926 g,36.2 L
521,"#чехолнаавтомобильзимний
(汽车冬季罩)","汽车罩
Чехол на автомобиль",https://ir.ozone.ru/s3/multimedia-1-j/8086251835.jpg;https://ir.ozone.ru/s3/multimedia-1-b/8086253555.jpg;https://ir.ozone.ru/s3/multimedia-1-m/8286576574.jpg;https://ir.ozone.ru/s3/multimedia-1-4/7911662188.jpg;https://ir.ozone.ru/s3/multimedia-1-h/8474898833.jpg;https://ir.ozone.ru/s3/multimedia-1-y/8086250086.jpg;https://ir.ozone.ru/s3/multimedia-1-e/8240187614.jpg;https://ir.ozone.ru/s3/multimedia-1-i/8307279018.jpg;https://ir.ozone.ru/s3/multimedia-1-9/7911642069.jpg;https://ir.ozone.ru/s3/multimedia-1-c/8086270044.jpg,5088₽,3,12978₽,51,167,55,4,40%,10.2%,4795 g,35.1 L
522,"#гараждляавтомобилязимний
(汽车冬季车库)","汽车罩
Чехол на автомобиль",https://ir.ozone.ru/s3/multimedia-1-4/7911662188.jpg;https://ir.ozone.ru/s3/multimedia-1-h/11725160309.jpg;https://ir.ozone.ru/s3/multimedia-1-9/7911642069.jpg;https://ir.ozone.ru/s3/multimedia-1-i/7911645714.jpg;https://ir.ozone.ru/s3/multimedia-1-k/7911669548.jpg;https://ir.ozone.ru/s3/multimedia-1-6/8279901150.jpg;https://ir.ozone.ru/s3/multimedia-1-4/8426387776.jpg;https://ir.ozone.ru/s3/multimedia-1-d/7911637609.jpg;https://ir.ozone.ru/s3/multimedia-1-g/10716264340.jpg;https://ir.ozone.ru/s3/multimedia-1-h/8112749957.jpg,4125₽,3,12531₽,11,18,22,3.4,87%,9.5%,4417 g,45.9 L
523,"#зимнийчехолнаавтомобиль
(冬季汽车罩)","汽车罩
Чехол на автомобиль",https://ir.ozone.ru/s3/multimedia-1-j/8086251835.jpg;https://ir.ozone.ru/s3/multimedia-1-b/8086253555.jpg;https://ir.ozone.ru/s3/multimedia-1-4/7911662188.jpg;https://ir.ozone.ru/s3/multimedia-1-h/8474898833.jpg;https://ir.ozone.ru/s3/multimedia-1-y/8086250086.jpg;https://ir.ozone.ru/s3/multimedia-1-e/8240187614.jpg;https://ir.ozone.ru/s3/multimedia-1-i/8307279018.jpg;https://ir.ozone.ru/s3/multimedia-1-9/7911642069.jpg;https://ir.ozone.ru/s3/multimedia-1-c/8086270044.jpg;https://ir.ozone.ru/s3/multimedia-1-i/7911645714.jpg,5162₽,3,12233₽,44,139,48,4,40%,9.1%,4991 g,37.6 L
524,#автотен,"汽车罩
Чехол на автомобиль",https://ir.ozone.ru/s3/multimedia-1-4/7527995608.jpg,1564₽,3,4752₽,1,1,19,4.2,100%,0%,1900 g,16.8 L
525,#америкаиент,"汽车罩
Чехол на автомобиль",https://ir.ozone.ru/s3/multimedia-1-4/7527995608.jpg,1564₽,3,4752₽,1,1,19,4.2,100%,0%,1900 g,16.8 L
526,"#XICBOOM
(希克布姆)","汽车罩
Чехол на автомобиль",https://ir.ozone.ru/s3/multimedia-1-e/8683435238.jpg;https://ir.ozone.ru/s3/multimedia-1-2/7441113890.jpg;https://ir.ozone.ru/s3/multimedia-1-l/7252203945.jpg;https://ir.ozone.ru/s3/multimedia-1-3/7513911687.jpg;https://ir.ozone.ru/s3/multimedia-1-z/7221478319.jpg;https://ir.ozone.ru/s3/multimedia-1-3/7248764487.jpg;https://ir.ozone.ru/s3/multimedia-1-e/8651821874.jpg;https://ir.ozone.ru/s3/multimedia-1-2/7612874606.jpg;https://ir.ozone.ru/s3/multimedia-1-4/7212979624.jpg;https://ir.ozone.ru/s3/multimedia-1-2/7612874606.jpg,3549₽,3,10368₽,14,134,632,4.6,32%,13.6%,2230 g,11.7 L
527,"#чехол_тент_на_машину
(汽车车衣)","汽车罩
Чехол на автомобиль",https://ir.ozone.ru/s3/multimedia-1-i/8492862222.jpg;https://ir.ozone.ru/s3/multimedia-1-h/7593839081.jpg;https://ir.ozone.ru/s3/multimedia-1-x/7593840177.jpg;https://ir.ozone.ru/s3/multimedia-1-9/7593837093.jpg,1806₽,3,4875₽,1,4,701,4.6,100%,25%,2472 g,13.5 L
528,"#зимний_чехол_для_автомобиля
(汽车冬季罩)","汽车罩
Чехол на автомобиль",https://ir.ozone.ru/s3/multimedia-1-m/8673589282.jpg;https://ir.ozone.ru/s3/multimedia-1-j/10075508803.jpg,3758₽,3,5161₽,2,2,0,2.5,100%,0%,2750 g,10.3 L
529,"#утолщённый
(加厚的)","汽车罩
Чехол на автомобиль",https://ir.ozone.ru/s3/multimedia-1-i/9872138682.jpg;https://ir.ozone.ru/s3/multimedia-1-7/9969847531.jpg;https://ir.ozone.ru/s3/multimedia-1-e/9925577618.jpg;https://ir.ozone.ru/s3/multimedia-1-a/9891496990.jpg;https://ir.ozone.ru/s3/multimedia-1-z/10058209091.jpg;https://ir.ozone.ru/s3/multimedia-1-s/9903447568.jpg;https://ir.ozone.ru/s3/multimedia-1-6/10062100878.jpg;https://ir.ozone.ru/s3/multimedia-1-3/9870052035.jpg;https://ir.ozone.ru/s3/multimedia-1-a/9871248862.jpg;https://ir.ozone.ru/s3/multimedia-1-n/7945116503.jpg,3248₽,3,5412₽,51,202,18,2.7,36%,6.8%,3798 g,34.3 L
530,#нейлоновая_накидка,"汽车罩
Чехол на автомобиль",https://ir.ozone.ru/s3/multimedia-1-u/9038492958.jpg;https://ir.ozone.ru/s3/multimedia-1-y/9853927846.jpg,1022₽,3,2462₽,2,2,6,5,100%,25%,1125 g,3.4 L
531,"#чехол_для_машины_от_снега
(汽车防雪罩)","汽车罩
Чехол на автомобиль",https://ir.ozone.ru/s3/multimedia-1-n/7570533371.jpg;https://ir.ozone.ru/s3/multimedia-1-0/7570534068.jpg;https://ir.ozone.ru/s3/multimedia-1-c/7570533360.jpg;https://ir.ozone.ru/s3/multimedia-1-9/7570535229.jpg;https://ir.ozone.ru/s3/multimedia-1-2/7570515170.jpg;https://ir.ozone.ru/s3/multimedia-1-6/7570533498.jpg;https://ir.ozone.ru/s3/multimedia-1-0/7570510092.jpg;https://ir.ozone.ru/s3/multimedia-1-v/7570515199.jpg;https://ir.ozone.ru/s3/multimedia-1-6/7570534146.jpg;https://ir.ozone.ru/s3/multimedia-1-g/7570515292.jpg,3475₽,3,9602₽,2,23,203,4.6,78%,19.9%,1228 g,10.9 L
532,#тент_уаз_головастик,"汽车罩
Чехол на автомобиль",https://ir.ozone.ru/s3/multimedia-1-5/7704731525.jpg;https://ir.ozone.ru/s3/multimedia-1-t/7090758713.jpg,7206₽,3,17661₽,2,2,16,4.7,100%,50%,6000 g,9.1 L
533,#тент_уаз_3151,"汽车罩
Чехол на автомобиль",https://ir.ozone.ru/s3/multimedia-1-q/7085104154.jpg;https://ir.ozone.ru/s3/multimedia-1-h/7082019017.jpg;https://ir.ozone.ru/s3/multimedia-1-j/7704774163.jpg;https://ir.ozone.ru/s3/multimedia-e/6210729974.jpg,8343₽,3,20613₽,3,4,127,1.2,100%,12.5%,6500 g,10.7 L
534,#гараж_для_автомобиля_зимний,"汽车罩
Чехол на автомобиль",https://ir.ozone.ru/s3/multimedia-1-u/8746113738.jpg;https://ir.ozone.ru/s3/multimedia-1-t/8384729537.jpg;https://ir.ozone.ru/s3/multimedia-1-a/10203219406.jpg,868₽,3,3407₽,3,3,257,4.2,100%,33.3%,567 g,14 L
535,#nissan_juke_чехол_для_авто,"汽车罩
Чехол на автомобиль",https://ir.ozone.ru/s3/multimedia-1-c/7197701916.jpg,3163₽,3,9494₽,1,1,435,4.8,100%,0%,1550 g,6 L
536,"#шевроле_нива_чехол_для_авто
(雪佛兰尼瓦汽车套)","汽车罩
Чехол на автомобиль",https://ir.ozone.ru/s3/multimedia-l/6848725233.jpg;https://ir.ozone.ru/s3/multimedia-x/6853083981.jpg;https://ir.ozone.ru/s3/multimedia-0/6853261032.jpg;https://ir.ozone.ru/s3/multimedia-a/6848725222.jpg;https://ir.ozone.ru/s3/multimedia-l/6848725233.jpg,3581₽,3,8750₽,4,5,413,4.7,100%,32%,3360 g,21.1 L
537,"#летний_чехол
(夏季保护套)","汽车罩
Чехол на автомобиль",https://ir.ozone.ru/s3/multimedia-1-w/6996433928.jpg;https://ir.ozone.ru/s3/multimedia-1-i/9872138682.jpg;https://ir.ozone.ru/s3/multimedia-1-7/9969847531.jpg;https://ir.ozone.ru/s3/multimedia-1-e/9925577618.jpg;https://ir.ozone.ru/s3/multimedia-1-a/9891496990.jpg;https://ir.ozone.ru/s3/multimedia-1-z/10058209091.jpg;https://ir.ozone.ru/s3/multimedia-1-s/9903447568.jpg;https://ir.ozone.ru/s3/multimedia-1-6/10062100878.jpg;https://ir.ozone.ru/s3/multimedia-1-3/9870052035.jpg;https://ir.ozone.ru/s3/multimedia-1-a/9871248862.jpg,3340₽,3,6358₽,66,145,14,2.9,38%,8.9%,3733 g,34.6 L
538,#чехол_на_светодиодную_балку,"汽车罩
Чехол на автомобиль",https://ir.ozone.ru/s3/multimedia-8/6734749184.jpg,3508₽,3,10524₽,1,1,20,5,100%,0%,130 g,5 L
539,#чехол_на_балку,"汽车罩
Чехол на автомобиль",https://ir.ozone.ru/s3/multimedia-8/6734749184.jpg,3508₽,3,10524₽,1,1,20,5,100%,0%,130 g,5 L
540,#чехол_светодиодной_балки,"汽车罩
Чехол на автомобиль",https://ir.ozone.ru/s3/multimedia-8/6734749184.jpg,3508₽,3,10524₽,1,1,20,5,100%,0%,130 g,5 L
541,#светодиодная_балка_с_чехлом,"汽车罩
Чехол на автомобиль",https://ir.ozone.ru/s3/multimedia-8/6734749184.jpg,3508₽,3,10524₽,1,1,20,5,100%,0%,130 g,5 L
542,#чехол_для_лед_балки,"汽车罩
Чехол на автомобиль",https://ir.ozone.ru/s3/multimedia-8/6734749184.jpg,3508₽,3,10524₽,1,1,20,5,100%,0%,130 g,5 L
543,#накидля_для_авто,"汽车罩
Чехол на автомобиль",https://ir.ozone.ru/s3/multimedia-d/6625772905.jpg,922₽,3,2766₽,1,1,91,4.3,100%,100%,1500 g,10.1 L
544,#автомобиль_suv_чехол_для_авто,"汽车罩
Чехол на автомобиль",https://ir.ozone.ru/s3/multimedia-x/6834290469.jpg,2904₽,3,8442₽,1,1,4699,4.8,100%,33.4%,1700 g,7 L
545,#skoda_kodiak_чехол_для_авто,"汽车罩
Чехол на автомобиль",https://ir.ozone.ru/s3/multimedia-1-i/6970298634.jpg,4551₽,3,13920₽,1,1,1474,4.9,100%,0%,3600 g,19.3 L
546,"#тент_на_4
(4人帐篷)","汽车罩
Чехол на автомобиль",https://ir.ozone.ru/s3/multimedia-1-y/7291232818.jpg;https://ir.ozone.ru/s3/multimedia-1-1/6907213657.jpg;https://ir.ozone.ru/s3/multimedia-1-y/7291232818.jpg;https://ir.ozone.ru/s3/multimedia-t/6666108293.jpg;https://ir.ozone.ru/s3/multimedia-1-y/7291232818.jpg,12074₽,3,33383₽,3,5,5,2.9,100%,3.6%,15840 g,107.5 L
547,"#тент_на_газель_320202
(嘎斯320202帐篷)","汽车罩
Чехол на автомобиль",https://ir.ozone.ru/s3/multimedia-1-y/7291232818.jpg;https://ir.ozone.ru/s3/multimedia-1-1/6907213657.jpg;https://ir.ozone.ru/s3/multimedia-1-y/7291232818.jpg;https://ir.ozone.ru/s3/multimedia-t/6666108293.jpg;https://ir.ozone.ru/s3/multimedia-1-y/7291232818.jpg,12074₽,3,33383₽,3,5,5,2.9,100%,3.6%,15840 g,107.5 L
548,"#тент_320202
(帐篷320202)","汽车罩
Чехол на автомобиль",https://ir.ozone.ru/s3/multimedia-1-y/7291232818.jpg;https://ir.ozone.ru/s3/multimedia-1-1/6907213657.jpg;https://ir.ozone.ru/s3/multimedia-1-y/7291232818.jpg;https://ir.ozone.ru/s3/multimedia-t/6666108293.jpg;https://ir.ozone.ru/s3/multimedia-1-y/7291232818.jpg,12074₽,3,33383₽,3,5,5,2.9,100%,3.6%,15840 g,107.5 L
549,"#тент_газ_320202
(嘎斯320202帐篷)","汽车罩
Чехол на автомобиль",https://ir.ozone.ru/s3/multimedia-1-y/7291232818.jpg;https://ir.ozone.ru/s3/multimedia-1-1/6907213657.jpg;https://ir.ozone.ru/s3/multimedia-1-y/7291232818.jpg;https://ir.ozone.ru/s3/multimedia-t/6666108293.jpg;https://ir.ozone.ru/s3/multimedia-1-y/7291232818.jpg,12074₽,3,33383₽,3,5,5,2.9,100%,3.6%,15840 g,107.5 L
550,"#lexus_rx300_чехол_для_авто
(雷克萨斯RX300汽车保护套)","汽车罩
Чехол на автомобиль",https://ir.ozone.ru/s3/multimedia-h/6826036913.jpg,4691₽,3,14706₽,1,1,500,5,100%,0%,3500 g,21.1 L
551,"#тент_469
(469车篷)","汽车罩
Чехол на автомобиль",https://ir.ozone.ru/s3/multimedia-1-t/6971277701.jpg;https://ir.ozone.ru/s3/multimedia-1-v/7704727303.jpg;https://ir.ozone.ru/s3/multimedia-1-u/7704728958.jpg;https://ir.ozone.ru/s3/multimedia-1-v/7704727303.jpg;https://ir.ozone.ru/s3/multimedia-1-v/7704727303.jpg;https://ir.ozone.ru/s3/multimedia-l/6441377337.jpg;https://ir.ozone.ru/s3/multimedia-1-u/7704728958.jpg,9358₽,3,26982₽,5,7,48,4,100%,8.3%,9267 g,18.3 L
552,#антиград,"汽车罩
Чехол на автомобиль",https://ir.ozone.ru/s3/multimedia-1-3/7651623207.jpg;https://ir.ozone.ru/s3/multimedia-1-v/9430820023.jpg;https://ir.ozone.ru/s3/multimedia-1-b/9254358047.jpg;https://ir.ozone.ru/s3/multimedia-1-f/9315135699.jpg;https://ir.ozone.ru/s3/multimedia-1-1/8373156769.jpg;https://ir.ozone.ru/s3/multimedia-1-9/9430719849.jpg;https://ir.ozone.ru/s3/multimedia-1-y/9261885058.jpg;https://ir.ozone.ru/s3/multimedia-1-i/9254342934.jpg;https://ir.ozone.ru/s3/multimedia-1-2/9410545550.jpg;https://ir.ozone.ru/s3/multimedia-1-v/9431027527.jpg,13320₽,3,23190₽,11,37,136,3.7,55%,14.4%,3376 g,155.7 L
553,#мобильныйгараждляавтомобиля,"汽车罩
Чехол на автомобиль",https://ir.ozone.ru/s3/multimedia-1-4/7911662188.jpg;https://ir.ozone.ru/s3/multimedia-1-9/7911642069.jpg;https://ir.ozone.ru/s3/multimedia-1-i/7911645714.jpg;https://ir.ozone.ru/s3/multimedia-1-k/7911669548.jpg;https://ir.ozone.ru/s3/multimedia-1-6/8279901150.jpg;https://ir.ozone.ru/s3/multimedia-1-4/8426387776.jpg;https://ir.ozone.ru/s3/multimedia-1-d/7911637609.jpg;https://ir.ozone.ru/s3/multimedia-1-g/10716264340.jpg;https://ir.ozone.ru/s3/multimedia-1-l/8177104461.jpg;https://ir.ozone.ru/s3/multimedia-1-l/9397335801.jpg,3895₽,3,11543₽,9,15,24,3.7,90%,0%,4333 g,46 L
554,"#тент_от_солнца_в_автомобиль
(汽车遮阳帐篷)","汽车罩
Чехол на автомобиль",https://ir.ozone.ru/s3/multimedia-1-p/11220195733.jpg;https://ir.ozone.ru/s3/multimedia-1-y/9673527490.jpg;https://ir.ozone.ru/s3/multimedia-1-g/7003108420.jpg;https://ir.ozone.ru/s3/multimedia-1-7/11903911387.jpg;https://ir.ozone.ru/s3/multimedia-1-t/9673486337.jpg;https://ir.ozone.ru/s3/multimedia-1-s/7003108396.jpg;https://ir.ozone.ru/s3/multimedia-1-g/9635231968.jpg;https://ir.ozone.ru/s3/multimedia-k/6900334760.jpg;https://ir.ozone.ru/s3/multimedia-1-v/7003108327.jpg;https://ir.ozone.ru/s3/multimedia-1-l/7268593845.jpg,7505₽,3,12507₽,4,33,90,4.4,66%,4.2%,2661 g,44 L
555,#kia_sports_чехол_для_авто,"汽车罩
Чехол на автомобиль",https://ir.ozone.ru/s3/multimedia-1-9/7339834305.jpg,3239₽,3,9602₽,1,1,96,4.8,100%,0%,1550 g,4.7 L
556,#чехол_для_внедорожника,"汽车罩
Чехол на автомобиль",https://ir.ozone.ru/s3/multimedia-1-g/7965750544.jpg;https://ir.ozone.ru/s3/multimedia-1-p/10206259405.jpg;https://ir.ozone.ru/s3/multimedia-1-h/12320749169.jpg;https://ir.ozone.ru/s3/multimedia-1-2/11698922450.jpg;https://ir.ozone.ru/s3/multimedia-1-c/11329691520.jpg;https://ir.ozone.ru/s3/multimedia-1-n/11143522823.jpg;https://ir.ozone.ru/s3/multimedia-1-6/10886991810.jpg,1626₽,3,4500₽,7,7,2,2,100%,20%,1460 g,16.5 L
557,#ПодДеревом,"汽车罩
Чехол на автомобиль",https://ir.ozone.ru/s3/multimedia-1-f/8792959047.jpg;https://ir.ozone.ru/s3/multimedia-1-u/10438978818.jpg;https://ir.ozone.ru/s3/multimedia-1-3/10438982175.jpg;https://ir.ozone.ru/s3/multimedia-1-e/10438978262.jpg,447₽,3,1092₽,2,4,12,5,100%,0%,283 g,8.8 L
558,"#хэтчбек_чехол_для_авто
(两厢车汽车座套)","汽车罩
Чехол на автомобиль",https://ir.ozone.ru/s3/multimedia-1-v/7380042295.jpg,2926₽,3,8750₽,1,1,1732,4.9,100%,0%,1541 g,6.8 L
559,#тентнаджип,"汽车罩
Чехол на автомобиль",https://ir.ozone.ru/s3/multimedia-1-n/11740908551.jpg;https://ir.ozone.ru/s3/multimedia-1-0/8899579044.jpg;https://ir.ozone.ru/s3/multimedia-1-0/8899579044.jpg,7226₽,3,29058₽,3,3,55,3.2,100%,33.3%,2867 g,14 L
560,#тент_толстый_уаз,"汽车罩
Чехол на автомобиль",https://ir.ozone.ru/s3/multimedia-1-v/7704727303.jpg;https://ir.ozone.ru/s3/multimedia-1-u/7704728958.jpg;https://ir.ozone.ru/s3/multimedia-1-v/7704727303.jpg;https://ir.ozone.ru/s3/multimedia-1-v/7704727303.jpg;https://ir.ozone.ru/s3/multimedia-1-u/7704728958.jpg,9063₽,3,23427₽,3,5,13,3.8,100%,10%,9000 g,19 L
561,#тёплыйгаражзим,"汽车罩
Чехол на автомобиль",https://ir.ozone.ru/s3/multimedia-1-c/8086270044.jpg;https://ir.ozone.ru/s3/multimedia-1-t/8086257641.jpg;https://ir.ozone.ru/s3/multimedia-1-m/8086267246.jpg;https://ir.ozone.ru/s3/multimedia-1-x/8849986125.jpg;https://ir.ozone.ru/s3/multimedia-1-y/8086261066.jpg;https://ir.ozone.ru/s3/multimedia-1-9/8474889429.jpg;https://ir.ozone.ru/s3/multimedia-1-g/8086252408.jpg,4007₽,3,11003₽,3,7,161,4.8,100%,14.3%,5299 g,64.4 L
562,#ПтичийПомет,"汽车罩
Чехол на автомобиль",https://ir.ozone.ru/s3/multimedia-1-u/10438978818.jpg;https://ir.ozone.ru/s3/multimedia-1-3/10438982175.jpg;https://ir.ozone.ru/s3/multimedia-1-e/10438978262.jpg,293₽,3,829₽,1,3,2,5,100%,0%,233 g,10.5 L
563,#тент_автомобиль,"汽车罩
Чехол на автомобиль",https://ir.ozone.ru/s3/multimedia-1-g/8998367992.jpg,3081₽,3,9276₽,1,1,1,5,100%,0%,1800 g,19.8 L
564,#Тент_для_автомобиля_кроссовер,"汽车罩
Чехол на автомобиль",https://ir.ozone.ru/s3/multimedia-1-v/11131133359.jpg;https://ir.ozone.ru/s3/multimedia-1-5/9329156213.jpg;https://ir.ozone.ru/s3/multimedia-1-i/11016204750.jpg;https://ir.ozone.ru/s3/multimedia-1-6/9554219034.jpg;https://ir.ozone.ru/s3/multimedia-1-i/9813590370.jpg;https://ir.ozone.ru/s3/multimedia-1-g/10193730352.jpg;https://ir.ozone.ru/s3/multimedia-1-n/11217258095.jpg;https://ir.ozone.ru/s3/multimedia-1-z/10360424699.jpg;https://ir.ozone.ru/s3/multimedia-1-i/9554218542.jpg;https://ir.ozone.ru/s3/multimedia-1-m/8350147606.jpg,5250₽,3,10922₽,44,291,4,3,42%,12.9%,2819 g,22.9 L
565,#Тент_на_Газель,"汽车罩
Чехол на автомобиль",https://ir.ozone.ru/s3/multimedia-1-v/11131133359.jpg;https://ir.ozone.ru/s3/multimedia-1-5/9329156213.jpg;https://ir.ozone.ru/s3/multimedia-1-i/11016204750.jpg;https://ir.ozone.ru/s3/multimedia-1-6/9554219034.jpg;https://ir.ozone.ru/s3/multimedia-1-i/9813590370.jpg;https://ir.ozone.ru/s3/multimedia-1-g/10193730352.jpg;https://ir.ozone.ru/s3/multimedia-1-n/11217258095.jpg;https://ir.ozone.ru/s3/multimedia-1-z/10360424699.jpg;https://ir.ozone.ru/s3/multimedia-1-i/9554218542.jpg;https://ir.ozone.ru/s3/multimedia-1-m/8350147606.jpg,4365₽,3,10126₽,48,269,7,3.7,45%,12.9%,2300 g,19.8 L
566,#зимняя_накидка_на_лобовое,"汽车罩
Чехол на автомобиль",https://ir.ozone.ru/s3/multimedia-1-6/9991675086.jpg;https://ir.ozone.ru/s3/multimedia-1-m/9518950390.jpg;https://ir.ozone.ru/s3/multimedia-1-o/8894965596.jpg;https://ir.ozone.ru/s3/multimedia-1-l/9991685469.jpg;https://ir.ozone.ru/s3/multimedia-1-3/8720446287.jpg;https://ir.ozone.ru/s3/multimedia-1-4/8063186152.jpg;https://ir.ozone.ru/s3/multimedia-1-2/8720446178.jpg;https://ir.ozone.ru/s3/multimedia-1-r/10908932103.jpg;https://ir.ozone.ru/s3/multimedia-1-q/8592875558.jpg;https://ir.ozone.ru/s3/multimedia-1-p/8951653573.jpg,491₽,3,1577₽,15,18,391,2.9,87%,14.1%,363 g,6 L
567,#Чехол_для_хэтчбека,"汽车罩
Чехол на автомобиль",https://ir.ozone.ru/s3/multimedia-1-0/9066938508.jpg;https://ir.ozone.ru/s3/multimedia-1-d/9066935857.jpg,2909₽,3,8727₽,1,2,1,5,100%,12.5%,1500 g,15.8 L
568,#антицарапина_чехол,"汽车罩
Чехол на автомобиль",https://ir.ozone.ru/s3/multimedia-1-i/11287493730.jpg;https://ir.ozone.ru/s3/multimedia-1-8/7413687512.jpg;https://ir.ozone.ru/s3/multimedia-1-c/8935733640.jpg;https://ir.ozone.ru/s3/multimedia-1-5/8747454353.jpg,1090₽,3,1378₽,3,4,5,3.4,100%,0%,635 g,9.6 L
569,#для_Тойота_РАВ4,"汽车罩
Чехол на автомобиль",https://ir.ozone.ru/s3/multimedia-1-a/9467355286.jpg;https://ir.ozone.ru/s3/multimedia-1-f/9768808707.jpg,2487₽,3,8694₽,2,2,96,2.4,100%,10%,4100 g,18.8 L
570,#Накидка_на_лобовое_стекло,"汽车罩
Чехол на автомобиль",https://ir.ozone.ru/s3/multimedia-1-0/9066938508.jpg;https://ir.ozone.ru/s3/multimedia-1-d/9066935857.jpg,2909₽,3,8727₽,1,2,1,5,100%,12.5%,1500 g,15.8 L
571,#bmw_x3_чехол_для_авто,"汽车罩
Чехол на автомобиль",https://ir.ozone.ru/s3/multimedia-1-t/7224490829.jpg;https://ir.ozone.ru/s3/multimedia-1-i/7048175598.jpg,3952₽,3,10711₽,2,2,88,4.9,100%,0%,2650 g,12.7 L
572,#чехлол_на_авто,"汽车罩
Чехол на автомобиль",https://ir.ozone.ru/s3/multimedia-s/6544088944.jpg,3873₽,3,11741₽,1,1,55,5,100%,33.4%,1500 g,12.1 L
573,#mazda_6_чехол_для_авто,"汽车罩
Чехол на автомобиль",https://ir.ozone.ru/s3/multimedia-1-4/7248717436.jpg;https://ir.ozone.ru/s3/multimedia-1-f/7042292799.jpg,3845₽,3,8685₽,1,2,12,2.5,100%,12.5%,2400 g,12.3 L
574,#Тойота_РАВ4_защитный_чехол,"汽车罩
Чехол на автомобиль",https://ir.ozone.ru/s3/multimedia-1-a/9467355286.jpg;https://ir.ozone.ru/s3/multimedia-1-f/9768808707.jpg,2487₽,3,8694₽,2,2,96,2.4,100%,10%,4100 g,18.8 L
575,#Тойота_РАВ4_2024,"汽车罩
Чехол на автомобиль",https://ir.ozone.ru/s3/multimedia-1-a/9467355286.jpg;https://ir.ozone.ru/s3/multimedia-1-f/9768808707.jpg,2487₽,3,8694₽,2,2,96,2.4,100%,10%,4100 g,18.8 L
576,#Тойота_РАВ4_чехол,"汽车罩
Чехол на автомобиль",https://ir.ozone.ru/s3/multimedia-1-a/9467355286.jpg;https://ir.ozone.ru/s3/multimedia-1-f/9768808707.jpg,2487₽,3,8694₽,2,2,96,2.4,100%,10%,4100 g,18.8 L
577,#Тойота_РАВ4_Солнцезащитный,"汽车罩
Чехол на автомобиль",https://ir.ozone.ru/s3/multimedia-1-a/9467355286.jpg;https://ir.ozone.ru/s3/multimedia-1-f/9768808707.jpg,2487₽,3,8694₽,2,2,96,2.4,100%,10%,4100 g,18.8 L
578,#Тойота_РАВ4_деталь,"汽车罩
Чехол на автомобиль",https://ir.ozone.ru/s3/multimedia-1-a/9467355286.jpg;https://ir.ozone.ru/s3/multimedia-1-f/9768808707.jpg,2487₽,3,8694₽,2,2,96,2.4,100%,10%,4100 g,18.8 L
579,#mazda_cx_7_чехол_для_авто,"汽车罩
Чехол на автомобиль",https://ir.ozone.ru/s3/multimedia-1-9/7248758301.jpg,3276₽,3,9860₽,1,1,435,4.8,100%,0%,1700 g,6 L
580,#тентдляавтозимний,"汽车罩
Чехол на автомобиль",https://ir.ozone.ru/s3/multimedia-1-e/8683435238.jpg;https://ir.ozone.ru/s3/multimedia-1-e/8651821874.jpg;https://ir.ozone.ru/s3/multimedia-1-e/8651821874.jpg;https://ir.ozone.ru/s3/multimedia-1-e/8651821874.jpg;https://ir.ozone.ru/s3/multimedia-1-e/8651821874.jpg;https://ir.ozone.ru/s3/multimedia-1-e/8651821874.jpg;https://ir.ozone.ru/s3/multimedia-1-d/10558107949.jpg;https://ir.ozone.ru/s3/multimedia-1-9/9032147541.jpg;https://ir.ozone.ru/s3/multimedia-1-e/8651821874.jpg;https://ir.ozone.ru/s3/multimedia-1-e/8651821874.jpg,3125₽,3,8576₽,6,34,50,4.1,65%,13.2%,1679 g,8.9 L
581,#чехолнаавтомобильауди,"汽车罩
Чехол на автомобиль",https://ir.ozone.ru/s3/multimedia-1-8/9845822132.jpg,1866₽,3,6907₽,1,1,100,3.8,100%,33.4%,1000 g,8.5 L
582,#omoda_c5_i,"汽车罩
Чехол на автомобиль",https://ir.ozone.ru/s3/multimedia-1-6/10062100878.jpg,4419₽,3,13347₽,1,1,3,5,100%,0%,5500 g,50.5 L
583,#Чехол_на_авто,"汽车罩
Чехол на автомобиль",https://ir.ozone.ru/s3/multimedia-1-0/9066938508.jpg;https://ir.ozone.ru/s3/multimedia-1-d/9066935857.jpg,2909₽,3,8727₽,1,2,1,5,100%,12.5%,1500 g,15.8 L
584,#lexus_gs_чехол_для_авто,"汽车罩
Чехол на автомобиль",https://ir.ozone.ru/s3/multimedia-1-u/7213056402.jpg,3230₽,3,9690₽,1,1,438,4.8,100%,0%,1600 g,5.4 L
585,#тентдляпикапа,"汽车罩
Чехол на автомобиль",https://ir.ozone.ru/s3/multimedia-1-w/9694432652.jpg,4757₽,3,14271₽,1,1,2,5,100%,0%,2000 g,4.8 L
586,#защитныйтентнаавто,"汽车罩
Чехол на автомобиль",https://ir.ozone.ru/s3/multimedia-1-w/9694432652.jpg,4757₽,3,14271₽,1,1,2,5,100%,0%,2000 g,4.8 L
587,#фиксаторы_для_чехла,"汽车罩
Чехол на автомобиль",https://ir.ozone.ru/s3/multimedia-1-g/7965750544.jpg,4853₽,3,14943₽,1,1,2,5,100%,0%,4500 g,17.3 L
588,#ПолиэтиленДляМашины,"汽车罩
Чехол на автомобиль",https://ir.ozone.ru/s3/multimedia-1-u/10438978818.jpg;https://ir.ozone.ru/s3/multimedia-1-3/10438982175.jpg;https://ir.ozone.ru/s3/multimedia-1-e/10438978262.jpg,293₽,3,829₽,1,3,2,5,100%,0%,233 g,10.5 L
589,#ГаражнаяПыль,"汽车罩
Чехол на автомобиль",https://ir.ozone.ru/s3/multimedia-1-u/10438978818.jpg;https://ir.ozone.ru/s3/multimedia-1-3/10438982175.jpg;https://ir.ozone.ru/s3/multimedia-1-e/10438978262.jpg,293₽,3,829₽,1,3,2,5,100%,0%,233 g,10.5 L
590,#ЧехолНаОдинРаз,"汽车罩
Чехол на автомобиль",https://ir.ozone.ru/s3/multimedia-1-u/10438978818.jpg;https://ir.ozone.ru/s3/multimedia-1-3/10438982175.jpg;https://ir.ozone.ru/s3/multimedia-1-e/10438978262.jpg,293₽,3,829₽,1,3,2,5,100%,0%,233 g,10.5 L
591,#ПокраскаГаража,"汽车罩
Чехол на автомобиль",https://ir.ozone.ru/s3/multimedia-1-u/10438978818.jpg;https://ir.ozone.ru/s3/multimedia-1-3/10438982175.jpg;https://ir.ozone.ru/s3/multimedia-1-e/10438978262.jpg,293₽,3,829₽,1,3,2,5,100%,0%,233 g,10.5 L
592,#НакрылИПоехал,"汽车罩
Чехол на автомобиль",https://ir.ozone.ru/s3/multimedia-1-u/10438978818.jpg;https://ir.ozone.ru/s3/multimedia-1-3/10438982175.jpg;https://ir.ozone.ru/s3/multimedia-1-e/10438978262.jpg,293₽,3,829₽,1,3,2,5,100%,0%,233 g,10.5 L
593,#СтройкаАвтоЗащита,"汽车罩
Чехол на автомобиль",https://ir.ozone.ru/s3/multimedia-1-u/10438978818.jpg;https://ir.ozone.ru/s3/multimedia-1-3/10438982175.jpg;https://ir.ozone.ru/s3/multimedia-1-e/10438978262.jpg,293₽,3,829₽,1,3,2,5,100%,0%,233 g,10.5 L
594,#НеНадоСтирать,"汽车罩
Чехол на автомобиль",https://ir.ozone.ru/s3/multimedia-1-u/10438978818.jpg;https://ir.ozone.ru/s3/multimedia-1-3/10438982175.jpg;https://ir.ozone.ru/s3/multimedia-1-e/10438978262.jpg,293₽,3,829₽,1,3,2,5,100%,0%,233 g,10.5 L
595,#changan_uni_s_4,"汽车罩
Чехол на автомобиль",https://ir.ozone.ru/s3/multimedia-1-s/9903447568.jpg;https://ir.ozone.ru/s3/multimedia-1-d/9903447661.jpg,4512₽,3,13079₽,1,2,0,0,100%,25%,5500 g,50.5 L
596,#пардадлядвер,"汽车罩
Чехол на автомобиль",https://ir.ozone.ru/s3/multimedia-1-g/11629289212.jpg,2157₽,3,6893₽,1,1,2,5,100%,33.4%,2000 g,15.8 L
597,#kiarioчехолнаавтомобиль,"汽车罩
Чехол на автомобиль",https://ir.ozone.ru/s3/multimedia-1-g/11629289212.jpg,2157₽,3,6893₽,1,1,2,5,100%,33.4%,2000 g,15.8 L
598,#чехол_тяжелый,"汽车罩
Чехол на автомобиль",https://ir.ozone.ru/s3/multimedia-1-g/8998367992.jpg,3081₽,3,9276₽,1,1,1,5,100%,0%,1800 g,19.8 L
599,#чехол_лето,"汽车罩
Чехол на автомобиль",https://ir.ozone.ru/s3/multimedia-1-g/8998367992.jpg,3081₽,3,9276₽,1,1,1,5,100%,0%,1800 g,19.8 L
600,#чехол_от_тополя,"汽车罩
Чехол на автомобиль",https://ir.ozone.ru/s3/multimedia-1-p/10206259405.jpg;https://ir.ozone.ru/s3/multimedia-1-c/11329691520.jpg;https://ir.ozone.ru/s3/multimedia-1-n/11143522823.jpg,1170₽,3,3462₽,3,3,5,3,100%,50%,1290 g,19.8 L
601,#снегозащитный,"汽车罩
Чехол на автомобиль",https://ir.ozone.ru/s3/multimedia-1-z/8305394327.jpg;https://ir.ozone.ru/s3/multimedia-1-l/10675691697.jpg;https://ir.ozone.ru/s3/multimedia-1-z/8305394327.jpg;https://ir.ozone.ru/s3/multimedia-1-7/8540742787.jpg;https://ir.ozone.ru/s3/multimedia-1-j/8540824555.jpg,1725₽,3,3692₽,4,5,28,2.8,100%,4.2%,812 g,6.8 L
602,#Scratch_Protection,"汽车罩
Чехол на автомобиль",https://ir.ozone.ru/s3/multimedia-1-0/9994081068.jpg;https://ir.ozone.ru/s3/multimedia-1-x/8729047725.jpg;https://ir.ozone.ru/s3/multimedia-1-a/8815464658.jpg;https://ir.ozone.ru/s3/multimedia-1-u/8815465146.jpg;https://ir.ozone.ru/s3/multimedia-1-4/8924546848.jpg;https://ir.ozone.ru/s3/multimedia-1-5/10172835149.jpg,5681₽,3,10248₽,3,6,2,3.9,100%,2.9%,2600 g,15.3 L
603,#Хранение_авто,"汽车罩
Чехол на автомобиль",https://ir.ozone.ru/s3/multimedia-1-0/9066938508.jpg;https://ir.ozone.ru/s3/multimedia-1-d/9066935857.jpg,2909₽,3,8727₽,1,2,1,5,100%,12.5%,1500 g,15.8 L
604,#Джили_Монджаро_чехол,"汽车罩
Чехол на автомобиль",https://ir.ozone.ru/s3/multimedia-1-0/8352775080.jpg,4792₽,3,14024₽,1,1,4,5,100%,0%,4100 g,18.8 L
605,#Джили_Монджаро_Защитный_чехол,"汽车罩
Чехол на автомобиль",https://ir.ozone.ru/s3/multimedia-1-0/8352775080.jpg,4792₽,3,14024₽,1,1,4,5,100%,0%,4100 g,18.8 L
606,#Джили_Монджаро_2024,"汽车罩
Чехол на автомобиль",https://ir.ozone.ru/s3/multimedia-1-0/8352775080.jpg,4792₽,3,14024₽,1,1,4,5,100%,0%,4100 g,18.8 L
607,#Джили_Монджаро_2025,"汽车罩
Чехол на автомобиль",https://ir.ozone.ru/s3/multimedia-1-0/8352775080.jpg,4792₽,3,14024₽,1,1,4,5,100%,0%,4100 g,18.8 L
608,#серебристый_чехол_авто,"汽车罩
Чехол на автомобиль",https://ir.ozone.ru/s3/multimedia-1-j/9685041787.jpg;https://ir.ozone.ru/s3/multimedia-1-v/8286434599.jpg;https://ir.ozone.ru/s3/multimedia-1-p/8382161869.jpg;https://ir.ozone.ru/s3/multimedia-1-z/9279206999.jpg,3407₽,3,7992₽,3,4,4,3.5,100%,8.4%,3750 g,36.5 L
609,#чехолнамашинукиариохэтчбек,"汽车罩
Чехол на автомобиль",https://ir.ozone.ru/s3/multimedia-1-g/11629289212.jpg,2157₽,3,6893₽,1,1,2,5,100%,33.4%,2000 g,15.8 L
610,#тентнаkiariox,"汽车罩
Чехол на автомобиль",https://ir.ozone.ru/s3/multimedia-1-g/11629289212.jpg,2157₽,3,6893₽,1,1,2,5,100%,33.4%,2000 g,15.8 L
611,#чехолнаавтокиариоседан,"汽车罩
Чехол на автомобиль",https://ir.ozone.ru/s3/multimedia-1-g/11629289212.jpg,2157₽,3,6893₽,1,1,2,5,100%,33.4%,2000 g,15.8 L
612,#чехол_Lada_2110_двухслойный,"汽车罩
Чехол на автомобиль",https://ir.ozone.ru/s3/multimedia-1-j/9685041787.jpg;https://ir.ozone.ru/s3/multimedia-1-v/8286434599.jpg;https://ir.ozone.ru/s3/multimedia-1-z/9279206999.jpg,2747₽,3,8859₽,3,3,4,4.6,100%,11.1%,3000 g,28.6 L
613,#подарок_для_папы_с_Lada_2110,"汽车罩
Чехол на автомобиль",https://ir.ozone.ru/s3/multimedia-1-j/9685041787.jpg;https://ir.ozone.ru/s3/multimedia-1-v/8286434599.jpg;https://ir.ozone.ru/s3/multimedia-1-z/9279206999.jpg,2747₽,3,8859₽,3,3,4,4.6,100%,11.1%,3000 g,28.6 L
614,#чехол_для_переходных_периодов,"汽车罩
Чехол на автомобиль",https://ir.ozone.ru/s3/multimedia-1-j/9685041787.jpg;https://ir.ozone.ru/s3/multimedia-1-v/8286434599.jpg;https://ir.ozone.ru/s3/multimedia-1-z/9279206999.jpg,2747₽,3,8859₽,3,3,4,4.6,100%,11.1%,3000 g,28.6 L
615,#чехол_на_Lada_2110,"汽车罩
Чехол на автомобиль",https://ir.ozone.ru/s3/multimedia-1-j/9685041787.jpg;https://ir.ozone.ru/s3/multimedia-1-v/8286434599.jpg;https://ir.ozone.ru/s3/multimedia-1-z/9279206999.jpg,2747₽,3,8859₽,3,3,4,4.6,100%,11.1%,3000 g,28.6 L
616,#сезонный_чехол_авто,"汽车罩
Чехол на автомобиль",https://ir.ozone.ru/s3/multimedia-1-j/9685041787.jpg;https://ir.ozone.ru/s3/multimedia-1-v/8286434599.jpg;https://ir.ozone.ru/s3/multimedia-1-z/9279206999.jpg,2747₽,3,8859₽,3,3,4,4.6,100%,11.1%,3000 g,28.6 L
617,#серебристый_сезонный_чехол,"汽车罩
Чехол на автомобиль",https://ir.ozone.ru/s3/multimedia-1-j/9685041787.jpg;https://ir.ozone.ru/s3/multimedia-1-v/8286434599.jpg;https://ir.ozone.ru/s3/multimedia-1-z/9279206999.jpg,2747₽,3,8859₽,3,3,4,4.6,100%,11.1%,3000 g,28.6 L
618,#чехол_с_Молнией_на_стороне,"汽车罩
Чехол на автомобиль",https://ir.ozone.ru/s3/multimedia-1-j/9685041787.jpg;https://ir.ozone.ru/s3/multimedia-1-v/8286434599.jpg;https://ir.ozone.ru/s3/multimedia-1-z/9279206999.jpg,2747₽,3,8859₽,3,3,4,4.6,100%,11.1%,3000 g,28.6 L
619,#зимний_чехол_автомобильный,"汽车罩
Чехол на автомобиль",https://ir.ozone.ru/s3/multimedia-1-j/9685041787.jpg;https://ir.ozone.ru/s3/multimedia-1-v/8286434599.jpg;https://ir.ozone.ru/s3/multimedia-1-z/9279206999.jpg,2747₽,3,8859₽,3,3,4,4.6,100%,11.1%,3000 g,28.6 L
620,#чехол_для_гаража_или_улицы,"汽车罩
Чехол на автомобиль",https://ir.ozone.ru/s3/multimedia-1-j/9685041787.jpg;https://ir.ozone.ru/s3/multimedia-1-v/8286434599.jpg;https://ir.ozone.ru/s3/multimedia-1-z/9279206999.jpg,2747₽,3,8859₽,3,3,4,4.6,100%,11.1%,3000 g,28.6 L
621,#оксфорд_чехол_авто,"汽车罩
Чехол на автомобиль",https://ir.ozone.ru/s3/multimedia-1-j/9685041787.jpg;https://ir.ozone.ru/s3/multimedia-1-v/8286434599.jpg;https://ir.ozone.ru/s3/multimedia-1-z/9279206999.jpg,2747₽,3,8859₽,3,3,4,4.6,100%,11.1%,3000 g,28.6 L
622,#противоветряный_чехол_авто,"汽车罩
Чехол на автомобиль",https://ir.ozone.ru/s3/multimedia-1-j/9685041787.jpg;https://ir.ozone.ru/s3/multimedia-1-v/8286434599.jpg;https://ir.ozone.ru/s3/multimedia-1-z/9279206999.jpg,2747₽,3,8859₽,3,3,4,4.6,100%,11.1%,3000 g,28.6 L
623,#противоветряный_чехол_Lada,"汽车罩
Чехол на автомобиль",https://ir.ozone.ru/s3/multimedia-1-j/9685041787.jpg;https://ir.ozone.ru/s3/multimedia-1-v/8286434599.jpg;https://ir.ozone.ru/s3/multimedia-1-z/9279206999.jpg,2747₽,3,8859₽,3,3,4,4.6,100%,11.1%,3000 g,28.6 L
624,#чехол_для_зимних_снегов_Lada,"汽车罩
Чехол на автомобиль",https://ir.ozone.ru/s3/multimedia-1-j/9685041787.jpg;https://ir.ozone.ru/s3/multimedia-1-v/8286434599.jpg;https://ir.ozone.ru/s3/multimedia-1-z/9279206999.jpg,2747₽,3,8859₽,3,3,4,4.6,100%,11.1%,3000 g,28.6 L
625,#чехол_легко_надевается,"汽车罩
Чехол на автомобиль",https://ir.ozone.ru/s3/multimedia-1-j/9685041787.jpg;https://ir.ozone.ru/s3/multimedia-1-v/8286434599.jpg;https://ir.ozone.ru/s3/multimedia-1-z/9279206999.jpg,2747₽,3,8859₽,3,3,4,4.6,100%,11.1%,3000 g,28.6 L
626,#Oxford_оксфорд_чехол_авто,"汽车罩
Чехол на автомобиль",https://ir.ozone.ru/s3/multimedia-1-j/9685041787.jpg;https://ir.ozone.ru/s3/multimedia-1-v/8286434599.jpg;https://ir.ozone.ru/s3/multimedia-1-z/9279206999.jpg,2747₽,3,8859₽,3,3,4,4.6,100%,11.1%,3000 g,28.6 L
627,#чехол_с_эластичными_полосами,"汽车罩
Чехол на автомобиль",https://ir.ozone.ru/s3/multimedia-1-j/9685041787.jpg;https://ir.ozone.ru/s3/multimedia-1-v/8286434599.jpg;https://ir.ozone.ru/s3/multimedia-1-z/9279206999.jpg,2747₽,3,8859₽,3,3,4,4.6,100%,11.1%,3000 g,28.6 L
628,#компактный_чехол_с_сумкой,"汽车罩
Чехол на автомобиль",https://ir.ozone.ru/s3/multimedia-1-j/9685041787.jpg;https://ir.ozone.ru/s3/multimedia-1-v/8286434599.jpg;https://ir.ozone.ru/s3/multimedia-1-z/9279206999.jpg,2747₽,3,8859₽,3,3,4,4.6,100%,11.1%,3000 g,28.6 L
629,#чехол_для_летней_жары_авто,"汽车罩
Чехол на автомобиль",https://ir.ozone.ru/s3/multimedia-1-j/9685041787.jpg;https://ir.ozone.ru/s3/multimedia-1-v/8286434599.jpg;https://ir.ozone.ru/s3/multimedia-1-z/9279206999.jpg,2747₽,3,8859₽,3,3,4,4.6,100%,11.1%,3000 g,28.6 L
630,#БюджетнаяЗащита,"汽车罩
Чехол на автомобиль",https://ir.ozone.ru/s3/multimedia-1-u/10438978818.jpg;https://ir.ozone.ru/s3/multimedia-1-3/10438982175.jpg;https://ir.ozone.ru/s3/multimedia-1-e/10438978262.jpg,293₽,3,829₽,1,3,2,5,100%,0%,233 g,10.5 L
631,#ауди_а8_коврик_на_панель,"汽车罩
Чехол на автомобиль",https://ir.ozone.ru/s3/multimedia-1-s/7898019652.jpg;https://ir.ozone.ru/s3/multimedia-1-c/7897660212.jpg,849₽,3,2105₽,1,2,1,5,100%,0%,494 g,11.8 L
632,#audi_a8_накидка_на_панель,"汽车罩
Чехол на автомобиль",https://ir.ozone.ru/s3/multimedia-1-s/7898019652.jpg;https://ir.ozone.ru/s3/multimedia-1-c/7897660212.jpg,849₽,3,2105₽,1,2,1,5,100%,0%,494 g,11.8 L
633,#ауди_а8_коврики,"汽车罩
Чехол на автомобиль",https://ir.ozone.ru/s3/multimedia-1-s/7898019652.jpg;https://ir.ozone.ru/s3/multimedia-1-c/7897660212.jpg,849₽,3,2105₽,1,2,1,5,100%,0%,494 g,11.8 L
634,#ауди_а8_накидка_на_панель,"汽车罩
Чехол на автомобиль",https://ir.ozone.ru/s3/multimedia-1-s/7898019652.jpg;https://ir.ozone.ru/s3/multimedia-1-c/7897660212.jpg,849₽,3,2105₽,1,2,1,5,100%,0%,494 g,11.8 L
635,#ауди_а8_накладка_на_торпедо,"汽车罩
Чехол на автомобиль",https://ir.ozone.ru/s3/multimedia-1-s/7898019652.jpg;https://ir.ozone.ru/s3/multimedia-1-c/7897660212.jpg,849₽,3,2105₽,1,2,1,5,100%,0%,494 g,11.8 L
636,#Чехол_от_дождя_и_снега,"汽车罩
Чехол на автомобиль",https://ir.ozone.ru/s3/multimedia-1-0/9066938508.jpg;https://ir.ozone.ru/s3/multimedia-1-d/9066935857.jpg,2909₽,3,8727₽,1,2,1,5,100%,12.5%,1500 g,15.8 L
637,#Автогараж_под_чехлом,"汽车罩
Чехол на автомобиль",https://ir.ozone.ru/s3/multimedia-1-0/9066938508.jpg;https://ir.ozone.ru/s3/multimedia-1-d/9066935857.jpg,2909₽,3,8727₽,1,2,1,5,100%,12.5%,1500 g,15.8 L
638,#Чехол_для_седана,"汽车罩
Чехол на автомобиль",https://ir.ozone.ru/s3/multimedia-1-0/9066938508.jpg;https://ir.ozone.ru/s3/multimedia-1-d/9066935857.jpg,2909₽,3,8727₽,1,2,1,5,100%,12.5%,1500 g,15.8 L
639,#чехол_для_SUV,"汽车罩
Чехол на автомобиль",https://ir.ozone.ru/s3/multimedia-1-c/10155313128.jpg;https://ir.ozone.ru/s3/multimedia-1-l/7432945689.jpg,1287₽,3,3491₽,2,2,2,2.1,100%,0%,869 g,10.9 L
640,#чехол_для_внедорожника_зима,"汽车罩
Чехол на автомобиль",https://ir.ozone.ru/s3/multimedia-1-u/8570159490.jpg,5007₽,3,14970₽,1,1,4,5,100%,0%,1000 g,26.3 L
641,#чехол_на_машину_зимой,"汽车罩
Чехол на автомобиль",https://ir.ozone.ru/s3/multimedia-1-u/8570159490.jpg,5007₽,3,14970₽,1,1,4,5,100%,0%,1000 g,26.3 L
642,#Алюминиевый_авточехол,"汽车罩
Чехол на автомобиль",https://ir.ozone.ru/s3/multimedia-1-o/9192719112.jpg,837₽,3,2581₽,1,1,3,5,100%,33.4%,1000 g,6.3 L
643,#Всесезонная_защита_кузова,"汽车罩
Чехол на автомобиль",https://ir.ozone.ru/s3/multimedia-1-o/9192719112.jpg,837₽,3,2581₽,1,1,3,5,100%,33.4%,1000 g,6.3 L
644,#алюминиевыйчехолдлямашины,"汽车罩
Чехол на автомобиль",https://ir.ozone.ru/s3/multimedia-1-o/9192719112.jpg,837₽,3,2581₽,1,1,3,5,100%,33.4%,1000 g,6.3 L
645,#УФ_блокировка_и_теплоизоляция,"汽车罩
Чехол на автомобиль",https://ir.ozone.ru/s3/multimedia-1-o/9192719112.jpg,837₽,3,2581₽,1,1,3,5,100%,33.4%,1000 g,6.3 L
646,#защитакузоваотсолнцаидождя,"汽车罩
Чехол на автомобиль",https://ir.ozone.ru/s3/multimedia-1-o/9192719112.jpg,837₽,3,2581₽,1,1,3,5,100%,33.4%,1000 g,6.3 L
647,#чехолдляавтонаулицу,"汽车罩
Чехол на автомобиль",https://ir.ozone.ru/s3/multimedia-1-o/9192719112.jpg,837₽,3,2581₽,1,1,3,5,100%,33.4%,1000 g,6.3 L
648,#удобный_чехол_авто,"汽车罩
Чехол на автомобиль",https://ir.ozone.ru/s3/multimedia-1-g/7965750544.jpg,4853₽,3,14943₽,1,1,2,5,100%,0%,4500 g,17.3 L
649,#теплая_защита_авто,"汽车罩
Чехол на автомобиль",https://ir.ozone.ru/s3/multimedia-1-g/7965750544.jpg,4853₽,3,14943₽,1,1,2,5,100%,0%,4500 g,17.3 L
650,#плотный_чехол_авто,"汽车罩
Чехол на автомобиль",https://ir.ozone.ru/s3/multimedia-1-g/7965750544.jpg,4853₽,3,14943₽,1,1,2,5,100%,0%,4500 g,17.3 L
651,#вырез_под_зеркала,"汽车罩
Чехол на автомобиль",https://ir.ozone.ru/s3/multimedia-1-g/7965750544.jpg,4853₽,3,14943₽,1,1,2,5,100%,0%,4500 g,17.3 L
652,#чехол_outlander_зима,"汽车罩
Чехол на автомобиль",https://ir.ozone.ru/s3/multimedia-1-g/7965750544.jpg,4853₽,3,14943₽,1,1,2,5,100%,0%,4500 g,17.3 L
653,#чехол_для_outlander,"汽车罩
Чехол на автомобиль",https://ir.ozone.ru/s3/multimedia-1-g/7965750544.jpg,4853₽,3,14943₽,1,1,2,5,100%,0%,4500 g,17.3 L
654,#авточехол_на_кроссовер,"汽车罩
Чехол на автомобиль",https://ir.ozone.ru/s3/multimedia-1-g/7965750544.jpg,4853₽,3,14943₽,1,1,2,5,100%,0%,4500 g,17.3 L
655,"#vaz_2121
(瓦兹 2121)","汽车罩
Чехол на автомобиль",https://ir.ozone.ru/s3/multimedia-1-y/8951378146.jpg,3094₽,2,6188₽,1,1,1,5,100%,50%,1550 g,5.6 L
656,"#тентотсолнцаидождя
(遮阳挡雨帐篷)","汽车罩
Чехол на автомобиль",https://ir.ozone.ru/s3/multimedia-1-2/7739449922.jpg;https://ir.ozone.ru/s3/multimedia-1-z/7406212679.jpg;https://ir.ozone.ru/s3/multimedia-1-5/7576509497.jpg;https://ir.ozone.ru/s3/multimedia-1-t/9811386137.jpg;https://ir.ozone.ru/s3/multimedia-1-2/10882968806.jpg,2676₽,2,5064₽,5,5,1686,3,100%,6.7%,2045 g,18.6 L
657,"#укрытие_на_автомобиль
(汽车车衣)","汽车罩
Чехол на автомобиль",https://ir.ozone.ru/s3/multimedia-1-b/7350877559.jpg;https://ir.ozone.ru/s3/multimedia-1-h/7350866189.jpg;https://ir.ozone.ru/s3/multimedia-1-q/7350861842.jpg;https://ir.ozone.ru/s3/multimedia-1-c/7350889548.jpg;https://ir.ozone.ru/s3/multimedia-1-1/7350778297.jpg;https://ir.ozone.ru/s3/multimedia-1-p/7350824185.jpg;https://ir.ozone.ru/s3/multimedia-1-r/7350871455.jpg;https://ir.ozone.ru/s3/multimedia-1-i/8428272462.jpg;https://ir.ozone.ru/s3/multimedia-1-9/8428158225.jpg;https://ir.ozone.ru/s3/multimedia-1-d/8750282413.jpg,4810₽,2,8618₽,2,11,52,4.5,100%,29.2%,1045 g,7.3 L
658,"#Защитаотграда
(防冰雹保护)","汽车罩
Чехол на автомобиль",https://ir.ozone.ru/s3/multimedia-1-u/10855994214.jpg;https://ir.ozone.ru/s3/multimedia-1-e/8240187614.jpg;https://ir.ozone.ru/s3/multimedia-1-i/8307279018.jpg;https://ir.ozone.ru/s3/multimedia-1-m/8891176414.jpg;https://ir.ozone.ru/s3/multimedia-1-f/8891163879.jpg;https://ir.ozone.ru/s3/multimedia-1-0/8611533792.jpg;https://ir.ozone.ru/s3/multimedia-1-5/7206025037.jpg;https://ir.ozone.ru/s3/multimedia-1-n/8286310247.jpg;https://ir.ozone.ru/s3/multimedia-1-4/8240206648.jpg;https://ir.ozone.ru/s3/multimedia-1-l/8815468269.jpg,5718₽,2,8907₽,35,125,62,3.8,30%,15.4%,5226 g,40.7 L
659,"#подходитдлявсехсезонов
(适合所有季节)","汽车罩
Чехол на автомобиль",https://ir.ozone.ru/s3/multimedia-1-5/7206025037.jpg;https://ir.ozone.ru/s3/multimedia-1-5/7206025037.jpg;https://ir.ozone.ru/s3/multimedia-1-l/7209316461.jpg;https://ir.ozone.ru/s3/multimedia-1-5/7206025037.jpg;https://ir.ozone.ru/s3/multimedia-1-g/7534380184.jpg;https://ir.ozone.ru/s3/multimedia-1-6/8151344466.jpg;https://ir.ozone.ru/s3/multimedia-1-8/7105290560.jpg;https://ir.ozone.ru/s3/multimedia-1-l/7209316461.jpg;https://ir.ozone.ru/s3/multimedia-1-5/7206025037.jpg;https://ir.ozone.ru/s3/multimedia-1-j/9027661339.jpg,1664₽,2,3934₽,7,28,214,4.2,73%,39.9%,861 g,22.8 L
660,"#всепогодная_защита
(全天候防护)","汽车罩
Чехол на автомобиль",https://ir.ozone.ru/s3/multimedia-1-g/11412244780.jpg;https://ir.ozone.ru/s3/multimedia-1-x/10136479317.jpg;https://ir.ozone.ru/s3/multimedia-1-r/10714988511.jpg;https://ir.ozone.ru/s3/multimedia-1-f/7885037175.jpg;https://ir.ozone.ru/s3/multimedia-1-u/12872700282.jpg;https://ir.ozone.ru/s3/multimedia-1-m/10409409022.jpg;https://ir.ozone.ru/s3/multimedia-1-3/7179629223.jpg;https://ir.ozone.ru/s3/multimedia-1-w/11767124084.jpg;https://ir.ozone.ru/s3/multimedia-1-8/12062530088.jpg;https://ir.ozone.ru/s3/multimedia-1-t/7620199481.jpg,1187₽,2,2181₽,27,29,3,2.1,78%,14.1%,636 g,4.2 L
661,"#PortGar
(波特加尔)","汽车罩
Чехол на автомобиль",https://ir.ozone.ru/s3/multimedia-1-3/7375592883.jpg;https://ir.ozone.ru/s3/multimedia-1-h/7375592861.jpg;https://ir.ozone.ru/s3/multimedia-1-m/7400049142.jpg;https://ir.ozone.ru/s3/multimedia-1-y/7400049082.jpg;https://ir.ozone.ru/s3/multimedia-1-6/7400049090.jpg;https://ir.ozone.ru/s3/multimedia-1-r/7400049111.jpg;https://ir.ozone.ru/s3/multimedia-1-s/7375592944.jpg;https://ir.ozone.ru/s3/multimedia-1-7/7400049163.jpg;https://ir.ozone.ru/s3/multimedia-1-y/8845822654.jpg,9732₽,2,15371₽,2,9,259,4.3,100%,56.7%,10483 g,140.7 L
662,"#hyundai_tucson_чехол_для_авто
(现代途胜汽车套)","汽车罩
Чехол на автомобиль",https://ir.ozone.ru/s3/multimedia-x/6890292249.jpg;https://ir.ozone.ru/s3/multimedia-1-q/7240046102.jpg;https://ir.ozone.ru/s3/multimedia-1-a/7157523358.jpg,4104₽,2,7153₽,1,3,665,5,100%,0%,2900 g,14.9 L
663,"#Амортизация_ударов
(冲击减震)","汽车罩
Чехол на автомобиль",https://ir.ozone.ru/s3/multimedia-1-2/10433106038.jpg;https://ir.ozone.ru/s3/multimedia-1-z/7511132483.jpg;https://ir.ozone.ru/s3/multimedia-1-y/9229505398.jpg;https://ir.ozone.ru/s3/multimedia-1-a/9241684498.jpg;https://ir.ozone.ru/s3/multimedia-1-t/9558188021.jpg;https://ir.ozone.ru/s3/multimedia-1-c/9661283256.jpg;https://ir.ozone.ru/s3/multimedia-1-v/9192653563.jpg;https://ir.ozone.ru/s3/multimedia-1-e/9678358454.jpg;https://ir.ozone.ru/s3/multimedia-1-0/9229523328.jpg;https://ir.ozone.ru/s3/multimedia-1-g/9197919952.jpg,3621₽,2,4509₽,20,44,13,2.2,46%,11.3%,1784 g,15.1 L
664,"#тентотснега
(防雪帐篷)","汽车罩
Чехол на автомобиль",https://ir.ozone.ru/s3/multimedia-1-j/8360572159.jpg;https://ir.ozone.ru/s3/multimedia-1-2/10477439570.jpg;https://ir.ozone.ru/s3/multimedia-1-e/10477896458.jpg;https://ir.ozone.ru/s3/multimedia-1-e/10477438754.jpg;https://ir.ozone.ru/s3/multimedia-1-x/10477895793.jpg;https://ir.ozone.ru/s3/multimedia-1-g/7737201304.jpg;https://ir.ozone.ru/s3/multimedia-1-z/7406212679.jpg;https://ir.ozone.ru/s3/multimedia-1-c/11673303132.jpg;https://ir.ozone.ru/s3/multimedia-1-w/10495058396.jpg;https://ir.ozone.ru/s3/multimedia-1-m/10477438654.jpg,3716₽,2,6357₽,6,18,95,4.1,79%,4.7%,1323 g,21.5 L
665,"#тент_на_грузовой_автомобиль
(货车帐篷)","汽车罩
Чехол на автомобиль",https://ir.ozone.ru/s3/multimedia-k/6657133160.jpg,14051₽,2,29156₽,1,1,21,5,100%,,15000 g,87.5 L
666,"#honda_accord_чехол_для_авто
(本田雅阁汽车座套)","汽车罩
Чехол на автомобиль",https://ir.ozone.ru/s3/multimedia-1-c/7130394120.jpg;https://ir.ozone.ru/s3/multimedia-1-1/7335796033.jpg,3145₽,2,4726₽,1,2,27,4.9,100%,0%,1500 g,5.2 L
667,#тентсеребристый,"汽车罩
Чехол на автомобиль",https://ir.ozone.ru/s3/multimedia-1-2/10477439570.jpg;https://ir.ozone.ru/s3/multimedia-1-e/10477896458.jpg;https://ir.ozone.ru/s3/multimedia-1-e/10477438754.jpg;https://ir.ozone.ru/s3/multimedia-1-x/10477895793.jpg;https://ir.ozone.ru/s3/multimedia-1-w/10495058396.jpg;https://ir.ozone.ru/s3/multimedia-1-m/10477438654.jpg;https://ir.ozone.ru/s3/multimedia-1-c/10495049484.jpg;https://ir.ozone.ru/s3/multimedia-1-q/10477896794.jpg,4435₽,2,7046₽,1,8,134,4,100%,0%,500 g,30 L
668,"#чехолбрезент
(帆布保护套)","汽车罩
Чехол на автомобиль",https://ir.ozone.ru/s3/multimedia-1-2/10477439570.jpg;https://ir.ozone.ru/s3/multimedia-1-e/10477896458.jpg;https://ir.ozone.ru/s3/multimedia-1-e/10477438754.jpg;https://ir.ozone.ru/s3/multimedia-1-x/10477895793.jpg;https://ir.ozone.ru/s3/multimedia-1-w/10495058396.jpg;https://ir.ozone.ru/s3/multimedia-1-m/10477438654.jpg;https://ir.ozone.ru/s3/multimedia-1-c/10495049484.jpg;https://ir.ozone.ru/s3/multimedia-1-q/10477896794.jpg,4435₽,2,7046₽,1,8,134,4,100%,0%,500 g,30 L
669,"#lada_granta_чехол_для_авто
(拉达格兰塔汽车套)","汽车罩
Чехол на автомобиль",https://ir.ozone.ru/s3/multimedia-1-k/7044221612.jpg,4484₽,2,9142₽,1,1,1475,4.9,100%,50%,3000 g,19.3 L
670,"#тент_для_автомобиля_кр
(汽车帐篷 kr)","汽车罩
Чехол на автомобиль",https://ir.ozone.ru/s3/multimedia-1-d/7042537813.jpg;https://ir.ozone.ru/s3/multimedia-1-k/7044221612.jpg;https://ir.ozone.ru/s3/multimedia-1-k/7054423796.jpg,4698₽,2,7816₽,1,3,984,4.9,100%,16.7%,3333 g,19.3 L
671,"#автомобильный_чехол_тент
(汽车罩 帐篷)","汽车罩
Чехол на автомобиль",https://ir.ozone.ru/s3/multimedia-1-i/7181654130.jpg;https://ir.ozone.ru/s3/multimedia-1-a/7181654122.jpg;https://ir.ozone.ru/s3/multimedia-1-i/10936417014.jpg;https://ir.ozone.ru/s3/multimedia-1-b/7175065403.jpg;https://ir.ozone.ru/s3/multimedia-1-d/7181654125.jpg;https://ir.ozone.ru/s3/multimedia-1-9/7182229869.jpg,6065₽,2,8180₽,2,6,263,3.9,100%,12.5%,2083 g,14.2 L
672,#volvo_s60_чехол_для_авто,"汽车罩
Чехол на автомобиль",https://ir-2.ozonstatic.cn/s3/multimedia-1-0/7045585776.jpg,4836₽,2,9672₽,1,1,0,0,100%,50%,3150 g,19.7 L
673,#автомобильный_защитный_чехол,"汽车罩
Чехол на автомобиль",https://ir.ozone.ru/s3/multimedia-1-b/12467172719.jpg;https://ir.ozone.ru/s3/multimedia-1-m/7228128406.jpg;https://ir.ozone.ru/s3/multimedia-1-9/8315919657.jpg;https://ir.ozone.ru/s3/multimedia-1-w/8899272428.jpg;https://ir.ozone.ru/s3/multimedia-1-x/7228126005.jpg;https://ir.ozone.ru/s3/multimedia-1-9/7158309669.jpg;https://ir.ozone.ru/s3/multimedia-1-2/8315919686.jpg;https://ir.ozone.ru/s3/multimedia-1-9/12467631501.jpg;https://ir.ozone.ru/s3/multimedia-1-y/8899319554.jpg;https://ir.ozone.ru/s3/multimedia-1-a/8007341770.jpg,3614₽,2,6243₽,11,27,144,4,63%,8.3%,3080 g,56.4 L
674,"#грам
(克)","汽车罩
Чехол на автомобиль",https://ir.ozone.ru/s3/multimedia-1-c/10114745520.jpg;https://ir.ozone.ru/s3/multimedia-1-5/7248080993.jpg;https://ir.ozone.ru/s3/multimedia-1-v/10114745575.jpg;https://ir.ozone.ru/s3/multimedia-1-v/10114745647.jpg,7987₽,2,13733₽,2,4,11,3.6,100%,33.3%,5870 g,27.3 L
675,"#автохаки
(汽车小窍门)","汽车罩
Чехол на автомобиль",https://ir.ozone.ru/s3/multimedia-1-2/10477439570.jpg;https://ir.ozone.ru/s3/multimedia-1-e/10477896458.jpg;https://ir.ozone.ru/s3/multimedia-1-e/10477438754.jpg;https://ir.ozone.ru/s3/multimedia-1-x/10477895793.jpg;https://ir.ozone.ru/s3/multimedia-1-b/7887205919.jpg;https://ir.ozone.ru/s3/multimedia-1-w/10495058396.jpg;https://ir.ozone.ru/s3/multimedia-1-m/10477438654.jpg;https://ir.ozone.ru/s3/multimedia-1-c/10495049484.jpg;https://ir.ozone.ru/s3/multimedia-1-7/10156467319.jpg;https://ir.ozone.ru/s3/multimedia-1-9/7953031845.jpg,3016₽,2,5117₽,6,13,91,3.6,98%,0%,382 g,19.4 L
676,"#недорогие_чехлы_на_автомобиль
(便宜的汽车套)","汽车罩
Чехол на автомобиль",https://ir.ozone.ru/s3/multimedia-h/6559768121.jpg;https://ir.ozone.ru/s3/multimedia-n/6559773923.jpg;https://ir.ozone.ru/s3/multimedia-1-r/6993596295.jpg;https://ir.ozone.ru/s3/multimedia-1-6/7058042430.jpg;https://ir.ozone.ru/s3/multimedia-1-a/7058018962.jpg,2886₽,2,5622₽,2,5,721,3.9,100%,12.5%,1320 g,6.5 L
677,"#Защита_от_снега_и_дождя
(防雪防雨防护)","汽车罩
Чехол на автомобиль",https://ir.ozone.ru/s3/multimedia-1-h/8376336449.jpg;https://ir.ozone.ru/s3/multimedia-1-a/9432288730.jpg,3330₽,2,6221₽,2,2,4,2.5,100%,0%,3338 g,30.8 L
678,"#дышащая_защита
(透气防护)","汽车罩
Чехол на автомобиль",https://ir.ozone.ru/s3/multimedia-1-f/8147713299.jpg;https://ir.ozone.ru/s3/multimedia-1-1/11432970829.jpg;https://ir.ozone.ru/s3/multimedia-1-f/7664133975.jpg;https://ir.ozone.ru/s3/multimedia-1-e/11575443434.jpg;https://ir.ozone.ru/s3/multimedia-7/6737013547.jpg;https://ir.ozone.ru/s3/multimedia-1-b/9716168819.jpg;https://ir.ozone.ru/s3/multimedia-1-0/9679595148.jpg;https://ir.ozone.ru/s3/multimedia-1-u/9838114050.jpg;https://ir.ozone.ru/s3/multimedia-1-m/9697959130.jpg;https://ir.ozone.ru/s3/multimedia-1-p/9667253077.jpg,909₽,2,1459₽,38,60,107,3.4,53%,9.4%,350 g,5.3 L
679,"#тент_3302
(3302车篷)","汽车罩
Чехол на автомобиль",https://ir.ozone.ru/s3/multimedia-s/6626793484.jpg;https://ir.ozone.ru/s3/multimedia-1-r/7114775355.jpg;https://ir.ozone.ru/s3/multimedia-1-r/7114775355.jpg;https://ir.ozone.ru/s3/multimedia-1-1/10128262825.jpg;https://ir.ozone.ru/s3/multimedia-9/6666132357.jpg;https://ir.ozone.ru/s3/multimedia-s/6626793484.jpg;https://ir.ozone.ru/s3/multimedia-1-w/9588945164.jpg,8868₽,2,19183₽,4,7,59,3.3,100%,5.6%,9700 g,53.9 L
680,"#тент_газель_бизнес
(嘎斯商务车车篷)","汽车罩
Чехол на автомобиль",https://ir.ozone.ru/s3/multimedia-s/6626793484.jpg;https://ir.ozone.ru/s3/multimedia-1-s/10085895964.jpg;https://ir.ozone.ru/s3/multimedia-1-r/7114775355.jpg;https://ir.ozone.ru/s3/multimedia-1-r/7114775355.jpg;https://ir.ozone.ru/s3/multimedia-1-g/10781600956.jpg;https://ir.ozone.ru/s3/multimedia-9/6666132357.jpg;https://ir.ozone.ru/s3/multimedia-s/6626793484.jpg,10321₽,2,23930₽,4,7,62,3.3,100%,5.6%,11243 g,53 L
681,"#тент_на_военный_урал
(军用乌拉尔帐篷)","汽车罩
Чехол на автомобиль",https://ir.ozone.ru/s3/multimedia-1-c/8250390516.jpg;https://ir.ozone.ru/s3/multimedia-1-x/7467152253.jpg;https://ir.ozone.ru/s3/multimedia-1-x/7467152253.jpg;https://ir.ozone.ru/s3/multimedia-1-v/8900847103.jpg;https://ir.ozone.ru/s3/multimedia-1-0/7270462188.jpg;https://ir.ozone.ru/s3/multimedia-1-0/7270462188.jpg;https://ir.ozone.ru/s3/multimedia-1-u/7272835086.jpg;https://ir.ozone.ru/s3/multimedia-1-y/8312629498.jpg;https://ir.ozone.ru/s3/multimedia-1-8/7272660752.jpg;https://ir.ozone.ru/s3/multimedia-1-0/7270462188.jpg,18789₽,2,43784₽,4,15,23,3.4,85%,10%,19998 g,169.5 L
682,"#урал_4м
(乌拉尔4米)","汽车罩
Чехол на автомобиль",https://ir.ozone.ru/s3/multimedia-1-0/7270462188.jpg;https://ir.ozone.ru/s3/multimedia-1-8/7272660752.jpg;https://ir.ozone.ru/s3/multimedia-1-0/7270462188.jpg,14459₽,2,33544₽,2,3,57,4.6,100%,0%,18000 g,135 L
683,"#урал_4метра
(乌拉尔4米)","汽车罩
Чехол на автомобиль",https://ir.ozone.ru/s3/multimedia-1-0/7270462188.jpg;https://ir.ozone.ru/s3/multimedia-1-8/7272660752.jpg;https://ir.ozone.ru/s3/multimedia-1-0/7270462188.jpg,14459₽,2,33544₽,2,3,57,4.6,100%,0%,18000 g,135 L
684,"#урал_тент
(乌拉尔帐篷)","汽车罩
Чехол на автомобиль",https://ir.ozone.ru/s3/multimedia-1-c/8250390516.jpg;https://ir.ozone.ru/s3/multimedia-1-x/7467152253.jpg;https://ir.ozone.ru/s3/multimedia-1-x/7467152253.jpg;https://ir.ozone.ru/s3/multimedia-1-v/8900847103.jpg;https://ir.ozone.ru/s3/multimedia-1-0/7270462188.jpg;https://ir.ozone.ru/s3/multimedia-1-0/7270462188.jpg;https://ir.ozone.ru/s3/multimedia-1-u/7272835086.jpg;https://ir.ozone.ru/s3/multimedia-1-y/8312629498.jpg;https://ir.ozone.ru/s3/multimedia-1-8/7272660752.jpg;https://ir.ozone.ru/s3/multimedia-1-0/7270462188.jpg,18789₽,2,43784₽,4,15,23,3.4,85%,10%,19998 g,169.5 L
685,"#тент_на_урал_4320
(乌拉尔4320帐篷)","汽车罩
Чехол на автомобиль",https://ir.ozone.ru/s3/multimedia-1-c/8250390516.jpg;https://ir.ozone.ru/s3/multimedia-1-x/7467152253.jpg;https://ir.ozone.ru/s3/multimedia-1-x/7467152253.jpg;https://ir.ozone.ru/s3/multimedia-1-v/8900847103.jpg;https://ir.ozone.ru/s3/multimedia-1-0/7270462188.jpg;https://ir.ozone.ru/s3/multimedia-1-0/7270462188.jpg;https://ir.ozone.ru/s3/multimedia-1-u/7272835086.jpg;https://ir.ozone.ru/s3/multimedia-1-y/8312629498.jpg;https://ir.ozone.ru/s3/multimedia-1-8/7272660752.jpg;https://ir.ozone.ru/s3/multimedia-1-0/7270462188.jpg,19057₽,2,42515₽,4,16,22,3.5,82%,9.1%,19998 g,171.8 L
686,"#tank_300_чехол_для_авто
(坦克300汽车座套)","汽车罩
Чехол на автомобиль",https://ir.ozone.ru/s3/multimedia-1-2/6950918738.jpg;https://ir.ozone.ru/s3/multimedia-1-n/6951965567.jpg;https://ir.ozone.ru/s3/multimedia-1-2/6950918738.jpg;https://ir.ozone.ru/s3/multimedia-1-n/6951965567.jpg;https://ir.ozone.ru/s3/multimedia-1-n/6951965567.jpg,3799₽,2,9310₽,4,5,439,4.8,100%,0%,3720 g,19.4 L
687,"#тент_уаз
(乌阿斯帐篷)","汽车罩
Чехол на автомобиль",https://ir.ozone.ru/s3/multimedia-1-v/7704727303.jpg;https://ir.ozone.ru/s3/multimedia-1-6/7704730410.jpg;https://ir.ozone.ru/s3/multimedia-b/6714722711.jpg;https://ir.ozone.ru/s3/multimedia-d/6903289057.jpg;https://ir.ozone.ru/s3/multimedia-1-5/7704731525.jpg;https://ir.ozone.ru/s3/multimedia-1-q/7704727874.jpg;https://ir.ozone.ru/s3/multimedia-a/6564992758.jpg;https://ir.ozone.ru/s3/multimedia-1-u/7704728958.jpg;https://ir.ozone.ru/s3/multimedia-1-v/7704727303.jpg;https://ir.ozone.ru/s3/multimedia-1-6/7704730410.jpg,8651₽,2,17733₽,12,26,40,3.8,65%,8.6%,8097 g,37.8 L
688,#чехол_для_джипа,"汽车罩
Чехол на автомобиль",https://ir.ozone.ru/s3/multimedia-1-6/8348402958.jpg;https://ir.ozone.ru/s3/multimedia-1-c/8348383704.jpg;https://ir.ozone.ru/s3/multimedia-1-t/8475317129.jpg;https://ir.ozone.ru/s3/multimedia-1-u/8570159490.jpg;https://ir.ozone.ru/s3/multimedia-1-6/8471934186.jpg;https://ir.ozone.ru/s3/multimedia-1-5/8435103701.jpg;https://ir.ozone.ru/s3/multimedia-1-p/8434901545.jpg;https://ir.ozone.ru/s3/multimedia-1-8/9774229688.jpg;https://ir.ozone.ru/s3/multimedia-1-3/11017298667.jpg;https://ir.ozone.ru/s3/multimedia-1-2/11698922450.jpg,4256₽,2,12607₽,7,12,24,4.1,99%,10%,2262 g,25.5 L
689,"#тент_на_автомобиль_зимний
(冬季汽车车衣)","汽车罩
Чехол на автомобиль",https://ir.ozone.ru/s3/multimedia-1-9/7656652665.jpg;https://ir.ozone.ru/s3/multimedia-1-8/9493783928.jpg,4251₽,2,6247₽,2,2,80,4.8,100%,16.7%,1650 g,11.8 L
690,"#тент_бизнес
(商务车篷)","汽车罩
Чехол на автомобиль",https://ir.ozone.ru/s3/multimedia-1-s/10085895964.jpg;https://ir.ozone.ru/s3/multimedia-o/6693174204.jpg;https://ir.ozone.ru/s3/multimedia-1-m/6913521958.jpg;https://ir.ozone.ru/s3/multimedia-p/6689089393.jpg;https://ir.ozone.ru/s3/multimedia-1-h/6910833293.jpg;https://ir.ozone.ru/s3/multimedia-1-j/6910931035.jpg;https://ir.ozone.ru/s3/multimedia-1-1/6913517437.jpg;https://ir.ozone.ru/s3/multimedia-1-h/6910833293.jpg;https://ir.ozone.ru/s3/multimedia-1-g/8254881160.jpg,12726₽,2,20258₽,4,9,21,3.5,100%,8.3%,12811 g,78.8 L
691,"#тент_для_фермера
(农用帐篷)","汽车罩
Чехол на автомобиль",https://ir.ozone.ru/s3/multimedia-d/6903289057.jpg;https://ir.ozone.ru/s3/multimedia-1-q/7148314934.jpg;https://ir.ozone.ru/s3/multimedia-1-z/7148305475.jpg;https://ir.ozone.ru/s3/multimedia-1-z/7148304179.jpg;https://ir.ozone.ru/s3/multimedia-d/6903289057.jpg;https://ir.ozone.ru/s3/multimedia-d/6903289057.jpg,8191₽,2,12583₽,3,6,25,4,100%,0%,8533 g,66.1 L
692,"#lada_largus_чехол_для_авто
(拉达Largus汽车套)","汽车罩
Чехол на автомобиль",https://ir.ozone.ru/s3/multimedia-1-d/7042537813.jpg,4639₽,2,9278₽,1,1,1464,4.9,100%,0%,3500 g,19.3 L
693,"#Подарочныеподарки
(礼品礼物)","汽车罩
Чехол на автомобиль",https://ir.ozone.ru/s3/multimedia-1-e/8683435238.jpg;https://ir.ozone.ru/s3/multimedia-1-2/7441113890.jpg;https://ir.ozone.ru/s3/multimedia-1-e/8651821874.jpg;https://ir.ozone.ru/s3/multimedia-1-u/12576115146.jpg;https://ir.ozone.ru/s3/multimedia-1-2/7612874606.jpg;https://ir.ozone.ru/s3/multimedia-1-e/8651821874.jpg;https://ir.ozone.ru/s3/multimedia-1-r/7221451311.jpg;https://ir.ozone.ru/s3/multimedia-1-1/8616588049.jpg;https://ir.ozone.ru/s3/multimedia-1-e/8651821874.jpg;https://ir.ozone.ru/s3/multimedia-1-2/7612874606.jpg,3652₽,2,7814₽,19,112,515,4.4,35%,8.9%,2263 g,12 L
694,"#Накидканастеклоотснега
(玻璃防雪罩)","汽车罩
Чехол на автомобиль",https://ir.ozone.ru/s3/multimedia-1-2/7441113890.jpg;https://ir.ozone.ru/s3/multimedia-1-e/8240187614.jpg;https://ir.ozone.ru/s3/multimedia-1-i/8307279018.jpg;https://ir.ozone.ru/s3/multimedia-1-m/8891176414.jpg;https://ir.ozone.ru/s3/multimedia-1-f/8891163879.jpg;https://ir.ozone.ru/s3/multimedia-1-0/8611533792.jpg;https://ir.ozone.ru/s3/multimedia-1-n/8286310247.jpg;https://ir.ozone.ru/s3/multimedia-1-4/8240206648.jpg;https://ir.ozone.ru/s3/multimedia-1-l/8815468269.jpg;https://ir.ozone.ru/s3/multimedia-1-y/8252370970.jpg,4893₽,2,7828₽,27,107,34,3.8,33%,9.4%,4410 g,27.2 L
695,"#Водонепроницаемаяоболочка
(防水外壳)","汽车罩
Чехол на автомобиль",https://ir.ozone.ru/s3/multimedia-1-4/9495912748.jpg;https://ir.ozone.ru/s3/multimedia-1-v/9148869463.jpg;https://ir.ozone.ru/s3/multimedia-1-t/9149126681.jpg;https://ir.ozone.ru/s3/multimedia-1-k/9149127860.jpg;https://ir.ozone.ru/s3/multimedia-1-6/9148974810.jpg;https://ir.ozone.ru/s3/multimedia-1-8/9149126300.jpg;https://ir.ozone.ru/s3/multimedia-1-v/9148974259.jpg;https://ir.ozone.ru/s3/multimedia-1-r/9148974435.jpg;https://ir.ozone.ru/s3/multimedia-1-2/9149127338.jpg;https://ir.ozone.ru/s3/multimedia-1-n/9148870031.jpg,3567₽,2,6140₽,11,25,28,3.8,73%,1.8%,3165 g,29.1 L
696,"#ЧехолДляВнедорожника
(越野车罩)","汽车罩
Чехол на автомобиль",https://ir.ozone.ru/s3/multimedia-1-8/11417365808.jpg;https://ir.ozone.ru/s3/multimedia-1-3/8294346831.jpg;https://ir.ozone.ru/s3/multimedia-1-z/8014300415.jpg;https://ir.ozone.ru/s3/multimedia-1-z/8014300415.jpg;https://ir.ozone.ru/s3/multimedia-1-z/8014300415.jpg;https://ir.ozone.ru/s3/multimedia-1-z/8014300415.jpg,4671₽,2,7091₽,2,6,18,4.1,100%,0%,5833 g,132.9 L
697,"#Автомобильнаямайка
(汽车罩)","汽车罩
Чехол на автомобиль",https://ir.ozone.ru/s3/multimedia-1-4/6999420532.jpg,3047₽,2,6188₽,1,1,5,3.3,100%,0%,2494 g,22 L
698,"#Антифризитеплоизоляция
(防冻液隔热)","汽车罩
Чехол на автомобиль",https://ir.ozone.ru/s3/multimedia-1-4/6999420532.jpg,3047₽,2,6188₽,1,1,5,3.3,100%,0%,2494 g,22 L
699,"#kia_k5_чехол_для_авто
(起亚K5汽车套)","汽车罩
Чехол на автомобиль",https://ir.ozone.ru/s3/multimedia-1-a/6943851622.jpg;https://ir.ozone.ru/s3/multimedia-1-v/8283101647.jpg;https://ir.ozone.ru/s3/multimedia-1-v/7932033211.jpg;https://ir.ozone.ru/s3/multimedia-1-5/7445527277.jpg,3132₽,2,6541₽,3,4,511,3.7,100%,0%,1711 g,16.3 L
700,"#чехол_для_крыла
(机翼套)","汽车罩
Чехол на автомобиль",https://ir.ozone.ru/s3/multimedia-1-2/7407276734.jpg;https://ir.ozone.ru/s3/multimedia-1-1/7407276697.jpg;https://ir.ozone.ru/s3/multimedia-1-u/9038492958.jpg;https://ir.ozone.ru/s3/multimedia-1-y/9853927846.jpg,3294₽,2,5431₽,3,4,13,4.9,100%,8.3%,1038 g,7.7 L
701,#боковой_доступ,"汽车罩
Чехол на автомобиль",https://ir.ozone.ru/s3/multimedia-1-i/9872138682.jpg;https://ir.ozone.ru/s3/multimedia-1-7/9969847531.jpg;https://ir.ozone.ru/s3/multimedia-1-e/9925577618.jpg;https://ir.ozone.ru/s3/multimedia-1-a/9891496990.jpg;https://ir.ozone.ru/s3/multimedia-1-z/10058209091.jpg;https://ir.ozone.ru/s3/multimedia-1-s/9903447568.jpg;https://ir.ozone.ru/s3/multimedia-1-6/10062100878.jpg;https://ir.ozone.ru/s3/multimedia-1-3/9870052035.jpg;https://ir.ozone.ru/s3/multimedia-1-a/9871248862.jpg;https://ir.ozone.ru/s3/multimedia-1-b/10058286215.jpg,4250₽,2,6911₽,4,68,1,2.4,41%,5.1%,5185 g,47.6 L
702,#урал_5метров,"汽车罩
Чехол на автомобиль",https://ir.ozone.ru/s3/multimedia-1-c/8250390516.jpg;https://ir.ozone.ru/s3/multimedia-1-x/7467152253.jpg;https://ir.ozone.ru/s3/multimedia-1-x/7467152253.jpg;https://ir.ozone.ru/s3/multimedia-1-v/8900847103.jpg;https://ir.ozone.ru/s3/multimedia-1-0/7270462188.jpg;https://ir.ozone.ru/s3/multimedia-1-u/7272835086.jpg;https://ir.ozone.ru/s3/multimedia-1-y/8312629498.jpg;https://ir.ozone.ru/s3/multimedia-1-8/7272660752.jpg;https://ir.ozone.ru/s3/multimedia-1-0/7270462188.jpg;https://ir.ozone.ru/s3/multimedia-1-b/8900758667.jpg,16777₽,2,38452₽,5,16,12,3.2,87%,18.2%,17475 g,149.2 L
703,#купить_тент_на_уаз,"汽车罩
Чехол на автомобиль",https://ir.ozone.ru/s3/multimedia-1-j/7704774163.jpg;https://ir.ozone.ru/s3/multimedia-e/6210729974.jpg,8953₽,2,13982₽,2,2,10,2.4,100%,25%,9000 g,16.5 L
704,#тент_толстый_уаз_3151,"汽车罩
Чехол на автомобиль",https://ir.ozone.ru/s3/multimedia-1-j/7704774163.jpg;https://ir.ozone.ru/s3/multimedia-e/6210729974.jpg,8953₽,2,13982₽,2,2,10,2.4,100%,25%,9000 g,16.5 L
705,#тент_плотный_уаз_469,"汽车罩
Чехол на автомобиль",https://ir.ozone.ru/s3/multimedia-1-j/7704774163.jpg;https://ir.ozone.ru/s3/multimedia-e/6210729974.jpg,8953₽,2,13982₽,2,2,10,2.4,100%,25%,9000 g,16.5 L
706,#тент_плотный_уаз_3151,"汽车罩
Чехол на автомобиль",https://ir.ozone.ru/s3/multimedia-1-j/7704774163.jpg;https://ir.ozone.ru/s3/multimedia-e/6210729974.jpg,8953₽,2,13982₽,2,2,10,2.4,100%,25%,9000 g,16.5 L
707,#купить_тент_на_уаз_3151,"汽车罩
Чехол на автомобиль",https://ir.ozone.ru/s3/multimedia-1-j/7704774163.jpg;https://ir.ozone.ru/s3/multimedia-e/6210729974.jpg,8953₽,2,13982₽,2,2,10,2.4,100%,25%,9000 g,16.5 L
708,#тент_толстый_уаз_469,"汽车罩
Чехол на автомобиль",https://ir.ozone.ru/s3/multimedia-1-j/7704774163.jpg;https://ir.ozone.ru/s3/multimedia-e/6210729974.jpg,8953₽,2,13982₽,2,2,10,2.4,100%,25%,9000 g,16.5 L
709,#купить_тент_на_уаз_469,"汽车罩
Чехол на автомобиль",https://ir.ozone.ru/s3/multimedia-1-j/7704774163.jpg;https://ir.ozone.ru/s3/multimedia-e/6210729974.jpg,8953₽,2,13982₽,2,2,10,2.4,100%,25%,9000 g,16.5 L
710,#чехол_на_автомобиль_от_солнц,"汽车罩
Чехол на автомобиль",https://ir.ozone.ru/s3/multimedia-1-4/7248717436.jpg;https://ir.ozone.ru/s3/multimedia-1-u/7213056402.jpg;https://ir.ozone.ru/s3/multimedia-1-f/8645831727.jpg;https://ir.ozone.ru/s3/multimedia-1-a/7213002094.jpg;https://ir.ozone.ru/s3/multimedia-1-f/8599764723.jpg;https://ir.ozone.ru/s3/multimedia-1-o/7133131392.jpg;https://ir.ozone.ru/s3/multimedia-1-0/7379980380.jpg,3184₽,2,6894₽,1,7,134,4.9,100%,27.4%,1514 g,5.4 L
711,"#changan_uni_t_чехол_для_авто
(changan uni t 汽车罩)","汽车罩
Чехол на автомобиль",https://ir.ozone.ru/s3/multimedia-1-z/7047003743.jpg,4417₽,2,9006₽,1,1,15,4.7,100%,50%,3600 g,19.3 L
712,"#тент_на_4_метрую_газель
(4米嘎斯车帐篷)","汽车罩
Чехол на автомобиль",https://ir.ozone.ru/s3/multimedia-1-y/7291232818.jpg;https://ir.ozone.ru/s3/multimedia-1-1/6907213657.jpg;https://ir.ozone.ru/s3/multimedia-1-g/7115067772.jpg;https://ir.ozone.ru/s3/multimedia-1-a/7291310014.jpg;https://ir.ozone.ru/s3/multimedia-1-v/7115060263.jpg;https://ir.ozone.ru/s3/multimedia-1-z/7115065379.jpg;https://ir.ozone.ru/s3/multimedia-1-6/7294475598.jpg;https://ir.ozone.ru/s3/multimedia-1-g/7115067772.jpg;https://ir.ozone.ru/s3/multimedia-1-6/8989127610.jpg;https://ir.ozone.ru/s3/multimedia-1-m/8989155454.jpg,14237₽,2,21466₽,3,15,9,2.5,80%,1.3%,16721 g,119.9 L
713,"#тент_4_метра
(4米帐篷)","汽车罩
Чехол на автомобиль",https://ir.ozone.ru/s3/multimedia-1-y/7291232818.jpg;https://ir.ozone.ru/s3/multimedia-1-1/6907213657.jpg;https://ir.ozone.ru/s3/multimedia-1-g/7115067772.jpg;https://ir.ozone.ru/s3/multimedia-1-a/7291310014.jpg;https://ir.ozone.ru/s3/multimedia-1-v/7115060263.jpg;https://ir.ozone.ru/s3/multimedia-1-z/7115065379.jpg;https://ir.ozone.ru/s3/multimedia-1-6/7294475598.jpg;https://ir.ozone.ru/s3/multimedia-1-g/7115067772.jpg;https://ir.ozone.ru/s3/multimedia-1-6/8989127610.jpg;https://ir.ozone.ru/s3/multimedia-1-m/8989155454.jpg,14237₽,2,21466₽,3,15,9,2.5,80%,1.3%,16721 g,119.9 L
714,"#тент_4
(帐篷4)","汽车罩
Чехол на автомобиль",https://ir.ozone.ru/s3/multimedia-1-y/7291232818.jpg;https://ir.ozone.ru/s3/multimedia-1-1/6907213657.jpg;https://ir.ozone.ru/s3/multimedia-1-g/7115067772.jpg;https://ir.ozone.ru/s3/multimedia-1-a/7291310014.jpg;https://ir.ozone.ru/s3/multimedia-1-v/7115060263.jpg;https://ir.ozone.ru/s3/multimedia-1-z/7115065379.jpg;https://ir.ozone.ru/s3/multimedia-1-6/7294475598.jpg;https://ir.ozone.ru/s3/multimedia-1-g/7115067772.jpg;https://ir.ozone.ru/s3/multimedia-1-t/10134729641.jpg;https://ir.ozone.ru/s3/multimedia-1-6/8989127610.jpg,12982₽,2,19205₽,5,18,13,2.9,75%,1.1%,14676 g,104.2 L
715,#тент_на_удлинённую_газель,"汽车罩
Чехол на автомобиль",https://ir.ozone.ru/s3/multimedia-1-y/7291232818.jpg;https://ir.ozone.ru/s3/multimedia-1-1/6907213657.jpg;https://ir.ozone.ru/s3/multimedia-1-g/7115067772.jpg;https://ir.ozone.ru/s3/multimedia-1-a/7291310014.jpg;https://ir.ozone.ru/s3/multimedia-1-v/7115060263.jpg;https://ir.ozone.ru/s3/multimedia-1-z/7115065379.jpg;https://ir.ozone.ru/s3/multimedia-1-6/7294475598.jpg;https://ir.ozone.ru/s3/multimedia-1-g/7115067772.jpg;https://ir.ozone.ru/s3/multimedia-1-6/8989127610.jpg;https://ir.ozone.ru/s3/multimedia-1-m/8989155454.jpg,14237₽,2,21466₽,3,15,9,2.5,80%,1.3%,16721 g,119.9 L
716,#чехолдляsuv,"汽车罩
Чехол на автомобиль",https://ir.ozone.ru/s3/multimedia-1-2/10477439570.jpg,5342₽,2,10684₽,1,1,134,4.6,100%,0%,500 g,30 L
717,"#на_крыло
(在翅膀上)","汽车罩
Чехол на автомобиль",https://ir.ozone.ru/s3/multimedia-1-4/7814100028.jpg;https://ir.ozone.ru/s3/multimedia-1-s/7433274376.jpg;https://ir.ozone.ru/s3/multimedia-1-6/7433280906.jpg;https://ir.ozone.ru/s3/multimedia-1-s/7433281684.jpg;https://ir.ozone.ru/s3/multimedia-1-n/7433279627.jpg;https://ir.ozone.ru/s3/multimedia-1-3/7433278563.jpg;https://ir.ozone.ru/s3/multimedia-1-e/7209712706.jpg;https://ir.ozone.ru/s3/multimedia-1-f/7433277639.jpg;https://ir.ozone.ru/s3/multimedia-1-w/7433276720.jpg;https://ir.ozone.ru/s3/multimedia-1-5/7433272301.jpg,2114₽,2,4658₽,5,13,166,4.1,97%,4.5%,1237 g,4 L
718,"#тент_старого_образца
(老式帐篷)","汽车罩
Чехол на автомобиль",https://ir.ozone.ru/s3/multimedia-1/6723346609.jpg;https://ir.ozone.ru/s3/multimedia-0/6723263448.jpg,10867₽,2,16440₽,1,2,100,4.9,100%,0%,10850 g,56.1 L
719,"#тент_чехол_на_ладу_гранту
(拉达格兰塔汽车帐篷罩)","汽车罩
Чехол на автомобиль",https://ir.ozone.ru/s3/multimedia-1-d/7613682745.jpg;https://ir.ozone.ru/s3/multimedia-1-8/7151207012.jpg;https://ir.ozone.ru/s3/multimedia-1-6/7151280054.jpg;https://ir.ozone.ru/s3/multimedia-1-1/7151207005.jpg;https://ir.ozone.ru/s3/multimedia-1-6/7151207010.jpg;https://ir.ozone.ru/s3/multimedia-1-s/7151213080.jpg;https://ir.ozone.ru/s3/multimedia-1-t/7151213081.jpg;https://ir.ozone.ru/s3/multimedia-1-d/7151685205.jpg;https://ir.ozone.ru/s3/multimedia-1-1/7151213089.jpg;https://ir.ozone.ru/s3/multimedia-1-t/8498085473.jpg,3715₽,2,6774₽,2,11,77,3.9,100%,36.4%,1763 g,21.2 L
720,"#тент_автомобильный_защитный
(汽车防护帐篷)","汽车罩
Чехол на автомобиль",https://ir.ozone.ru/s3/multimedia-1-d/7613682745.jpg;https://ir.ozone.ru/s3/multimedia-1-8/7151207012.jpg;https://ir.ozone.ru/s3/multimedia-1-y/7706073598.jpg;https://ir.ozone.ru/s3/multimedia-1-g/7299967408.jpg;https://ir.ozone.ru/s3/multimedia-1-y/7706073598.jpg;https://ir.ozone.ru/s3/multimedia-1-6/7151280054.jpg;https://ir.ozone.ru/s3/multimedia-1-1/7151207005.jpg;https://ir.ozone.ru/s3/multimedia-1-6/7151207010.jpg;https://ir.ozone.ru/s3/multimedia-1-s/7151213080.jpg;https://ir.ozone.ru/s3/multimedia-1-t/7151213081.jpg,4219₽,2,7012₽,5,15,70,4.1,90%,33.3%,2108 g,20.9 L
721,"#тент_автомобильный_м
(汽车帐篷 M)","汽车罩
Чехол на автомобиль",https://ir.ozone.ru/s3/multimedia-1-d/7613682745.jpg;https://ir.ozone.ru/s3/multimedia-1-8/7151207012.jpg;https://ir.ozone.ru/s3/multimedia-1-y/7706073598.jpg;https://ir.ozone.ru/s3/multimedia-1-y/7706073598.jpg;https://ir.ozone.ru/s3/multimedia-1-6/7151280054.jpg;https://ir.ozone.ru/s3/multimedia-1-1/7151207005.jpg;https://ir.ozone.ru/s3/multimedia-1-6/7151207010.jpg;https://ir.ozone.ru/s3/multimedia-1-s/7151213080.jpg;https://ir.ozone.ru/s3/multimedia-1-t/7151213081.jpg;https://ir.ozone.ru/s3/multimedia-1-d/7151685205.jpg,3958₽,2,7158₽,3,13,70,4,96%,30.8%,1817 g,21.8 L
722,"#чехол_тент_автомобильный
(汽车帐篷罩)","汽车罩
Чехол на автомобиль",https://ir.ozone.ru/s3/multimedia-1-d/7613682745.jpg;https://ir.ozone.ru/s3/multimedia-1-8/7151207012.jpg;https://ir.ozone.ru/s3/multimedia-1-y/7706073598.jpg;https://ir.ozone.ru/s3/multimedia-1-y/7706073598.jpg;https://ir.ozone.ru/s3/multimedia-1-6/7151280054.jpg;https://ir.ozone.ru/s3/multimedia-1-1/7151207005.jpg;https://ir.ozone.ru/s3/multimedia-1-6/7151207010.jpg;https://ir.ozone.ru/s3/multimedia-1-s/7151213080.jpg;https://ir.ozone.ru/s3/multimedia-1-t/7151213081.jpg;https://ir.ozone.ru/s3/multimedia-1-d/7151685205.jpg,3958₽,2,7158₽,3,13,70,4,96%,30.8%,1817 g,21.8 L
723,"#тент_автомобильный_xxl
(汽车帐篷 XXL)","汽车罩
Чехол на автомобиль",https://ir.ozone.ru/s3/multimedia-1-d/7613682745.jpg;https://ir.ozone.ru/s3/multimedia-1-8/7151207012.jpg;https://ir.ozone.ru/s3/multimedia-1-y/7706073598.jpg;https://ir.ozone.ru/s3/multimedia-1-y/7706073598.jpg;https://ir.ozone.ru/s3/multimedia-1-6/7151280054.jpg;https://ir.ozone.ru/s3/multimedia-1-1/7151207005.jpg;https://ir.ozone.ru/s3/multimedia-1-6/7151207010.jpg;https://ir.ozone.ru/s3/multimedia-1-s/7151213080.jpg;https://ir.ozone.ru/s3/multimedia-1-t/7151213081.jpg;https://ir.ozone.ru/s3/multimedia-1-d/7151685205.jpg,3958₽,2,7158₽,3,13,70,4,96%,30.8%,1817 g,21.8 L
724,"#автомобильный_тент_на_тойоту
(丰田汽车帐篷)","汽车罩
Чехол на автомобиль",https://ir.ozone.ru/s3/multimedia-1-d/7613682745.jpg;https://ir.ozone.ru/s3/multimedia-1-8/7151207012.jpg;https://ir.ozone.ru/s3/multimedia-1-6/7151280054.jpg;https://ir.ozone.ru/s3/multimedia-1-1/7151207005.jpg;https://ir.ozone.ru/s3/multimedia-1-6/7151207010.jpg;https://ir.ozone.ru/s3/multimedia-1-s/7151213080.jpg;https://ir.ozone.ru/s3/multimedia-1-t/7151213081.jpg;https://ir.ozone.ru/s3/multimedia-1-d/7151685205.jpg;https://ir.ozone.ru/s3/multimedia-1-1/7151213089.jpg,4494₽,2,8232₽,1,9,85,4.3,100%,44.4%,2108 g,25 L
725,"#тент_автомобильный_torso
(汽车帐篷 Torso)","汽车罩
Чехол на автомобиль",https://ir.ozone.ru/s3/multimedia-1-d/7613682745.jpg;https://ir.ozone.ru/s3/multimedia-1-8/7151207012.jpg;https://ir.ozone.ru/s3/multimedia-1-6/7151280054.jpg;https://ir.ozone.ru/s3/multimedia-1-1/7151207005.jpg;https://ir.ozone.ru/s3/multimedia-1-6/7151207010.jpg;https://ir.ozone.ru/s3/multimedia-1-s/7151213080.jpg;https://ir.ozone.ru/s3/multimedia-1-t/7151213081.jpg;https://ir.ozone.ru/s3/multimedia-1-d/7151685205.jpg;https://ir.ozone.ru/s3/multimedia-1-1/7151213089.jpg;https://ir.ozone.ru/s3/multimedia-1-t/8498085473.jpg,3715₽,2,6774₽,2,11,77,3.9,100%,36.4%,1763 g,21.2 L
726,"#haval_m6_чехол_для_авто
(哈弗M6汽车座套)","汽车罩
Чехол на автомобиль",https://ir.ozone.ru/s3/multimedia-1-c/12060918264.jpg;https://ir.ozone.ru/s3/multimedia-4/6901705552.jpg,4456₽,2,8765₽,1,2,987,5,100%,50%,3500 g,19.5 L
727,"#тент_военный
(军用帐篷)","汽车罩
Чехол на автомобиль",https://ir.ozone.ru/s3/multimedia-1-s/6954574888.jpg;https://ir.ozone.ru/s3/multimedia-1-a/6954587038.jpg,6733₽,2,10161₽,1,2,5,2.4,100%,0%,1100 g,21.7 L
728,"#чехол_тент_на_авто
(汽车帐篷罩)","汽车罩
Чехол на автомобиль",https://ir.ozone.ru/s3/multimedia-1-s/6954574888.jpg;https://ir.ozone.ru/s3/multimedia-1-a/6954587038.jpg,6733₽,2,10161₽,1,2,5,2.4,100%,0%,1100 g,21.7 L
729,"#навес_от_солнца_и_дождя
(遮阳防雨棚)","汽车罩
Чехол на автомобиль",https://ir.ozone.ru/s3/multimedia-1-v/8840220619.jpg;https://ir.ozone.ru/s3/multimedia-1-b/12467172719.jpg;https://ir.ozone.ru/s3/multimedia-1-m/7228128406.jpg;https://ir.ozone.ru/s3/multimedia-1-w/8899272428.jpg;https://ir.ozone.ru/s3/multimedia-1-x/7228126005.jpg;https://ir.ozone.ru/s3/multimedia-1-9/12467631501.jpg;https://ir.ozone.ru/s3/multimedia-1-y/8899319554.jpg;https://ir.ozone.ru/s3/multimedia-1-j/7228125631.jpg;https://ir.ozone.ru/s3/multimedia-1-n/7228127039.jpg;https://ir.ozone.ru/s3/multimedia-1-y/9011000374.jpg,7908₽,2,12608₽,3,10,307,4.6,100%,6.7%,23790 g,44.1 L
730,#audi_a_6_чехол_для_авто,"汽车罩
Чехол на автомобиль",https://ir.ozone.ru/s3/multimedia-1-l/6958136289.jpg,4357₽,2,8714₽,1,1,500,0,100%,0%,3200 g,21.1 L
731,#volvo_xc60_чехол_для_авто,"汽车罩
Чехол на автомобиль",https://ir.ozone.ru/s3/multimedia-w/6855700208.jpg;https://ir.ozone.ru/s3/multimedia-p/6855709921.jpg;https://ir.ozone.ru/s3/multimedia-1-a/8864377750.jpg,3335₽,2,4386₽,2,3,495,4.6,100%,0%,2467 g,15.8 L
732,"#Запчастидляпогрузчика
(装载机零件)","汽车罩
Чехол на автомобиль",https://ir.ozone.ru/s3/multimedia-1-y/8311388038.jpg;https://ir.ozone.ru/s3/multimedia-1-f/8173214079.jpg;https://ir.ozone.ru/s3/multimedia-1-v/8334237415.jpg;https://ir.ozone.ru/s3/multimedia-1-x/8491533297.jpg,5964₽,2,6181₽,3,4,3,5,100%,0%,3750 g,21.4 L
733,#suv_тент_чехол_для_авто,"汽车罩
Чехол на автомобиль",https://ir.ozone.ru/s3/multimedia-1-e/8683435238.jpg;https://ir.ozone.ru/s3/multimedia-1-e/8651821874.jpg;https://ir.ozone.ru/s3/multimedia-1-2/7612874606.jpg;https://ir.ozone.ru/s3/multimedia-1-e/8651821874.jpg;https://ir.ozone.ru/s3/multimedia-1-1/8616588049.jpg;https://ir.ozone.ru/s3/multimedia-1-e/8651821874.jpg;https://ir.ozone.ru/s3/multimedia-1-e/8651821874.jpg;https://ir.ozone.ru/s3/multimedia-1-v/7201749199.jpg;https://ir.ozone.ru/s3/multimedia-1-e/8651821874.jpg;https://ir.ozone.ru/s3/multimedia-1-d/10558107949.jpg,3448₽,2,7760₽,12,57,128,4,49%,8.7%,2125 g,11.7 L
734,#чехол_тен,"汽车罩
Чехол на автомобиль",https://ir.ozone.ru/s3/multimedia-j/6704817463.jpg;https://ir.ozone.ru/s3/multimedia-x/6722856825.jpg;https://ir.ozone.ru/s3/multimedia-6/6841040514.jpg;https://ir.ozone.ru/s3/multimedia-0/6576773064.jpg;https://ir.ozone.ru/s3/multimedia-2/6559638002.jpg,2974₽,2,5710₽,1,5,228,4.6,100%,11.7%,1650 g,10 L
735,#Тентнаавтомобиль,"汽车罩
Чехол на автомобиль",https://ir.ozone.ru/s3/multimedia-1-2/8218385210.jpg;https://ir.ozone.ru/s3/multimedia-1-0/9821222748.jpg;https://ir.ozone.ru/s3/multimedia-1-2/8306945750.jpg;https://ir.ozone.ru/s3/multimedia-1-j/8218309555.jpg;https://ir.ozone.ru/s3/multimedia-1-r/8301217599.jpg;https://ir.ozone.ru/s3/multimedia-1-p/8575953505.jpg;https://ir.ozone.ru/s3/multimedia-1-d/9490439173.jpg;https://ir.ozone.ru/s3/multimedia-1-n/8224532771.jpg;https://ir.ozone.ru/s3/multimedia-1-m/10893573490.jpg;https://ir.ozone.ru/s3/multimedia-1-w/8286617192.jpg,3366₽,2,8433₽,3,102,39,4.4,39%,13%,1475 g,20.9 L
736,#Чехолтентнаавтомобиль,"汽车罩
Чехол на автомобиль",https://ir.ozone.ru/s3/multimedia-1-2/8218385210.jpg;https://ir.ozone.ru/s3/multimedia-1-0/9821222748.jpg;https://ir.ozone.ru/s3/multimedia-1-2/8306945750.jpg;https://ir.ozone.ru/s3/multimedia-1-j/8218309555.jpg;https://ir.ozone.ru/s3/multimedia-1-r/8301217599.jpg;https://ir.ozone.ru/s3/multimedia-1-p/8575953505.jpg;https://ir.ozone.ru/s3/multimedia-1-d/9490439173.jpg;https://ir.ozone.ru/s3/multimedia-1-n/8224532771.jpg;https://ir.ozone.ru/s3/multimedia-1-m/10893573490.jpg;https://ir.ozone.ru/s3/multimedia-1-w/8286617192.jpg,3366₽,2,8433₽,3,102,39,4.4,39%,13%,1475 g,20.9 L
737,#Защитаотсолнцаитеплоизоляция,"汽车罩
Чехол на автомобиль",https://ir.ozone.ru/s3/multimedia-1-4/9495912748.jpg;https://ir.ozone.ru/s3/multimedia-1-v/9148869463.jpg;https://ir.ozone.ru/s3/multimedia-1-n/9148870031.jpg;https://ir.ozone.ru/s3/multimedia-1-q/9149126102.jpg;https://ir.ozone.ru/s3/multimedia-1-n/7855245455.jpg;https://ir.ozone.ru/s3/multimedia-1-t/9149126681.jpg;https://ir.ozone.ru/s3/multimedia-1-k/9149127860.jpg;https://ir.ozone.ru/s3/multimedia-1-8/9149126300.jpg;https://ir.ozone.ru/s3/multimedia-1-v/9148974259.jpg;https://ir.ozone.ru/s3/multimedia-1-6/9148974810.jpg,4253₽,2,7257₽,12,33,28,3.9,61%,4.1%,3716 g,35.9 L
738,#зимний_уход_за_авто,"汽车罩
Чехол на автомобиль",https://ir.ozone.ru/s3/multimedia-1-u/8451352866.jpg;https://ir.ozone.ru/s3/multimedia-1-0/8880559380.jpg;https://ir.ozone.ru/s3/multimedia-1-1/8204436109.jpg;https://ir.ozone.ru/s3/multimedia-1-t/8451353333.jpg;https://ir.ozone.ru/s3/multimedia-1-5/8453678729.jpg;https://ir.ozone.ru/s3/multimedia-1-8/8453681036.jpg;https://ir.ozone.ru/s3/multimedia-1-h/9279169937.jpg;https://ir.ozone.ru/s3/multimedia-1-9/11328344217.jpg;https://ir.ozone.ru/s3/multimedia-1-w/9542185160.jpg;https://ir.ozone.ru/s3/multimedia-1-i/11319410826.jpg,3331₽,2,5276₽,22,25,139,3.1,85%,3.7%,1662 g,12.8 L
739,#hyundai_accent_чехол_для_авто,"汽车罩
Чехол на автомобиль",https://ir.ozone.ru/s3/multimedia-1-r/7137762903.jpg,3267₽,2,6618₽,1,1,28,5,100%,0%,1300 g,5.4 L
740,#антиградовый_чехол,"汽车罩
Чехол на автомобиль",https://ir.ozone.ru/s3/multimedia-1-v/9430820023.jpg;https://ir.ozone.ru/s3/multimedia-1-b/9254358047.jpg;https://ir.ozone.ru/s3/multimedia-1-f/9315135699.jpg;https://ir.ozone.ru/s3/multimedia-1-9/9430719849.jpg;https://ir.ozone.ru/s3/multimedia-1-y/9261885058.jpg;https://ir.ozone.ru/s3/multimedia-1-i/9254342934.jpg;https://ir.ozone.ru/s3/multimedia-1-2/9410545550.jpg;https://ir.ozone.ru/s3/multimedia-1-v/9431027527.jpg;https://ir.ozone.ru/s3/multimedia-1-x/9694052061.jpg;https://ir.ozone.ru/s3/multimedia-1-d/9432523849.jpg,16629₽,2,27162₽,1,23,185,4.6,65%,16.7%,3783 g,207.7 L
741,"#урал_5
(乌拉尔5)","汽车罩
Чехол на автомобиль",https://ir.ozone.ru/s3/multimedia-1-c/8250390516.jpg;https://ir.ozone.ru/s3/multimedia-1-x/7467152253.jpg;https://ir.ozone.ru/s3/multimedia-1-x/7467152253.jpg;https://ir.ozone.ru/s3/multimedia-1-v/8900847103.jpg;https://ir.ozone.ru/s3/multimedia-1-0/7270462188.jpg;https://ir.ozone.ru/s3/multimedia-1-u/7272835086.jpg;https://ir.ozone.ru/s3/multimedia-1-y/8312629498.jpg;https://ir.ozone.ru/s3/multimedia-1-8/7272660752.jpg;https://ir.ozone.ru/s3/multimedia-1-0/7270462188.jpg;https://ir.ozone.ru/s3/multimedia-1-b/8900758667.jpg,19069₽,2,43823₽,4,14,14,3.3,88%,11.1%,20152 g,172.2 L
742,"#зимний_тент_для_автомобиля
(汽车冬季帐篷)","汽车罩
Чехол на автомобиль",https://ir.ozone.ru/s3/multimedia-1-5/9329156213.jpg;https://ir.ozone.ru/s3/multimedia-1-i/11016204750.jpg;https://ir.ozone.ru/s3/multimedia-1-i/9813590370.jpg;https://ir.ozone.ru/s3/multimedia-1-g/10193730352.jpg;https://ir.ozone.ru/s3/multimedia-1-n/11217258095.jpg;https://ir.ozone.ru/s3/multimedia-1-m/8350147606.jpg;https://ir.ozone.ru/s3/multimedia-1-e/8137550390.jpg;https://ir.ozone.ru/s3/multimedia-1-y/8984818690.jpg;https://ir.ozone.ru/s3/multimedia-1-i/8315055198.jpg;https://ir.ozone.ru/s3/multimedia-1-b/11206218287.jpg,5077₽,2,7250₽,28,169,8,3.2,27%,11.9%,2720 g,23.7 L
743,"#форд_куга_чехол_для_авто
(福特Kuga汽车套)","汽车罩
Чехол на автомобиль",https://ir.ozone.ru/s3/multimedia-4/6874277368.jpg;https://ir.ozone.ru/s3/multimedia-k/6874330016.jpg,4655₽,2,6919₽,1,2,742,5,100%,0%,3350 g,20.9 L
744,"#тент_на_газель_3302_с_о
(嘎斯3302 с о 帐篷)","汽车罩
Чехол на автомобиль",https://ir.ozone.ru/s3/multimedia-1/6723346609.jpg;https://ir.ozone.ru/s3/multimedia-0/6723263448.jpg,10867₽,2,16440₽,1,2,100,4.9,100%,0%,10850 g,56.1 L
745,"#тент_на_стандартную_газель
(标准嘎斯车帐篷)","汽车罩
Чехол на автомобиль",https://ir.ozone.ru/s3/multimedia-1/6723346609.jpg;https://ir.ozone.ru/s3/multimedia-0/6723263448.jpg,10867₽,2,16440₽,1,2,100,4.9,100%,0%,10850 g,56.1 L
746,"#тент_на_газель_3_метра
(嘎斯车3米帐篷)","汽车罩
Чехол на автомобиль",https://ir.ozone.ru/s3/multimedia-1/6723346609.jpg;https://ir.ozone.ru/s3/multimedia-0/6723263448.jpg,10867₽,2,16440₽,1,2,100,4.9,100%,0%,10850 g,56.1 L
747,#Защититесвойавтомобиль,"汽车罩
Чехол на автомобиль",https://ir.ozone.ru/s3/multimedia-1-4/9495912748.jpg;https://ir.ozone.ru/s3/multimedia-1-v/9148869463.jpg;https://ir.ozone.ru/s3/multimedia-1-n/9148870031.jpg;https://ir.ozone.ru/s3/multimedia-1-q/9149126102.jpg;https://ir.ozone.ru/s3/multimedia-1-t/9149126681.jpg;https://ir.ozone.ru/s3/multimedia-1-k/9149127860.jpg;https://ir.ozone.ru/s3/multimedia-1-6/9148974810.jpg;https://ir.ozone.ru/s3/multimedia-1-8/9149126300.jpg;https://ir.ozone.ru/s3/multimedia-1-v/9148974259.jpg;https://ir.ozone.ru/s3/multimedia-1-y/9148869430.jpg,5107₽,2,8768₽,4,25,36,4.4,65%,1.6%,4676 g,45.4 L
748,#Накидка_на_стекло_от_снега,"汽车罩
Чехол на автомобиль",https://ir.ozone.ru/s3/multimedia-1-5/9329156213.jpg;https://ir.ozone.ru/s3/multimedia-1-i/11016204750.jpg;https://ir.ozone.ru/s3/multimedia-1-6/9554219034.jpg;https://ir.ozone.ru/s3/multimedia-1-i/9813590370.jpg;https://ir.ozone.ru/s3/multimedia-1-g/10193730352.jpg;https://ir.ozone.ru/s3/multimedia-1-n/11217258095.jpg;https://ir.ozone.ru/s3/multimedia-1-z/10360424699.jpg;https://ir.ozone.ru/s3/multimedia-1-i/9554218542.jpg;https://ir.ozone.ru/s3/multimedia-1-m/8350147606.jpg;https://ir.ozone.ru/s3/multimedia-1-i/8315055198.jpg,4413₽,2,7383₽,43,262,8,3.7,28%,13.8%,2273 g,19.6 L
749,#bmw_g60,"汽车罩
Чехол на автомобиль",https://ir.ozone.ru/s3/multimedia-1-j/7080554791.jpg;https://ir.ozone.ru/s3/multimedia-1-j/10160999659.jpg;https://ir.ozone.ru/s3/multimedia-1-e/9169219814.jpg;https://ir.ozone.ru/s3/multimedia-1-r/10597581315.jpg;https://ir.ozone.ru/s3/multimedia-1-q/10945738718.jpg,3078₽,2,5271₽,5,5,2,1,100%,20%,2213 g,21.8 L
750,#lexus_is_чехол_для_авто,"汽车罩
Чехол на автомобиль",https://ir.ozone.ru/s3/multimedia-1-a/7213002094.jpg,3188₽,2,6460₽,1,1,438,4.8,100%,0%,1500 g,5.4 L
751,#чехол_зима,"汽车罩
Чехол на автомобиль",https://ir.ozone.ru/s3/multimedia-1-g/8998367992.jpg;https://ir.ozone.ru/s3/multimedia-1-6/10781942730.jpg,3123₽,2,6233₽,2,2,17,4.9,100%,0%,2700 g,20.5 L
752,#Чехолавтомобильноготента,"汽车罩
Чехол на автомобиль",https://ir.ozone.ru/s3/multimedia-1-e/8240187614.jpg;https://ir.ozone.ru/s3/multimedia-1-i/8307279018.jpg;https://ir.ozone.ru/s3/multimedia-1-c/8086270044.jpg;https://ir.ozone.ru/s3/multimedia-1-0/8611533792.jpg;https://ir.ozone.ru/s3/multimedia-1-t/8086257641.jpg;https://ir.ozone.ru/s3/multimedia-1-n/8286310247.jpg;https://ir.ozone.ru/s3/multimedia-1-4/8240206648.jpg;https://ir.ozone.ru/s3/multimedia-1-l/8815468269.jpg;https://ir.ozone.ru/s3/multimedia-1-y/8252370970.jpg;https://ir.ozone.ru/s3/multimedia-1-k/8207741144.jpg,5112₽,2,7512₽,24,86,31,3.8,35%,12%,4946 g,35.2 L
753,#портативныйгаражзимний,"汽车罩
Чехол на автомобиль",https://ir.ozone.ru/s3/multimedia-1-e/8240187614.jpg;https://ir.ozone.ru/s3/multimedia-1-i/8307279018.jpg;https://ir.ozone.ru/s3/multimedia-1-c/8086270044.jpg;https://ir.ozone.ru/s3/multimedia-1-0/8611533792.jpg;https://ir.ozone.ru/s3/multimedia-1-t/8086257641.jpg;https://ir.ozone.ru/s3/multimedia-1-n/8286310247.jpg;https://ir.ozone.ru/s3/multimedia-1-4/8240206648.jpg;https://ir.ozone.ru/s3/multimedia-1-l/8815468269.jpg;https://ir.ozone.ru/s3/multimedia-1-y/8252370970.jpg;https://ir.ozone.ru/s3/multimedia-1-k/8207741144.jpg,5126₽,2,7500₽,24,87,31,3.8,34%,11.9%,4941 g,35 L
754,#чехолнаавтоуниверсальный,"汽车罩
Чехол на автомобиль",https://ir.ozone.ru/s3/multimedia-1-e/8240187614.jpg;https://ir.ozone.ru/s3/multimedia-1-i/8307279018.jpg;https://ir.ozone.ru/s3/multimedia-1-0/8611533792.jpg;https://ir.ozone.ru/s3/multimedia-1-n/8286310247.jpg;https://ir.ozone.ru/s3/multimedia-1-4/8240206648.jpg;https://ir.ozone.ru/s3/multimedia-1-l/8815468269.jpg;https://ir.ozone.ru/s3/multimedia-1-y/8252370970.jpg;https://ir.ozone.ru/s3/multimedia-1-k/8207741144.jpg;https://ir.ozone.ru/s3/multimedia-1-1/8306968933.jpg;https://ir.ozone.ru/s3/multimedia-1-y/8252370970.jpg,5129₽,2,7272₽,23,84,27,3.8,34%,12.4%,4798 g,32.7 L
755,#toyota_corolla_чехол_для_авто,"汽车罩
Чехол на автомобиль",https://ir.ozone.ru/s3/multimedia-1-f/9238401915.jpg;https://ir.ozone.ru/s3/multimedia-w/6735187472.jpg;https://ir.ozone.ru/s3/multimedia-p/6734626153.jpg;https://ir.ozone.ru/s3/multimedia-1-1/7126815097.jpg;https://ir.ozone.ru/s3/multimedia-1-p/7256050801.jpg,7609₽,2,22709₽,2,5,338,2.9,100%,15%,2680 g,24.6 L
756,#ford_mondeo_чехол_для_авто,"汽车罩
Чехол на автомобиль",https://ir.ozone.ru/s3/multimedia-1-8/7115843960.jpg,3162₽,2,6355₽,1,1,18,5,100%,0%,1500 g,5 L
757,#bmw_x_3_чехол_для_авто,"汽车罩
Чехол на автомобиль",https://ir.ozone.ru/s3/multimedia-1-n/7044346463.jpg,4331₽,2,8662₽,1,1,1476,4.9,100%,0%,3600 g,19.3 L
758,#bmw_5_series_чехол_для_авто,"汽车罩
Чехол на автомобиль",https://ir.ozone.ru/s3/multimedia-1-f/8645831727.jpg;https://ir.ozone.ru/s3/multimedia-s/6787024192.jpg;https://ir.ozone.ru/s3/multimedia-s/6787024192.jpg,3375₽,2,5469₽,2,3,79,3.3,100%,22.2%,2667 g,15.9 L
759,#чехол_на_машину_дождя_и_снега,"汽车罩
Чехол на автомобиль",https://ir.ozone.ru/s3/multimedia-1-5/9329156213.jpg;https://ir.ozone.ru/s3/multimedia-1-i/11016204750.jpg;https://ir.ozone.ru/s3/multimedia-1-6/9554219034.jpg;https://ir.ozone.ru/s3/multimedia-1-i/9813590370.jpg;https://ir.ozone.ru/s3/multimedia-1-g/10193730352.jpg;https://ir.ozone.ru/s3/multimedia-1-n/11217258095.jpg;https://ir.ozone.ru/s3/multimedia-1-z/10360424699.jpg;https://ir.ozone.ru/s3/multimedia-1-i/9554218542.jpg;https://ir.ozone.ru/s3/multimedia-1-u/8570159490.jpg;https://ir.ozone.ru/s3/multimedia-1-m/8350147606.jpg,4596₽,2,7979₽,53,276,19,3.5,26%,16.2%,2328 g,19.2 L
760,#чехол_на_машину_от_хэтчбек,"汽车罩
Чехол на автомобиль",https://ir.ozone.ru/s3/multimedia-1-5/9329156213.jpg;https://ir.ozone.ru/s3/multimedia-1-i/11016204750.jpg;https://ir.ozone.ru/s3/multimedia-1-6/9554219034.jpg;https://ir.ozone.ru/s3/multimedia-1-i/9813590370.jpg;https://ir.ozone.ru/s3/multimedia-1-g/10193730352.jpg;https://ir.ozone.ru/s3/multimedia-1-n/11217258095.jpg;https://ir.ozone.ru/s3/multimedia-1-z/10360424699.jpg;https://ir.ozone.ru/s3/multimedia-1-i/9554218542.jpg;https://ir.ozone.ru/s3/multimedia-1-m/8350147606.jpg;https://ir.ozone.ru/s3/multimedia-1-i/8315055198.jpg,4392₽,2,7717₽,52,313,6,3.6,27%,16.7%,2318 g,19.6 L
761,#чехол_на_машину_от_седан,"汽车罩
Чехол на автомобиль",https://ir.ozone.ru/s3/multimedia-1-5/9329156213.jpg;https://ir.ozone.ru/s3/multimedia-1-i/11016204750.jpg;https://ir.ozone.ru/s3/multimedia-1-6/9554219034.jpg;https://ir.ozone.ru/s3/multimedia-1-i/9813590370.jpg;https://ir.ozone.ru/s3/multimedia-1-g/10193730352.jpg;https://ir.ozone.ru/s3/multimedia-1-n/11217258095.jpg;https://ir.ozone.ru/s3/multimedia-1-z/10360424699.jpg;https://ir.ozone.ru/s3/multimedia-1-i/9554218542.jpg;https://ir.ozone.ru/s3/multimedia-1-m/8350147606.jpg;https://ir.ozone.ru/s3/multimedia-1-i/8315055198.jpg,4409₽,2,7520₽,46,302,6,3.7,28%,14.7%,2284 g,19.7 L
762,#чехол_на_машину_от_кроссовер,"汽车罩
Чехол на автомобиль",https://ir.ozone.ru/s3/multimedia-1-5/9329156213.jpg;https://ir.ozone.ru/s3/multimedia-1-i/11016204750.jpg;https://ir.ozone.ru/s3/multimedia-1-6/9554219034.jpg;https://ir.ozone.ru/s3/multimedia-1-i/9813590370.jpg;https://ir.ozone.ru/s3/multimedia-1-g/10193730352.jpg;https://ir.ozone.ru/s3/multimedia-1-n/11217258095.jpg;https://ir.ozone.ru/s3/multimedia-1-z/10360424699.jpg;https://ir.ozone.ru/s3/multimedia-1-i/9554218542.jpg;https://ir.ozone.ru/s3/multimedia-1-m/8350147606.jpg;https://ir.ozone.ru/s3/multimedia-1-i/8315055198.jpg,4586₽,2,8099₽,52,323,19,3.6,26%,14.8%,2310 g,19.1 L
763,#Накидка_на_лобовое_от_снега,"汽车罩
Чехол на автомобиль",https://ir.ozone.ru/s3/multimedia-1-5/9329156213.jpg;https://ir.ozone.ru/s3/multimedia-1-i/11016204750.jpg;https://ir.ozone.ru/s3/multimedia-1-6/9554219034.jpg;https://ir.ozone.ru/s3/multimedia-1-i/9813590370.jpg;https://ir.ozone.ru/s3/multimedia-1-g/10193730352.jpg;https://ir.ozone.ru/s3/multimedia-1-n/11217258095.jpg;https://ir.ozone.ru/s3/multimedia-1-z/10360424699.jpg;https://ir.ozone.ru/s3/multimedia-1-i/9554218542.jpg;https://ir.ozone.ru/s3/multimedia-1-m/8350147606.jpg;https://ir.ozone.ru/s3/multimedia-1-i/8315055198.jpg,4400₽,2,7425₽,45,264,7,3.6,28%,12.8%,2309 g,19.7 L
764,#Тент_авто,"汽车罩
Чехол на автомобиль",https://ir.ozone.ru/s3/multimedia-1-5/9329156213.jpg;https://ir.ozone.ru/s3/multimedia-1-i/11016204750.jpg;https://ir.ozone.ru/s3/multimedia-1-6/9554219034.jpg;https://ir.ozone.ru/s3/multimedia-1-i/9813590370.jpg;https://ir.ozone.ru/s3/multimedia-1-g/10193730352.jpg;https://ir.ozone.ru/s3/multimedia-1-n/11217258095.jpg;https://ir.ozone.ru/s3/multimedia-1-z/10360424699.jpg;https://ir.ozone.ru/s3/multimedia-1-i/9554218542.jpg;https://ir.ozone.ru/s3/multimedia-1-m/8350147606.jpg;https://ir.ozone.ru/s3/multimedia-1-i/8315055198.jpg,4428₽,2,7399₽,43,263,7,3.6,28%,14.5%,2273 g,19.6 L
765,#Открытая_парковка,"汽车罩
Чехол на автомобиль",https://ir.ozone.ru/s3/multimedia-1-5/9329156213.jpg;https://ir.ozone.ru/s3/multimedia-1-i/11016204750.jpg;https://ir.ozone.ru/s3/multimedia-1-6/9554219034.jpg;https://ir.ozone.ru/s3/multimedia-1-i/9813590370.jpg;https://ir.ozone.ru/s3/multimedia-1-g/10193730352.jpg;https://ir.ozone.ru/s3/multimedia-1-n/11217258095.jpg;https://ir.ozone.ru/s3/multimedia-1-z/10360424699.jpg;https://ir.ozone.ru/s3/multimedia-1-i/9554218542.jpg;https://ir.ozone.ru/s3/multimedia-1-m/8350147606.jpg;https://ir.ozone.ru/s3/multimedia-1-i/8315055198.jpg,4394₽,2,7482₽,44,272,7,3.5,28%,13%,2278 g,19.6 L
766,#газель_нового_образца,"汽车罩
Чехол на автомобиль",https://ir.ozone.ru/s3/multimedia-j/6636338047.jpg;https://ir.ozone.ru/s3/multimedia-j/6636338047.jpg;https://ir.ozone.ru/s3/multimedia-1-v/9387881383.jpg;https://ir.ozone.ru/s3/multimedia-1-m/7139018254.jpg;https://ir.ozone.ru/s3/multimedia-p/6605667637.jpg;https://ir.ozone.ru/s3/multimedia-1-m/9101404318.jpg;https://ir.ozone.ru/s3/multimedia-1-6/10294633626.jpg,8349₽,2,14572₽,5,7,14,2.6,100%,8.4%,9864 g,43.1 L
767,#тент_на_газель_н_о,"汽车罩
Чехол на автомобиль",https://ir.ozone.ru/s3/multimedia-j/6636338047.jpg;https://ir.ozone.ru/s3/multimedia-j/6636338047.jpg;https://ir.ozone.ru/s3/multimedia-1-v/9387881383.jpg;https://ir.ozone.ru/s3/multimedia-1-m/7139018254.jpg,10821₽,2,20300₽,2,4,1,1,100%,0%,11975 g,62.8 L
768,#тентчехол,"汽车罩
Чехол на автомобиль",https://ir.ozone.ru/s3/multimedia-1-c/9347937564.jpg;https://ir.ozone.ru/s3/multimedia-o/6895713876.jpg;https://ir.ozone.ru/s3/multimedia-o/6895713876.jpg;https://ir.ozone.ru/s3/multimedia-q/6895713878.jpg;https://ir.ozone.ru/s3/multimedia-q/6895713878.jpg;https://ir.ozone.ru/s3/multimedia-1-b/8679804959.jpg;https://ir.ozone.ru/s3/multimedia-1-t/8679832409.jpg,3260₽,2,4162₽,4,7,2,1.8,100%,0%,1369 g,16.6 L
769,#авточехол_на_автомобиль,"汽车罩
Чехол на автомобиль",https://ir.ozone.ru/s3/multimedia-1-b/8869004543.jpg,4935₽,2,10158₽,1,1,1,5,100%,0%,11000 g,136.8 L
770,#ford_explorer_чехол_для_авто,"汽车罩
Чехол на автомобиль",https://ir.ozone.ru/s3/multimedia-1-u/7116599370.jpg,3184₽,2,6442₽,1,1,26,4.8,100%,50%,1700 g,5 L
771,#чехол_для_кроссовера,"汽车罩
Чехол на автомобиль",https://ir.ozone.ru/s3/multimedia-1-u/8570159490.jpg;https://ir.ozone.ru/s3/multimedia-1-p/10206259405.jpg;https://ir.ozone.ru/s3/multimedia-1-p/8382161869.jpg;https://ir.ozone.ru/s3/multimedia-1-8/9774229688.jpg;https://ir.ozone.ru/s3/multimedia-1-h/12320749169.jpg;https://ir.ozone.ru/s3/multimedia-1-i/11287493730.jpg;https://ir.ozone.ru/s3/multimedia-1-8/7413687512.jpg;https://ir.ozone.ru/s3/multimedia-1-c/11329691520.jpg;https://ir.ozone.ru/s3/multimedia-1-e/10472190350.jpg;https://ir.ozone.ru/s3/multimedia-1-n/11143522823.jpg,2500₽,2,4473₽,10,10,6,2.8,100%,12.5%,2087 g,40.1 L
772,#парковка_на_улице,"汽车罩
Чехол на автомобиль",https://ir.ozone.ru/s3/multimedia-1-4/7396920580.jpg;https://ir.ozone.ru/s3/multimedia-1-8/9868981688.jpg;https://ir.ozone.ru/s3/multimedia-1-7/7396920583.jpg;https://ir.ozone.ru/s3/multimedia-1-g/11650742908.jpg;https://ir.ozone.ru/s3/multimedia-1-p/10206259405.jpg;https://ir.ozone.ru/s3/multimedia-1-c/10155313128.jpg;https://ir.ozone.ru/s3/multimedia-1-5/9867102413.jpg;https://ir.ozone.ru/s3/multimedia-1-1/9869094397.jpg;https://ir.ozone.ru/s3/multimedia-1-b/9716168819.jpg;https://ir.ozone.ru/s3/multimedia-1-0/9679595148.jpg,2931₽,2,5138₽,13,23,4,3,76%,7.1%,2638 g,20.2 L
773,#kia_sportage_чехол_для_авто,"汽车罩
Чехол на автомобиль",https://ir.ozone.ru/s3/multimedia-1-l/6996452421.jpg,4708₽,2,9416₽,1,1,1464,4.9,100%,0%,3400 g,19.3 L
774,#elantra_gt,"汽车罩
Чехол на автомобиль",https://ir.ozone.ru/s3/multimedia-j/6831970219.jpg;https://ir.ozone.ru/s3/multimedia-1-x/7301379525.jpg,762₽,2,1249₽,2,2,22,4.5,100%,33.4%,313 g,7 L
775,#зимний_чехол_авто,"汽车罩
Чехол на автомобиль",https://ir.ozone.ru/s3/multimedia-1-u/8451352866.jpg;https://ir.ozone.ru/s3/multimedia-1-g/7965750544.jpg;https://ir.ozone.ru/s3/multimedia-1-t/8451353333.jpg;https://ir.ozone.ru/s3/multimedia-1-5/8453678729.jpg;https://ir.ozone.ru/s3/multimedia-1-8/8453681036.jpg;https://ir.ozone.ru/s3/multimedia-1-9/11328344217.jpg,9105₽,2,12980₽,4,6,3,4.1,100%,0%,4853 g,42.6 L
776,#автопокрывало_всесезонное,"汽车罩
Чехол на автомобиль",https://ir.ozone.ru/s3/multimedia-1-r/12723392295.jpg;https://ir.ozone.ru/s3/multimedia-1-b/12723437459.jpg;https://ir.ozone.ru/s3/multimedia-1-1/12723599197.jpg;https://ir.ozone.ru/s3/multimedia-1-6/12723487962.jpg,3219₽,2,6470₽,1,4,1,4,100%,25%,4120 g,36 L
777,#теплый_автопокрывало_на_зиму,"汽车罩
Чехол на автомобиль",https://ir.ozone.ru/s3/multimedia-1-r/12723392295.jpg;https://ir.ozone.ru/s3/multimedia-1-b/12723437459.jpg;https://ir.ozone.ru/s3/multimedia-1-1/12723599197.jpg;https://ir.ozone.ru/s3/multimedia-1-6/12723487962.jpg,3219₽,2,6470₽,1,4,1,4,100%,25%,4120 g,36 L
778,#Согревайаксессуары,"汽车罩
Чехол на автомобиль",https://ir.ozone.ru/s3/multimedia-1-r/12723392295.jpg;https://ir.ozone.ru/s3/multimedia-1-b/12723437459.jpg;https://ir.ozone.ru/s3/multimedia-1-1/12723599197.jpg;https://ir.ozone.ru/s3/multimedia-1-6/12723487962.jpg,3219₽,2,6470₽,1,4,1,4,100%,25%,4120 g,36 L
779,#защита_автомобиля_зима,"汽车罩
Чехол на автомобиль",https://ir.ozone.ru/s3/multimedia-1-r/12723392295.jpg;https://ir.ozone.ru/s3/multimedia-1-b/12723437459.jpg;https://ir.ozone.ru/s3/multimedia-1-1/12723599197.jpg;https://ir.ozone.ru/s3/multimedia-1-6/12723487962.jpg,3219₽,2,6470₽,1,4,1,4,100%,25%,4120 g,36 L
780,#полное_автопокрывало,"汽车罩
Чехол на автомобиль",https://ir.ozone.ru/s3/multimedia-1-r/12723392295.jpg;https://ir.ozone.ru/s3/multimedia-1-b/12723437459.jpg;https://ir.ozone.ru/s3/multimedia-1-1/12723599197.jpg;https://ir.ozone.ru/s3/multimedia-1-6/12723487962.jpg,3219₽,2,6470₽,1,4,1,4,100%,25%,4120 g,36 L
781,#авточехолнакузовавтомобиля,"汽车罩
Чехол на автомобиль",https://ir.ozone.ru/s3/multimedia-1-b/9254358047.jpg;https://ir.ozone.ru/s3/multimedia-1-n/8344538015.jpg;https://ir.ozone.ru/s3/multimedia-1-j/8344538407.jpg,10051₽,2,24570₽,2,3,70,4.6,100%,22.2%,4267 g,78.4 L
782,#тентавтомобиляуниверсальный,"汽车罩
Чехол на автомобиль",https://ir.ozone.ru/s3/multimedia-1-5/11740824401.jpg;https://ir.ozone.ru/s3/multimedia-1-n/8344538015.jpg;https://ir.ozone.ru/s3/multimedia-1-j/8344538407.jpg;https://ir.ozone.ru/s3/multimedia-1-4/8748749128.jpg,6962₽,2,20839₽,3,4,71,4.6,100%,25%,4250 g,26.5 L
783,#авточехол_зимний,"汽车罩
Чехол на автомобиль",https://ir.ozone.ru/s3/multimedia-1-g/7965750544.jpg;https://ir.ozone.ru/s3/multimedia-1-j/9007052815.jpg;https://ir.ozone.ru/s3/multimedia-1-j/9007052815.jpg,3014₽,2,6401₽,2,3,36,4.8,100%,0%,2187 g,9.8 L
784,#крышкадлялобовогостекла,"汽车罩
Чехол на автомобиль",https://ir.ozone.ru/s3/multimedia-1-z/8630868887.jpg,489₽,2,986₽,1,1,5,5,100%,0%,300 g,12 L
785,#чехолдляавтомобилялетний,"汽车罩
Чехол на автомобиль",https://ir.ozone.ru/s3/multimedia-1-m/8286576574.jpg;https://ir.ozone.ru/s3/multimedia-1-f/8283255927.jpg;https://ir.ozone.ru/s3/multimedia-1-i/7865456634.jpg;https://ir.ozone.ru/s3/multimedia-1-z/7752430763.jpg;https://ir.ozone.ru/s3/multimedia-1-l/7819901445.jpg;https://ir.ozone.ru/s3/multimedia-1-z/8286576587.jpg;https://ir.ozone.ru/s3/multimedia-1-9/7910008425.jpg;https://ir.ozone.ru/s3/multimedia-1-n/7917134459.jpg;https://ir.ozone.ru/s3/multimedia-1-n/7922754563.jpg;https://ir.ozone.ru/s3/multimedia-1-r/7992904995.jpg,4564₽,2,7301₽,3,22,5,4.1,66%,0.6%,2636 g,28.3 L
786,#toyota_rav4_чехол_для_авто,"汽车罩
Чехол на автомобиль",https://ir.ozone.ru/s3/multimedia-1-n/7120829579.jpg;https://ir.ozone.ru/s3/multimedia-1-3/9619896207.jpg;https://ir.ozone.ru/s3/multimedia-1-g/7255484692.jpg;https://ir.ozone.ru/s3/multimedia-1-e/8798398610.jpg,3136₽,2,5342₽,3,4,77,3.7,100%,33.3%,2081 g,16.5 L
787,#чехолнаЧериТигго8ПроМакс,"汽车罩
Чехол на автомобиль",https://ir.ozone.ru/s3/multimedia-1-i/7865456634.jpg,4620₽,2,9342₽,1,1,3,5,100%,0%,2700 g,24.7 L
788,#чехолнаCheryTiggo8ProMax,"汽车罩
Чехол на автомобиль",https://ir.ozone.ru/s3/multimedia-1-i/7865456634.jpg,4620₽,2,9342₽,1,1,3,5,100%,0%,2700 g,24.7 L
789,#для_Чанган_ЮНИ_K,"汽车罩
Чехол на автомобиль",https://ir.ozone.ru/s3/multimedia-1-v/8565959155.jpg,3049₽,2,5780₽,1,1,2,2.9,100%,0%,9000 g,64 L
790,#Чанган_ЮНИ_K_деталь,"汽车罩
Чехол на автомобиль",https://ir.ozone.ru/s3/multimedia-1-v/8565959155.jpg,3049₽,2,5780₽,1,1,2,2.9,100%,0%,9000 g,64 L
791,#Чанган_ЮНИ_K_чехол,"汽车罩
Чехол на автомобиль",https://ir.ozone.ru/s3/multimedia-1-v/8565959155.jpg,3049₽,2,5780₽,1,1,2,2.9,100%,0%,9000 g,64 L
792,#Защита_авто_от_погоды,"汽车罩
Чехол на автомобиль",https://ir.ozone.ru/s3/multimedia-1-q/12376928078.jpg;https://ir.ozone.ru/s3/multimedia-1-7/9890223739.jpg;https://ir.ozone.ru/s3/multimedia-1-6/11138974494.jpg;https://ir.ozone.ru/s3/multimedia-1-m/11159740462.jpg,2663₽,2,5097₽,4,4,2,1.2,100%,0%,2314 g,33.3 L
793,#уличная_парковка,"汽车罩
Чехол на автомобиль",https://ir.ozone.ru/s3/multimedia-1-t/7064003333.jpg;https://ir.ozone.ru/s3/multimedia-1-b/7405354919.jpg;https://ir.ozone.ru/s3/multimedia-1-z/7051431923.jpg;https://ir.ozone.ru/s3/multimedia-1-w/11767124084.jpg;https://ir.ozone.ru/s3/multimedia-1-w/9469699664.jpg;https://ir.ozone.ru/s3/multimedia-1-d/11633731609.jpg;https://ir.ozone.ru/s3/multimedia-1-z/9550711043.jpg;https://ir.ozone.ru/s3/multimedia-1-s/8733236392.jpg;https://ir.ozone.ru/s3/multimedia-1-q/8656264358.jpg;https://ir.ozone.ru/s3/multimedia-1-3/8656264191.jpg,1478₽,2,2888₽,9,11,4,2.6,100%,14.3%,1075 g,7.5 L
794,#чехолсремнями,"汽车罩
Чехол на автомобиль",https://ir.ozone.ru/s3/multimedia-1-2/10477439570.jpg,5342₽,2,10684₽,1,1,134,4.6,100%,0%,500 g,30 L
795,#Джили_Атлас_чехол,"汽车罩
Чехол на автомобиль",https://ir.ozone.ru/s3/multimedia-1-y/8350222822.jpg,4805₽,2,9934₽,1,1,5,5,100%,0%,4100 g,18.8 L
796,#Джили_Атлас_2024,"汽车罩
Чехол на автомобиль",https://ir.ozone.ru/s3/multimedia-1-y/8350222822.jpg,4805₽,2,9934₽,1,1,5,5,100%,0%,4100 g,18.8 L
797,#Джили_Атлас_Защитный_чехол,"汽车罩
Чехол на автомобиль",https://ir.ozone.ru/s3/multimedia-1-y/8350222822.jpg,4805₽,2,9934₽,1,1,5,5,100%,0%,4100 g,18.8 L
798,#Джили_Атлас_защита_чехол,"汽车罩
Чехол на автомобиль",https://ir.ozone.ru/s3/multimedia-1-y/8350222822.jpg,4805₽,2,9934₽,1,1,5,5,100%,0%,4100 g,18.8 L
799,#Джили_Атлас_защита,"汽车罩
Чехол на автомобиль",https://ir.ozone.ru/s3/multimedia-1-y/8350222822.jpg,4805₽,2,9934₽,1,1,5,5,100%,0%,4100 g,18.8 L
800,#trailt31,"汽车罩
Чехол на автомобиль",https://ir.ozone.ru/s3/multimedia-1-9/7802807553.jpg;https://ir.ozone.ru/s3/multimedia-1-j/8897495275.jpg;https://ir.ozone.ru/s3/multimedia-1-9/10684072557.jpg,1940₽,2,3048₽,3,3,16,2.9,100%,0%,1533 g,5 L
801,#trailt31тюнинг,"汽车罩
Чехол на автомобиль",https://ir.ozone.ru/s3/multimedia-1-9/7802807553.jpg;https://ir.ozone.ru/s3/multimedia-1-j/8897495275.jpg;https://ir.ozone.ru/s3/multimedia-1-9/10684072557.jpg,1940₽,2,3048₽,3,3,16,2.9,100%,0%,1533 g,5 L
802,#зимнийчехолнаавто,"汽车罩
Чехол на автомобиль",https://ir.ozone.ru/s3/multimedia-1-s/11296324180.jpg,2588₽,2,5244₽,1,1,0,0,100%,50%,2800 g,21.1 L
803,#kia_sorento_2009_2012,"汽车罩
Чехол на автомобиль",https://ir.ozone.ru/s3/multimedia-1-j/7939671139.jpg,3489₽,2,8354₽,1,1,3,5,100%,0%,4500 g,18 L
804,#легкий_уход_за_авто,"汽车罩
Чехол на автомобиль",https://ir.ozone.ru/s3/multimedia-1-b/7630422527.jpg;https://ir.ozone.ru/s3/multimedia-1-m/8990768758.jpg;https://ir.ozone.ru/s3/multimedia-1-m/8990768758.jpg;https://ir.ozone.ru/s3/multimedia-1-j/10450969363.jpg,449₽,2,788₽,3,4,17,4.9,100%,0%,244 g,10.4 L
805,#ветрозащитные_ремни,"汽车罩
Чехол на автомобиль",https://ir.ozone.ru/s3/multimedia-1-i/9872138682.jpg;https://ir.ozone.ru/s3/multimedia-1-7/9969847531.jpg;https://ir.ozone.ru/s3/multimedia-1-e/9925577618.jpg;https://ir.ozone.ru/s3/multimedia-1-a/9891496990.jpg;https://ir.ozone.ru/s3/multimedia-1-z/10058209091.jpg;https://ir.ozone.ru/s3/multimedia-1-s/9903447568.jpg;https://ir.ozone.ru/s3/multimedia-1-6/10062100878.jpg;https://ir.ozone.ru/s3/multimedia-1-3/9870052035.jpg;https://ir.ozone.ru/s3/multimedia-1-a/9871248862.jpg;https://ir.ozone.ru/s3/multimedia-1-b/10058286215.jpg,4488₽,2,7219₽,1,64,1,2.6,42%,5.3%,5500 g,50.5 L
806,#Киа_Рио_X_Line,"汽车罩
Чехол на автомобиль",https://ir.ozone.ru/s3/multimedia-1-m/8350147606.jpg,7410₽,2,14812₽,1,1,1,5,100%,,4000 g,30.4 L
807,#Kia_Rio_X_Line,"汽车罩
Чехол на автомобиль",https://ir.ozone.ru/s3/multimedia-1-m/8350147606.jpg,7410₽,2,14812₽,1,1,1,5,100%,,4000 g,30.4 L
808,#skoda_kodiaq_чехол_для_авто,"汽车罩
Чехол на автомобиль",https://ir.ozone.ru/s3/multimedia-1-3/6970305963.jpg,4417₽,2,9006₽,1,1,557,4.9,100%,0%,3500 g,19.7 L
809,#bmw_x6_тент_чехол_для_авто,"汽车罩
Чехол на автомобиль",https://ir.ozone.ru/s3/multimedia-1-w/7062217520.jpg,4543₽,2,8900₽,1,1,564,4.9,100%,,3600 g,19.7 L
810,#заднеестеклоиокнаавто,"汽车罩
Чехол на автомобиль",https://ir.ozone.ru/s3/multimedia-1-2/8831476946.jpg;https://ir.ozone.ru/s3/multimedia-1-2/8831476946.jpg;https://ir.ozone.ru/s3/multimedia-1-3/7957515675.jpg;https://ir.ozone.ru/s3/multimedia-1-l/10169177421.jpg;https://ir.ozone.ru/s3/multimedia-1-v/11217762355.jpg;https://ir.ozone.ru/s3/multimedia-1-y/7957515634.jpg;https://ir.ozone.ru/s3/multimedia-1-3/7957515675.jpg;https://ir.ozone.ru/s3/multimedia-1-2/8831476946.jpg;https://ir.ozone.ru/s3/multimedia-1-3/7957515675.jpg;https://ir.ozone.ru/s3/multimedia-1-l/10169177421.jpg,1587₽,2,3744₽,8,14,40,3,90%,9.4%,1562 g,19.8 L
811,#чехолдляnissanterrano,"汽车罩
Чехол на автомобиль",https://ir.ozone.ru/s3/multimedia-1-u/9488603370.jpg,2703₽,2,5512₽,1,1,3,5,100%,0%,2200 g,15.8 L
812,#тентвсесезонный,"汽车罩
Чехол на автомобиль",https://ir.ozone.ru/s3/multimedia-1-u/9488603370.jpg;https://ir.ozone.ru/s3/multimedia-1-m/10477438654.jpg,3756₽,2,5161₽,2,2,68,4.8,100%,0%,1350 g,22.9 L
813,#чехолзимнеготипа,"汽车罩
Чехол на автомобиль",https://ir.ozone.ru/s3/multimedia-1-u/9488603370.jpg,2703₽,2,5512₽,1,1,3,5,100%,0%,2200 g,15.8 L
814,#Lada4x4внедорожников,"汽车罩
Чехол на автомобиль",https://ir.ozone.ru/s3/multimedia-1-e/8651821874.jpg;https://ir.ozone.ru/s3/multimedia-1-w/8683565900.jpg;https://ir.ozone.ru/s3/multimedia-1-y/8951378146.jpg;https://ir.ozone.ru/s3/multimedia-1-6/8951378730.jpg;https://ir.ozone.ru/s3/multimedia-1-u/10112950794.jpg;https://ir.ozone.ru/s3/multimedia-1-6/10113297738.jpg,2960₽,2,5088₽,3,6,15,4.9,100%,10%,1550 g,6.3 L
815,#ЧехолДляНивы,"汽车罩
Чехол на автомобиль",https://ir.ozone.ru/s3/multimedia-1-y/8951378146.jpg;https://ir.ozone.ru/s3/multimedia-1-h/9412518941.jpg,1900₽,2,3530₽,2,2,0,2.5,100%,25%,825 g,2.9 L
816,#ЧехолLada4x4,"汽车罩
Чехол на автомобиль",https://ir.ozone.ru/s3/multimedia-1-y/8951378146.jpg,3094₽,2,6188₽,1,1,1,5,100%,50%,1550 g,5.6 L
817,#Автомобильный_чехол,"汽车罩
Чехол на автомобиль",https://ir.ozone.ru/s3/multimedia-1-5/9329156213.jpg;https://ir.ozone.ru/s3/multimedia-1-i/11016204750.jpg;https://ir.ozone.ru/s3/multimedia-1-i/9813590370.jpg;https://ir.ozone.ru/s3/multimedia-1-g/10193730352.jpg;https://ir.ozone.ru/s3/multimedia-1-n/11217258095.jpg;https://ir.ozone.ru/s3/multimedia-1-m/8350147606.jpg;https://ir.ozone.ru/s3/multimedia-1-y/8984818690.jpg;https://ir.ozone.ru/s3/multimedia-1-i/8315055198.jpg;https://ir.ozone.ru/s3/multimedia-1-b/11206218287.jpg;https://ir.ozone.ru/s3/multimedia-1-t/9286444577.jpg,4921₽,2,7156₽,31,168,8,3.3,27%,11.6%,2528 g,21.3 L
818,#тент_на_CheryTiggo8ProMax,"汽车罩
Чехол на автомобиль",https://ir.ozone.ru/s3/multimedia-1-i/7865456634.jpg,4620₽,2,9342₽,1,1,3,5,100%,0%,2700 g,24.7 L
819,#тент_на_ЧериТигго8ПроМакс,"汽车罩
Чехол на автомобиль",https://ir.ozone.ru/s3/multimedia-1-i/7865456634.jpg,4620₽,2,9342₽,1,1,3,5,100%,0%,2700 g,24.7 L
820,#тентдляsuv,"汽车罩
Чехол на автомобиль",https://ir.ozone.ru/s3/multimedia-1-8/9693464984.jpg,4977₽,2,10292₽,1,1,4,5,100%,0%,2200 g,24 L
821,#тентнаавтокроссовер,"汽车罩
Чехол на автомобиль",https://ir.ozone.ru/s3/multimedia-1-8/9693464984.jpg;https://ir.ozone.ru/s3/multimedia-1-8/9693464984.jpg;https://ir.ozone.ru/s3/multimedia-1-8/9693464984.jpg;https://ir.ozone.ru/s3/multimedia-1-8/9693464984.jpg;https://ir.ozone.ru/s3/multimedia-1-f/9693474099.jpg,5542₽,2,7862₽,1,5,4,5,100%,0%,3200 g,19.7 L
822,#Джили_Тугелла_2024,"汽车罩
Чехол на автомобиль",https://ir.ozone.ru/s3/multimedia-1-i/8353791522.jpg,4730₽,2,9572₽,1,1,1,5,100%,0%,4100 g,18.8 L
823,#для_Джили_Тугелла,"汽车罩
Чехол на автомобиль",https://ir.ozone.ru/s3/multimedia-1-i/8353791522.jpg,4730₽,2,9572₽,1,1,1,5,100%,0%,4100 g,18.8 L
824,#Джили_Тугелла_чехол,"汽车罩
Чехол на автомобиль",https://ir.ozone.ru/s3/multimedia-1-i/8353791522.jpg,4730₽,2,9572₽,1,1,1,5,100%,0%,4100 g,18.8 L
825,#Джили_Тугелла_Защитный_чехол,"汽车罩
Чехол на автомобиль",https://ir.ozone.ru/s3/multimedia-1-i/8353791522.jpg,4730₽,2,9572₽,1,1,1,5,100%,0%,4100 g,18.8 L
826,#Джили_Тугелла_деталь,"汽车罩
Чехол на автомобиль",https://ir.ozone.ru/s3/multimedia-1-i/8353791522.jpg,4730₽,2,9572₽,1,1,1,5,100%,0%,4100 g,18.8 L
827,#Джили_Тугелла_защита,"汽车罩
Чехол на автомобиль",https://ir.ozone.ru/s3/multimedia-1-i/8353791522.jpg,4730₽,2,9572₽,1,1,1,5,100%,0%,4100 g,18.8 L
828,#УФзащита_для_авто,"汽车罩
Чехол на автомобиль",https://ir.ozone.ru/s3/multimedia-1-q/12376928078.jpg;https://ir.ozone.ru/s3/multimedia-1-7/9890223739.jpg;https://ir.ozone.ru/s3/multimedia-1-6/11138974494.jpg;https://ir.ozone.ru/s3/multimedia-1-m/11159740462.jpg,2663₽,2,5097₽,4,4,2,1.2,100%,0%,2314 g,33.3 L
829,#Защитный_чехол_для_авто,"汽车罩
Чехол на автомобиль",https://ir.ozone.ru/s3/multimedia-1-o/9192719112.jpg;https://ir.ozone.ru/s3/multimedia-1-z/12392052911.jpg;https://ir.ozone.ru/s3/multimedia-1-p/8629645345.jpg,1076₽,2,1667₽,3,3,3,5,100%,16.7%,1150 g,6.2 L
830,#Утолщитепокрытиеавтомобиля,"汽车罩
Чехол на автомобиль",https://ir.ozone.ru/s3/multimedia-1-4/9495912748.jpg;https://ir.ozone.ru/s3/multimedia-1-v/9148869463.jpg;https://ir.ozone.ru/s3/multimedia-1-n/9148870031.jpg;https://ir.ozone.ru/s3/multimedia-1-q/9149126102.jpg;https://ir.ozone.ru/s3/multimedia-1-t/9149126681.jpg;https://ir.ozone.ru/s3/multimedia-1-k/9149127860.jpg;https://ir.ozone.ru/s3/multimedia-1-8/9149126300.jpg;https://ir.ozone.ru/s3/multimedia-1-v/9148974259.jpg;https://ir.ozone.ru/s3/multimedia-1-6/9148974810.jpg;https://ir.ozone.ru/s3/multimedia-1-2/9149127338.jpg,5107₽,2,8768₽,4,25,36,4.4,65%,1.6%,4676 g,45.4 L
831,#Предотвращениеграда,"汽车罩
Чехол на автомобиль",https://ir.ozone.ru/s3/multimedia-1-n/9148870031.jpg;https://ir.ozone.ru/s3/multimedia-1-q/9149126102.jpg;https://ir.ozone.ru/s3/multimedia-1-y/9148869430.jpg;https://ir.ozone.ru/s3/multimedia-1-2/9149127338.jpg;https://ir.ozone.ru/s3/multimedia-1-0/9148973904.jpg;https://ir.ozone.ru/s3/multimedia-1-v/9148974259.jpg;https://ir.ozone.ru/s3/multimedia-1-f/9149127963.jpg;https://ir.ozone.ru/s3/multimedia-1-8/9149126300.jpg,5152₽,2,9013₽,1,8,31,4.5,100%,0%,4800 g,55.2 L
832,#Тентдлякроссоверов,"汽车罩
Чехол на автомобиль",https://ir.ozone.ru/s3/multimedia-1-n/9148870031.jpg;https://ir.ozone.ru/s3/multimedia-1-q/9149126102.jpg;https://ir.ozone.ru/s3/multimedia-1-y/9148869430.jpg;https://ir.ozone.ru/s3/multimedia-1-2/9149127338.jpg;https://ir.ozone.ru/s3/multimedia-1-0/9148973904.jpg;https://ir.ozone.ru/s3/multimedia-1-v/9148974259.jpg;https://ir.ozone.ru/s3/multimedia-1-f/9149127963.jpg;https://ir.ozone.ru/s3/multimedia-1-8/9149126300.jpg,5152₽,2,9013₽,1,8,31,4.5,100%,0%,4800 g,55.2 L
833,#Защитныйчехолдляавтомобиляsuv,"汽车罩
Чехол на автомобиль",https://ir.ozone.ru/s3/multimedia-1-n/9148870031.jpg;https://ir.ozone.ru/s3/multimedia-1-q/9149126102.jpg;https://ir.ozone.ru/s3/multimedia-1-y/9148869430.jpg;https://ir.ozone.ru/s3/multimedia-1-2/9149127338.jpg;https://ir.ozone.ru/s3/multimedia-1-0/9148973904.jpg;https://ir.ozone.ru/s3/multimedia-1-v/9148974259.jpg;https://ir.ozone.ru/s3/multimedia-1-f/9149127963.jpg;https://ir.ozone.ru/s3/multimedia-1-8/9149126300.jpg,5152₽,2,9013₽,1,8,31,4.5,100%,0%,4800 g,55.2 L
834,#Переноснойавтомобильныйчехол,"汽车罩
Чехол на автомобиль",https://ir.ozone.ru/s3/multimedia-1-n/9148870031.jpg;https://ir.ozone.ru/s3/multimedia-1-q/9149126102.jpg;https://ir.ozone.ru/s3/multimedia-1-2/9149127338.jpg;https://ir.ozone.ru/s3/multimedia-1-y/9148869430.jpg;https://ir.ozone.ru/s3/multimedia-1-0/9148973904.jpg;https://ir.ozone.ru/s3/multimedia-1-v/9148974259.jpg;https://ir.ozone.ru/s3/multimedia-1-f/9149127963.jpg;https://ir.ozone.ru/s3/multimedia-1-8/9149126300.jpg,5152₽,2,9013₽,1,8,31,4.5,100%,0%,4800 g,55.2 L
835,#Зимнийавтомобильныйчехол,"汽车罩
Чехол на автомобиль",https://ir.ozone.ru/s3/multimedia-1-4/9495912748.jpg;https://ir.ozone.ru/s3/multimedia-1-v/9148869463.jpg;https://ir.ozone.ru/s3/multimedia-1-n/9148870031.jpg;https://ir.ozone.ru/s3/multimedia-1-q/9149126102.jpg;https://ir.ozone.ru/s3/multimedia-1-k/9149127860.jpg;https://ir.ozone.ru/s3/multimedia-1-t/9149126681.jpg;https://ir.ozone.ru/s3/multimedia-1-6/9148974810.jpg;https://ir.ozone.ru/s3/multimedia-1-8/9149126300.jpg;https://ir.ozone.ru/s3/multimedia-1-v/9148974259.jpg;https://ir.ozone.ru/s3/multimedia-1-y/9148869430.jpg,5107₽,2,8768₽,4,25,36,4.4,65%,1.6%,4676 g,45.4 L
836,#Крышкаотантифриза,"汽车罩
Чехол на автомобиль",https://ir.ozone.ru/s3/multimedia-1-4/9495912748.jpg;https://ir.ozone.ru/s3/multimedia-1-v/9148869463.jpg;https://ir.ozone.ru/s3/multimedia-1-n/9148870031.jpg;https://ir.ozone.ru/s3/multimedia-1-q/9149126102.jpg;https://ir.ozone.ru/s3/multimedia-1-k/9149127860.jpg;https://ir.ozone.ru/s3/multimedia-1-t/9149126681.jpg;https://ir.ozone.ru/s3/multimedia-1-6/9148974810.jpg;https://ir.ozone.ru/s3/multimedia-1-8/9149126300.jpg;https://ir.ozone.ru/s3/multimedia-1-v/9148974259.jpg;https://ir.ozone.ru/s3/multimedia-1-y/9148869430.jpg,5107₽,2,8768₽,4,25,36,4.4,65%,1.6%,4676 g,45.4 L
837,#Водонепроницаемое_покрывало,"汽车罩
Чехол на автомобиль",https://ir.ozone.ru/s3/multimedia-1-1/10332321661.jpg;https://ir.ozone.ru/s3/multimedia-1-q/12376928078.jpg;https://ir.ozone.ru/s3/multimedia-1-7/9890223739.jpg;https://ir.ozone.ru/s3/multimedia-1-6/11138974494.jpg;https://ir.ozone.ru/s3/multimedia-1-3/9770873619.jpg;https://ir.ozone.ru/s3/multimedia-1-m/10820810434.jpg;https://ir.ozone.ru/s3/multimedia-1-m/11159740462.jpg;https://ir.ozone.ru/s3/multimedia-1-k/10056016676.jpg;https://ir.ozone.ru/s3/multimedia-1-1/7799605345.jpg;https://ir.ozone.ru/s3/multimedia-1-j/11818847611.jpg,1307₽,2,2372₽,15,18,1,2.5,90%,18.2%,862 g,10.8 L
838,#тент_на_бычок,"汽车罩
Чехол на автомобиль",https://ir.ozone.ru/s3/multimedia-k/6657133160.jpg,14051₽,2,29156₽,1,1,21,5,100%,,15000 g,87.5 L
839,#тент_на_зил_5301,"汽车罩
Чехол на автомобиль",https://ir.ozone.ru/s3/multimedia-k/6657133160.jpg,14051₽,2,29156₽,1,1,21,5,100%,,15000 g,87.5 L
840,#тент_на_зил,"汽车罩
Чехол на автомобиль",https://ir.ozone.ru/s3/multimedia-k/6657133160.jpg,14051₽,2,29156₽,1,1,21,5,100%,,15000 g,87.5 L
841,#зимний_тент_на_машину,"汽车罩
Чехол на автомобиль",https://ir.ozone.ru/s3/multimedia-1-e/8137550390.jpg;https://ir.ozone.ru/s3/multimedia-1-b/8869004543.jpg,9385₽,2,12481₽,2,2,58,4.9,100%,0%,10400 g,131.9 L
842,#щит_для_авто,"汽车罩
Чехол на автомобиль",https://ir.ozone.ru/s3/multimedia-1-e/8137550390.jpg;https://ir.ozone.ru/s3/multimedia-1-b/8869004543.jpg,9385₽,2,12481₽,2,2,58,4.9,100%,0%,10400 g,131.9 L
843,#Чехол_акидка_от_солнца,"汽车罩
Чехол на автомобиль",https://ir.ozone.ru/s3/multimedia-1-o/8566155888.jpg;https://ir.ozone.ru/s3/multimedia-1-v/8565959155.jpg;https://ir.ozone.ru/s3/multimedia-1-x/7953774405.jpg;https://ir.ozone.ru/s3/multimedia-1-s/7949560384.jpg;https://ir.ozone.ru/s3/multimedia-1-x/8462891517.jpg;https://ir.ozone.ru/s3/multimedia-1-a/8566172794.jpg,3472₽,2,4811₽,3,6,2,3.6,100%,0%,9000 g,62 L
844,#Чанган_ЮНИ_Ти_деталь,"汽车罩
Чехол на автомобиль",https://ir.ozone.ru/s3/multimedia-1-x/8462891517.jpg,2023₽,2,4296₽,1,1,4,4.2,100%,0%,9000 g,64 L
845,#для_Чанган_ЮНИ_Ти,"汽车罩
Чехол на автомобиль",https://ir.ozone.ru/s3/multimedia-1-x/8462891517.jpg,2023₽,2,4296₽,1,1,4,4.2,100%,0%,9000 g,64 L
846,#Чанган_ЮНИ_Ти,"汽车罩
Чехол на автомобиль",https://ir.ozone.ru/s3/multimedia-1-x/8462891517.jpg,2023₽,2,4296₽,1,1,4,4.2,100%,0%,9000 g,64 L
847,#Чанган_ЮНИ_Ти_чехол,"汽车罩
Чехол на автомобиль",https://ir.ozone.ru/s3/multimedia-1-x/8462891517.jpg,2023₽,2,4296₽,1,1,4,4.2,100%,0%,9000 g,64 L
848,#Укрытие_для_лобового,"汽车罩
Чехол на автомобиль",https://ir.ozone.ru/s3/multimedia-1-e/9827168378.jpg,433₽,2,884₽,1,1,0,0,100%,0%,360 g,8.6 L
849,#Чехол_на_стекло_авто,"汽车罩
Чехол на автомобиль",https://ir.ozone.ru/s3/multimedia-1-e/9827168378.jpg,433₽,2,884₽,1,1,0,0,100%,0%,360 g,8.6 L
850,#Чехол_от_снега_и_льда,"汽车罩
Чехол на автомобиль",https://ir.ozone.ru/s3/multimedia-1-e/9827168378.jpg,433₽,2,884₽,1,1,0,0,100%,0%,360 g,8.6 L
851,#ChanganUniS,"汽车罩
Чехол на автомобиль",https://ir.ozone.ru/s3/multimedia-1-s/8184893212.jpg;https://ir.ozone.ru/s3/multimedia-1-k/8581070252.jpg,5224₽,2,7722₽,2,2,2,4,100%,0%,2475 g,8.4 L
852,#гаражныйчехол,"汽车罩
Чехол на автомобиль",https://ir.ozone.ru/s3/multimedia-1-c/10495049484.jpg;https://ir.ozone.ru/s3/multimedia-1-q/10477896794.jpg,2515₽,2,2635₽,1,2,134,2.3,100%,0%,500 g,30 L
853,#зимний_автомобильный_чехол,"汽车罩
Чехол на автомобиль",https://ir.ozone.ru/s3/multimedia-1-f/10901903811.jpg,2359₽,2,4724₽,1,1,0,0,100%,100%,2500 g,7.2 L
854,#чехолдляchery,"汽车罩
Чехол на автомобиль",https://ir.ozone.ru/s3/multimedia-1-2/10477439570.jpg;https://ir.ozone.ru/s3/multimedia-1-5/8246146037.jpg,2860₽,2,5531₽,2,2,68,4.8,100%,0%,285 g,15.2 L
855,#одноразовыйчехолдлямашины,"汽车罩
Чехол на автомобиль",https://ir.ozone.ru/s3/multimedia-1-r/10064628531.jpg;https://ir.ozone.ru/s3/multimedia-1-c/10064629092.jpg,290₽,2,485₽,1,2,0,0,100%,0%,100 g,6.4 L
856,#зимний_чехол_на_автомобиль,"汽车罩
Чехол на автомобиль",https://ir.ozone.ru/s3/multimedia-1-5/9329156213.jpg;https://ir.ozone.ru/s3/multimedia-1-i/11016204750.jpg;https://ir.ozone.ru/s3/multimedia-1-i/9813590370.jpg;https://ir.ozone.ru/s3/multimedia-1-g/10193730352.jpg;https://ir.ozone.ru/s3/multimedia-1-n/11217258095.jpg;https://ir.ozone.ru/s3/multimedia-1-m/8350147606.jpg;https://ir.ozone.ru/s3/multimedia-1-e/8137550390.jpg;https://ir.ozone.ru/s3/multimedia-1-y/8984818690.jpg;https://ir.ozone.ru/s3/multimedia-1-i/8315055198.jpg;https://ir.ozone.ru/s3/multimedia-1-b/11206218287.jpg,5082₽,2,7202₽,32,175,8,3.1,27%,11.9%,2670 g,23 L
857,#тёплый_гараж_зимний,"汽车罩
Чехол на автомобиль",https://ir.ozone.ru/s3/multimedia-1-5/9329156213.jpg;https://ir.ozone.ru/s3/multimedia-1-i/11016204750.jpg;https://ir.ozone.ru/s3/multimedia-1-i/9813590370.jpg;https://ir.ozone.ru/s3/multimedia-1-g/10193730352.jpg;https://ir.ozone.ru/s3/multimedia-1-n/11217258095.jpg;https://ir.ozone.ru/s3/multimedia-1-m/8350147606.jpg;https://ir.ozone.ru/s3/multimedia-1-y/8984818690.jpg;https://ir.ozone.ru/s3/multimedia-1-i/8315055198.jpg;https://ir.ozone.ru/s3/multimedia-1-b/11206218287.jpg;https://ir.ozone.ru/s3/multimedia-1-t/9286444577.jpg,4963₽,2,7074₽,26,167,7,3.2,27%,11.9%,2542 g,21.4 L
858,#Автомобильный_тент,"汽车罩
Чехол на автомобиль",https://ir.ozone.ru/s3/multimedia-1-5/9329156213.jpg;https://ir.ozone.ru/s3/multimedia-1-i/11016204750.jpg;https://ir.ozone.ru/s3/multimedia-1-i/9813590370.jpg;https://ir.ozone.ru/s3/multimedia-1-g/10193730352.jpg;https://ir.ozone.ru/s3/multimedia-1-n/11217258095.jpg;https://ir.ozone.ru/s3/multimedia-1-m/8350147606.jpg;https://ir.ozone.ru/s3/multimedia-1-y/8984818690.jpg;https://ir.ozone.ru/s3/multimedia-1-i/8315055198.jpg;https://ir.ozone.ru/s3/multimedia-1-b/11206218287.jpg;https://ir.ozone.ru/s3/multimedia-1-t/9286444577.jpg,4957₽,2,7031₽,25,161,9,3.3,28%,11%,2548 g,21.4 L
859,#тентыдляавто,"汽车罩
Чехол на автомобиль",https://ir.ozone.ru/s3/multimedia-1-6/11102926614.jpg;https://ir.ozone.ru/s3/multimedia-o/6895713876.jpg;https://ir.ozone.ru/s3/multimedia-o/6895713876.jpg;https://ir.ozone.ru/s3/multimedia-q/6895713878.jpg;https://ir.ozone.ru/s3/multimedia-q/6895713878.jpg,3556₽,2,4454₽,2,5,0,1.6,100%,0%,1477 g,17.8 L
860,#Чехлы_и_тенты_автомобильные,"汽车罩
Чехол на автомобиль",https://ir.ozone.ru/s3/multimedia-1-5/9329156213.jpg;https://ir.ozone.ru/s3/multimedia-1-i/11016204750.jpg;https://ir.ozone.ru/s3/multimedia-1-i/9813590370.jpg;https://ir.ozone.ru/s3/multimedia-1-g/10193730352.jpg;https://ir.ozone.ru/s3/multimedia-1-n/11217258095.jpg;https://ir.ozone.ru/s3/multimedia-1-z/10360424699.jpg;https://ir.ozone.ru/s3/multimedia-1-d/9806504089.jpg;https://ir.ozone.ru/s3/multimedia-1-m/8350147606.jpg;https://ir.ozone.ru/s3/multimedia-1-i/8315055198.jpg;https://ir.ozone.ru/s3/multimedia-1-b/11206218287.jpg,3997₽,2,6714₽,46,219,7,3.9,29%,19.8%,1967 g,17.6 L
861,#Тенты_для_автомобиля,"汽车罩
Чехол на автомобиль",https://ir.ozone.ru/s3/multimedia-1-5/9329156213.jpg;https://ir.ozone.ru/s3/multimedia-1-i/11016204750.jpg;https://ir.ozone.ru/s3/multimedia-1-i/9813590370.jpg;https://ir.ozone.ru/s3/multimedia-1-g/10193730352.jpg;https://ir.ozone.ru/s3/multimedia-1-n/11217258095.jpg;https://ir.ozone.ru/s3/multimedia-1-z/10360424699.jpg;https://ir.ozone.ru/s3/multimedia-1-d/9806504089.jpg;https://ir.ozone.ru/s3/multimedia-1-i/8315055198.jpg;https://ir.ozone.ru/s3/multimedia-1-b/11206218287.jpg;https://ir.ozone.ru/s3/multimedia-1-t/9286444577.jpg,3961₽,2,6604₽,46,219,7,3.9,30%,20.3%,1942 g,17.5 L
862,#Товары_для_авто_и_мототехники,"汽车罩
Чехол на автомобиль",https://ir.ozone.ru/s3/multimedia-1-5/9329156213.jpg;https://ir.ozone.ru/s3/multimedia-1-i/11016204750.jpg;https://ir.ozone.ru/s3/multimedia-1-i/9813590370.jpg;https://ir.ozone.ru/s3/multimedia-1-g/10193730352.jpg;https://ir.ozone.ru/s3/multimedia-1-n/11217258095.jpg;https://ir.ozone.ru/s3/multimedia-1-z/10360424699.jpg;https://ir.ozone.ru/s3/multimedia-1-d/9806504089.jpg;https://ir.ozone.ru/s3/multimedia-1-i/8315055198.jpg;https://ir.ozone.ru/s3/multimedia-1-b/11206218287.jpg;https://ir.ozone.ru/s3/multimedia-1-t/9286444577.jpg,3960₽,2,6604₽,47,220,7,3.9,30%,20%,1942 g,17.5 L
863,#Автомобильные_тенты,"汽车罩
Чехол на автомобиль",https://ir.ozone.ru/s3/multimedia-1-5/9329156213.jpg;https://ir.ozone.ru/s3/multimedia-1-i/11016204750.jpg;https://ir.ozone.ru/s3/multimedia-1-i/9813590370.jpg;https://ir.ozone.ru/s3/multimedia-1-g/10193730352.jpg;https://ir.ozone.ru/s3/multimedia-1-n/11217258095.jpg;https://ir.ozone.ru/s3/multimedia-1-z/10360424699.jpg;https://ir.ozone.ru/s3/multimedia-1-d/9806504089.jpg;https://ir.ozone.ru/s3/multimedia-1-i/8315055198.jpg;https://ir.ozone.ru/s3/multimedia-1-b/11206218287.jpg;https://ir.ozone.ru/s3/multimedia-1-6/9239388738.jpg,3823₽,2,6392₽,47,216,7,3.9,31%,20.6%,1827 g,16.9 L
864,#чехол_для_лада_гранта,"汽车罩
Чехол на автомобиль",https://ir.ozone.ru/s3/multimedia-1-y/11311656586.jpg,2526₽,2,5058₽,1,1,0,0,100%,100%,,
865,#крепление_под_днище,"汽车罩
Чехол на автомобиль",https://ir.ozone.ru/s3/multimedia-1-r/10959675723.jpg,2313₽,2,4630₽,1,1,0,0,100%,,2200 g,11.3 L
866,#карманы_для_зеркал,"汽车罩
Чехол на автомобиль",https://ir.ozone.ru/s3/multimedia-1-r/10959675723.jpg,2313₽,2,4630₽,1,1,0,0,100%,,2200 g,11.3 L
867,#Автоматическаянакидканамашину,"汽车罩
Чехол на автомобиль",https://ir.ozone.ru/s3/multimedia-1-6/12194529594.jpg,13478₽,2,27486₽,1,1,0,0,100%,0%,7000 g,48.5 L
868,#Автоматическийавточехол,"汽车罩
Чехол на автомобиль",https://ir.ozone.ru/s3/multimedia-1-6/12194529594.jpg,13478₽,2,27486₽,1,1,0,0,100%,0%,7000 g,48.5 L
869,#Чехолдлякузоваавтомобиля,"汽车罩
Чехол на автомобиль",https://ir.ozone.ru/s3/multimedia-1-6/12194529594.jpg,13478₽,2,27486₽,1,1,0,0,100%,0%,7000 g,48.5 L
870,#чехолдляhyundai,"汽车罩
Чехол на автомобиль",https://ir.ozone.ru/s3/multimedia-1-2/10477439570.jpg;https://ir.ozone.ru/s3/multimedia-1-y/8450092942.jpg,2832₽,2,5503₽,2,2,68,4.8,100%,0%,286 g,15.3 L
871,#хранение_авто_на_улице,"汽车罩
Чехол на автомобиль",https://ir.ozone.ru/s3/multimedia-1-m/8990768758.jpg;https://ir.ozone.ru/s3/multimedia-1-m/8990768758.jpg,352₽,2,536₽,1,2,2,5,100%,0%,250 g,15 L
872,#Подарок_на_День_Победы_мужу,"汽车罩
Чехол на автомобиль",https://ir.ozone.ru/s3/multimedia-1-h/8376336449.jpg,5678₽,2,11444₽,1,1,9,4.9,100%,0%,6000 g,60 L
873,#Портативный_гараж_для_авто,"汽车罩
Чехол на автомобиль",https://ir.ozone.ru/s3/multimedia-1-h/8376336449.jpg,5678₽,2,11444₽,1,1,9,4.9,100%,0%,6000 g,60 L
874,#Серебристый_чехол_авто,"汽车罩
Чехол на автомобиль",https://ir.ozone.ru/s3/multimedia-1-h/8376336449.jpg,5678₽,2,11444₽,1,1,9,4.9,100%,0%,6000 g,60 L
875,#Чехол_от_градa_и_ветра,"汽车罩
Чехол на автомобиль",https://ir.ozone.ru/s3/multimedia-1-h/8376336449.jpg,5678₽,2,11444₽,1,1,9,4.9,100%,0%,6000 g,60 L
876,#Чехол_авто_без_гаража,"汽车罩
Чехол на автомобиль",https://ir.ozone.ru/s3/multimedia-1-h/8376336449.jpg,5678₽,2,11444₽,1,1,9,4.9,100%,0%,6000 g,60 L
877,#Тент_на_Газель_зимний,"汽车罩
Чехол на автомобиль",https://ir.ozone.ru/s3/multimedia-1-h/8376336449.jpg,5678₽,2,11444₽,1,1,9,4.9,100%,0%,6000 g,60 L
878,#Зимний_чехол_с_утеплением,"汽车罩
Чехол на автомобиль",https://ir.ozone.ru/s3/multimedia-1-h/8376336449.jpg,5678₽,2,11444₽,1,1,9,4.9,100%,0%,6000 g,60 L
879,#Подарок_на_Новый_Год_авто,"汽车罩
Чехол на автомобиль",https://ir.ozone.ru/s3/multimedia-1-h/8376336449.jpg,5678₽,2,11444₽,1,1,9,4.9,100%,0%,6000 g,60 L
880,#Чехол_гараж_для_авто,"汽车罩
Чехол на автомобиль",https://ir.ozone.ru/s3/multimedia-1-h/8376336449.jpg,5678₽,2,11444₽,1,1,9,4.9,100%,0%,6000 g,60 L
881,#Чехол_авто_полная_обшивка,"汽车罩
Чехол на автомобиль",https://ir.ozone.ru/s3/multimedia-1-h/8376336449.jpg,5678₽,2,11444₽,1,1,9,4.9,100%,0%,6000 g,60 L
882,#Оксфорд_чехол_автомобильный,"汽车罩
Чехол на автомобиль",https://ir.ozone.ru/s3/multimedia-1-h/8376336449.jpg,5678₽,2,11444₽,1,1,9,4.9,100%,0%,6000 g,60 L
883,#Укрепленная_ткань_чехол_авто,"汽车罩
Чехол на автомобиль",https://ir.ozone.ru/s3/multimedia-1-h/8376336449.jpg,5678₽,2,11444₽,1,1,9,4.9,100%,0%,6000 g,60 L
884,#Чехол_для_внедорожников,"汽车罩
Чехол на автомобиль",https://ir.ozone.ru/s3/multimedia-1-h/8376336449.jpg,5678₽,2,11444₽,1,1,9,4.9,100%,0%,6000 g,60 L
885,#Защита_машины_в_снегу,"汽车罩
Чехол на автомобиль",https://ir.ozone.ru/s3/multimedia-1-h/8376336449.jpg,5678₽,2,11444₽,1,1,9,4.9,100%,0%,6000 g,60 L
886,#Долговечный_чехол_для_машины,"汽车罩
Чехол на автомобиль",https://ir.ozone.ru/s3/multimedia-1-h/8376336449.jpg,5678₽,2,11444₽,1,1,9,4.9,100%,0%,6000 g,60 L
887,#Защита_кузова_от_низких_темп,"汽车罩
Чехол на автомобиль",https://ir.ozone.ru/s3/multimedia-1-h/8376336449.jpg,5678₽,2,11444₽,1,1,9,4.9,100%,0%,6000 g,60 L
888,#Премиум_чехол_автомобильный,"汽车罩
Чехол на автомобиль",https://ir.ozone.ru/s3/multimedia-1-h/8376336449.jpg,5678₽,2,11444₽,1,1,9,4.9,100%,0%,6000 g,60 L
889,#чехол_от_града,"汽车罩
Чехол на автомобиль",https://ir.ozone.ru/s3/multimedia-1-g/7965750544.jpg;https://ir.ozone.ru/s3/multimedia-1-6/10781942730.jpg,4008₽,2,9066₽,2,2,17,4.9,100%,0%,4050 g,19.2 L
890,#Защититекрышкуавтомобиля,"汽车罩
Чехол на автомобиль",https://ir.ozone.ru/s3/multimedia-1-4/9495912748.jpg;https://ir.ozone.ru/s3/multimedia-1-v/9148869463.jpg;https://ir.ozone.ru/s3/multimedia-1-k/9149127860.jpg;https://ir.ozone.ru/s3/multimedia-1-t/9149126681.jpg;https://ir.ozone.ru/s3/multimedia-1-6/9148974810.jpg;https://ir.ozone.ru/s3/multimedia-1-8/9149126300.jpg;https://ir.ozone.ru/s3/multimedia-1-v/9148974259.jpg;https://ir.ozone.ru/s3/multimedia-1-r/9148974435.jpg;https://ir.ozone.ru/s3/multimedia-1-2/9149127338.jpg;https://ir.ozone.ru/s3/multimedia-1-n/9148870031.jpg,5086₽,2,8654₽,4,17,39,4.4,76%,2.6%,4618 g,40.7 L
891,#Портативныйавтомобильныйчехол,"汽车罩
Чехол на автомобиль",https://ir.ozone.ru/s3/multimedia-1-4/9495912748.jpg;https://ir.ozone.ru/s3/multimedia-1-v/9148869463.jpg;https://ir.ozone.ru/s3/multimedia-1-t/9149126681.jpg;https://ir.ozone.ru/s3/multimedia-1-k/9149127860.jpg;https://ir.ozone.ru/s3/multimedia-1-8/9149126300.jpg;https://ir.ozone.ru/s3/multimedia-1-v/9148974259.jpg;https://ir.ozone.ru/s3/multimedia-1-6/9148974810.jpg;https://ir.ozone.ru/s3/multimedia-1-2/9149127338.jpg;https://ir.ozone.ru/s3/multimedia-1-r/9148974435.jpg;https://ir.ozone.ru/s3/multimedia-1-n/9148870031.jpg,5086₽,2,8654₽,4,17,39,4.4,76%,2.6%,4618 g,40.7 L
892,#Трансграничнаяпалатка,"汽车罩
Чехол на автомобиль",https://ir.ozone.ru/s3/multimedia-1-4/9495912748.jpg;https://ir.ozone.ru/s3/multimedia-1-v/9148869463.jpg;https://ir.ozone.ru/s3/multimedia-1-k/9149127860.jpg;https://ir.ozone.ru/s3/multimedia-1-t/9149126681.jpg;https://ir.ozone.ru/s3/multimedia-1-6/9148974810.jpg;https://ir.ozone.ru/s3/multimedia-1-8/9149126300.jpg;https://ir.ozone.ru/s3/multimedia-1-v/9148974259.jpg;https://ir.ozone.ru/s3/multimedia-1-r/9148974435.jpg;https://ir.ozone.ru/s3/multimedia-1-2/9149127338.jpg;https://ir.ozone.ru/s3/multimedia-1-n/9148870031.jpg,5086₽,2,8654₽,4,17,39,4.4,76%,2.6%,4618 g,40.7 L
893,#Защищёнотсолнца,"汽车罩
Чехол на автомобиль",https://ir.ozone.ru/s3/multimedia-1-r/12723392295.jpg;https://ir.ozone.ru/s3/multimedia-1-b/12723437459.jpg;https://ir.ozone.ru/s3/multimedia-1-1/12723599197.jpg;https://ir.ozone.ru/s3/multimedia-1-6/12723487962.jpg,3219₽,2,6470₽,1,4,1,4,100%,25%,4120 g,36 L
894,#Пробакорпусамашины,"汽车罩
Чехол на автомобиль",https://ir.ozone.ru/s3/multimedia-1-r/12723392295.jpg;https://ir.ozone.ru/s3/multimedia-1-b/12723437459.jpg;https://ir.ozone.ru/s3/multimedia-1-1/12723599197.jpg;https://ir.ozone.ru/s3/multimedia-1-6/12723487962.jpg,3219₽,2,6470₽,1,4,1,4,100%,25%,4120 g,36 L
895,#Градчтобысогреться,"汽车罩
Чехол на автомобиль",https://ir.ozone.ru/s3/multimedia-1-r/12723392295.jpg;https://ir.ozone.ru/s3/multimedia-1-b/12723437459.jpg;https://ir.ozone.ru/s3/multimedia-1-1/12723599197.jpg;https://ir.ozone.ru/s3/multimedia-1-6/12723487962.jpg,3219₽,2,6470₽,1,4,1,4,100%,25%,4120 g,36 L
896,#не_царапает_краску,"汽车罩
Чехол на автомобиль",https://ir.ozone.ru/s3/multimedia-1-i/9872138682.jpg;https://ir.ozone.ru/s3/multimedia-1-7/9969847531.jpg;https://ir.ozone.ru/s3/multimedia-1-e/9925577618.jpg;https://ir.ozone.ru/s3/multimedia-1-a/9891496990.jpg;https://ir.ozone.ru/s3/multimedia-1-z/10058209091.jpg;https://ir.ozone.ru/s3/multimedia-1-s/9903447568.jpg;https://ir.ozone.ru/s3/multimedia-1-6/10062100878.jpg;https://ir.ozone.ru/s3/multimedia-1-3/9870052035.jpg;https://ir.ozone.ru/s3/multimedia-1-a/9871248862.jpg;https://ir.ozone.ru/s3/multimedia-1-b/10058286215.jpg,4291₽,2,6925₽,5,68,1,2.6,41%,6%,5282 g,48.6 L
897,#чехол_на_машин,"汽车罩
Чехол на автомобиль",https://ir.ozone.ru/s3/multimedia-1-6/9239388738.jpg;https://ir.ozone.ru/s3/multimedia-1-6/9239388738.jpg;https://ir.ozone.ru/s3/multimedia-1-f/10613695515.jpg;https://ir.ozone.ru/s3/multimedia-1-s/8674202476.jpg;https://ir.ozone.ru/s3/multimedia-1-8/8674207136.jpg;https://ir.ozone.ru/s3/multimedia-1-g/9685014568.jpg;https://ir.ozone.ru/s3/multimedia-1-r/9901720863.jpg;https://ir.ozone.ru/s3/multimedia-1-w/8674200644.jpg;https://ir.ozone.ru/s3/multimedia-1-f/9685124763.jpg;https://ir.ozone.ru/s3/multimedia-1-0/9880867476.jpg,3031₽,2,5077₽,7,10,5,2.5,100%,25%,2270 g,15.3 L
898,#Высокая_прочность_на_разрыв,"汽车罩
Чехол на автомобиль",https://ir.ozone.ru/s3/multimedia-1-o/9192719112.jpg;https://ir.ozone.ru/s3/multimedia-1-p/8629645345.jpg,819₽,2,1694₽,2,2,4,5,100%,16.7%,850 g,6.3 L
899,#Защитныйчехолдляавто,"汽车罩
Чехол на автомобиль",https://ir.ozone.ru/s3/multimedia-1-6/12194529594.jpg,13478₽,2,27486₽,1,1,0,0,100%,0%,7000 g,48.5 L
900,#чехолотдождяиснега,"汽车罩
Чехол на автомобиль",https://ir.ozone.ru/s3/multimedia-1-s/11296324180.jpg,2588₽,2,5244₽,1,1,0,0,100%,50%,2800 g,21.1 L
901,#тент_на_седан_хэтчбек,"汽车罩
Чехол на автомобиль",https://ir.ozone.ru/s3/multimedia-1-m/8990768758.jpg;https://ir.ozone.ru/s3/multimedia-1-m/8990768758.jpg,352₽,2,536₽,1,2,2,5,100%,0%,250 g,15 L
902,#защита_от_птиц_и_почек,"汽车罩
Чехол на автомобиль",https://ir.ozone.ru/s3/multimedia-1-m/8990768758.jpg;https://ir.ozone.ru/s3/multimedia-1-m/8990768758.jpg,352₽,2,536₽,1,2,2,5,100%,0%,250 g,15 L
903,#чехол_в_гараж_от_пыли,"汽车罩
Чехол на автомобиль",https://ir.ozone.ru/s3/multimedia-1-m/8990768758.jpg;https://ir.ozone.ru/s3/multimedia-1-m/8990768758.jpg,352₽,2,536₽,1,2,2,5,100%,0%,250 g,15 L
904,#компактный_чехол_для_машины,"汽车罩
Чехол на автомобиль",https://ir.ozone.ru/s3/multimedia-1-m/8990768758.jpg;https://ir.ozone.ru/s3/multimedia-1-m/8990768758.jpg,352₽,2,536₽,1,2,2,5,100%,0%,250 g,15 L
905,#чехол_с_резинкой_по_краю,"汽车罩
Чехол на автомобиль",https://ir.ozone.ru/s3/multimedia-1-m/8990768758.jpg;https://ir.ozone.ru/s3/multimedia-1-m/8990768758.jpg,352₽,2,536₽,1,2,2,5,100%,0%,250 g,15 L
906,#непромокаемый_тент_авто,"汽车罩
Чехол на автомобиль",https://ir.ozone.ru/s3/multimedia-1-m/8990768758.jpg;https://ir.ozone.ru/s3/multimedia-1-m/8990768758.jpg,352₽,2,536₽,1,2,2,5,100%,0%,250 g,15 L
907,#быстрое_укрытие_авто,"汽车罩
Чехол на автомобиль",https://ir.ozone.ru/s3/multimedia-1-m/8990768758.jpg;https://ir.ozone.ru/s3/multimedia-1-m/8990768758.jpg,352₽,2,536₽,1,2,2,5,100%,0%,250 g,15 L
908,#дешевый_чехол_на_машину,"汽车罩
Чехол на автомобиль",https://ir.ozone.ru/s3/multimedia-1-m/8990768758.jpg;https://ir.ozone.ru/s3/multimedia-1-m/8990768758.jpg,352₽,2,536₽,1,2,2,5,100%,0%,250 g,15 L
909,#для_предпродажной_подготовки,"汽车罩
Чехол на автомобиль",https://ir.ozone.ru/s3/multimedia-1-m/8990768758.jpg;https://ir.ozone.ru/s3/multimedia-1-m/8990768758.jpg,352₽,2,536₽,1,2,2,5,100%,0%,250 g,15 L
910,#для_чистоты_вашего_авто,"汽车罩
Чехол на автомобиль",https://ir.ozone.ru/s3/multimedia-1-m/8990768758.jpg;https://ir.ozone.ru/s3/multimedia-1-m/8990768758.jpg,352₽,2,536₽,1,2,2,5,100%,0%,250 g,15 L
911,#защита_стекол_и_фар,"汽车罩
Чехол на автомобиль",https://ir.ozone.ru/s3/multimedia-1-m/8990768758.jpg;https://ir.ozone.ru/s3/multimedia-1-m/8990768758.jpg,352₽,2,536₽,1,2,2,5,100%,0%,250 g,15 L
912,#экспресс_защита_автомобиля,"汽车罩
Чехол на автомобиль",https://ir.ozone.ru/s3/multimedia-1-m/8990768758.jpg;https://ir.ozone.ru/s3/multimedia-1-m/8990768758.jpg,352₽,2,536₽,1,2,2,5,100%,0%,250 g,15 L
913,#чехол_для_покраски_авто,"汽车罩
Чехол на автомобиль",https://ir.ozone.ru/s3/multimedia-1-m/8990768758.jpg;https://ir.ozone.ru/s3/multimedia-1-m/8990768758.jpg,352₽,2,536₽,1,2,2,5,100%,0%,250 g,15 L
914,#одноразовый_чехол_авто,"汽车罩
Чехол на автомобиль",https://ir.ozone.ru/s3/multimedia-1-m/8990768758.jpg;https://ir.ozone.ru/s3/multimedia-1-m/8990768758.jpg,352₽,2,536₽,1,2,2,5,100%,0%,250 g,15 L
915,#прозрачный_тент_на_машину,"汽车罩
Чехол на автомобиль",https://ir.ozone.ru/s3/multimedia-1-m/8990768758.jpg;https://ir.ozone.ru/s3/multimedia-1-m/8990768758.jpg,352₽,2,536₽,1,2,2,5,100%,0%,250 g,15 L
916,#полиэтиленовый_чехол_для_авто,"汽车罩
Чехол на автомобиль",https://ir.ozone.ru/s3/multimedia-1-m/8990768758.jpg;https://ir.ozone.ru/s3/multimedia-1-m/8990768758.jpg,352₽,2,536₽,1,2,2,5,100%,0%,250 g,15 L
917,#защита_кузова_от_пыли,"汽车罩
Чехол на автомобиль",https://ir.ozone.ru/s3/multimedia-1-m/8990768758.jpg;https://ir.ozone.ru/s3/multimedia-1-m/8990768758.jpg,352₽,2,536₽,1,2,2,5,100%,0%,250 g,15 L
918,#тент_для_ремонта_машины,"汽车罩
Чехол на автомобиль",https://ir.ozone.ru/s3/multimedia-1-m/8990768758.jpg;https://ir.ozone.ru/s3/multimedia-1-m/8990768758.jpg,352₽,2,536₽,1,2,2,5,100%,0%,250 g,15 L
919,#чехол_в_автосервис,"汽车罩
Чехол на автомобиль",https://ir.ozone.ru/s3/multimedia-1-m/8990768758.jpg;https://ir.ozone.ru/s3/multimedia-1-m/8990768758.jpg,352₽,2,536₽,1,2,2,5,100%,0%,250 g,15 L
920,#легкая_накидка_на_авто,"汽车罩
Чехол на автомобиль",https://ir.ozone.ru/s3/multimedia-1-m/8990768758.jpg;https://ir.ozone.ru/s3/multimedia-1-m/8990768758.jpg,352₽,2,536₽,1,2,2,5,100%,0%,250 g,15 L
921,#временный_чехол_для_хранения,"汽车罩
Чехол на автомобиль",https://ir.ozone.ru/s3/multimedia-1-m/8990768758.jpg;https://ir.ozone.ru/s3/multimedia-1-m/8990768758.jpg,352₽,2,536₽,1,2,2,5,100%,0%,250 g,15 L
922,#укрывной_материал_для_машины,"汽车罩
Чехол на автомобиль",https://ir.ozone.ru/s3/multimedia-1-m/8990768758.jpg;https://ir.ozone.ru/s3/multimedia-1-m/8990768758.jpg,352₽,2,536₽,1,2,2,5,100%,0%,250 g,15 L
923,#пылезащитный_чехол_на_авто,"汽车罩
Чехол на автомобиль",https://ir.ozone.ru/s3/multimedia-1-m/8990768758.jpg;https://ir.ozone.ru/s3/multimedia-1-m/8990768758.jpg,352₽,2,536₽,1,2,2,5,100%,0%,250 g,15 L
924,#для_малярных_работ_авто,"汽车罩
Чехол на автомобиль",https://ir.ozone.ru/s3/multimedia-1-m/8990768758.jpg;https://ir.ozone.ru/s3/multimedia-1-m/8990768758.jpg,352₽,2,536₽,1,2,2,5,100%,0%,250 g,15 L
925,#защита_от_краски_и_грязи,"汽车罩
Чехол на автомобиль",https://ir.ozone.ru/s3/multimedia-1-m/8990768758.jpg;https://ir.ozone.ru/s3/multimedia-1-m/8990768758.jpg,352₽,2,536₽,1,2,2,5,100%,0%,250 g,15 L
926,#чехолнаТенетТ4,"汽车罩
Чехол на автомобиль",https://ir.ozone.ru/s3/multimedia-1-f/8283255927.jpg,4619₽,2,9342₽,1,1,20,5,100%,0%,2700 g,28.4 L
927,#чехолнаTenetT4,"汽车罩
Чехол на автомобиль",https://ir.ozone.ru/s3/multimedia-1-f/8283255927.jpg,4619₽,2,9342₽,1,1,20,5,100%,0%,2700 g,28.4 L
928,#тент_от_града_для_автомобиля,"汽车罩
Чехол на автомобиль",https://ir.ozone.ru/s3/multimedia-1-v/9430820023.jpg;https://ir.ozone.ru/s3/multimedia-1-b/9254358047.jpg;https://ir.ozone.ru/s3/multimedia-1-f/9315135699.jpg;https://ir.ozone.ru/s3/multimedia-1-8/7992059732.jpg;https://ir.ozone.ru/s3/multimedia-1-9/9430719849.jpg;https://ir.ozone.ru/s3/multimedia-1-y/9261885058.jpg;https://ir.ozone.ru/s3/multimedia-1-i/9254342934.jpg;https://ir.ozone.ru/s3/multimedia-1-2/9410545550.jpg;https://ir.ozone.ru/s3/multimedia-1-v/9431027527.jpg;https://ir.ozone.ru/s3/multimedia-1-x/9694052061.jpg,15221₽,2,25840₽,4,26,150,4.2,63%,16.7%,4015 g,178 L
929,#ЧехолнаSUV,"汽车罩
Чехол на автомобиль",https://ir.ozone.ru/s3/multimedia-1-l/7209316461.jpg;https://ir.ozone.ru/s3/multimedia-1-l/7209316461.jpg;https://ir.ozone.ru/s3/multimedia-1-i/7250721786.jpg;https://ir.ozone.ru/s3/multimedia-1-i/7250721786.jpg;https://ir.ozone.ru/s3/multimedia-1-i/7250721786.jpg;https://ir.ozone.ru/s3/multimedia-1-i/7250721786.jpg,1780₽,2,3214₽,2,6,177,4.3,100%,25%,1133 g,21.3 L
930,#грубабыло,"汽车罩
Чехол на автомобиль",https://ir.ozone.ru/s3/multimedia-1-7/9029283307.jpg,2351₽,2,4592₽,1,1,0,0,100%,0%,2200 g,8 L
931,#накидкадлялобовогостекла,"汽车罩
Чехол на автомобиль",https://ir.ozone.ru/s3/multimedia-1-z/8630868887.jpg,489₽,2,986₽,1,1,5,5,100%,0%,300 g,12 L
932,#авточехолсветоотражающий,"汽车罩
Чехол на автомобиль",https://ir.ozone.ru/s3/multimedia-1-n/8951380295.jpg,2939₽,2,5878₽,1,1,1,0,100%,0%,1550 g,5.6 L
933,#светоотражающийавточехол,"汽车罩
Чехол на автомобиль",https://ir.ozone.ru/s3/multimedia-1-n/8951380295.jpg,2939₽,2,5878₽,1,1,1,0,100%,0%,1550 g,5.6 L
934,#водонепроницаемыйавточехол,"汽车罩
Чехол на автомобиль",https://ir.ozone.ru/s3/multimedia-1-n/8951380295.jpg;https://ir.ozone.ru/s3/multimedia-1-i/10898205138.jpg,2467₽,2,3935₽,2,2,0,0,100%,0%,1890 g,7.1 L
935,#авточехолдляулицы,"汽车罩
Чехол на автомобиль",https://ir.ozone.ru/s3/multimedia-1-n/8951380295.jpg,2939₽,2,5878₽,1,1,1,0,100%,0%,1550 g,5.6 L
936,#тентнакузовмашины,"汽车罩
Чехол на автомобиль",https://ir.ozone.ru/s3/multimedia-1-6/12310212138.jpg,2051₽,2,4102₽,1,1,0,0,100%,0%,2000 g,15 L
937,#чехолнакузовмашины,"汽车罩
Чехол на автомобиль",https://ir.ozone.ru/s3/multimedia-1-6/12310212138.jpg,2051₽,2,4102₽,1,1,0,0,100%,0%,2000 g,15 L
938,#чехлы_на_зеркала,"汽车罩
Чехол на автомобиль",https://ir.ozone.ru/s3/multimedia-1-i/9872138682.jpg;https://ir.ozone.ru/s3/multimedia-1-7/9969847531.jpg;https://ir.ozone.ru/s3/multimedia-1-e/9925577618.jpg;https://ir.ozone.ru/s3/multimedia-1-a/9891496990.jpg;https://ir.ozone.ru/s3/multimedia-1-z/10058209091.jpg;https://ir.ozone.ru/s3/multimedia-1-s/9903447568.jpg;https://ir.ozone.ru/s3/multimedia-1-6/10062100878.jpg;https://ir.ozone.ru/s3/multimedia-1-3/9870052035.jpg;https://ir.ozone.ru/s3/multimedia-1-a/9871248862.jpg;https://ir.ozone.ru/s3/multimedia-1-b/10058286215.jpg,4446₽,2,7136₽,2,65,1,2.6,42%,5.1%,5425 g,49.8 L
939,#авчехолтол,"汽车罩
Чехол на автомобиль",https://ir.ozone.ru/s3/multimedia-1-a/7527987442.jpg,1721₽,2,3496₽,1,1,5,4.7,100%,0%,1900 g,16.8 L
940,#тентамерика,"汽车罩
Чехол на автомобиль",https://ir.ozone.ru/s3/multimedia-1-a/7527987442.jpg,1721₽,2,3496₽,1,1,5,4.7,100%,0%,1900 g,16.8 L
941,#на_машину_от_дождя_и_снега,"汽车罩
Чехол на автомобиль",https://ir.ozone.ru/s3/multimedia-1-8/9493783928.jpg;https://ir.ozone.ru/s3/multimedia-1-n/11481124703.jpg;https://ir.ozone.ru/s3/multimedia-1-k/11626383908.jpg;https://ir.ozone.ru/s3/multimedia-1-j/11557938763.jpg,2378₽,2,3674₽,3,4,7,1.2,100%,11.1%,1650 g,15.1 L
942,#накидк_на_лобовое_стекло,"汽车罩
Чехол на автомобиль",https://ir.ozone.ru/s3/multimedia-1-8/9493783928.jpg;https://ir.ozone.ru/s3/multimedia-1-n/11481124703.jpg;https://ir.ozone.ru/s3/multimedia-1-k/11626383908.jpg;https://ir.ozone.ru/s3/multimedia-1-j/11557938763.jpg,2378₽,2,3674₽,3,4,7,1.2,100%,11.1%,1650 g,15.1 L
943,#Защита_от_дождя_для_авто,"汽车罩
Чехол на автомобиль",https://ir.ozone.ru/s3/multimedia-1-q/12376928078.jpg;https://ir.ozone.ru/s3/multimedia-1-7/9890223739.jpg;https://ir.ozone.ru/s3/multimedia-1-6/11138974494.jpg;https://ir.ozone.ru/s3/multimedia-1-m/11159740462.jpg,2663₽,2,5097₽,4,4,2,1.2,100%,0%,2314 g,33.3 L
944,#Защита_от_граду_для_авто,"汽车罩
Чехол на автомобиль",https://ir.ozone.ru/s3/multimedia-1-q/12376928078.jpg;https://ir.ozone.ru/s3/multimedia-1-7/9890223739.jpg;https://ir.ozone.ru/s3/multimedia-1-6/11138974494.jpg;https://ir.ozone.ru/s3/multimedia-1-m/11159740462.jpg,2663₽,2,5097₽,4,4,2,1.2,100%,0%,2314 g,33.3 L
945,#Защитная_покрывало_авто,"汽车罩
Чехол на автомобиль",https://ir.ozone.ru/s3/multimedia-1-q/12376928078.jpg;https://ir.ozone.ru/s3/multimedia-1-7/9890223739.jpg;https://ir.ozone.ru/s3/multimedia-1-6/11138974494.jpg;https://ir.ozone.ru/s3/multimedia-1-m/11159740462.jpg,2663₽,2,5097₽,4,4,2,1.2,100%,0%,2314 g,33.3 L
946,#Защита_авто_в_тормые,"汽车罩
Чехол на автомобиль",https://ir.ozone.ru/s3/multimedia-1-q/12376928078.jpg;https://ir.ozone.ru/s3/multimedia-1-7/9890223739.jpg;https://ir.ozone.ru/s3/multimedia-1-6/11138974494.jpg;https://ir.ozone.ru/s3/multimedia-1-m/11159740462.jpg,2663₽,2,5097₽,4,4,2,1.2,100%,0%,2314 g,33.3 L
947,#Защита_авто_ночной,"汽车罩
Чехол на автомобиль",https://ir.ozone.ru/s3/multimedia-1-q/12376928078.jpg;https://ir.ozone.ru/s3/multimedia-1-7/9890223739.jpg;https://ir.ozone.ru/s3/multimedia-1-6/11138974494.jpg;https://ir.ozone.ru/s3/multimedia-1-m/11159740462.jpg,2663₽,2,5097₽,4,4,2,1.2,100%,0%,2314 g,33.3 L
948,#Легкое_покрывало_авто,"汽车罩
Чехол на автомобиль",https://ir.ozone.ru/s3/multimedia-1-q/12376928078.jpg;https://ir.ozone.ru/s3/multimedia-1-7/9890223739.jpg;https://ir.ozone.ru/s3/multimedia-1-6/11138974494.jpg;https://ir.ozone.ru/s3/multimedia-1-m/11159740462.jpg,2663₽,2,5097₽,4,4,2,1.2,100%,0%,2314 g,33.3 L
949,#Покрывало_с_подкладкой,"汽车罩
Чехол на автомобиль",https://ir.ozone.ru/s3/multimedia-1-q/12376928078.jpg;https://ir.ozone.ru/s3/multimedia-1-7/9890223739.jpg;https://ir.ozone.ru/s3/multimedia-1-6/11138974494.jpg;https://ir.ozone.ru/s3/multimedia-1-m/11159740462.jpg,2663₽,2,5097₽,4,4,2,1.2,100%,0%,2314 g,33.3 L
950,#Компактная_защита_авто,"汽车罩
Чехол на автомобиль",https://ir.ozone.ru/s3/multimedia-1-q/12376928078.jpg;https://ir.ozone.ru/s3/multimedia-1-7/9890223739.jpg;https://ir.ozone.ru/s3/multimedia-1-6/11138974494.jpg;https://ir.ozone.ru/s3/multimedia-1-m/11159740462.jpg,2663₽,2,5097₽,4,4,2,1.2,100%,0%,2314 g,33.3 L
951,#Устойчивое_покрывало_авто,"汽车罩
Чехол на автомобиль",https://ir.ozone.ru/s3/multimedia-1-q/12376928078.jpg;https://ir.ozone.ru/s3/multimedia-1-7/9890223739.jpg;https://ir.ozone.ru/s3/multimedia-1-6/11138974494.jpg;https://ir.ozone.ru/s3/multimedia-1-m/11159740462.jpg,2663₽,2,5097₽,4,4,2,1.2,100%,0%,2314 g,33.3 L
952,#Универсальное_покрывало_авто,"汽车罩
Чехол на автомобиль",https://ir.ozone.ru/s3/multimedia-1-q/12376928078.jpg;https://ir.ozone.ru/s3/multimedia-1-7/9890223739.jpg;https://ir.ozone.ru/s3/multimedia-1-6/11138974494.jpg;https://ir.ozone.ru/s3/multimedia-1-m/11159740462.jpg,2663₽,2,5097₽,4,4,2,1.2,100%,0%,2314 g,33.3 L
953,#Покрывало_для_хэтчбека,"汽车罩
Чехол на автомобиль",https://ir.ozone.ru/s3/multimedia-1-q/12376928078.jpg;https://ir.ozone.ru/s3/multimedia-1-7/9890223739.jpg;https://ir.ozone.ru/s3/multimedia-1-6/11138974494.jpg;https://ir.ozone.ru/s3/multimedia-1-m/11159740462.jpg,2663₽,2,5097₽,4,4,2,1.2,100%,0%,2314 g,33.3 L
954,#Антиградная_покрывало,"汽车罩
Чехол на автомобиль",https://ir.ozone.ru/s3/multimedia-1-q/12376928078.jpg;https://ir.ozone.ru/s3/multimedia-1-7/9890223739.jpg;https://ir.ozone.ru/s3/multimedia-1-6/11138974494.jpg;https://ir.ozone.ru/s3/multimedia-1-m/11159740462.jpg,2663₽,2,5097₽,4,4,2,1.2,100%,0%,2314 g,33.3 L
955,#Рефлекторная_защита_авто,"汽车罩
Чехол на автомобиль",https://ir.ozone.ru/s3/multimedia-1-q/12376928078.jpg;https://ir.ozone.ru/s3/multimedia-1-7/9890223739.jpg;https://ir.ozone.ru/s3/multimedia-1-6/11138974494.jpg;https://ir.ozone.ru/s3/multimedia-1-m/11159740462.jpg,2663₽,2,5097₽,4,4,2,1.2,100%,0%,2314 g,33.3 L
956,#Толстая_защитная_покрывало,"汽车罩
Чехол на автомобиль",https://ir.ozone.ru/s3/multimedia-1-q/12376928078.jpg;https://ir.ozone.ru/s3/multimedia-1-7/9890223739.jpg;https://ir.ozone.ru/s3/multimedia-1-6/11138974494.jpg;https://ir.ozone.ru/s3/multimedia-1-m/11159740462.jpg,2663₽,2,5097₽,4,4,2,1.2,100%,0%,2314 g,33.3 L
957,#Оксфордское_покрывало_авто,"汽车罩
Чехол на автомобиль",https://ir.ozone.ru/s3/multimedia-1-q/12376928078.jpg;https://ir.ozone.ru/s3/multimedia-1-7/9890223739.jpg;https://ir.ozone.ru/s3/multimedia-1-6/11138974494.jpg;https://ir.ozone.ru/s3/multimedia-1-m/11159740462.jpg,2663₽,2,5097₽,4,4,2,1.2,100%,0%,2314 g,33.3 L
958,#тентдлялифтбека,"汽车罩
Чехол на автомобиль",https://ir.ozone.ru/s3/multimedia-1-3/9712941159.jpg;https://ir.ozone.ru/s3/multimedia-1-l/9712936209.jpg,4987₽,2,10121₽,1,2,0,0,100%,0%,2000 g,2.4 L
959,#чехолдляbmw,"汽车罩
Чехол на автомобиль",https://ir.ozone.ru/s3/multimedia-1-2/10477439570.jpg,5342₽,2,10684₽,1,1,134,4.6,100%,0%,500 g,30 L
960,#чехолдляmercedes,"汽车罩
Чехол на автомобиль",https://ir.ozone.ru/s3/multimedia-1-2/10477439570.jpg,5342₽,2,10684₽,1,1,134,4.6,100%,0%,500 g,30 L
961,#чехолдляvag,"汽车罩
Чехол на автомобиль",https://ir.ozone.ru/s3/multimedia-1-2/10477439570.jpg,5342₽,2,10684₽,1,1,134,4.6,100%,0%,500 g,30 L
962,#чехолдляnissan,"汽车罩
Чехол на автомобиль",https://ir.ozone.ru/s3/multimedia-1-2/10477439570.jpg,5342₽,2,10684₽,1,1,134,4.6,100%,0%,500 g,30 L
963,#тентдляджипа,"汽车罩
Чехол на автомобиль",https://ir.ozone.ru/s3/multimedia-1-2/10477439570.jpg,5342₽,2,10684₽,1,1,134,4.6,100%,0%,500 g,30 L
964,#тентдлялегкового,"汽车罩
Чехол на автомобиль",https://ir.ozone.ru/s3/multimedia-1-2/10477439570.jpg,5342₽,2,10684₽,1,1,134,4.6,100%,0%,500 g,30 L
965,#чехолm,"汽车罩
Чехол на автомобиль",https://ir.ozone.ru/s3/multimedia-1-2/10477439570.jpg,5342₽,2,10684₽,1,1,134,4.6,100%,0%,500 g,30 L
966,#чехолs,"汽车罩
Чехол на автомобиль",https://ir.ozone.ru/s3/multimedia-1-2/10477439570.jpg,5342₽,2,10684₽,1,1,134,4.6,100%,0%,500 g,30 L
967,#чехолl,"汽车罩
Чехол на автомобиль",https://ir.ozone.ru/s3/multimedia-1-2/10477439570.jpg,5342₽,2,10684₽,1,1,134,4.6,100%,0%,500 g,30 L
968,#чехолсзеркалами,"汽车罩
Чехол на автомобиль",https://ir.ozone.ru/s3/multimedia-1-2/10477439570.jpg,5342₽,2,10684₽,1,1,134,4.6,100%,0%,500 g,30 L
969,#чехолxl,"汽车罩
Чехол на автомобиль",https://ir.ozone.ru/s3/multimedia-1-2/10477439570.jpg;https://ir.ozone.ru/s3/multimedia-1-u/11703432126.jpg,2835₽,2,5507₽,2,2,67,2.3,100%,0%,350 g,15.8 L
970,#размерныйчехол,"汽车罩
Чехол на автомобиль",https://ir.ozone.ru/s3/multimedia-1-2/10477439570.jpg,5342₽,2,10684₽,1,1,134,4.6,100%,0%,500 g,30 L
971,#тентсфиксацией,"汽车罩
Чехол на автомобиль",https://ir.ozone.ru/s3/multimedia-1-c/10495049484.jpg;https://ir.ozone.ru/s3/multimedia-1-q/10477896794.jpg,2515₽,2,2635₽,1,2,134,2.3,100%,0%,500 g,30 L
972,#чехолдляхэтчбека,"汽车罩
Чехол на автомобиль",https://ir.ozone.ru/s3/multimedia-1-c/10495049484.jpg;https://ir.ozone.ru/s3/multimedia-1-q/10477896794.jpg,2515₽,2,2635₽,1,2,134,2.3,100%,0%,500 g,30 L
973,#града,"汽车罩
Чехол на автомобиль",https://ir.ozone.ru/s3/multimedia-1-e/11552902322.jpg;https://ir.ozone.ru/s3/multimedia-1-e/11552902322.jpg,1747₽,2,3290₽,2,2,0,0,100%,0%,1895 g,9.6 L
974,#дляSkodaRapid,"汽车罩
Чехол на автомобиль",https://ir.ozone.ru/s3/multimedia-1-6/10987019286.jpg;https://ir.ozone.ru/s3/multimedia-1-y/12606151822.jpg,1343₽,2,2512₽,2,2,17,2.4,100%,0%,840 g,8.2 L
975,#honda_freed_3,"汽车罩
Чехол на автомобиль",https://ir.ozone.ru/s3/multimedia-1-w/10100177672.jpg,4419₽,2,8898₽,1,1,0,0,100%,0%,5500 g,50.5 L
976,"#зимнийтент
(冬季帐篷)","汽车罩
Чехол на автомобиль",https://ir.ozone.ru/s3/multimedia-1-r/8138941263.jpg;https://ir.ozone.ru/s3/multimedia-1-2/10477439570.jpg;https://ir.ozone.ru/s3/multimedia-1-e/10477896458.jpg;https://ir.ozone.ru/s3/multimedia-1-e/10477438754.jpg;https://ir.ozone.ru/s3/multimedia-1-x/10477895793.jpg;https://ir.ozone.ru/s3/multimedia-1-9/7656652665.jpg;https://ir.ozone.ru/s3/multimedia-1-w/10495058396.jpg;https://ir.ozone.ru/s3/multimedia-1-m/10477438654.jpg;https://ir.ozone.ru/s3/multimedia-1-c/10495049484.jpg;https://ir.ozone.ru/s3/multimedia-1-2/7393210202.jpg,5138₽,1,7329₽,4,11,111,4.3,99%,0%,793 g,25.3 L
977,"#тентнакапот
(引擎盖帐篷)","汽车罩
Чехол на автомобиль",https://ir.ozone.ru/s3/multimedia-1-9/7656652665.jpg,6438₽,1,6301₽,1,1,131,4.9,100%,0%,1500 g,12 L
978,"#утеплительнакапот
(引擎盖保温材料)","汽车罩
Чехол на автомобиль",https://ir.ozone.ru/s3/multimedia-1-9/7656652665.jpg,6438₽,1,6301₽,1,1,131,4.9,100%,0%,1500 g,12 L
979,"#портативный_гараж
(便携式车库)","汽车罩
Чехол на автомобиль",https://ir.ozone.ru/s3/multimedia-1-3/7375592883.jpg;https://ir.ozone.ru/s3/multimedia-1-u/8451352866.jpg;https://ir.ozone.ru/s3/multimedia-1-h/7375592861.jpg;https://ir.ozone.ru/s3/multimedia-1-e/8451353354.jpg;https://ir.ozone.ru/s3/multimedia-1-j/7970529115.jpg;https://ir.ozone.ru/s3/multimedia-1-s/7970529592.jpg;https://ir.ozone.ru/s3/multimedia-1-e/8137550390.jpg;https://ir.ozone.ru/s3/multimedia-1-p/10349667781.jpg;https://ir.ozone.ru/s3/multimedia-1-m/7970528470.jpg;https://ir.ozone.ru/s3/multimedia-1-0/7970529528.jpg,9270₽,1,11596₽,14,40,89,3.7,43%,23.5%,8100 g,116 L
980,"#зимний_портативный_гараж
(冬季便携式车库)","汽车罩
Чехол на автомобиль",https://ir.ozone.ru/s3/multimedia-1-3/7375592883.jpg;https://ir.ozone.ru/s3/multimedia-1-h/7375592861.jpg;https://ir.ozone.ru/s3/multimedia-1-j/7970529115.jpg;https://ir.ozone.ru/s3/multimedia-1-s/7970529592.jpg;https://ir.ozone.ru/s3/multimedia-1-m/7970528470.jpg;https://ir.ozone.ru/s3/multimedia-1-0/7970529528.jpg;https://ir.ozone.ru/s3/multimedia-1-m/7400049142.jpg;https://ir.ozone.ru/s3/multimedia-1-y/7400049082.jpg;https://ir.ozone.ru/s3/multimedia-1-q/7970528006.jpg;https://ir.ozone.ru/s3/multimedia-1-6/7400049090.jpg,11636₽,1,14173₽,4,20,136,3.9,63%,34.5%,11208 g,135.9 L
981,"#reno_duster_чехол_для_авто
(雷诺Duster汽车座套)","汽车罩
Чехол на автомобиль",https://ir.ozone.ru/s3/multimedia-v/6858713875.jpg;https://ir.ozone.ru/s3/multimedia-1-z/7446295727.jpg;https://ir.ozone.ru/s3/multimedia-1-i/7641184230.jpg;https://ir.ozone.ru/s3/multimedia-1-q/10978421498.jpg,3857₽,1,4379₽,4,4,125,2.5,100%,0%,2850 g,20.8 L
982,"#чехол_на_автомобиль_купить
(购买汽车套)","汽车罩
Чехол на автомобиль",https://ir.ozone.ru/s3/multimedia-1-7/7270274527.jpg;https://ir.ozone.ru/s3/multimedia-1-6/7270315134.jpg;https://ir.ozone.ru/s3/multimedia-1-m/7826556406.jpg;https://ir.ozone.ru/s3/multimedia-1-s/7270113376.jpg;https://ir.ozone.ru/s3/multimedia-1-o/8237361012.jpg;https://ir.ozone.ru/s3/multimedia-1-l/7270296717.jpg;https://ir.ozone.ru/s3/multimedia-1-9/7268734773.jpg;https://ir.ozone.ru/s3/multimedia-1-4/7178711944.jpg;https://ir.ozone.ru/s3/multimedia-1-f/7161166671.jpg;https://ir.ozone.ru/s3/multimedia-1-d/7161166669.jpg,4596₽,1,6310₽,3,11,379,4.7,96%,5.6%,1532 g,23.9 L
983,#br_накидка_на_стекло_от_снега,"汽车罩
Чехол на автомобиль",https://ir.ozone.ru/s3/multimedia-1-5/9362102549.jpg,2468₽,1,2468₽,1,1,0,0,100%,,2100 g,2.7 L
984,#br_чехол_автомобильный_тент,"汽车罩
Чехол на автомобиль",https://ir.ozone.ru/s3/multimedia-1-5/9362102549.jpg,2468₽,1,2468₽,1,1,0,0,100%,,2100 g,2.7 L
985,#br_тент_на_газель,"汽车罩
Чехол на автомобиль",https://ir.ozone.ru/s3/multimedia-1-5/9362102549.jpg,2468₽,1,2468₽,1,1,0,0,100%,,2100 g,2.7 L
986,#br_тент_на_уаз,"汽车罩
Чехол на автомобиль",https://ir.ozone.ru/s3/multimedia-1-5/9362102549.jpg,2468₽,1,2468₽,1,1,0,0,100%,,2100 g,2.7 L
987,#br_тент_для_vesta,"汽车罩
Чехол на автомобиль",https://ir.ozone.ru/s3/multimedia-1-5/9362102549.jpg,2468₽,1,2468₽,1,1,0,0,100%,,2100 g,2.7 L
988,#br_тент_на_уаз_фермер,"汽车罩
Чехол на автомобиль",https://ir.ozone.ru/s3/multimedia-1-5/9362102549.jpg,2468₽,1,2468₽,1,1,0,0,100%,,2100 g,2.7 L
989,#br_тент_авто,"汽车罩
Чехол на автомобиль",https://ir.ozone.ru/s3/multimedia-1-5/9362102549.jpg,2468₽,1,2468₽,1,1,0,0,100%,,2100 g,2.7 L
990,"#Защитаответраидождя
(防风防雨防护)","汽车罩
Чехол на автомобиль",https://ir.ozone.ru/s3/multimedia-1-w/7784962448.jpg;https://ir.ozone.ru/s3/multimedia-1-s/7784962444.jpg;https://ir.ozone.ru/s3/multimedia-1-l/7784962041.jpg;https://ir.ozone.ru/s3/multimedia-1-n/7785049055.jpg;https://ir.ozone.ru/s3/multimedia-1-s/7784961976.jpg;https://ir.ozone.ru/s3/multimedia-1-f/7785061719.jpg;https://ir.ozone.ru/s3/multimedia-1-n/9187107719.jpg;https://ir.ozone.ru/s3/multimedia-1-7/10517027407.jpg;https://ir.ozone.ru/s3/multimedia-1-q/9945698030.jpg;https://ir.ozone.ru/s3/multimedia-1-u/9565371066.jpg,3177₽,1,4467₽,5,11,34,2.9,99%,0%,2927 g,46.6 L
991,"#Всесезонный_чехол
(四季罩)","汽车罩
Чехол на автомобиль",https://ir.ozone.ru/s3/multimedia-1-d/10513931233.jpg;https://ir.ozone.ru/s3/multimedia-1-b/10334003663.jpg;https://ir.ozone.ru/s3/multimedia-1-z/10334026907.jpg;https://ir.ozone.ru/s3/multimedia-1-3/10024763331.jpg;https://ir.ozone.ru/s3/multimedia-1-n/10024673243.jpg;https://ir.ozone.ru/s3/multimedia-1-k/10092779336.jpg;https://ir.ozone.ru/s3/multimedia-1-l/10024425993.jpg;https://ir.ozone.ru/s3/multimedia-1-f/10025155095.jpg;https://ir.ozone.ru/s3/multimedia-1-g/10024518544.jpg;https://ir.ozone.ru/s3/multimedia-1-3/10382184363.jpg,3677₽,1,4103₽,3,34,11,4.2,37%,14.3%,1459 g,15.1 L
992,"#машиназимой
(冬季汽车)","汽车罩
Чехол на автомобиль",https://ir.ozone.ru/s3/multimedia-1-2/10477439570.jpg;https://ir.ozone.ru/s3/multimedia-1-e/10477896458.jpg;https://ir.ozone.ru/s3/multimedia-1-e/10477438754.jpg;https://ir.ozone.ru/s3/multimedia-1-x/10477895793.jpg;https://ir.ozone.ru/s3/multimedia-1-w/10495058396.jpg;https://ir.ozone.ru/s3/multimedia-1-m/10477438654.jpg;https://ir.ozone.ru/s3/multimedia-1-c/10495049484.jpg;https://ir.ozone.ru/s3/multimedia-1-o/10466230992.jpg;https://ir.ozone.ru/s3/multimedia-1-x/8504421009.jpg;https://ir.ozone.ru/s3/multimedia-1-d/9612852817.jpg,2725₽,1,4249₽,7,14,84,3.9,98%,18.2%,426 g,19.4 L
993,"#авточехол_на_кузов_автомобиля
(汽车车身罩)","汽车罩
Чехол на автомобиль",https://ir.ozone.ru/s3/multimedia-1-i/7181654130.jpg;https://ir.ozone.ru/s3/multimedia-1-b/8869004543.jpg;https://ir.ozone.ru/s3/multimedia-1-a/7181654122.jpg;https://ir.ozone.ru/s3/multimedia-1-b/7175065403.jpg;https://ir.ozone.ru/s3/multimedia-1-d/7181654125.jpg;https://ir.ozone.ru/s3/multimedia-1-9/7182229869.jpg,6590₽,1,8704₽,2,6,72,4,100%,12.5%,3583 g,32.3 L
994,#тентдлямашиныуниверсальный,"汽车罩
Чехол на автомобиль",https://ir.ozone.ru/s3/multimedia-1-f/8640591027.jpg,2106₽,1,2106₽,1,1,6,4.8,100%,0%,1300 g,17.6 L
995,"#града_и_антифриза
(等级和防冻液)","汽车罩
Чехол на автомобиль",https://ir.ozone.ru/s3/multimedia-1-b/7206957623.jpg;https://ir.ozone.ru/s3/multimedia-1-z/7206933095.jpg;https://ir.ozone.ru/s3/multimedia-1-4/11283579976.jpg,4221₽,1,4303₽,2,3,138,3.1,100%,50%,5500 g,100 L
996,"#gwm_tank_500
(长城坦克500)","汽车罩
Чехол на автомобиль",https://ir.ozone.ru/s3/multimedia-1-x/10017052845.jpg,4395₽,1,4449₽,1,1,0,0,100%,,5500 g,50.5 L
997,#зимний_уте,"汽车罩
Чехол на автомобиль",https://ir.ozone.ru/s3/multimedia-1-9/7158309669.jpg;https://ir.ozone.ru/s3/multimedia-1-y/8197276354.jpg;https://ir.ozone.ru/s3/multimedia-1-f/7161366039.jpg;https://ir.ozone.ru/s3/multimedia-1-u/7161366054.jpg;https://ir.ozone.ru/s3/multimedia-1-e/8097497330.jpg;https://ir.ozone.ru/s3/multimedia-1-z/7158309659.jpg;https://ir.ozone.ru/s3/multimedia-1-5/8097492713.jpg;https://ir.ozone.ru/s3/multimedia-1-f/7161366039.jpg;https://ir.ozone.ru/s3/multimedia-1-l/8922805545.jpg;https://ir.ozone.ru/s3/multimedia-1-w/10074462440.jpg,3939₽,1,4380₽,5,10,69,3.2,100%,16.7%,3853 g,126.8 L
998,#навес_от_солнца_и_дож,"汽车罩
Чехол на автомобиль",https://ir.ozone.ru/s3/multimedia-1-9/7158309669.jpg;https://ir.ozone.ru/s3/multimedia-1-y/8197276354.jpg;https://ir.ozone.ru/s3/multimedia-1-f/7161366039.jpg;https://ir.ozone.ru/s3/multimedia-1-u/7161366054.jpg;https://ir.ozone.ru/s3/multimedia-1-e/8097497330.jpg;https://ir.ozone.ru/s3/multimedia-1-z/7158309659.jpg;https://ir.ozone.ru/s3/multimedia-1-5/8097492713.jpg;https://ir.ozone.ru/s3/multimedia-1-f/7161366039.jpg;https://ir.ozone.ru/s3/multimedia-1-l/8922805545.jpg;https://ir.ozone.ru/s3/multimedia-1-w/10074462440.jpg,3939₽,1,4380₽,5,10,69,3.2,100%,16.7%,3853 g,126.8 L
999,#защита_автомобиля_от_града,"汽车罩
Чехол на автомобиль",https://ir.ozone.ru/s3/multimedia-1-9/7158309669.jpg;https://ir.ozone.ru/s3/multimedia-1-y/8197276354.jpg;https://ir.ozone.ru/s3/multimedia-1-f/7161366039.jpg;https://ir.ozone.ru/s3/multimedia-1-u/7161366054.jpg;https://ir.ozone.ru/s3/multimedia-1-e/8097497330.jpg;https://ir.ozone.ru/s3/multimedia-1-z/7158309659.jpg;https://ir.ozone.ru/s3/multimedia-1-5/8097492713.jpg;https://ir.ozone.ru/s3/multimedia-1-f/7161366039.jpg;https://ir.ozone.ru/s3/multimedia-1-l/8922805545.jpg;https://ir.ozone.ru/s3/multimedia-1-w/10074462440.jpg,3939₽,1,4380₽,5,10,69,3.2,100%,16.7%,3853 g,126.8 L
1000,#зимний_утепленный_на_машину,"汽车罩
Чехол на автомобиль",https://ir.ozone.ru/s3/multimedia-1-9/7158309669.jpg;https://ir.ozone.ru/s3/multimedia-1-y/8197276354.jpg;https://ir.ozone.ru/s3/multimedia-1-f/7161366039.jpg;https://ir.ozone.ru/s3/multimedia-1-u/7161366054.jpg;https://ir.ozone.ru/s3/multimedia-1-e/8097497330.jpg;https://ir.ozone.ru/s3/multimedia-1-z/7158309659.jpg;https://ir.ozone.ru/s3/multimedia-1-5/8097492713.jpg;https://ir.ozone.ru/s3/multimedia-1-f/7161366039.jpg;https://ir.ozone.ru/s3/multimedia-1-l/8922805545.jpg;https://ir.ozone.ru/s3/multimedia-1-w/10074462440.jpg,3939₽,1,4380₽,5,10,69,3.2,100%,16.7%,3853 g,126.8 L
1001,#Защитныйчехолдлямашины,"汽车罩
Чехол на автомобиль",https://ir.ozone.ru/s3/multimedia-1-x/7983258009.jpg;https://ir.ozone.ru/s3/multimedia-1-w/7940538824.jpg;https://ir.ozone.ru/s3/multimedia-1-d/7988247481.jpg;https://ir.ozone.ru/s3/multimedia-1-p/7983255265.jpg;https://ir.ozone.ru/s3/multimedia-1-s/7983256348.jpg;https://ir.ozone.ru/s3/multimedia-1-9/7983256689.jpg;https://ir.ozone.ru/s3/multimedia-1-l/7983258393.jpg;https://ir.ozone.ru/s3/multimedia-1-p/7988247421.jpg,5098₽,1,5856₽,1,8,11,5,100%,0%,4500 g,21.2 L
1002,"#Ку5
(Ку5)","汽车罩
Чехол на автомобиль",https://ir.ozone.ru/s3/multimedia-1-r/7992904995.jpg,4620₽,1,4671₽,1,1,4,4.6,100%,0%,2600 g,29.5 L
1003,"#Чехолсзащитойотпыли
(防尘保护套)","汽车罩
Чехол на автомобиль",https://ir.ozone.ru/s3/multimedia-1-0/7716934656.jpg;https://ir.ozone.ru/s3/multimedia-1-2/7747544702.jpg,3274₽,1,3439₽,2,2,1,5,100%,0%,2330 g,8.7 L
1004,"#Выходные_На_Колесах
(周末骑行)","汽车罩
Чехол на автомобиль",https://ir.ozone.ru/s3/multimedia-1-u/7047005286.jpg,3702₽,1,3771₽,1,1,1,5,100%,,3600 g,4 L
1005,"#lexus_ls_чехол_для_авто
(雷克萨斯LS汽车座套)","汽车罩
Чехол на автомобиль",https://ir.ozone.ru/s3/multimedia-1-i/7047006030.jpg,4551₽,1,4639₽,1,1,1,5,100%,,3550 g,20.6 L
1006,"#зимнийчехолдляавтомобиля
(冬季汽车罩)","汽车罩
Чехол на автомобиль",https://ir.ozone.ru/s3/multimedia-1-n/8344538015.jpg;https://ir.ozone.ru/s3/multimedia-1-j/8344538407.jpg,5782₽,1,5816₽,1,2,13,4.5,100%,0%,4500 g,12.6 L
1007,"#чехолгараждляавтомобилязимний
(汽车车库冬季罩)","汽车罩
Чехол на автомобиль",https://ir.ozone.ru/s3/multimedia-1-e/8240187614.jpg;https://ir.ozone.ru/s3/multimedia-1-c/8086270044.jpg;https://ir.ozone.ru/s3/multimedia-1-t/8086257641.jpg;https://ir.ozone.ru/s3/multimedia-1-n/8286310247.jpg;https://ir.ozone.ru/s3/multimedia-1-4/8240206648.jpg;https://ir.ozone.ru/s3/multimedia-1-l/8815468269.jpg;https://ir.ozone.ru/s3/multimedia-1-j/7970529115.jpg;https://ir.ozone.ru/s3/multimedia-1-s/7970529592.jpg;https://ir.ozone.ru/s3/multimedia-1-0/7970529528.jpg;https://ir.ozone.ru/s3/multimedia-1-m/7970528470.jpg,6425₽,1,8284₽,25,59,50,3.4,41%,18.2%,6384 g,63.7 L
1008,"#ЧехолАвтомобильныйТент
(汽车帐篷套)","汽车罩
Чехол на автомобиль",https://ir.ozone.ru/s3/multimedia-1-i/8168913126.jpg;https://ir.ozone.ru/s3/multimedia-1-v/10263015427.jpg;https://ir.ozone.ru/s3/multimedia-1-g/10263022720.jpg,3155₽,1,3195₽,1,3,1,3.3,100%,0%,1833 g,13 L
1009,#Открытаяпарковка,"汽车罩
Чехол на автомобиль",https://ir.ozone.ru/s3/multimedia-1-o/9154617252.jpg;https://ir.ozone.ru/s3/multimedia-1-d/9192474661.jpg,2597₽,1,2589₽,2,2,0,0,100%,100%,1600 g,22.1 L
1010,"#тент_на_газель_бизнес
(嘎斯商务车车篷)","汽车罩
Чехол на автомобиль",https://ir.ozone.ru/s3/multimedia-o/6693174204.jpg;https://ir.ozone.ru/s3/multimedia-1-m/6913521958.jpg;https://ir.ozone.ru/s3/multimedia-p/6689089393.jpg;https://ir.ozone.ru/s3/multimedia-1-h/6910833293.jpg;https://ir.ozone.ru/s3/multimedia-1-j/6910931035.jpg;https://ir.ozone.ru/s3/multimedia-1-1/6913517437.jpg;https://ir.ozone.ru/s3/multimedia-1-h/6910833293.jpg;https://ir.ozone.ru/s3/multimedia-1-g/8254881160.jpg,12890₽,1,18255₽,3,8,18,3.4,100%,10%,13163 g,84.2 L
1011,"#тент_плюс40
(车篷加40)","汽车罩
Чехол на автомобиль",https://ir.ozone.ru/s3/multimedia-1-m/6913521958.jpg;https://ir.ozone.ru/s3/multimedia-1-w/8313702476.jpg;https://ir.ozone.ru/s3/multimedia-q/6717545054.jpg;https://ir.ozone.ru/s3/multimedia-1-1/6913517437.jpg;https://ir.ozone.ru/s3/multimedia-1-1/8300117269.jpg,12761₽,1,18230₽,2,5,2,2.5,100%,16.7%,13664 g,91 L
1012,"#тент_на_газель_плюс40см
(嘎斯车加40厘米车篷)","汽车罩
Чехол на автомобиль",https://ir.ozone.ru/s3/multimedia-1-m/6913521958.jpg;https://ir.ozone.ru/s3/multimedia-1-w/8313702476.jpg;https://ir.ozone.ru/s3/multimedia-q/6717545054.jpg;https://ir.ozone.ru/s3/multimedia-1-1/6913517437.jpg;https://ir.ozone.ru/s3/multimedia-1-1/8300117269.jpg,12761₽,1,18230₽,2,5,2,2.5,100%,16.7%,13664 g,91 L
1013,"#газель_плюс40см
(嘎斯车加40厘米)","汽车罩
Чехол на автомобиль",https://ir.ozone.ru/s3/multimedia-1-m/6913521958.jpg;https://ir.ozone.ru/s3/multimedia-1-w/8313702476.jpg;https://ir.ozone.ru/s3/multimedia-q/6717545054.jpg;https://ir.ozone.ru/s3/multimedia-1-1/6913517437.jpg;https://ir.ozone.ru/s3/multimedia-1-1/8300117269.jpg,12761₽,1,18230₽,2,5,2,2.5,100%,16.7%,13664 g,91 L
1014,"#lexus_lx_570_чехол_для_авто
(雷克萨斯lx570汽车座套)","汽车罩
Чехол на автомобиль",https://ir.ozone.ru/s3/multimedia-1-5/7361454821.jpg,4959₽,1,4983₽,1,1,47,4.9,100%,,3800 g,19.3 L
1015,"#автомобильный_чехол_ozon
(汽车罩 Ozon)","汽车罩
Чехол на автомобиль",https://ir.ozone.ru/s3/multimedia-1-1/8716060441.jpg;https://ir.ozone.ru/s3/multimedia-1-m/8715908866.jpg;https://ir.ozone.ru/s3/multimedia-1-c/8979210408.jpg,3854₽,1,3924₽,3,3,4,3.3,100%,0%,4897 g,35.1 L
1016,#Ж7,"汽车罩
Чехол на автомобиль",https://ir.ozone.ru/s3/multimedia-1-2/7845796478.jpg,4375₽,1,4375₽,1,1,3,0,100%,0%,2700 g,24.7 L
1017,"#тент_для_машины_от_снега
(汽车防雪帐篷)","汽车罩
Чехол на автомобиль",https://ir.ozone.ru/s3/multimedia-1-j/9538806799.jpg;https://ir.ozone.ru/s3/multimedia-1-0/7438932756.jpg,14769₽,1,15966₽,2,2,451,4.8,100%,0%,6570 g,107.7 L
1018,"#Для_выставок
(用于展览)","汽车罩
Чехол на автомобиль",https://ir.ozone.ru/s3/multimedia-1-x/8729047725.jpg;https://ir.ozone.ru/s3/multimedia-1-a/8815464658.jpg;https://ir.ozone.ru/s3/multimedia-1-u/8815465146.jpg;https://ir.ozone.ru/s3/multimedia-1-4/8924546848.jpg;https://ir.ozone.ru/s3/multimedia-1-0/8361250704.jpg;https://ir.ozone.ru/s3/multimedia-1-k/9367319972.jpg;https://ir.ozone.ru/s3/multimedia-1-c/8691580776.jpg,4102₽,1,5556₽,3,7,0,4.1,100%,0%,1757 g,10.9 L
1019,"#ЧехолДляСедана
(轿车罩)","汽车罩
Чехол на автомобиль",https://ir.ozone.ru/s3/multimedia-1-3/8294346831.jpg;https://ir.ozone.ru/s3/multimedia-1-z/8014300415.jpg;https://ir.ozone.ru/s3/multimedia-1-z/8014300415.jpg;https://ir.ozone.ru/s3/multimedia-1-z/8014300415.jpg;https://ir.ozone.ru/s3/multimedia-1-z/8014300415.jpg,4732₽,1,5883₽,1,5,19,3.9,100%,0%,6100 g,151.2 L
1020,"#УниверсальныйАвточехол
(通用汽车罩)","汽车罩
Чехол на автомобиль",https://ir.ozone.ru/s3/multimedia-1-3/8294346831.jpg;https://ir.ozone.ru/s3/multimedia-1-z/8014300415.jpg;https://ir.ozone.ru/s3/multimedia-1-z/8014300415.jpg;https://ir.ozone.ru/s3/multimedia-1-z/8014300415.jpg;https://ir.ozone.ru/s3/multimedia-1-z/8014300415.jpg,4732₽,1,5883₽,1,5,19,3.9,100%,0%,6100 g,151.2 L
1021,"#АвточехолЗима
(冬季汽车罩)","汽车罩
Чехол на автомобиль",https://ir.ozone.ru/s3/multimedia-1-3/8294346831.jpg;https://ir.ozone.ru/s3/multimedia-1-z/8014300415.jpg;https://ir.ozone.ru/s3/multimedia-1-z/8014300415.jpg;https://ir.ozone.ru/s3/multimedia-1-z/8014300415.jpg;https://ir.ozone.ru/s3/multimedia-1-z/8014300415.jpg,4732₽,1,5883₽,1,5,19,3.9,100%,0%,6100 g,151.2 L
1022,"#ЛетнийАвточехол
(夏季汽车罩)","汽车罩
Чехол на автомобиль",https://ir.ozone.ru/s3/multimedia-1-3/8294346831.jpg;https://ir.ozone.ru/s3/multimedia-1-z/8014300415.jpg;https://ir.ozone.ru/s3/multimedia-1-z/8014300415.jpg;https://ir.ozone.ru/s3/multimedia-1-z/8014300415.jpg;https://ir.ozone.ru/s3/multimedia-1-z/8014300415.jpg,4732₽,1,5883₽,1,5,19,3.9,100%,0%,6100 g,151.2 L
1023,"#чехол_антиград
(防冰雹套)","汽车罩
Чехол на автомобиль",https://ir.ozone.ru/s3/multimedia-1-l/9432481161.jpg;https://ir.ozone.ru/s3/multimedia-1-o/9432833568.jpg;https://ir.ozone.ru/s3/multimedia-1-1/9432642565.jpg;https://ir.ozone.ru/s3/multimedia-1-d/9432523849.jpg;https://ir.ozone.ru/s3/multimedia-1-e/9433023170.jpg;https://ir.ozone.ru/s3/multimedia-1-n/9432814811.jpg;https://ir.ozone.ru/s3/multimedia-1-o/9432674556.jpg;https://ir.ozone.ru/s3/multimedia-1-o/9432688164.jpg;https://ir.ozone.ru/s3/multimedia-1-a/10249057486.jpg;https://ir.ozone.ru/s3/multimedia-1-w/9431197520.jpg,18076₽,1,23342₽,2,12,149,4.3,92%,33.3%,3600 g,189.7 L
1024,"#от_града_на_машину
(汽车防冰雹)","汽车罩
Чехол на автомобиль",https://ir.ozone.ru/s3/multimedia-1-l/9432481161.jpg;https://ir.ozone.ru/s3/multimedia-1-o/9432833568.jpg;https://ir.ozone.ru/s3/multimedia-1-1/9432642565.jpg;https://ir.ozone.ru/s3/multimedia-1-e/9433023170.jpg;https://ir.ozone.ru/s3/multimedia-1-n/9432814811.jpg;https://ir.ozone.ru/s3/multimedia-1-o/9432674556.jpg;https://ir.ozone.ru/s3/multimedia-1-o/9432688164.jpg;https://ir.ozone.ru/s3/multimedia-1-a/10249057486.jpg;https://ir.ozone.ru/s3/multimedia-1-w/9431197520.jpg;https://ir.ozone.ru/s3/multimedia-1-0/9431132220.jpg,17943₽,1,23472₽,2,11,145,4.3,96%,33.3%,3582 g,187.8 L
1025,"#тент_для_машины_от_града
(汽车防冰雹帐篷)","汽车罩
Чехол на автомобиль",https://ir.ozone.ru/s3/multimedia-1-l/9432481161.jpg;https://ir.ozone.ru/s3/multimedia-1-o/9432833568.jpg;https://ir.ozone.ru/s3/multimedia-1-1/9432642565.jpg;https://ir.ozone.ru/s3/multimedia-1-e/9433023170.jpg;https://ir.ozone.ru/s3/multimedia-1-n/9432814811.jpg;https://ir.ozone.ru/s3/multimedia-1-o/9432674556.jpg;https://ir.ozone.ru/s3/multimedia-1-o/9432688164.jpg;https://ir.ozone.ru/s3/multimedia-1-a/10249057486.jpg;https://ir.ozone.ru/s3/multimedia-1-w/9431197520.jpg;https://ir.ozone.ru/s3/multimedia-1-0/9431132220.jpg,17943₽,1,23472₽,2,11,145,4.3,96%,33.3%,3582 g,187.8 L
1026,"#антиград_для_автомобиля
(汽车防冰雹)","汽车罩
Чехол на автомобиль",https://ir.ozone.ru/s3/multimedia-1-l/9432481161.jpg;https://ir.ozone.ru/s3/multimedia-1-o/9432833568.jpg;https://ir.ozone.ru/s3/multimedia-1-1/9432642565.jpg;https://ir.ozone.ru/s3/multimedia-1-d/9432523849.jpg;https://ir.ozone.ru/s3/multimedia-1-e/9433023170.jpg;https://ir.ozone.ru/s3/multimedia-1-n/9432814811.jpg;https://ir.ozone.ru/s3/multimedia-1-o/9432674556.jpg;https://ir.ozone.ru/s3/multimedia-1-o/9432688164.jpg;https://ir.ozone.ru/s3/multimedia-1-a/10249057486.jpg;https://ir.ozone.ru/s3/multimedia-1-w/9431197520.jpg,16908₽,1,21987₽,3,13,137,4,90%,33.3%,3500 g,176.7 L
1027,"#тент_на_машину_от_града
(汽车防冰雹帐篷)","汽车罩
Чехол на автомобиль",https://ir.ozone.ru/s3/multimedia-1-l/9432481161.jpg;https://ir.ozone.ru/s3/multimedia-1-o/9432833568.jpg;https://ir.ozone.ru/s3/multimedia-1-1/9432642565.jpg;https://ir.ozone.ru/s3/multimedia-1-e/9433023170.jpg;https://ir.ozone.ru/s3/multimedia-1-n/9432814811.jpg;https://ir.ozone.ru/s3/multimedia-1-o/9432674556.jpg;https://ir.ozone.ru/s3/multimedia-1-o/9432688164.jpg;https://ir.ozone.ru/s3/multimedia-1-a/10249057486.jpg;https://ir.ozone.ru/s3/multimedia-1-w/9431197520.jpg;https://ir.ozone.ru/s3/multimedia-1-0/9431132220.jpg,17943₽,1,23472₽,2,11,145,4.3,96%,33.3%,3582 g,187.8 L
1028,"#черный_автотент
(黑色汽车帐篷)","汽车罩
Чехол на автомобиль",https://ir.ozone.ru/s3/multimedia-1-u/7350098394.jpg,3132₽,1,3492₽,1,1,15,4,100%,0%,1600 g,10 L
1029,"#Защитаотчетырехсезонов
(四季防护)","汽车罩
Чехол на автомобиль",https://ir.ozone.ru/s3/multimedia-1-w/7784962448.jpg;https://ir.ozone.ru/s3/multimedia-1-s/7784962444.jpg;https://ir.ozone.ru/s3/multimedia-1-4/6999420532.jpg;https://ir.ozone.ru/s3/multimedia-1-l/7784962041.jpg;https://ir.ozone.ru/s3/multimedia-1-n/7785049055.jpg;https://ir.ozone.ru/s3/multimedia-1-s/7784961976.jpg;https://ir.ozone.ru/s3/multimedia-1-f/7785061719.jpg;https://ir.ozone.ru/s3/multimedia-1-z/9953379179.jpg,4125₽,1,5778₽,3,8,48,3.9,100%,0%,4084 g,62.8 L
1030,#audi_q3_чехол_для_авто,"汽车罩
Чехол на автомобиль",https://ir.ozone.ru/s3/multimedia-1-v/10266664063.jpg;https://ir.ozone.ru/s3/multimedia-1-b/10280455103.jpg,4228₽,1,4569₽,2,2,0,0,100%,,2675 g,15.1 L
1031,#тент_next,"汽车罩
Чехол на автомобиль",https://ir.ozone.ru/s3/multimedia-1-u/10137300330.jpg;https://ir.ozone.ru/s3/multimedia-1-s/7076812024.jpg;https://ir.ozone.ru/s3/multimedia-l/6636404793.jpg;https://ir.ozone.ru/s3/multimedia-1-g/7115067772.jpg;https://ir.ozone.ru/s3/multimedia-1-a/7291310014.jpg;https://ir.ozone.ru/s3/multimedia-1-v/7115060263.jpg;https://ir.ozone.ru/s3/multimedia-1-z/7115065379.jpg;https://ir.ozone.ru/s3/multimedia-1-6/7294475598.jpg;https://ir.ozone.ru/s3/multimedia-1-g/7115067772.jpg;https://ir.ozone.ru/s3/multimedia-1-6/8989127610.jpg,13961₽,1,16991₽,5,23,13,3.6,56%,0%,14868 g,95.6 L
1032,#тент_на_гезель_некст,"汽车罩
Чехол на автомобиль",https://ir.ozone.ru/s3/multimedia-1-s/7076812024.jpg;https://ir.ozone.ru/s3/multimedia-l/6636404793.jpg;https://ir.ozone.ru/s3/multimedia-l/6636404793.jpg;https://ir.ozone.ru/s3/multimedia-1-s/7114967488.jpg;https://ir.ozone.ru/s3/multimedia-1-s/7076812024.jpg;https://ir.ozone.ru/s3/multimedia-1-9/7076797029.jpg;https://ir.ozone.ru/s3/multimedia-1-a/8939842354.jpg;https://ir.ozone.ru/s3/multimedia-l/6636404793.jpg;https://ir.ozone.ru/s3/multimedia-1-s/7076812024.jpg;https://ir.ozone.ru/s3/multimedia-1-v/9510043891.jpg,12511₽,1,14526₽,4,11,14,4.4,92%,0%,13668 g,80.4 L
1033,#тент_некст_3_метра,"汽车罩
Чехол на автомобиль",https://ir.ozone.ru/s3/multimedia-1-s/7076812024.jpg;https://ir.ozone.ru/s3/multimedia-l/6636404793.jpg;https://ir.ozone.ru/s3/multimedia-j/6658160743.jpg;https://ir.ozone.ru/s3/multimedia-l/6636404793.jpg;https://ir.ozone.ru/s3/multimedia-1-s/7114967488.jpg;https://ir.ozone.ru/s3/multimedia-1-s/7076812024.jpg;https://ir.ozone.ru/s3/multimedia-1-9/7076797029.jpg;https://ir.ozone.ru/s3/multimedia-1-a/8939842354.jpg;https://ir.ozone.ru/s3/multimedia-l/6636404793.jpg;https://ir.ozone.ru/s3/multimedia-1-s/7076812024.jpg,12853₽,1,14668₽,5,12,21,4.4,86%,0%,14079 g,76.7 L
1034,"#эластичный_подол
(弹性下摆)","汽车罩
Чехол на автомобиль",https://ir.ozone.ru/s3/multimedia-1-f/7253777535.jpg,1130₽,1,1118₽,1,1,0,0,100%,,2200 g,0.7 L
1035,#поездки_зимой,"汽车罩
Чехол на автомобиль",https://ir.ozone.ru/s3/multimedia-1-5/10349693429.jpg,859₽,1,880₽,1,1,0,0,100%,0%,670 g,12 L
1036,"#kia_ceed_тент_чехол_для_авто
(起亚Ceed汽车帐篷罩)","汽车罩
Чехол на автомобиль",https://ir.ozone.ru/s3/multimedia-1-p/7251699733.jpg,4377₽,1,4378₽,1,1,15,5,100%,,2900 g,19.7 L
1037,"#тент_для_уазика
(小乌阿斯帐篷)","汽车罩
Чехол на автомобиль",https://ir.ozone.ru/s3/multimedia-i/6666521490.jpg;https://ir.ozone.ru/s3/multimedia-1-2/6910952906.jpg,9449₽,1,9640₽,1,2,20,2.4,100%,100%,9000 g,24 L
1038,"#тент_на_головастик
(平头车帐篷)","汽车罩
Чехол на автомобиль",https://ir.ozone.ru/s3/multimedia-i/6666521490.jpg;https://ir.ozone.ru/s3/multimedia-1-2/6910952906.jpg,9449₽,1,9640₽,1,2,20,2.4,100%,100%,9000 g,24 L
1039,"#тент_для_уаза
(乌阿斯帐篷)","汽车罩
Чехол на автомобиль",https://ir.ozone.ru/s3/multimedia-i/6666521490.jpg;https://ir.ozone.ru/s3/multimedia-1-2/6910952906.jpg,9449₽,1,9640₽,1,2,20,2.4,100%,100%,9000 g,24 L
1040,"#тент_на_33036
(33036帐篷)","汽车罩
Чехол на автомобиль",https://ir.ozone.ru/s3/multimedia-i/6666521490.jpg;https://ir.ozone.ru/s3/multimedia-1-2/6910952906.jpg,9449₽,1,9640₽,1,2,20,2.4,100%,100%,9000 g,24 L
1041,#elantra_v,"汽车罩
Чехол на автомобиль",https://ir.ozone.ru/s3/multimedia-1-j/9397241263.jpg;https://ir.ozone.ru/s3/multimedia-1-5/8489909669.jpg;https://ir.ozone.ru/s3/multimedia-1-x/7301379525.jpg;https://ir.ozone.ru/s3/multimedia-1-b/7930888787.jpg,1927₽,1,1934₽,4,4,127,4.7,100%,0%,637 g,6.5 L
1042,#changan_cs55_plus_ii,"汽车罩
Чехол на автомобиль",https://ir.ozone.ru/s3/multimedia-1-i/9901879938.jpg,4434₽,1,4413₽,1,1,1,5,100%,0%,5500 g,50.5 L
1043,#chevrolet_aveo_чехол_для_авто,"汽车罩
Чехол на автомобиль",https://ir.ozone.ru/s3/multimedia-1-b/7277788379.jpg,3276₽,1,3309₽,1,1,14,5,100%,0%,1500 g,5 L
1044,#чехол_гараж,"汽车罩
Чехол на автомобиль",https://ir.ozone.ru/s3/multimedia-1-3/8102831295.jpg;https://ir.ozone.ru/s3/multimedia-1-2/8102887490.jpg;https://ir.ozone.ru/s3/multimedia-1-4/10836963724.jpg;https://ir.ozone.ru/s3/multimedia-1-h/8102457017.jpg;https://ir.ozone.ru/s3/multimedia-1-p/10349667781.jpg;https://ir.ozone.ru/s3/multimedia-1-u/8407677666.jpg;https://ir.ozone.ru/s3/multimedia-1-r/8102915595.jpg;https://ir.ozone.ru/s3/multimedia-1-p/8102154337.jpg;https://ir.ozone.ru/s3/multimedia-1-u/8103022950.jpg,12453₽,1,16428₽,3,9,308,3.7,100%,16.7%,10256 g,105.4 L
1045,"#тент_на_газель_нового_образца
(新型嘎斯车车篷)","汽车罩
Чехол на автомобиль",https://ir.ozone.ru/s3/multimedia-w/6717745220.jpg;https://ir.ozone.ru/s3/multimedia-1-w/8313702476.jpg;https://ir.ozone.ru/s3/multimedia-1-2/9387887690.jpg;https://ir.ozone.ru/s3/multimedia-l/6717662157.jpg;https://ir.ozone.ru/s3/multimedia-w/6717745220.jpg;https://ir.ozone.ru/s3/multimedia-q/6717545054.jpg;https://ir.ozone.ru/s3/multimedia-i/6717335670.jpg;https://ir.ozone.ru/s3/multimedia-1-1/10128262825.jpg;https://ir.ozone.ru/s3/multimedia-1-1/8300117269.jpg,12793₽,1,17215₽,4,9,9,3.6,100%,0%,12791 g,93.1 L
1046,"#тент_н_о
(车篷 Н-О)","汽车罩
Чехол на автомобиль",https://ir.ozone.ru/s3/multimedia-w/6717745220.jpg;https://ir.ozone.ru/s3/multimedia-1-w/8313702476.jpg;https://ir.ozone.ru/s3/multimedia-1-2/9387887690.jpg;https://ir.ozone.ru/s3/multimedia-l/6717662157.jpg;https://ir.ozone.ru/s3/multimedia-w/6717745220.jpg;https://ir.ozone.ru/s3/multimedia-q/6717545054.jpg;https://ir.ozone.ru/s3/multimedia-i/6717335670.jpg;https://ir.ozone.ru/s3/multimedia-1-1/8300117269.jpg,12874₽,1,17848₽,3,8,5,3.4,100%,0%,13140 g,96.3 L
1047,"#тент_плюс50
(车篷 加50)","汽车罩
Чехол на автомобиль",https://ir.ozone.ru/s3/multimedia-o/6693174204.jpg;https://ir.ozone.ru/s3/multimedia-w/6717745220.jpg;https://ir.ozone.ru/s3/multimedia-1-2/9387887690.jpg;https://ir.ozone.ru/s3/multimedia-l/6717662157.jpg;https://ir.ozone.ru/s3/multimedia-1-h/6910833293.jpg;https://ir.ozone.ru/s3/multimedia-w/6717745220.jpg;https://ir.ozone.ru/s3/multimedia-1-h/6910833293.jpg,13246₽,1,19169₽,3,7,9,3.8,100%,0%,13729 g,97.9 L
1048,"#тент_на_газель_плюс50см
(嘎斯车车篷 加50厘米)","汽车罩
Чехол на автомобиль",https://ir.ozone.ru/s3/multimedia-o/6693174204.jpg;https://ir.ozone.ru/s3/multimedia-w/6717745220.jpg;https://ir.ozone.ru/s3/multimedia-1-2/9387887690.jpg;https://ir.ozone.ru/s3/multimedia-l/6717662157.jpg;https://ir.ozone.ru/s3/multimedia-1-h/6910833293.jpg;https://ir.ozone.ru/s3/multimedia-w/6717745220.jpg;https://ir.ozone.ru/s3/multimedia-1-h/6910833293.jpg,13246₽,1,19169₽,3,7,9,3.8,100%,0%,13729 g,97.9 L
1049,"#газель_плюс50см
(嘎斯车 加50厘米)","汽车罩
Чехол на автомобиль",https://ir.ozone.ru/s3/multimedia-o/6693174204.jpg;https://ir.ozone.ru/s3/multimedia-w/6717745220.jpg;https://ir.ozone.ru/s3/multimedia-1-2/9387887690.jpg;https://ir.ozone.ru/s3/multimedia-l/6717662157.jpg;https://ir.ozone.ru/s3/multimedia-1-h/6910833293.jpg;https://ir.ozone.ru/s3/multimedia-w/6717745220.jpg;https://ir.ozone.ru/s3/multimedia-1-h/6910833293.jpg,13246₽,1,19169₽,3,7,9,3.8,100%,0%,13729 g,97.9 L
1050,"#на_легковой
(乘用车用)","汽车罩
Чехол на автомобиль",https://ir.ozone.ru/s3/multimedia-1-b/9671341043.jpg;https://ir.ozone.ru/s3/multimedia-h/6629325281.jpg;https://ir.ozone.ru/s3/multimedia-1-9/7439181669.jpg;https://ir.ozone.ru/s3/multimedia-1-n/9671341055.jpg;https://ir.ozone.ru/s3/multimedia-1-e/9845754314.jpg,2640₽,1,3767₽,1,5,274,4.3,100%,20%,960 g,3.3 L
1051,#зимний_гараж,"汽车罩
Чехол на автомобиль",https://ir.ozone.ru/s3/multimedia-1-3/7375592883.jpg;https://ir.ozone.ru/s3/multimedia-1-h/7375592861.jpg;https://ir.ozone.ru/s3/multimedia-1-l/9835507857.jpg;https://ir.ozone.ru/s3/multimedia-1-j/7970529115.jpg;https://ir.ozone.ru/s3/multimedia-1-s/7970529592.jpg;https://ir.ozone.ru/s3/multimedia-1-m/7970528470.jpg;https://ir.ozone.ru/s3/multimedia-1-0/7970529528.jpg;https://ir.ozone.ru/s3/multimedia-1-m/7400049142.jpg;https://ir.ozone.ru/s3/multimedia-1-y/7400049082.jpg;https://ir.ozone.ru/s3/multimedia-1-q/7970528006.jpg,9317₽,1,11222₽,11,27,101,3.6,60%,36.5%,9216 g,106.9 L
1052,#согреть_авто,"汽车罩
Чехол на автомобиль",https://ir.ozone.ru/s3/multimedia-1-3/7375592883.jpg;https://ir.ozone.ru/s3/multimedia-1-h/7375592861.jpg;https://ir.ozone.ru/s3/multimedia-1-j/7970529115.jpg;https://ir.ozone.ru/s3/multimedia-1-s/7970529592.jpg;https://ir.ozone.ru/s3/multimedia-1-m/7970528470.jpg;https://ir.ozone.ru/s3/multimedia-1-0/7970529528.jpg;https://ir.ozone.ru/s3/multimedia-1-m/7400049142.jpg;https://ir.ozone.ru/s3/multimedia-1-y/7400049082.jpg;https://ir.ozone.ru/s3/multimedia-1-q/7970528006.jpg;https://ir.ozone.ru/s3/multimedia-1-6/7400049090.jpg,11636₽,1,14173₽,4,20,136,3.9,63%,34.5%,11208 g,135.9 L
1053,#зимний_чехол_для_авто,"汽车罩
Чехол на автомобиль",https://ir.ozone.ru/s3/multimedia-1-3/7375592883.jpg;https://ir.ozone.ru/s3/multimedia-1-h/7375592861.jpg;https://ir.ozone.ru/s3/multimedia-1-j/7970529115.jpg;https://ir.ozone.ru/s3/multimedia-1-s/7970529592.jpg;https://ir.ozone.ru/s3/multimedia-1-e/8137550390.jpg;https://ir.ozone.ru/s3/multimedia-1-m/7970528470.jpg;https://ir.ozone.ru/s3/multimedia-1-0/7970529528.jpg;https://ir.ozone.ru/s3/multimedia-1-m/7400049142.jpg;https://ir.ozone.ru/s3/multimedia-1-y/7400049082.jpg;https://ir.ozone.ru/s3/multimedia-1-q/7970528006.jpg,11741₽,1,14203₽,5,21,135,3.9,61%,32.2%,11140 g,135.5 L
1054,#защитный_кожух_для_балки,"汽车罩
Чехол на автомобиль",https://ir.ozone.ru/s3/multimedia-8/6734749184.jpg;https://ir.ozone.ru/s3/multimedia-8/6734749184.jpg,3373₽,1,3485₽,1,2,9,2.4,100%,0%,130 g,5 L
1055,#тент_зимний,"汽车罩
Чехол на автомобиль",https://ir.ozone.ru/s3/multimedia-1-9/7656652665.jpg,6438₽,1,6301₽,1,1,131,4.9,100%,0%,1500 g,12 L
1056,#тензимний,"汽车罩
Чехол на автомобиль",https://ir.ozone.ru/s3/multimedia-1-9/7656652665.jpg,6438₽,1,6301₽,1,1,131,4.9,100%,0%,1500 g,12 L
1057,#тент_автомобильный_зимний,"汽车罩
Чехол на автомобиль",https://ir.ozone.ru/s3/multimedia-1-9/7656652665.jpg,6438₽,1,6301₽,1,1,131,4.9,100%,0%,1500 g,12 L
1058,#lixiang_l7_чехол_для_авто,"汽车罩
Чехол на автомобиль",https://ir.ozone.ru/s3/multimedia-1-z/8556710399.jpg,4801₽,1,4801₽,1,1,5,5,100%,,3900 g,19.3 L
1059,#rav4_5,"汽车罩
Чехол на автомобиль",https://ir.ozone.ru/s3/multimedia-1-y/10078692226.jpg,4559₽,1,4559₽,1,1,1,5,100%,0%,5500 g,50.5 L
1060,#защитаотльда,"汽车罩
Чехол на автомобиль",https://ir.ozone.ru/s3/multimedia-1-5/11721294401.jpg;https://ir.ozone.ru/s3/multimedia-1-g/10966306228.jpg;https://ir.ozone.ru/s3/multimedia-1-6/12198861906.jpg,1416₽,1,1437₽,3,3,16,5,100%,0%,1164 g,20.2 L
1061,#hyundai_ix35_чехол_для_авто,"汽车罩
Чехол на автомобиль",https://ir.ozone.ru/s3/multimedia-c/6880990044.jpg,4462₽,1,4462₽,1,1,1474,4.9,100%,0%,3150 g,19.3 L
1062,"#haval_f7x_чехол_для_авто
(哈弗F7X汽车套)","汽车罩
Чехол на автомобиль",https://ir.ozone.ru/s3/multimedia-1-1/6934152745.jpg,4702₽,1,4367₽,1,1,1474,4.9,100%,0%,3500 g,19.3 L
1063,#накладка_на_панель_тигго_8,"汽车罩
Чехол на автомобиль",https://ir.ozone.ru/s3/multimedia-1-o/7255368816.jpg;https://ir.ozone.ru/s3/multimedia-1-h/7256336813.jpg;https://ir.ozone.ru/s3/multimedia-1-q/7621164098.jpg;https://ir.ozone.ru/s3/multimedia-1-z/7959170915.jpg,1471₽,1,1690₽,2,4,24,1.2,100%,16.7%,445 g,10.5 L
1064,#коврик_на_панель_тигго_8,"汽车罩
Чехол на автомобиль",https://ir.ozone.ru/s3/multimedia-1-o/7255368816.jpg;https://ir.ozone.ru/s3/multimedia-1-h/7256336813.jpg;https://ir.ozone.ru/s3/multimedia-1-q/7621164098.jpg;https://ir.ozone.ru/s3/multimedia-1-z/7959170915.jpg,1471₽,1,1690₽,2,4,24,1.2,100%,16.7%,445 g,10.5 L
1065,#накидка_на_панель_тигго_8,"汽车罩
Чехол на автомобиль",https://ir.ozone.ru/s3/multimedia-1-o/7255368816.jpg;https://ir.ozone.ru/s3/multimedia-1-h/7256336813.jpg;https://ir.ozone.ru/s3/multimedia-1-q/7621164098.jpg;https://ir.ozone.ru/s3/multimedia-1-z/7959170915.jpg,1471₽,1,1690₽,2,4,24,1.2,100%,16.7%,445 g,10.5 L
1066,#накидка_на_панель_tiggo_8,"汽车罩
Чехол на автомобиль",https://ir.ozone.ru/s3/multimedia-1-o/7255368816.jpg;https://ir.ozone.ru/s3/multimedia-1-h/7256336813.jpg;https://ir.ozone.ru/s3/multimedia-1-q/7621164098.jpg;https://ir.ozone.ru/s3/multimedia-1-z/7959170915.jpg,1471₽,1,1690₽,2,4,24,1.2,100%,16.7%,445 g,10.5 L
1067,#накидка_для_мотоцикла,"汽车罩
Чехол на автомобиль",https://ir.ozone.ru/s3/multimedia-u/6640241394.jpg;https://ir.ozone.ru/s3/multimedia-1-q/9923902010.jpg;https://ir.ozone.ru/s3/multimedia-1-k/9920730872.jpg;https://ir.ozone.ru/s3/multimedia-1-a/9920576638.jpg,2815₽,1,2802₽,2,4,10,4.5,100%,0%,553 g,6.3 L
1068,"#на_двухрядную_балку
(用于双排梁)","汽车罩
Чехол на автомобиль",https://ir.ozone.ru/s3/multimedia-8/6734749184.jpg,3304₽,1,3606₽,1,1,26,5,100%,,100 g,5 L
1069,"#для_прямой_балки
(用于直梁)","汽车罩
Чехол на автомобиль",https://ir.ozone.ru/s3/multimedia-8/6734749184.jpg,3304₽,1,3606₽,1,1,26,5,100%,,100 g,5 L
1070,"#чехол_на_изогнутую_балку
(弯曲梁护套)","汽车罩
Чехол на автомобиль",https://ir.ozone.ru/s3/multimedia-8/6734749184.jpg,3304₽,1,3606₽,1,1,26,5,100%,,100 g,5 L
1071,"#чехол_на_световую_балку
(灯梁护套)","汽车罩
Чехол на автомобиль",https://ir.ozone.ru/s3/multimedia-8/6734749184.jpg;https://ir.ozone.ru/s3/multimedia-8/6734749184.jpg;https://ir.ozone.ru/s3/multimedia-8/6734749184.jpg,3427₽,1,3693₽,1,3,20,5,100%,0%,113 g,5 L
1072,#тент_на_машину_автомобильный,"汽车罩
Чехол на автомобиль",https://ir.ozone.ru/s3/multimedia-o/6733098096.jpg,3162₽,1,3175₽,1,1,791,5,100%,0%,1700 g,7 L
1073,#чехол_для_авто_хэтчбек,"汽车罩
Чехол на автомобиль",https://ir.ozone.ru/s3/multimedia-1-x/7059376329.jpg,3042₽,1,3042₽,1,1,791,4.9,100%,,1400 g,7 L
1074,"#Чехолдляпогрузчика
(装载机罩)","汽车罩
Чехол на автомобиль",https://ir.ozone.ru/s3/multimedia-1-y/8311388038.jpg;https://ir.ozone.ru/s3/multimedia-1-f/8173214079.jpg;https://ir.ozone.ru/s3/multimedia-1-v/8334237415.jpg,7724₽,1,7643₽,2,3,4,5,100%,0%,4967 g,28.2 L
1075,"#тент_на_газель_плюс30см
(嘎斯车篷加30厘米)","汽车罩
Чехол на автомобиль",https://ir.ozone.ru/s3/multimedia-p/6689089393.jpg;https://ir.ozone.ru/s3/multimedia-1-j/6910931035.jpg;https://ir.ozone.ru/s3/multimedia-i/6717335670.jpg;https://ir.ozone.ru/s3/multimedia-1-g/8254881160.jpg,12395₽,1,15872₽,3,4,25,3.7,100%,0%,11500 g,75.8 L
1076,"#газель_плюс30см
(嘎斯加30厘米)","汽车罩
Чехол на автомобиль",https://ir.ozone.ru/s3/multimedia-p/6689089393.jpg;https://ir.ozone.ru/s3/multimedia-1-j/6910931035.jpg;https://ir.ozone.ru/s3/multimedia-i/6717335670.jpg;https://ir.ozone.ru/s3/multimedia-1-g/8254881160.jpg,12395₽,1,15872₽,3,4,25,3.7,100%,0%,11500 g,75.8 L
1077,"#тент_плюс30
(车篷加30)","汽车罩
Чехол на автомобиль",https://ir.ozone.ru/s3/multimedia-p/6689089393.jpg;https://ir.ozone.ru/s3/multimedia-1-j/6910931035.jpg;https://ir.ozone.ru/s3/multimedia-i/6717335670.jpg;https://ir.ozone.ru/s3/multimedia-1-g/8254881160.jpg,12395₽,1,15872₽,3,4,25,3.7,100%,0%,11500 g,75.8 L
1078,"#тент_уаз_469
(UAZ 469车篷)","汽车罩
Чехол на автомобиль",https://ir.ozone.ru/s3/multimedia-1-j/7704774163.jpg;https://ir.ozone.ru/s3/multimedia-1/6441432505.jpg;https://ir.ozone.ru/s3/multimedia-l/6441377337.jpg;https://ir.ozone.ru/s3/multimedia-e/6210729974.jpg,10287₽,1,12874₽,3,4,11,3.5,100%,16.7%,7675 g,17.2 L
1079,#чехол_для_автомобиля_зимний,"汽车罩
Чехол на автомобиль",https://ir.ozone.ru/s3/multimedia-1-m/8673589282.jpg,6838₽,1,7221₽,1,1,1,5,100%,,4500 g,12.6 L
1080,#хэтчбек_тент_чехол_для_авто,"汽车罩
Чехол на автомобиль",https://ir.ozone.ru/s3/multimedia-1-t/7205208005.jpg,4899₽,1,4964₽,1,1,1732,4.9,100%,0%,2850 g,19.7 L
1081,"#покрывало_для_авто
(汽车罩)","汽车罩
Чехол на автомобиль",https://ir.ozone.ru/s3/multimedia-1-j/7032151783.jpg;https://ir.ozone.ru/s3/multimedia-1-9/7032151773.jpg,1821₽,1,1799₽,2,2,76,2.4,100%,0%,602 g,14.4 L
1082,"#солнцепек
(太阳灶)","汽车罩
Чехол на автомобиль",https://ir.ozone.ru/s3/multimedia-1-w/11767124084.jpg;https://ir.ozone.ru/s3/multimedia-1-x/7358392005.jpg,1886₽,1,2006₽,2,2,0,0,100%,0%,1155 g,10.5 L
1083,#Долговечныйипрочный,"汽车罩
Чехол на автомобиль",https://ir.ozone.ru/s3/multimedia-1-w/7784962448.jpg;https://ir.ozone.ru/s3/multimedia-1-s/7784962444.jpg;https://ir.ozone.ru/s3/multimedia-1-l/7784962041.jpg;https://ir.ozone.ru/s3/multimedia-1-n/7785049055.jpg;https://ir.ozone.ru/s3/multimedia-1-s/7784961976.jpg;https://ir.ozone.ru/s3/multimedia-1-f/7785061719.jpg,4901₽,1,6573₽,1,6,63,3.8,100%,0%,4980 g,80 L
1084,#теплый_чехол_для_авто,"汽车罩
Чехол на автомобиль",https://ir.ozone.ru/s3/multimedia-1-j/7970529115.jpg;https://ir.ozone.ru/s3/multimedia-1-s/7970529592.jpg;https://ir.ozone.ru/s3/multimedia-1-m/7970528470.jpg;https://ir.ozone.ru/s3/multimedia-1-0/7970529528.jpg;https://ir.ozone.ru/s3/multimedia-1-q/7970528006.jpg;https://ir.ozone.ru/s3/multimedia-1-m/7970528578.jpg;https://ir.ozone.ru/s3/multimedia-1-y/7970529094.jpg;https://ir.ozone.ru/s3/multimedia-1-y/7970529166.jpg;https://ir.ozone.ru/s3/multimedia-1-5/7970529317.jpg;https://ir.ozone.ru/s3/multimedia-1-l/7970528685.jpg,13194₽,1,13193₽,2,11,36,3.6,92%,22.2%,11800 g,132 L
1085,#теплый_тент_для_авто,"汽车罩
Чехол на автомобиль",https://ir.ozone.ru/s3/multimedia-1-j/7970529115.jpg;https://ir.ozone.ru/s3/multimedia-1-s/7970529592.jpg;https://ir.ozone.ru/s3/multimedia-1-m/7970528470.jpg;https://ir.ozone.ru/s3/multimedia-1-0/7970529528.jpg;https://ir.ozone.ru/s3/multimedia-1-q/7970528006.jpg;https://ir.ozone.ru/s3/multimedia-1-m/7970528578.jpg;https://ir.ozone.ru/s3/multimedia-1-y/7970529094.jpg;https://ir.ozone.ru/s3/multimedia-1-y/7970529166.jpg;https://ir.ozone.ru/s3/multimedia-1-5/7970529317.jpg;https://ir.ozone.ru/s3/multimedia-1-l/7970528685.jpg,13338₽,1,13384₽,1,10,40,3.9,100%,22.2%,11780 g,129 L
1086,#портативный_гараж_на_седан,"汽车罩
Чехол на автомобиль",https://ir.ozone.ru/s3/multimedia-1-y/7970529094.jpg;https://ir.ozone.ru/s3/multimedia-1-y/7970529166.jpg;https://ir.ozone.ru/s3/multimedia-1-5/7970529317.jpg,11934₽,1,11934₽,1,3,37,3.3,100%,0%,11867 g,108.4 L
1087,#зимний_тент_для_авто,"汽车罩
Чехол на автомобиль",https://ir.ozone.ru/s3/multimedia-1-j/7970529115.jpg;https://ir.ozone.ru/s3/multimedia-1-s/7970529592.jpg;https://ir.ozone.ru/s3/multimedia-1-e/8137550390.jpg;https://ir.ozone.ru/s3/multimedia-1-m/7970528470.jpg;https://ir.ozone.ru/s3/multimedia-1-0/7970529528.jpg;https://ir.ozone.ru/s3/multimedia-1-q/7970528006.jpg;https://ir.ozone.ru/s3/multimedia-1-m/7970528578.jpg;https://ir.ozone.ru/s3/multimedia-1-y/7970529094.jpg;https://ir.ozone.ru/s3/multimedia-1-y/7970529166.jpg;https://ir.ozone.ru/s3/multimedia-1-5/7970529317.jpg,12608₽,1,13083₽,4,13,39,3.8,81%,18.2%,11585 g,132 L
1088,#снежный_покров_автомобиля,"汽车罩
Чехол на автомобиль",https://ir.ozone.ru/s3/multimedia-1-5/9652878509.jpg;https://ir.ozone.ru/s3/multimedia-1-0/7156261188.jpg,987₽,1,985₽,2,2,0,0,100%,0%,1137 g,1.5 L
1089,#защитный_капот_автомобиля,"汽车罩
Чехол на автомобиль",https://ir.ozone.ru/s3/multimedia-1-5/9652878509.jpg;https://ir.ozone.ru/s3/multimedia-1-0/7156261188.jpg,987₽,1,985₽,2,2,0,0,100%,0%,1137 g,1.5 L
1090,#седан_тент_чехол_для_авто,"汽车罩
Чехол на автомобиль",https://ir.ozone.ru/s3/multimedia-1-0/7204004640.jpg;https://ir.ozone.ru/s3/multimedia-1-0/7204004640.jpg,4560₽,1,4592₽,1,2,1732,4.9,100%,0%,2975 g,19.7 L
1091,"#некст_без_белой_вставки
(Next 无白色镶嵌)","汽车罩
Чехол на автомобиль",https://ir.ozone.ru/s3/multimedia-l/6636404793.jpg;https://ir.ozone.ru/s3/multimedia-1-s/7114967488.jpg,13402₽,1,13455₽,2,2,6,5,100%,0%,15950 g,81.9 L
1092,"#некст_без_белой_крыши
(Next 无白色顶盖)","汽车罩
Чехол на автомобиль",https://ir.ozone.ru/s3/multimedia-l/6636404793.jpg;https://ir.ozone.ru/s3/multimedia-1-s/7114967488.jpg,13402₽,1,13455₽,2,2,6,5,100%,0%,15950 g,81.9 L
1093,#jetour_t2_чехол_для_авто,"汽车罩
Чехол на автомобиль",https://ir.ozone.ru/s3/multimedia-1-n/7161837539.jpg,4590₽,1,4668₽,1,1,33,5,100%,0%,3800 g,19.3 L
1094,#антиградовыйчехол,"汽车罩
Чехол на автомобиль",https://ir.ozone.ru/s3/multimedia-1-v/9430820023.jpg;https://ir.ozone.ru/s3/multimedia-1-b/9254358047.jpg;https://ir.ozone.ru/s3/multimedia-1-f/9315135699.jpg;https://ir.ozone.ru/s3/multimedia-1-9/9430719849.jpg;https://ir.ozone.ru/s3/multimedia-1-y/9261885058.jpg;https://ir.ozone.ru/s3/multimedia-1-i/9254342934.jpg;https://ir.ozone.ru/s3/multimedia-1-2/9410545550.jpg;https://ir.ozone.ru/s3/multimedia-1-v/9431027527.jpg;https://ir.ozone.ru/s3/multimedia-1-x/9694052061.jpg;https://ir.ozone.ru/s3/multimedia-1-g/7003108420.jpg,16883₽,1,26191₽,1,27,185,4.6,57%,15%,3785 g,208.1 L
1095,"#opel_antara_чехол_для_авто
(欧宝安德拉汽车套)","汽车罩
Чехол на автомобиль",https://ir.ozone.ru/s3/multimedia-1-m/7044318166.jpg,4636₽,1,4836₽,1,1,558,4.9,100%,0%,3600 g,19.7 L
1096,"#зимний_тент_на_авто
(冬季汽车帐篷)","汽车罩
Чехол на автомобиль",https://ir.ozone.ru/s3/multimedia-1-j/7970529115.jpg;https://ir.ozone.ru/s3/multimedia-1-s/7970529592.jpg;https://ir.ozone.ru/s3/multimedia-1-e/8137550390.jpg;https://ir.ozone.ru/s3/multimedia-1-0/7970529528.jpg;https://ir.ozone.ru/s3/multimedia-1-m/7970528470.jpg;https://ir.ozone.ru/s3/multimedia-1-q/7970528006.jpg;https://ir.ozone.ru/s3/multimedia-1-m/7970528578.jpg;https://ir.ozone.ru/s3/multimedia-1-y/7970529094.jpg;https://ir.ozone.ru/s3/multimedia-1-y/7970529166.jpg;https://ir.ozone.ru/s3/multimedia-1-5/7970529317.jpg,12608₽,1,13083₽,4,13,39,3.8,81%,18.2%,11585 g,132 L
1097,"#тентнакрышуавтомобиля
(汽车车顶帐篷)","汽车罩
Чехол на автомобиль",https://ir.ozone.ru/s3/multimedia-1-r/7794431523.jpg,20605₽,1,22455₽,1,1,2,5,100%,0%,8500 g,41.2 L
1098,#чехол_простой,"汽车罩
Чехол на автомобиль",https://ir.ozone.ru/s3/multimedia-1-8/9774229688.jpg,4896₽,1,4896₽,1,1,33,4.8,100%,0%,5000 g,201.1 L
1099,#СгущатьсяДвухслойный,"汽车罩
Чехол на автомобиль",https://ir.ozone.ru/s3/multimedia-1-i/9234567162.jpg;https://ir.ozone.ru/s3/multimedia-1-9/7903731105.jpg,3331₽,1,3376₽,1,2,6,4.6,100%,0%,2800 g,43.6 L
1100,#lada_ваз_2114_чехол_для_авто,"汽车罩
Чехол на автомобиль",https://ir.ozone.ru/s3/multimedia-1-f/7363942503.jpg,4401₽,1,4664₽,1,1,573,4.9,100%,,2900 g,19.7 L
1101,"#Чехолотдождя
(防雨保护套)","汽车罩
Чехол на автомобиль",https://ir.ozone.ru/s3/multimedia-1-x/7983258009.jpg;https://ir.ozone.ru/s3/multimedia-1-w/7940538824.jpg;https://ir.ozone.ru/s3/multimedia-1-d/7988247481.jpg;https://ir.ozone.ru/s3/multimedia-1-s/7983256348.jpg;https://ir.ozone.ru/s3/multimedia-1-p/7983255265.jpg;https://ir.ozone.ru/s3/multimedia-1-9/7983256689.jpg;https://ir.ozone.ru/s3/multimedia-1-l/7983258393.jpg;https://ir.ozone.ru/s3/multimedia-1-p/7988247421.jpg;https://ir.ozone.ru/s3/multimedia-1-i/11096663598.jpg;https://ir.ozone.ru/s3/multimedia-1-n/9400695611.jpg,4104₽,1,4659₽,4,11,9,4.9,98%,0%,3397 g,16 L
1102,#bmw_4_series_чехол_для_авто,"汽车罩
Чехол на автомобиль",https://ir.ozone.ru/s3/multimedia-1-0/7379980380.jpg,3111₽,1,3152₽,1,1,9,5,100%,0%,1500 g,5.4 L
1103,#lexus_es_чехол_для_авто,"汽车罩
Чехол на автомобиль",https://ir.ozone.ru/s3/multimedia-1-f/8599764723.jpg,3239₽,1,3289₽,1,1,1,5,100%,100%,1500 g,5.4 L
1104,"#skoda_yeti_чехол_для_авто
(斯柯达野帝汽车保护套)","汽车罩
Чехол на автомобиль",https://ir.ozone.ru/s3/multimedia-1-u/7408954830.jpg,2782₽,1,2782₽,1,1,0,0,100%,0%,3300 g,19.7 L
1105,#портативный_гараж_зимний,"汽车罩
Чехол на автомобиль",https://ir.ozone.ru/s3/multimedia-1-m/7400049142.jpg;https://ir.ozone.ru/s3/multimedia-1-y/7400049082.jpg;https://ir.ozone.ru/s3/multimedia-1-6/7400049090.jpg;https://ir.ozone.ru/s3/multimedia-1-r/7400049111.jpg;https://ir.ozone.ru/s3/multimedia-1-7/7400049163.jpg;https://ir.ozone.ru/s3/multimedia-1-y/8845822654.jpg,10467₽,1,11087₽,2,6,231,4.1,100%,0%,9833 g,124.2 L
1106,#СезонныйЧехол,"汽车罩
Чехол на автомобиль",https://ir.ozone.ru/s3/multimedia-1-t/wc1200/7238046917.jpg;https://ir.ozone.ru/s3/multimedia-1-z/10452800807.jpg,1121₽,1,1121₽,2,2,1,0.5,100%,0%,1004 g,7.6 L
1107,#Чехолнавилочныйпогрузчик,"汽车罩
Чехол на автомобиль",https://ir.ozone.ru/s3/multimedia-1-f/8173214079.jpg;https://ir.ozone.ru/s3/multimedia-1-v/7981626163.jpg;https://ir.ozone.ru/s3/multimedia-1-v/8334237415.jpg,7167₽,1,7138₽,2,3,11,4.9,100%,0%,4567 g,26 L
1108,#передние_чехлы_ми_до,"汽车罩
Чехол на автомобиль",https://ir.ozone.ru/s3/multimedia-1-5/7740443525.jpg,4127₽,1,4718₽,1,1,3,5,100%,100%,1700 g,9.7 L
1109,#передние_чехлы_он_до,"汽车罩
Чехол на автомобиль",https://ir.ozone.ru/s3/multimedia-1-5/7740443525.jpg,4127₽,1,4718₽,1,1,3,5,100%,100%,1700 g,9.7 L
1110,#чехлы_он_до_2_места,"汽车罩
Чехол на автомобиль",https://ir.ozone.ru/s3/multimedia-1-5/7740443525.jpg,4127₽,1,4718₽,1,1,3,5,100%,100%,1700 g,9.7 L
1111,#чехлы_ми_до_2_места,"汽车罩
Чехол на автомобиль",https://ir.ozone.ru/s3/multimedia-1-5/7740443525.jpg,4127₽,1,4718₽,1,1,3,5,100%,100%,1700 g,9.7 L
1112,#Чехол_Автомобильный,"汽车罩
Чехол на автомобиль",https://ir.ozone.ru/s3/multimedia-1-j/9027661339.jpg,3754₽,1,3754₽,1,1,0,0,100%,0%,2500 g,61.9 L
1113,#Чехол_Из_Оксфорда,"汽车罩
Чехол на автомобиль",https://ir.ozone.ru/s3/multimedia-1-j/9027661339.jpg,3754₽,1,3754₽,1,1,0,0,100%,0%,2500 g,61.9 L
1114,#ЭксклюзивПаладин,"汽车罩
Чехол на автомобиль",https://ir.ozone.ru/s3/multimedia-1-g/7621681300.jpg,4720₽,1,4764₽,1,1,1,5,100%,0%,3500 g,128 L
1115,#Защитаавтомобилейотпыли,"汽车罩
Чехол на автомобиль",https://ir.ozone.ru/s3/multimedia-1-9/7459861581.jpg,3288₽,1,3318₽,1,1,1,5,100%,,3000 g,6.8 L
1116,#Всепогодная_защита,"汽车罩
Чехол на автомобиль",https://ir.ozone.ru/s3/multimedia-1-l/8736318165.jpg;https://ir.ozone.ru/s3/multimedia-1-p/9149290261.jpg,2091₽,1,2066₽,2,2,30,2.4,100%,0%,1425 g,11.8 L
1117,#УстойчивоеКПогоде,"汽车罩
Чехол на автомобиль",https://ir.ozone.ru/s3/multimedia-1-9/11037495465.jpg;https://ir.ozone.ru/s3/multimedia-1-t/11053560521.jpg;https://ir.ozone.ru/s3/multimedia-1-y/10185264790.jpg;https://ir.ozone.ru/s3/multimedia-1-q/8878037642.jpg,778₽,1,804₽,4,4,3,1.2,100%,,595 g,12.8 L
1118,#Бархатный_материал,"汽车罩
Чехол на автомобиль",https://ir.ozone.ru/s3/multimedia-1-x/8729047725.jpg;https://ir.ozone.ru/s3/multimedia-1-a/8815464658.jpg;https://ir.ozone.ru/s3/multimedia-1-u/8815465146.jpg;https://ir.ozone.ru/s3/multimedia-1-4/8924546848.jpg;https://ir.ozone.ru/s3/multimedia-1-g/8098124056.jpg;https://ir.ozone.ru/s3/multimedia-1-k/8438710736.jpg,4916₽,1,6579₽,3,6,1,3.2,100%,0%,2289 g,13.4 L
1119,#седан_чехол_для_авто,"汽车罩
Чехол на автомобиль",https://ir.ozone.ru/s3/multimedia-1-w/7227151556.jpg,4885₽,1,4885₽,1,1,54,4.3,100%,0%,3500 g,19.3 L
1120,#чехол_для_седана,"汽车罩
Чехол на автомобиль",https://ir.ozone.ru/s3/multimedia-1-i/11287493730.jpg;https://ir.ozone.ru/s3/multimedia-1-8/7413687512.jpg,1975₽,1,1908₽,2,2,2,2.5,100%,0%,1106 g,11.3 L
1121,#авто_на_улице,"汽车罩
Чехол на автомобиль",https://ir.ozone.ru/s3/multimedia-1-m/10409409022.jpg,4656₽,1,4650₽,1,1,0,0,100%,,4500 g,15.8 L
1122,#lexus_ux_чехол_для_авто,"汽车罩
Чехол на автомобиль",https://ir.ozone.ru/s3/multimedia-1-7/7216272367.jpg,3188₽,1,3230₽,1,1,438,4.8,100%,0%,1500 g,6 L
1123,#автомобильный_снежный_чехол,"汽车罩
Чехол на автомобиль",https://ir.ozone.ru/s3/multimedia-1-4/8314387312.jpg;https://ir.ozone.ru/s3/multimedia-1-c/9147300384.jpg;https://ir.ozone.ru/s3/multimedia-1-6/9425139234.jpg;https://ir.ozone.ru/s3/multimedia-1-z/8577574487.jpg,1750₽,1,1775₽,4,4,0,1.3,100%,0%,1900 g,35.3 L
1124,#автомобильные_защитные_ткани,"汽车罩
Чехол на автомобиль",https://ir.ozone.ru/s3/multimedia-1-4/8314387312.jpg;https://ir.ozone.ru/s3/multimedia-1-c/9147300384.jpg;https://ir.ozone.ru/s3/multimedia-1-6/9425139234.jpg;https://ir.ozone.ru/s3/multimedia-1-z/8577574487.jpg,1750₽,1,1775₽,4,4,0,1.3,100%,0%,1900 g,35.3 L
1125,#автомобильный_чехол_от_града,"汽车罩
Чехол на автомобиль",https://ir.ozone.ru/s3/multimedia-1-4/8314387312.jpg;https://ir.ozone.ru/s3/multimedia-1-c/9147300384.jpg;https://ir.ozone.ru/s3/multimedia-1-6/9425139234.jpg;https://ir.ozone.ru/s3/multimedia-1-z/8577574487.jpg,1750₽,1,1775₽,4,4,0,1.3,100%,0%,1900 g,35.3 L
1126,#зимнийпортативныйгараж,"汽车罩
Чехол на автомобиль",https://ir.ozone.ru/s3/multimedia-1-e/8240187614.jpg;https://ir.ozone.ru/s3/multimedia-1-i/8307279018.jpg;https://ir.ozone.ru/s3/multimedia-1-0/8611533792.jpg;https://ir.ozone.ru/s3/multimedia-1-n/8286310247.jpg;https://ir.ozone.ru/s3/multimedia-1-4/8240206648.jpg;https://ir.ozone.ru/s3/multimedia-1-l/8815468269.jpg;https://ir.ozone.ru/s3/multimedia-1-y/8252370970.jpg;https://ir.ozone.ru/s3/multimedia-1-k/8207741144.jpg;https://ir.ozone.ru/s3/multimedia-1-1/8306968933.jpg;https://ir.ozone.ru/s3/multimedia-1-y/8252370970.jpg,5210₽,1,7203₽,21,79,20,3.8,36%,11.8%,4915 g,32.6 L
1127,#Чехолотснегаидождя,"汽车罩
Чехол на автомобиль",https://ir.ozone.ru/s3/multimedia-1-e/8240187614.jpg;https://ir.ozone.ru/s3/multimedia-1-i/8307279018.jpg;https://ir.ozone.ru/s3/multimedia-1-c/8086270044.jpg;https://ir.ozone.ru/s3/multimedia-1-0/8611533792.jpg;https://ir.ozone.ru/s3/multimedia-1-t/8086257641.jpg;https://ir.ozone.ru/s3/multimedia-1-n/8286310247.jpg;https://ir.ozone.ru/s3/multimedia-1-4/8240206648.jpg;https://ir.ozone.ru/s3/multimedia-1-l/8815468269.jpg;https://ir.ozone.ru/s3/multimedia-1-y/8252370970.jpg;https://ir.ozone.ru/s3/multimedia-1-j/7970529115.jpg,5973₽,1,8106₽,25,97,32,3.8,29%,13.1%,5662 g,45.1 L
1128,#тёплыйгаражзимний,"汽车罩
Чехол на автомобиль",https://ir.ozone.ru/s3/multimedia-1-e/8240187614.jpg;https://ir.ozone.ru/s3/multimedia-1-i/8307279018.jpg;https://ir.ozone.ru/s3/multimedia-1-0/8611533792.jpg;https://ir.ozone.ru/s3/multimedia-1-n/8286310247.jpg;https://ir.ozone.ru/s3/multimedia-1-4/8240206648.jpg;https://ir.ozone.ru/s3/multimedia-1-l/8815468269.jpg;https://ir.ozone.ru/s3/multimedia-1-y/8252370970.jpg;https://ir.ozone.ru/s3/multimedia-1-k/8207741144.jpg;https://ir.ozone.ru/s3/multimedia-1-1/8306968933.jpg;https://ir.ozone.ru/s3/multimedia-1-y/8252370970.jpg,5210₽,1,7203₽,21,79,20,3.8,36%,11.8%,4915 g,32.6 L
1129,#Чехолдляавтоутепленный,"汽车罩
Чехол на автомобиль",https://ir.ozone.ru/s3/multimedia-1-e/8240187614.jpg;https://ir.ozone.ru/s3/multimedia-1-i/8307279018.jpg;https://ir.ozone.ru/s3/multimedia-1-0/8611533792.jpg;https://ir.ozone.ru/s3/multimedia-1-n/8286310247.jpg;https://ir.ozone.ru/s3/multimedia-1-4/8240206648.jpg;https://ir.ozone.ru/s3/multimedia-1-l/8815468269.jpg;https://ir.ozone.ru/s3/multimedia-1-y/8252370970.jpg;https://ir.ozone.ru/s3/multimedia-1-k/8207741144.jpg;https://ir.ozone.ru/s3/multimedia-1-1/8306968933.jpg;https://ir.ozone.ru/s3/multimedia-1-y/8252370970.jpg,5239₽,1,7184₽,21,81,19,3.7,35%,11.4%,4923 g,32.6 L
1130,#гараждляавтозимнийутепленный,"汽车罩
Чехол на автомобиль",https://ir.ozone.ru/s3/multimedia-1-e/8240187614.jpg;https://ir.ozone.ru/s3/multimedia-1-i/8307279018.jpg;https://ir.ozone.ru/s3/multimedia-1-0/8611533792.jpg;https://ir.ozone.ru/s3/multimedia-1-n/8286310247.jpg;https://ir.ozone.ru/s3/multimedia-1-4/8240206648.jpg;https://ir.ozone.ru/s3/multimedia-1-l/8815468269.jpg;https://ir.ozone.ru/s3/multimedia-1-y/8252370970.jpg;https://ir.ozone.ru/s3/multimedia-1-j/7970529115.jpg;https://ir.ozone.ru/s3/multimedia-1-s/7970529592.jpg;https://ir.ozone.ru/s3/multimedia-1-k/8207741144.jpg,6126₽,1,7881₽,22,90,22,3.7,29%,13%,5690 g,43.5 L
1131,#чехолнаавтомобильтентзимний,"汽车罩
Чехол на автомобиль",https://ir.ozone.ru/s3/multimedia-1-e/8240187614.jpg;https://ir.ozone.ru/s3/multimedia-1-i/8307279018.jpg;https://ir.ozone.ru/s3/multimedia-1-0/8611533792.jpg;https://ir.ozone.ru/s3/multimedia-1-n/8286310247.jpg;https://ir.ozone.ru/s3/multimedia-1-4/8240206648.jpg;https://ir.ozone.ru/s3/multimedia-1-l/8815468269.jpg;https://ir.ozone.ru/s3/multimedia-1-y/8252370970.jpg;https://ir.ozone.ru/s3/multimedia-1-k/8207741144.jpg;https://ir.ozone.ru/s3/multimedia-1-1/8306968933.jpg;https://ir.ozone.ru/s3/multimedia-1-y/8252370970.jpg,5158₽,1,7211₽,22,80,27,3.8,36%,13.1%,4879 g,32.3 L
1132,#Чехолдляавто,"汽车罩
Чехол на автомобиль",https://ir.ozone.ru/s3/multimedia-1-e/8240187614.jpg;https://ir.ozone.ru/s3/multimedia-1-i/8307279018.jpg;https://ir.ozone.ru/s3/multimedia-1-0/8611533792.jpg;https://ir.ozone.ru/s3/multimedia-1-n/8286310247.jpg;https://ir.ozone.ru/s3/multimedia-1-4/8240206648.jpg;https://ir.ozone.ru/s3/multimedia-1-l/8815468269.jpg;https://ir.ozone.ru/s3/multimedia-1-y/8252370970.jpg;https://ir.ozone.ru/s3/multimedia-1-k/8207741144.jpg;https://ir.ozone.ru/s3/multimedia-1-1/8306968933.jpg;https://ir.ozone.ru/s3/multimedia-1-y/8252370970.jpg,5240₽,1,7162₽,21,82,19,3.6,35%,11.4%,4881 g,32.4 L
1133,#тентгараждляавтомобилязимний,"汽车罩
Чехол на автомобиль",https://ir.ozone.ru/s3/multimedia-1-e/8240187614.jpg;https://ir.ozone.ru/s3/multimedia-1-i/8307279018.jpg;https://ir.ozone.ru/s3/multimedia-1-0/8611533792.jpg;https://ir.ozone.ru/s3/multimedia-1-n/8286310247.jpg;https://ir.ozone.ru/s3/multimedia-1-4/8240206648.jpg;https://ir.ozone.ru/s3/multimedia-1-l/8815468269.jpg;https://ir.ozone.ru/s3/multimedia-1-y/8252370970.jpg;https://ir.ozone.ru/s3/multimedia-1-k/8207741144.jpg;https://ir.ozone.ru/s3/multimedia-1-1/8306968933.jpg;https://ir.ozone.ru/s3/multimedia-1-y/8252370970.jpg,5210₽,1,7203₽,21,79,20,3.8,36%,11.8%,4915 g,32.6 L
1134,#Чехолдляуниверсала,"汽车罩
Чехол на автомобиль",https://ir.ozone.ru/s3/multimedia-1-e/8240187614.jpg;https://ir.ozone.ru/s3/multimedia-1-i/8307279018.jpg;https://ir.ozone.ru/s3/multimedia-1-0/8611533792.jpg;https://ir.ozone.ru/s3/multimedia-1-n/8286310247.jpg;https://ir.ozone.ru/s3/multimedia-1-4/8240206648.jpg;https://ir.ozone.ru/s3/multimedia-1-l/8815468269.jpg;https://ir.ozone.ru/s3/multimedia-1-y/8252370970.jpg;https://ir.ozone.ru/s3/multimedia-1-k/8207741144.jpg;https://ir.ozone.ru/s3/multimedia-1-1/8306968933.jpg;https://ir.ozone.ru/s3/multimedia-1-y/8252370970.jpg,5307₽,1,7351₽,20,77,20,3.6,36%,10.6%,4887 g,31.7 L
1135,#Чехолдляхетчбэка,"汽车罩
Чехол на автомобиль",https://ir.ozone.ru/s3/multimedia-1-e/8240187614.jpg;https://ir.ozone.ru/s3/multimedia-1-i/8307279018.jpg;https://ir.ozone.ru/s3/multimedia-1-0/8611533792.jpg;https://ir.ozone.ru/s3/multimedia-1-n/8286310247.jpg;https://ir.ozone.ru/s3/multimedia-1-4/8240206648.jpg;https://ir.ozone.ru/s3/multimedia-1-l/8815468269.jpg;https://ir.ozone.ru/s3/multimedia-1-y/8252370970.jpg;https://ir.ozone.ru/s3/multimedia-1-k/8207741144.jpg;https://ir.ozone.ru/s3/multimedia-1-1/8306968933.jpg;https://ir.ozone.ru/s3/multimedia-1-y/8252370970.jpg,5307₽,1,7351₽,20,77,20,3.6,36%,10.6%,4887 g,31.7 L
1136,#Чехолдляавтовнедорожников,"汽车罩
Чехол на автомобиль",https://ir.ozone.ru/s3/multimedia-1-e/8240187614.jpg;https://ir.ozone.ru/s3/multimedia-1-i/8307279018.jpg;https://ir.ozone.ru/s3/multimedia-1-0/8611533792.jpg;https://ir.ozone.ru/s3/multimedia-1-n/8286310247.jpg;https://ir.ozone.ru/s3/multimedia-1-4/8240206648.jpg;https://ir.ozone.ru/s3/multimedia-1-l/8815468269.jpg;https://ir.ozone.ru/s3/multimedia-1-y/8252370970.jpg;https://ir.ozone.ru/s3/multimedia-1-j/7970529115.jpg;https://ir.ozone.ru/s3/multimedia-1-s/7970529592.jpg;https://ir.ozone.ru/s3/multimedia-1-k/8207741144.jpg,5919₽,1,7714₽,22,88,21,3.7,31%,13.6%,5415 g,40.6 L
1137,#Двухслойн,"汽车罩
Чехол на автомобиль",https://ir.ozone.ru/s3/multimedia-1-n/7941657083.jpg;https://ir.ozone.ru/s3/multimedia-1-e/10639454810.jpg;https://ir.ozone.ru/s3/multimedia-1-i/9154808802.jpg;https://ir.ozone.ru/s3/multimedia-1-k/12541314332.jpg;https://ir.ozone.ru/s3/multimedia-1-6/7941657498.jpg;https://ir.ozone.ru/s3/multimedia-1-a/9827000434.jpg;https://ir.ozone.ru/s3/multimedia-1-1/11131769233.jpg;https://ir.ozone.ru/s3/multimedia-1-9/9507865941.jpg;https://ir.ozone.ru/s3/multimedia-1-l/9863215149.jpg,3025₽,1,3048₽,6,9,7,2.7,100%,14.3%,2710 g,43.6 L
1138,#Чехолотcнега,"汽车罩
Чехол на автомобиль",https://ir.ozone.ru/s3/multimedia-1-x/7983258009.jpg;https://ir.ozone.ru/s3/multimedia-1-w/7940538824.jpg;https://ir.ozone.ru/s3/multimedia-1-d/7988247481.jpg;https://ir.ozone.ru/s3/multimedia-1-p/7983255265.jpg;https://ir.ozone.ru/s3/multimedia-1-s/7983256348.jpg;https://ir.ozone.ru/s3/multimedia-1-9/7983256689.jpg;https://ir.ozone.ru/s3/multimedia-1-l/7983258393.jpg;https://ir.ozone.ru/s3/multimedia-1-p/7988247421.jpg,5098₽,1,5856₽,1,8,11,5,100%,0%,4500 g,21.2 L
1139,#Уличныйчехолдлямашины,"汽车罩
Чехол на автомобиль",https://ir.ozone.ru/s3/multimedia-1-x/7983258009.jpg;https://ir.ozone.ru/s3/multimedia-1-w/7940538824.jpg;https://ir.ozone.ru/s3/multimedia-1-d/7988247481.jpg;https://ir.ozone.ru/s3/multimedia-1-s/7983256348.jpg;https://ir.ozone.ru/s3/multimedia-1-p/7983255265.jpg;https://ir.ozone.ru/s3/multimedia-1-9/7983256689.jpg;https://ir.ozone.ru/s3/multimedia-1-l/7983258393.jpg;https://ir.ozone.ru/s3/multimedia-1-p/7988247421.jpg,5098₽,1,5856₽,1,8,11,5,100%,0%,4500 g,21.2 L
1140,#Автокосметикаиуход,"汽车罩
Чехол на автомобиль",https://ir.ozone.ru/s3/multimedia-1-x/7983258009.jpg;https://ir.ozone.ru/s3/multimedia-1-w/7940538824.jpg;https://ir.ozone.ru/s3/multimedia-1-d/7988247481.jpg;https://ir.ozone.ru/s3/multimedia-1-s/7983256348.jpg;https://ir.ozone.ru/s3/multimedia-1-p/7983255265.jpg;https://ir.ozone.ru/s3/multimedia-1-9/7983256689.jpg;https://ir.ozone.ru/s3/multimedia-1-l/7983258393.jpg;https://ir.ozone.ru/s3/multimedia-1-p/7988247421.jpg,5098₽,1,5856₽,1,8,11,5,100%,0%,4500 g,21.2 L
1141,#Тентдляавтомобилякроссовера,"汽车罩
Чехол на автомобиль",https://ir.ozone.ru/s3/multimedia-1-2/8771858030.jpg;https://ir.ozone.ru/s3/multimedia-1-h/8771905493.jpg;https://ir.ozone.ru/s3/multimedia-1-r/8771912451.jpg;https://ir.ozone.ru/s3/multimedia-1-w/8275759412.jpg,3664₽,1,3690₽,1,4,7,5,100%,25%,4500 g,40 L
1142,#мягкийгараждляавтозимний,"汽车罩
Чехол на автомобиль",https://ir.ozone.ru/s3/multimedia-1-2/8771858030.jpg;https://ir.ozone.ru/s3/multimedia-1-h/8771905493.jpg;https://ir.ozone.ru/s3/multimedia-1-r/8771912451.jpg;https://ir.ozone.ru/s3/multimedia-1-w/8275759412.jpg,3664₽,1,3690₽,1,4,7,5,100%,25%,4500 g,40 L
1143,#авточехол_зима,"汽车罩
Чехол на автомобиль",https://ir.ozone.ru/s3/multimedia-1-u/8451352866.jpg;https://ir.ozone.ru/s3/multimedia-1-t/8451353333.jpg;https://ir.ozone.ru/s3/multimedia-1-5/8453678729.jpg;https://ir.ozone.ru/s3/multimedia-1-8/8453681036.jpg;https://ir.ozone.ru/s3/multimedia-1-9/11328344217.jpg,9956₽,1,12587₽,3,5,3,3.9,100%,0%,4923 g,47.7 L
1144,#changan_uni_k_чехол_для_авто,"汽车罩
Чехол на автомобиль",https://ir.ozone.ru/s3/multimedia-1-h/7043800661.jpg;https://ir.ozone.ru/s3/multimedia-1-p/7027385605.jpg,4463₽,1,4424₽,2,2,814,4.9,100%,0%,3700 g,19.3 L
1145,#авто_чехол_на_автомобиль,"汽车罩
Чехол на автомобиль",https://ir.ozone.ru/s3/multimedia-1-4/12268357024.jpg,3873₽,1,3906₽,1,1,1,4,100%,,1500 g,15.8 L
1146,#чехол_для_светодиодной_балки,"汽车罩
Чехол на автомобиль",https://ir.ozone.ru/s3/multimedia-8/6734749184.jpg;https://ir.ozone.ru/s3/multimedia-8/6734749184.jpg;https://ir.ozone.ru/s3/multimedia-8/6734749184.jpg;https://ir.ozone.ru/s3/multimedia-8/6734749184.jpg;https://ir.ozone.ru/s3/multimedia-8/6734749184.jpg;https://ir.ozone.ru/s3/multimedia-8/6734749184.jpg,3423₽,1,4762₽,1,6,16,4.1,100%,0%,122 g,5 L
1147,#чехол_на_балку_80см,"汽车罩
Чехол на автомобиль",https://ir.ozone.ru/s3/multimedia-8/6734749184.jpg;https://ir.ozone.ru/s3/multimedia-8/6734749184.jpg,3013₽,1,3164₽,1,2,17,5,100%,0%,100 g,5 L
1148,#чехол_для_ледбар,"汽车罩
Чехол на автомобиль",https://ir.ozone.ru/s3/multimedia-8/6734749184.jpg;https://ir.ozone.ru/s3/multimedia-8/6734749184.jpg;https://ir.ozone.ru/s3/multimedia-8/6734749184.jpg;https://ir.ozone.ru/s3/multimedia-8/6734749184.jpg,3431₽,1,3611₽,1,4,13,3.7,100%,0%,125 g,5 L
1149,#чехол_на_прямую_балку,"汽车罩
Чехол на автомобиль",https://ir.ozone.ru/s3/multimedia-8/6734749184.jpg;https://ir.ozone.ru/s3/multimedia-8/6734749184.jpg;https://ir.ozone.ru/s3/multimedia-8/6734749184.jpg;https://ir.ozone.ru/s3/multimedia-8/6734749184.jpg,3431₽,1,3611₽,1,4,13,3.7,100%,0%,125 g,5 L
1150,#защитный_чехол_балки,"汽车罩
Чехол на автомобиль",https://ir.ozone.ru/s3/multimedia-8/6734749184.jpg,2722₽,1,2722₽,1,1,8,5,100%,0%,100 g,5 L
1151,#чехол_на_балку_80_см,"汽车罩
Чехол на автомобиль",https://ir.ozone.ru/s3/multimedia-8/6734749184.jpg,3304₽,1,3606₽,1,1,26,5,100%,,100 g,5 L
1152,#крышка_на_балку,"汽车罩
Чехол на автомобиль",https://ir.ozone.ru/s3/multimedia-8/6734749184.jpg,3304₽,1,3606₽,1,1,26,5,100%,,100 g,5 L
1153,#зимний_щит,"汽车罩
Чехол на автомобиль",https://ir.ozone.ru/s3/multimedia-1/6860141677.jpg,15336₽,1,15338₽,1,1,0,0,100%,,5500 g,49 L
1154,#Защитаотснегаильда,"汽车罩
Чехол на автомобиль",https://ir.ozone.ru/s3/multimedia-1-4/9572127484.jpg,2743₽,1,2726₽,1,1,2,4.5,100%,0%,550 g,8 L
1155,#чехол_тент_для_машины,"汽车罩
Чехол на автомобиль",https://ir.ozone.ru/s3/multimedia-1-0/7438932756.jpg,6324₽,1,6379₽,1,1,784,4.9,100%,0%,2640 g,15.4 L
1156,#солнцезащитный_автомобильный,"汽车罩
Чехол на автомобиль",https://ir.ozone.ru/s3/multimedia-1-v/7438941535.jpg,6864₽,1,6381₽,1,1,784,4.9,100%,0%,3040 g,15.4 L
1157,#тент_чехол_для_авто,"汽车罩
Чехол на автомобиль",https://ir.ozone.ru/s3/multimedia-1-7/8338198471.jpg;https://ir.ozone.ru/s3/multimedia-1-d/9424435801.jpg;https://ir.ozone.ru/s3/multimedia-1-w/8755827548.jpg;https://ir.ozone.ru/s3/multimedia-1-0/9474012792.jpg;https://ir.ozone.ru/s3/multimedia-1-4/8383972108.jpg;https://ir.ozone.ru/s3/multimedia-1-v/8587203619.jpg;https://ir.ozone.ru/s3/multimedia-1-7/8604262951.jpg;https://ir.ozone.ru/s3/multimedia-1-x/9361170465.jpg;https://ir.ozone.ru/s3/multimedia-1-i/10074174030.jpg;https://ir.ozone.ru/s3/multimedia-1-w/8753099432.jpg,3564₽,1,4618₽,8,27,1495,4.1,58%,27.5%,2779 g,18.3 L
1158,#440_190_170cm,"汽车罩
Чехол на автомобиль",https://ir.ozone.ru/s3/multimedia-1-s/7155220888.jpg,4066₽,1,4068₽,1,1,7,4.8,100%,,4100 g,36 L
1159,#chery_tiggo4_4pro_4promax,"汽车罩
Чехол на автомобиль",https://ir.ozone.ru/s3/multimedia-1-s/7155220888.jpg,4066₽,1,4068₽,1,1,7,4.8,100%,,4100 g,36 L
1160,#запчасти_bobcat,"汽车罩
Чехол на автомобиль",https://ir.ozone.ru/s3/multimedia-1-s/8756418988.jpg,3412₽,1,3427₽,1,1,1,5,100%,,2200 g,20.4 L
1161,#jetour_x70_чехол_для_авто,"汽车罩
Чехол на автомобиль",https://ir.ozone.ru/s3/multimedia-1-9/7087166937.jpg,4168₽,1,4168₽,1,1,14,0,100%,0%,3600 g,19.3 L
1162,#Надежная_защита_для_авто,"汽车罩
Чехол на автомобиль",https://ir.ozone.ru/s3/multimedia-1-0/9571217400.jpg,2063₽,1,2081₽,1,1,3,5,100%,0%,2001 g,17.5 L
1163,#Крышкадляавтомобиля,"汽车罩
Чехол на автомобиль",https://ir.ozone.ru/s3/multimedia-1-2/8831476946.jpg,1574₽,1,1596₽,1,1,2,5,100%,0%,1800 g,19.8 L
1164,#bmw_x7_чехол_для_авто,"汽车罩
Чехол на автомобиль",https://ir.ozone.ru/s3/multimedia-1-o/7136327184.jpg,4511₽,1,4511₽,1,1,47,4.9,100%,0%,3900 g,19.3 L
1165,#солнцаидождя,"汽车罩
Чехол на автомобиль",https://ir.ozone.ru/s3/multimedia-1-y/7068121306.jpg,3252₽,1,3246₽,1,1,141,4.9,100%,0%,1000 g,5.3 L
1166,#АвтоПокрывало,"汽车罩
Чехол на автомобиль",https://ir.ozone.ru/s3/multimedia-1-t/11053560521.jpg;https://ir.ozone.ru/s3/multimedia-1-y/10185264790.jpg;https://ir.ozone.ru/s3/multimedia-1-q/8878037642.jpg,549₽,1,559₽,3,3,4,1.5,100%,,370 g,8 L
1167,#для_Чанган_ЦС35_Плюс,"汽车罩
Чехол на автомобиль",https://ir.ozone.ru/s3/multimedia-1-s/7949560384.jpg,4445₽,1,4445₽,1,1,,0,100%,0%,9000 g,60 L
1168,#Чанган_ЦС35_Плюс_деталь,"汽车罩
Чехол на автомобиль",https://ir.ozone.ru/s3/multimedia-1-s/7949560384.jpg,4445₽,1,4445₽,1,1,,0,100%,0%,9000 g,60 L
1169,#Чанган_ЦС35_Плюс,"汽车罩
Чехол на автомобиль",https://ir.ozone.ru/s3/multimedia-1-s/7949560384.jpg,4445₽,1,4445₽,1,1,,0,100%,0%,9000 g,60 L
1170,#получехол,"汽车罩
Чехол на автомобиль",https://ir.ozone.ru/s3/multimedia-1-s/10865001700.jpg;https://ir.ozone.ru/s3/multimedia-g/6400685020.jpg;https://ir.ozone.ru/s3/multimedia-1-x/8840366349.jpg,2237₽,1,2516₽,3,3,1,3.3,100%,0%,1467 g,6.6 L
1171,#зимний_чехол_для_машины,"汽车罩
Чехол на автомобиль",https://ir.ozone.ru/s3/multimedia-1-e/8137550390.jpg;https://ir.ozone.ru/s3/multimedia-1-i/11287493730.jpg;https://ir.ozone.ru/s3/multimedia-1-8/7413687512.jpg,5928₽,1,6206₽,3,3,40,3.2,100%,0%,4004 g,49.9 L
1172,#портативный_зимний_гараж,"汽车罩
Чехол на автомобиль",https://ir.ozone.ru/s3/multimedia-1-e/8137550390.jpg,13835₽,1,14803₽,1,1,116,4.7,100%,0%,9800 g,127.1 L
1173,#чехол_автомобильный_xl,"汽车罩
Чехол на автомобиль",https://ir.ozone.ru/s3/multimedia-1-e/8137550390.jpg,13835₽,1,14803₽,1,1,116,4.7,100%,0%,9800 g,127.1 L
1174,#чехол_автомобильный_l,"汽车罩
Чехол на автомобиль",https://ir.ozone.ru/s3/multimedia-1-e/8137550390.jpg,13835₽,1,14803₽,1,1,116,4.7,100%,0%,9800 g,127.1 L
1175,#чехол_автомобильный_брезент,"汽车罩
Чехол на автомобиль",https://ir.ozone.ru/s3/multimedia-1-e/8137550390.jpg,13835₽,1,14803₽,1,1,116,4.7,100%,0%,9800 g,127.1 L
1176,#летний_чехол_для_авто,"汽车罩
Чехол на автомобиль",https://ir.ozone.ru/s3/multimedia-1-i/11287493730.jpg;https://ir.ozone.ru/s3/multimedia-1-8/7413687512.jpg,1975₽,1,1908₽,2,2,2,2.5,100%,0%,1106 g,11.3 L
1177,#чехол_для_авто_на_улицу,"汽车罩
Чехол на автомобиль",https://ir.ozone.ru/s3/multimedia-1-i/11287493730.jpg;https://ir.ozone.ru/s3/multimedia-1-8/7413687512.jpg,1975₽,1,1908₽,2,2,2,2.5,100%,0%,1106 g,11.3 L
1178,#чехол_от_листьев,"汽车罩
Чехол на автомобиль",https://ir.ozone.ru/s3/multimedia-1-i/11287493730.jpg;https://ir.ozone.ru/s3/multimedia-1-8/7413687512.jpg,1975₽,1,1908₽,2,2,2,2.5,100%,0%,1106 g,11.3 L
1179,#удобный_чехол_для_машины,"汽车罩
Чехол на автомобиль",https://ir.ozone.ru/s3/multimedia-1-i/11287493730.jpg;https://ir.ozone.ru/s3/multimedia-1-8/7413687512.jpg,1975₽,1,1908₽,2,2,2,2.5,100%,0%,1106 g,11.3 L
1180,#легкий_чехол_для_машины,"汽车罩
Чехол на автомобиль",https://ir.ozone.ru/s3/multimedia-1-i/11287493730.jpg;https://ir.ozone.ru/s3/multimedia-1-8/7413687512.jpg,1975₽,1,1908₽,2,2,2,2.5,100%,0%,1106 g,11.3 L
1181,#уличная_защита_авто,"汽车罩
Чехол на автомобиль",https://ir.ozone.ru/s3/multimedia-1-i/11287493730.jpg;https://ir.ozone.ru/s3/multimedia-1-8/7413687512.jpg,1975₽,1,1908₽,2,2,2,2.5,100%,0%,1106 g,11.3 L
1182,#чехол_для_авто_против_птиц,"汽车罩
Чехол на автомобиль",https://ir.ozone.ru/s3/multimedia-1-i/11287493730.jpg;https://ir.ozone.ru/s3/multimedia-1-8/7413687512.jpg,1975₽,1,1908₽,2,2,2,2.5,100%,0%,1106 g,11.3 L
1183,#чехол_для_авто_универсальный,"汽车罩
Чехол на автомобиль",https://ir.ozone.ru/s3/multimedia-1-i/11287493730.jpg;https://ir.ozone.ru/s3/multimedia-1-8/7413687512.jpg,1975₽,1,1908₽,2,2,2,2.5,100%,0%,1106 g,11.3 L
1184,#защитный_тент_для_авто,"汽车罩
Чехол на автомобиль",https://ir.ozone.ru/s3/multimedia-1-i/11287493730.jpg;https://ir.ozone.ru/s3/multimedia-1-8/7413687512.jpg,1975₽,1,1908₽,2,2,2,2.5,100%,0%,1106 g,11.3 L
1185,#защита_авто_на_улице,"汽车罩
Чехол на автомобиль",https://ir.ozone.ru/s3/multimedia-1-o/8221691112.jpg;https://ir.ozone.ru/s3/multimedia-1-b/9716168819.jpg;https://ir.ozone.ru/s3/multimedia-1-0/9679595148.jpg;https://ir.ozone.ru/s3/multimedia-1-u/9838114050.jpg;https://ir.ozone.ru/s3/multimedia-1-m/9697959130.jpg;https://ir.ozone.ru/s3/multimedia-1-p/9667253077.jpg;https://ir.ozone.ru/s3/multimedia-1-n/9680015039.jpg;https://ir.ozone.ru/s3/multimedia-1-s/10404397468.jpg;https://ir.ozone.ru/s3/multimedia-1-w/8221688456.jpg;https://ir.ozone.ru/s3/multimedia-1-x/8221691481.jpg,3337₽,1,3563₽,2,11,1,3.1,93%,0%,1705 g,14.7 L
1186,#дляснегаильда,"汽车罩
Чехол на автомобиль",https://ir.ozone.ru/s3/multimedia-1-5/11721294401.jpg,2291₽,1,2321₽,1,1,1,5,100%,0%,1000 g,24 L
1187,#АвтомобильныйчехолЛада,"汽车罩
Чехол на автомобиль",https://ir.ozone.ru/s3/multimedia-1-r/8175251979.jpg,5584₽,1,5598₽,1,1,4,5,100%,0%,4500 g,15.8 L
1188,#зимнийчехолдляЛада,"汽车罩
Чехол на автомобиль",https://ir.ozone.ru/s3/multimedia-1-r/8175251979.jpg,5584₽,1,5598₽,1,1,4,5,100%,0%,4500 g,15.8 L
1189,#тентдляавтомобиляЛада,"汽车罩
Чехол на автомобиль",https://ir.ozone.ru/s3/multimedia-1-r/8175251979.jpg,5584₽,1,5598₽,1,1,4,5,100%,0%,4500 g,15.8 L
1190,#чехолнаавтомобильтойота,"汽车罩
Чехол на автомобиль",https://ir.ozone.ru/s3/multimedia-1-n/8344538015.jpg;https://ir.ozone.ru/s3/multimedia-1-j/8344538407.jpg,5782₽,1,5816₽,1,2,13,4.5,100%,0%,4500 g,12.6 L
1191,#чехолдляавтомобилятойота,"汽车罩
Чехол на автомобиль",https://ir.ozone.ru/s3/multimedia-1-n/8344538015.jpg;https://ir.ozone.ru/s3/multimedia-1-j/8344538407.jpg,5782₽,1,5816₽,1,2,13,4.5,100%,0%,4500 g,12.6 L
1192,#тентдляавтомобилятойота,"汽车罩
Чехол на автомобиль",https://ir.ozone.ru/s3/multimedia-1-n/8344538015.jpg;https://ir.ozone.ru/s3/multimedia-1-j/8344538407.jpg,5782₽,1,5816₽,1,2,13,4.5,100%,0%,4500 g,12.6 L
1193,#авточехолтойота,"汽车罩
Чехол на автомобиль",https://ir.ozone.ru/s3/multimedia-1-n/8344538015.jpg;https://ir.ozone.ru/s3/multimedia-1-j/8344538407.jpg,5782₽,1,5816₽,1,2,13,4.5,100%,0%,4500 g,12.6 L
1194,#чехолавтомобиляуниверсальный,"汽车罩
Чехол на автомобиль",https://ir.ozone.ru/s3/multimedia-1-m/8673589282.jpg;https://ir.ozone.ru/s3/multimedia-1-n/8344538015.jpg;https://ir.ozone.ru/s3/multimedia-1-j/8344538407.jpg,6134₽,1,6284₽,1,3,9,4.7,100%,0%,4500 g,12.6 L
1195,#парковка_зимой,"汽车罩
Чехол на автомобиль",https://ir.ozone.ru/s3/multimedia-1-5/8864745017.jpg,472₽,1,472₽,1,1,21,4.7,100%,0%,450 g,10.5 L
1196,#ПежоТравелер,"汽车罩
Чехол на автомобиль",https://ir.ozone.ru/s3/multimedia-1-r/8283255183.jpg,4619₽,1,4671₽,1,1,0,0,100%,,2700 g,28.4 L
1197,#lixiang_l9_чехол_для_авто,"汽车罩
Чехол на автомобиль",https://ir.ozone.ru/s3/multimedia-1-n/7161754667.jpg,4456₽,1,4531₽,1,1,47,4.9,100%,100%,3900 g,19.3 L
1198,#УтеплённыйЧехол,"汽车罩
Чехол на автомобиль",https://ir.ozone.ru/s3/multimedia-1-5/8709277613.jpg,1369₽,1,1378₽,1,1,0,0,100%,0%,960 g,60 L
1199,#чехлынаcrv,"汽车罩
Чехол на автомобиль",https://ir.ozone.ru/s3/multimedia-1-x/11008325337.jpg,3247₽,1,3272₽,1,1,26,4.8,100%,0%,3500 g,12 L
1200,#crv3тюнинг,"汽车罩
Чехол на автомобиль",https://ir.ozone.ru/s3/multimedia-1-x/11008325337.jpg,3247₽,1,3272₽,1,1,26,4.8,100%,0%,3500 g,12 L
1201,#чехлыcrv3,"汽车罩
Чехол на автомобиль",https://ir.ozone.ru/s3/multimedia-1-x/11008325337.jpg,3247₽,1,3272₽,1,1,26,4.8,100%,0%,3500 g,12 L
1202,#suvчехол_для_авто,"汽车罩
Чехол на автомобиль",https://ir.ozone.ru/s3/multimedia-1-r/6993596295.jpg;https://ir.ozone.ru/s3/multimedia-1-6/7058042430.jpg;https://ir.ozone.ru/s3/multimedia-1-a/7058018962.jpg,3152₽,1,3166₽,1,3,1121,3.2,100%,0%,1500 g,6.3 L
1203,#кроссовера_чехол_для_авто,"汽车罩
Чехол на автомобиль",https://ir.ozone.ru/s3/multimedia-1-r/6993596295.jpg;https://ir.ozone.ru/s3/multimedia-1-6/7058042430.jpg;https://ir.ozone.ru/s3/multimedia-1-a/7058018962.jpg,3152₽,1,3166₽,1,3,1121,3.2,100%,0%,1500 g,6.3 L
1204,#чехол_для_защиты_машины,"汽车罩
Чехол на автомобиль",https://ir.ozone.ru/s3/multimedia-1-r/6993596295.jpg;https://ir.ozone.ru/s3/multimedia-1-6/7058042430.jpg;https://ir.ozone.ru/s3/multimedia-1-a/7058018962.jpg,3152₽,1,3166₽,1,3,1121,3.2,100%,0%,1500 g,6.3 L
1205,#Антиградовый_чехол,"汽车罩
Чехол на автомобиль",https://ir.ozone.ru/s3/multimedia-1-l/8736318165.jpg,3977₽,1,3923₽,1,1,60,4.8,100%,0%,2500 g,18 L
1206,#PEVA_чехол_для_авто,"汽车罩
Чехол на автомобиль",https://ir.ozone.ru/s3/multimedia-1-l/8736318165.jpg,3977₽,1,3923₽,1,1,60,4.8,100%,0%,2500 g,18 L
1207,#чехолдляавтомобиляToyota,"汽车罩
Чехол на автомобиль",https://ir.ozone.ru/s3/multimedia-1-n/8344538015.jpg;https://ir.ozone.ru/s3/multimedia-1-j/8344538407.jpg,5782₽,1,5816₽,1,2,13,4.5,100%,0%,4500 g,12.6 L
1208,#чехолнаавтомобильToyota,"汽车罩
Чехол на автомобиль",https://ir.ozone.ru/s3/multimedia-1-n/8344538015.jpg;https://ir.ozone.ru/s3/multimedia-1-j/8344538407.jpg,5782₽,1,5816₽,1,2,13,4.5,100%,0%,4500 g,12.6 L
1209,#авточехолToyota,"汽车罩
Чехол на автомобиль",https://ir.ozone.ru/s3/multimedia-1-n/8344538015.jpg;https://ir.ozone.ru/s3/multimedia-1-j/8344538407.jpg,5782₽,1,5816₽,1,2,13,4.5,100%,0%,4500 g,12.6 L
1210,#тентдляавтомобиляToyota,"汽车罩
Чехол на автомобиль",https://ir.ozone.ru/s3/multimedia-1-n/8344538015.jpg;https://ir.ozone.ru/s3/multimedia-1-j/8344538407.jpg,5782₽,1,5816₽,1,2,13,4.5,100%,0%,4500 g,12.6 L
1211,#ToyotaRAV4xa40,"汽车罩
Чехол на автомобиль",https://ir.ozone.ru/s3/multimedia-1-j/8344538407.jpg,5521₽,1,5589₽,1,1,13,4.5,100%,0%,4500 g,12.6 L
1212,#RAV4xa40,"汽车罩
Чехол на автомобиль",https://ir.ozone.ru/s3/multimedia-1-j/8344538407.jpg,5521₽,1,5589₽,1,1,13,4.5,100%,0%,4500 g,12.6 L
1213,#чехолдляавтомобиляRAV4xa40,"汽车罩
Чехол на автомобиль",https://ir.ozone.ru/s3/multimedia-1-j/8344538407.jpg,5521₽,1,5589₽,1,1,13,4.5,100%,0%,4500 g,12.6 L
1214,#чехолдляавтомобилярав4xa40,"汽车罩
Чехол на автомобиль",https://ir.ozone.ru/s3/multimedia-1-j/8344538407.jpg,5521₽,1,5589₽,1,1,13,4.5,100%,0%,4500 g,12.6 L
1215,#тентдляавтомобиляRAV4xa40,"汽车罩
Чехол на автомобиль",https://ir.ozone.ru/s3/multimedia-1-j/8344538407.jpg,5521₽,1,5589₽,1,1,13,4.5,100%,0%,4500 g,12.6 L
1216,#тентдляавтомобилярав4xa40,"汽车罩
Чехол на автомобиль",https://ir.ozone.ru/s3/multimedia-1-j/8344538407.jpg,5521₽,1,5589₽,1,1,13,4.5,100%,0%,4500 g,12.6 L
1217,#чехолнаавтомобильрав4xa40,"汽车罩
Чехол на автомобиль",https://ir.ozone.ru/s3/multimedia-1-j/8344538407.jpg,5521₽,1,5589₽,1,1,13,4.5,100%,0%,4500 g,12.6 L
1218,#авточехолтойотарав4xa40,"汽车罩
Чехол на автомобиль",https://ir.ozone.ru/s3/multimedia-1-j/8344538407.jpg,5521₽,1,5589₽,1,1,13,4.5,100%,0%,4500 g,12.6 L
1219,#чехолнаавтомобильRAV4xa40,"汽车罩
Чехол на автомобиль",https://ir.ozone.ru/s3/multimedia-1-j/8344538407.jpg,5521₽,1,5589₽,1,1,13,4.5,100%,0%,4500 g,12.6 L
1220,#авточехолToyotaRAV4xa40,"汽车罩
Чехол на автомобиль",https://ir.ozone.ru/s3/multimedia-1-j/8344538407.jpg,5521₽,1,5589₽,1,1,13,4.5,100%,0%,4500 g,12.6 L
1221,#honda_cr_v_чехол_для_авто,"汽车罩
Чехол на автомобиль",https://ir.ozone.ru/s3/multimedia-1-d/7335828301.jpg;https://ir.ozone.ru/s3/multimedia-1-s/7130407060.jpg,3261₽,1,3256₽,1,2,77,4.8,100%,0%,1650 g,5.3 L
1222,#колпачок_на_прицеп,"汽车罩
Чехол на автомобиль",https://ir.ozone.ru/s3/multimedia-1-n/9802933007.jpg;https://ir.ozone.ru/s3/multimedia-1-j/9803031643.jpg;https://ir.ozone.ru/s3/multimedia-1-2/9803022914.jpg;https://ir.ozone.ru/s3/multimedia-1-j/9803021599.jpg;https://ir.ozone.ru/s3/multimedia-1-5/9803020217.jpg;https://ir.ozone.ru/s3/multimedia-1-0/9803108664.jpg;https://ir.ozone.ru/s3/multimedia-1-8/9803109392.jpg;https://ir.ozone.ru/s3/multimedia-1-m/8277376162.jpg,724₽,1,723₽,3,8,1,2.2,100%,0%,411 g,21.2 L
1223,#чехолнаРеноЛоган,"汽车罩
Чехол на автомобиль",https://ir.ozone.ru/s3/multimedia-1-u/8306789574.jpg,4620₽,1,4671₽,1,1,2,5,100%,,2700 g,28.4 L
1224,#чехолнаRenaultLogan,"汽车罩
Чехол на автомобиль",https://ir.ozone.ru/s3/multimedia-1-u/8306789574.jpg,4620₽,1,4671₽,1,1,2,5,100%,,2700 g,28.4 L
1225,#чехолнаLexusRX350,"汽车罩
Чехол на автомобиль",https://ir.ozone.ru/s3/multimedia-1-0/8555834700.jpg,4076₽,1,4171₽,1,1,1,5,100%,0%,2600 g,29.5 L
1226,#чехолнаЛексусРХ350,"汽车罩
Чехол на автомобиль",https://ir.ozone.ru/s3/multimedia-1-0/8555834700.jpg,4076₽,1,4171₽,1,1,1,5,100%,0%,2600 g,29.5 L
1227,#чехолнаАудиКу5,"汽车罩
Чехол на автомобиль",https://ir.ozone.ru/s3/multimedia-1-r/7992904995.jpg,4620₽,1,4671₽,1,1,4,4.6,100%,0%,2600 g,29.5 L
1228,#чехолнаAudiQ5,"汽车罩
Чехол на автомобиль",https://ir.ozone.ru/s3/multimedia-1-r/7992904995.jpg,4620₽,1,4671₽,1,1,4,4.6,100%,0%,2600 g,29.5 L
1229,#чехолнаКиаРио,"汽车罩
Чехол на автомобиль",https://ir.ozone.ru/s3/multimedia-1-9/7910008425.jpg,4671₽,1,4671₽,1,1,8,4.5,100%,0%,2500 g,26.9 L
1230,#чехолнаKiaRio,"汽车罩
Чехол на автомобиль",https://ir.ozone.ru/s3/multimedia-1-9/7910008425.jpg,4671₽,1,4671₽,1,1,8,4.5,100%,0%,2500 g,26.9 L
1231,#чехолнаToyotaCamry,"汽车罩
Чехол на автомобиль",https://ir.ozone.ru/s3/multimedia-1-n/7917134459.jpg,4620₽,1,4671₽,1,1,1,5,100%,,2600 g,29.5 L
1232,#чехолнаТойотаКамри,"汽车罩
Чехол на автомобиль",https://ir.ozone.ru/s3/multimedia-1-n/7917134459.jpg,4620₽,1,4671₽,1,1,1,5,100%,,2600 g,29.5 L
1233,#чехолнаJaecooJ7,"汽车罩
Чехол на автомобиль",https://ir.ozone.ru/s3/multimedia-1-2/7845796478.jpg,4375₽,1,4375₽,1,1,3,0,100%,0%,2700 g,24.7 L
1234,#чехолнаДжейкуЖ7,"汽车罩
Чехол на автомобиль",https://ir.ozone.ru/s3/multimedia-1-2/7845796478.jpg,4375₽,1,4375₽,1,1,3,0,100%,0%,2700 g,24.7 L
1235,#ВодонепроницаемоеПокрывало,"汽车罩
Чехол на автомобиль",https://ir.ozone.ru/s3/multimedia-1-t/11053560521.jpg;https://ir.ozone.ru/s3/multimedia-1-y/10185264790.jpg;https://ir.ozone.ru/s3/multimedia-1-q/8878037642.jpg,549₽,1,559₽,3,3,4,1.5,100%,,370 g,8 L
1236,#avensist270,"汽车罩
Чехол на автомобиль",https://ir.ozone.ru/s3/multimedia-1-i/8204490234.jpg,1032₽,1,1039₽,1,1,0,0,100%,,470 g,11.8 L
1237,#Чанган_ЦС75_Плюс,"汽车罩
Чехол на автомобиль",https://ir.ozone.ru/s3/multimedia-1-o/8566155888.jpg;https://ir.ozone.ru/s3/multimedia-1-a/8566172794.jpg;https://ir.ozone.ru/s3/multimedia-1-x/9685109445.jpg;https://ir.ozone.ru/s3/multimedia-1-5/9768858161.jpg,2706₽,1,3448₽,4,4,2,2.4,100%,0%,9000 g,60 L
1238,#для_Чанган_ЦС75_Плюс,"汽车罩
Чехол на автомобиль",https://ir.ozone.ru/s3/multimedia-1-o/8566155888.jpg;https://ir.ozone.ru/s3/multimedia-1-a/8566172794.jpg;https://ir.ozone.ru/s3/multimedia-1-x/9685109445.jpg;https://ir.ozone.ru/s3/multimedia-1-5/9768858161.jpg,2706₽,1,3448₽,4,4,2,2.4,100%,0%,9000 g,60 L
1239,#чехолнаOMODAC7,"汽车罩
Чехол на автомобиль",https://ir.ozone.ru/s3/multimedia-1-v/8143128643.jpg,4620₽,1,4671₽,1,1,2,5,100%,,2600 g,29.5 L
1240,#чехолнаОмодаС7,"汽车罩
Чехол на автомобиль",https://ir.ozone.ru/s3/multimedia-1-v/8143128643.jpg,4620₽,1,4671₽,1,1,2,5,100%,,2600 g,29.5 L
1241,#чехол_зимний_на_автомобиль,"汽车罩
Чехол на автомобиль",https://ir.ozone.ru/s3/multimedia-1-6/8441279358.jpg;https://ir.ozone.ru/s3/multimedia-1-0/8441279172.jpg;https://ir.ozone.ru/s3/multimedia-1-6/wc1000/8441279358.jpg;https://ir.ozone.ru/s3/multimedia-1-n/8652096635.jpg;https://ir.ozone.ru/s3/multimedia-1-0/11273563260.jpg;https://ir.ozone.ru/s3/multimedia-1-i/10098864270.jpg,1531₽,1,1537₽,4,6,5,3.1,100%,80%,1210 g,20.8 L
1242,#Чехолнаавтомобильпикап,"汽车罩
Чехол на автомобиль",https://ir.ozone.ru/s3/multimedia-1-g/8379631492.jpg,5557₽,1,5415₽,1,1,3,5,100%,,4050 g,24.8 L
1243,#Защита_от_птичьего_помета,"汽车罩
Чехол на автомобиль",https://ir.ozone.ru/s3/multimedia-1-p/8629645345.jpg,800₽,1,806₽,1,1,5,5,100%,0%,700 g,6.3 L
1244,#Черныйкапюшон,"汽车罩
Чехол на автомобиль",https://ir.ozone.ru/s3/multimedia-1-o/9154617252.jpg,2648₽,1,2614₽,1,1,0,0,100%,,1600 g,22.1 L
1245,#тент_на_JaecooJ7,"汽车罩
Чехол на автомобиль",https://ir.ozone.ru/s3/multimedia-1-2/7845796478.jpg,4375₽,1,4375₽,1,1,3,0,100%,0%,2700 g,24.7 L
1246,#тент_на_ДжейкуЖ7,"汽车罩
Чехол на автомобиль",https://ir.ozone.ru/s3/multimedia-1-2/7845796478.jpg,4375₽,1,4375₽,1,1,3,0,100%,0%,2700 g,24.7 L
1247,#тент_на_ToyotaCamry,"汽车罩
Чехол на автомобиль",https://ir.ozone.ru/s3/multimedia-1-y/7799115022.jpg,4619₽,1,4672₽,1,1,10,5,100%,0%,2500 g,26.9 L
1248,#тент_на_ТойотаКамри,"汽车罩
Чехол на автомобиль",https://ir.ozone.ru/s3/multimedia-1-y/7799115022.jpg,4619₽,1,4672₽,1,1,10,5,100%,0%,2500 g,26.9 L
1249,#тент_на_ТойотаАллион,"汽车罩
Чехол на автомобиль",https://ir.ozone.ru/s3/multimedia-1-l/7819901445.jpg,4619₽,1,4672₽,1,1,10,5,100%,0%,2500 g,26.9 L
1250,#тент_на_ToyotaAllion,"汽车罩
Чехол на автомобиль",https://ir.ozone.ru/s3/multimedia-1-l/7819901445.jpg,4619₽,1,4672₽,1,1,10,5,100%,0%,2500 g,26.9 L
1251,#Для_Дома_И_Авто,"汽车罩
Чехол на автомобиль",https://ir.ozone.ru/s3/multimedia-1-u/7047005286.jpg,3702₽,1,3771₽,1,1,1,5,100%,,3600 g,4 L
1252,#suv_чехол_на_автомобиль,"汽车罩
Чехол на автомобиль",https://ir.ozone.ru/s3/multimedia-1-2/6978841166.jpg,3395₽,1,3567₽,1,1,4713,4.8,100%,,1700 g,7 L
1253,#чехол_на_внедорожник,"汽车罩
Чехол на автомобиль",https://ir.ozone.ru/s3/multimedia-1-e/10472190350.jpg,1221₽,1,1215₽,1,1,2,4,100%,0%,1500 g,11.7 L
1254,#Умные_Покупки,"汽车罩
Чехол на автомобиль",https://ir.ozone.ru/s3/multimedia-1-l/12517650273.jpg;https://ir.ozone.ru/s3/multimedia-1-u/7047005286.jpg;https://ir.ozone.ru/s3/multimedia-1-x/10183389873.jpg,3183₽,1,3184₽,3,3,0,1.7,100%,0%,2400 g,10.8 L
1255,#тент_на_ШкодаСуперб,"汽车罩
Чехол на автомобиль",https://ir.ozone.ru/s3/multimedia-1-j/8276769667.jpg,4613₽,1,4530₽,1,1,2,5,100%,,2500 g,26.9 L
1256,#тент_на_SkodaSuperb,"汽车罩
Чехол на автомобиль",https://ir.ozone.ru/s3/multimedia-1-j/8276769667.jpg,4613₽,1,4530₽,1,1,2,5,100%,,2500 g,26.9 L
1257,#ЗащитныйчехолGM,"汽车罩
Чехол на автомобиль",https://ir.ozone.ru/s3/multimedia-1-w/7784962448.jpg;https://ir.ozone.ru/s3/multimedia-1-s/7784962444.jpg;https://ir.ozone.ru/s3/multimedia-1-l/7784962041.jpg;https://ir.ozone.ru/s3/multimedia-1-n/7785049055.jpg;https://ir.ozone.ru/s3/multimedia-1-s/7784961976.jpg;https://ir.ozone.ru/s3/multimedia-1-f/7785061719.jpg,4901₽,1,6573₽,1,6,63,3.8,100%,0%,4980 g,80 L
1258,#Защитаотморозаиснега,"汽车罩
Чехол на автомобиль",https://ir.ozone.ru/s3/multimedia-1-w/7784962448.jpg;https://ir.ozone.ru/s3/multimedia-1-s/7784962444.jpg;https://ir.ozone.ru/s3/multimedia-1-l/7784962041.jpg;https://ir.ozone.ru/s3/multimedia-1-n/7785049055.jpg;https://ir.ozone.ru/s3/multimedia-1-s/7784961976.jpg;https://ir.ozone.ru/s3/multimedia-1-f/7785061719.jpg,4901₽,1,6573₽,1,6,63,3.8,100%,0%,4980 g,80 L
1259,#Защитнаякраскаотцарапин,"汽车罩
Чехол на автомобиль",https://ir.ozone.ru/s3/multimedia-1-w/7784962448.jpg;https://ir.ozone.ru/s3/multimedia-1-s/7784962444.jpg;https://ir.ozone.ru/s3/multimedia-1-l/7784962041.jpg;https://ir.ozone.ru/s3/multimedia-1-n/7785049055.jpg;https://ir.ozone.ru/s3/multimedia-1-s/7784961976.jpg;https://ir.ozone.ru/s3/multimedia-1-f/7785061719.jpg,4901₽,1,6573₽,1,6,63,3.8,100%,0%,4980 g,80 L
1260,#vesta_universal,"汽车罩
Чехол на автомобиль",https://ir.ozone.ru/s3/multimedia-1-x/10111188957.jpg;https://ir.ozone.ru/s3/multimedia-1-2/10111188998.jpg,4584₽,1,4627₽,1,2,1,5,100%,0%,5500 g,50.5 L
1261,#тент_на_ЛексусЖХ460,"汽车罩
Чехол на автомобиль",https://ir.ozone.ru/s3/multimedia-1-0/8176957992.jpg,4620₽,1,4671₽,1,1,1,5,100%,,2500 g,26.9 L
1262,#тент_на_LexusGX460,"汽车罩
Чехол на автомобиль",https://ir.ozone.ru/s3/multimedia-1-0/8176957992.jpg,4620₽,1,4671₽,1,1,1,5,100%,,2500 g,26.9 L
1263,#elantra_галогенныефары,"汽车罩
Чехол на автомобиль",https://ir.ozone.ru/s3/multimedia-1-v/9368059099.jpg;https://ir.ozone.ru/s3/multimedia-1-x/7301379525.jpg,5781₽,1,4967₽,2,2,1,4.5,100%,,1743 g,23.8 L
1264,#elantra_ксеноновыефары,"汽车罩
Чехол на автомобиль",https://ir.ozone.ru/s3/multimedia-1-x/7301379525.jpg,1043₽,1,1051₽,1,1,1,4,100%,,485 g,12.5 L
1265,#elantraxd_накидка_на_панель,"汽车罩
Чехол на автомобиль",https://ir.ozone.ru/s3/multimedia-1-x/7301379525.jpg,1043₽,1,1051₽,1,1,1,4,100%,,485 g,12.5 L
1266,#элантра_Xd_акссесуары,"汽车罩
Чехол на автомобиль",https://ir.ozone.ru/s3/multimedia-1-x/7301379525.jpg,1043₽,1,1051₽,1,1,1,4,100%,,485 g,12.5 L
1267,#тент_для_автомобил,"汽车罩
Чехол на автомобиль",https://ir.ozone.ru/s3/multimedia-1-j/9096551155.jpg,2278₽,1,2314₽,1,1,7,4.5,100%,,2100 g,22.5 L
1268,#защита_авто_от_града,"汽车罩
Чехол на автомобиль",https://ir.ozone.ru/s3/multimedia-1-u/8451352866.jpg;https://ir.ozone.ru/s3/multimedia-1-t/8451353333.jpg;https://ir.ozone.ru/s3/multimedia-1-5/8453678729.jpg;https://ir.ozone.ru/s3/multimedia-1-8/8453681036.jpg;https://ir.ozone.ru/s3/multimedia-1-9/11328344217.jpg,9956₽,1,12587₽,3,5,3,3.9,100%,0%,4923 g,47.7 L
1269,#Полезный_Аксессуар,"汽车罩
Чехол на автомобиль",https://ir.ozone.ru/s3/multimedia-1-u/7047005286.jpg,3702₽,1,3771₽,1,1,1,5,100%,,3600 g,4 L
1270,#чехолотналеди,"汽车罩
Чехол на автомобиль",https://ir.ozone.ru/s3/multimedia-1-m/10477438654.jpg,4809₽,1,4809₽,1,1,134,4.6,100%,0%,500 g,30 L
1271,#Хавал_Биг_Дог_х,"汽车罩
Чехол на автомобиль",https://ir.ozone.ru/s3/multimedia-1-e/7946303126.jpg,4968₽,1,5099₽,1,1,0,0,100%,0%,9000 g,60 L
1272,#Большая_собака_Хавал,"汽车罩
Чехол на автомобиль",https://ir.ozone.ru/s3/multimedia-1-e/7946303126.jpg,4968₽,1,5099₽,1,1,0,0,100%,0%,9000 g,60 L
1273,#для_Хавал_Биг_Дог_х,"汽车罩
Чехол на автомобиль",https://ir.ozone.ru/s3/multimedia-1-e/7946303126.jpg,4968₽,1,5099₽,1,1,0,0,100%,0%,9000 g,60 L
1274,#Тент_автомобильный,"汽车罩
Чехол на автомобиль",https://ir.ozone.ru/s3/multimedia-1-n/11481124703.jpg;https://ir.ozone.ru/s3/multimedia-1-7/11823410959.jpg;https://ir.ozone.ru/s3/multimedia-1-k/11626383908.jpg;https://ir.ozone.ru/s3/multimedia-1-j/11557938763.jpg,2613₽,1,2879₽,3,4,0,0,100%,0%,1387 g,13.1 L
1275,#защита_отсолнца,"汽车罩
Чехол на автомобиль",https://ir.ozone.ru/s3/multimedia-1-w/10849360532.jpg,1281₽,1,1310₽,1,1,0,0,100%,,2200 g,9.8 L
1276,#чехлы_на_веста,"汽车罩
Чехол на автомобиль",https://ir.ozone.ru/s3/multimedia-1-7/7060380379.jpg;https://ir.ozone.ru/s3/multimedia-1-r/7061182299.jpg,2929₽,1,2977₽,1,2,42,5,100%,0%,1100 g,16.3 L
1277,#тент_на_Ньюстар1,"汽车罩
Чехол на автомобиль",https://ir.ozone.ru/s3/multimedia-1-m/10154607214.jpg,3596₽,1,3562₽,1,1,0,0,100%,,2500 g,26.9 L
1278,#тент_на_Knewstar001,"汽车罩
Чехол на автомобиль",https://ir.ozone.ru/s3/multimedia-1-m/10154607214.jpg,3596₽,1,3562₽,1,1,0,0,100%,,2500 g,26.9 L
1279,#Velvet_Material,"汽车罩
Чехол на автомобиль",https://ir.ozone.ru/s3/multimedia-1-x/8729047725.jpg;https://ir.ozone.ru/s3/multimedia-1-a/8815464658.jpg;https://ir.ozone.ru/s3/multimedia-1-u/8815465146.jpg;https://ir.ozone.ru/s3/multimedia-1-4/8924546848.jpg;https://ir.ozone.ru/s3/multimedia-1-5/10172835149.jpg,6550₽,1,8556₽,2,5,0,3.8,100%,0%,3000 g,17.6 L
1280,#Indoor_Use,"汽车罩
Чехол на автомобиль",https://ir.ozone.ru/s3/multimedia-1-x/8729047725.jpg;https://ir.ozone.ru/s3/multimedia-1-a/8815464658.jpg;https://ir.ozone.ru/s3/multimedia-1-u/8815465146.jpg;https://ir.ozone.ru/s3/multimedia-1-4/8924546848.jpg;https://ir.ozone.ru/s3/multimedia-1-5/10172835149.jpg,6550₽,1,8556₽,2,5,0,3.8,100%,0%,3000 g,17.6 L
1281,#Elastic_Material,"汽车罩
Чехол на автомобиль",https://ir.ozone.ru/s3/multimedia-1-x/8729047725.jpg;https://ir.ozone.ru/s3/multimedia-1-a/8815464658.jpg;https://ir.ozone.ru/s3/multimedia-1-u/8815465146.jpg;https://ir.ozone.ru/s3/multimedia-1-4/8924546848.jpg;https://ir.ozone.ru/s3/multimedia-1-5/10172835149.jpg,6550₽,1,8556₽,2,5,0,3.8,100%,0%,3000 g,17.6 L
1282,#Мягкий_для_лака,"汽车罩
Чехол на автомобиль",https://ir.ozone.ru/s3/multimedia-1-x/8729047725.jpg;https://ir.ozone.ru/s3/multimedia-1-a/8815464658.jpg;https://ir.ozone.ru/s3/multimedia-1-u/8815465146.jpg;https://ir.ozone.ru/s3/multimedia-1-4/8924546848.jpg,6917₽,1,9401₽,1,4,1,4.8,100%,0%,3000 g,17.6 L
1283,#Soft_For_Paint,"汽车罩
Чехол на автомобиль",https://ir.ozone.ru/s3/multimedia-1-x/8729047725.jpg;https://ir.ozone.ru/s3/multimedia-1-a/8815464658.jpg;https://ir.ozone.ru/s3/multimedia-1-u/8815465146.jpg;https://ir.ozone.ru/s3/multimedia-1-4/8924546848.jpg;https://ir.ozone.ru/s3/multimedia-1-5/10172835149.jpg,6550₽,1,8556₽,2,5,0,3.8,100%,0%,3000 g,17.6 L
1284,#Индивидуальное_прилегание,"汽车罩
Чехол на автомобиль",https://ir.ozone.ru/s3/multimedia-1-x/8729047725.jpg;https://ir.ozone.ru/s3/multimedia-1-a/8815464658.jpg;https://ir.ozone.ru/s3/multimedia-1-u/8815465146.jpg;https://ir.ozone.ru/s3/multimedia-1-4/8924546848.jpg,6917₽,1,9401₽,1,4,1,4.8,100%,0%,3000 g,17.6 L
1285,#Custom_Fit,"汽车罩
Чехол на автомобиль",https://ir.ozone.ru/s3/multimedia-1-x/8729047725.jpg;https://ir.ozone.ru/s3/multimedia-1-a/8815464658.jpg;https://ir.ozone.ru/s3/multimedia-1-u/8815465146.jpg;https://ir.ozone.ru/s3/multimedia-1-4/8924546848.jpg;https://ir.ozone.ru/s3/multimedia-1-5/10172835149.jpg,6550₽,1,8556₽,2,5,0,3.8,100%,0%,3000 g,17.6 L
1286,#Exhibition_Use,"汽车罩
Чехол на автомобиль",https://ir.ozone.ru/s3/multimedia-1-x/8729047725.jpg;https://ir.ozone.ru/s3/multimedia-1-a/8815464658.jpg;https://ir.ozone.ru/s3/multimedia-1-u/8815465146.jpg;https://ir.ozone.ru/s3/multimedia-1-4/8924546848.jpg;https://ir.ozone.ru/s3/multimedia-1-5/10172835149.jpg,6550₽,1,8556₽,2,5,0,3.8,100%,0%,3000 g,17.6 L
1287,#Без_смещения,"汽车罩
Чехол на автомобиль",https://ir.ozone.ru/s3/multimedia-1-x/8729047725.jpg;https://ir.ozone.ru/s3/multimedia-1-a/8815464658.jpg;https://ir.ozone.ru/s3/multimedia-1-u/8815465146.jpg;https://ir.ozone.ru/s3/multimedia-1-4/8924546848.jpg,6917₽,1,9401₽,1,4,1,4.8,100%,0%,3000 g,17.6 L
1288,#Dirt_Resistant,"汽车罩
Чехол на автомобиль",https://ir.ozone.ru/s3/multimedia-1-x/8729047725.jpg;https://ir.ozone.ru/s3/multimedia-1-a/8815464658.jpg;https://ir.ozone.ru/s3/multimedia-1-u/8815465146.jpg;https://ir.ozone.ru/s3/multimedia-1-4/8924546848.jpg;https://ir.ozone.ru/s3/multimedia-1-5/10172835149.jpg,6550₽,1,8556₽,2,5,0,3.8,100%,0%,3000 g,17.6 L
1289,#Легкая_установка_хранение,"汽车罩
Чехол на автомобиль",https://ir.ozone.ru/s3/multimedia-1-x/8729047725.jpg;https://ir.ozone.ru/s3/multimedia-1-a/8815464658.jpg;https://ir.ozone.ru/s3/multimedia-1-u/8815465146.jpg;https://ir.ozone.ru/s3/multimedia-1-4/8924546848.jpg,6917₽,1,9401₽,1,4,1,4.8,100%,0%,3000 g,17.6 L
1290,#Несмолозный,"汽车罩
Чехол на автомобиль",https://ir.ozone.ru/s3/multimedia-1-x/8729047725.jpg;https://ir.ozone.ru/s3/multimedia-1-a/8815464658.jpg;https://ir.ozone.ru/s3/multimedia-1-u/8815465146.jpg;https://ir.ozone.ru/s3/multimedia-1-4/8924546848.jpg,6917₽,1,9401₽,1,4,1,4.8,100%,0%,3000 g,17.6 L
1291,#Easy_Installation_Storage,"汽车罩
Чехол на автомобиль",https://ir.ozone.ru/s3/multimedia-1-x/8729047725.jpg;https://ir.ozone.ru/s3/multimedia-1-a/8815464658.jpg;https://ir.ozone.ru/s3/multimedia-1-u/8815465146.jpg;https://ir.ozone.ru/s3/multimedia-1-4/8924546848.jpg,6917₽,1,9401₽,1,4,1,4.8,100%,0%,3000 g,17.6 L
1292,#No_Slip,"汽车罩
Чехол на автомобиль",https://ir.ozone.ru/s3/multimedia-1-x/8729047725.jpg;https://ir.ozone.ru/s3/multimedia-1-a/8815464658.jpg;https://ir.ozone.ru/s3/multimedia-1-u/8815465146.jpg;https://ir.ozone.ru/s3/multimedia-1-4/8924546848.jpg;https://ir.ozone.ru/s3/multimedia-1-5/10172835149.jpg,6550₽,1,8556₽,2,5,0,3.8,100%,0%,3000 g,17.6 L
1293,#carcover,"汽车罩
Чехол на автомобиль",https://ir.ozone.ru/s3/multimedia-1-x/8729047725.jpg;https://ir.ozone.ru/s3/multimedia-1-a/8815464658.jpg;https://ir.ozone.ru/s3/multimedia-1-u/8815465146.jpg,6871₽,1,9710₽,1,3,1,5,100%,0%,3000 g,17.6 L
1294,#Anti_Aging,"汽车罩
Чехол на автомобиль",https://ir.ozone.ru/s3/multimedia-1-x/8729047725.jpg;https://ir.ozone.ru/s3/multimedia-1-a/8815464658.jpg;https://ir.ozone.ru/s3/multimedia-1-u/8815465146.jpg;https://ir.ozone.ru/s3/multimedia-1-4/8924546848.jpg;https://ir.ozone.ru/s3/multimedia-1-5/10172835149.jpg;https://ir.ozone.ru/s3/multimedia-1-5/9609266417.jpg;https://ir.ozone.ru/s3/multimedia-1-l/11733809133.jpg,4750₽,1,6184₽,4,7,0,2.7,100%,0%,2154 g,12.6 L
1295,#Защита_лака_автомобиля,"汽车罩
Чехол на автомобиль",https://ir.ozone.ru/s3/multimedia-1-x/8729047725.jpg;https://ir.ozone.ru/s3/multimedia-1-a/8815464658.jpg;https://ir.ozone.ru/s3/multimedia-1-u/8815465146.jpg;https://ir.ozone.ru/s3/multimedia-1-4/8924546848.jpg;https://ir.ozone.ru/s3/multimedia-1-d/8990406049.jpg;https://ir.ozone.ru/s3/multimedia-1-8/9359829404.jpg;https://ir.ozone.ru/s3/multimedia-1-f/9359104983.jpg;https://ir.ozone.ru/s3/multimedia-1-1/9144214381.jpg,3605₽,1,4849₽,4,8,1,4.2,100%,0%,1584 g,9.2 L
1296,#Dust_Protection,"汽车罩
Чехол на автомобиль",https://ir.ozone.ru/s3/multimedia-1-x/8729047725.jpg;https://ir.ozone.ru/s3/multimedia-1-a/8815464658.jpg;https://ir.ozone.ru/s3/multimedia-1-u/8815465146.jpg;https://ir.ozone.ru/s3/multimedia-1-4/8924546848.jpg;https://ir.ozone.ru/s3/multimedia-1-5/10172835149.jpg;https://ir.ozone.ru/s3/multimedia-1-z/10692539387.jpg,5490₽,1,7164₽,3,6,0,3.2,100%,20%,2511 g,15 L
1297,#UV_Protection,"汽车罩
Чехол на автомобиль",https://ir.ozone.ru/s3/multimedia-1-x/8729047725.jpg;https://ir.ozone.ru/s3/multimedia-1-a/8815464658.jpg;https://ir.ozone.ru/s3/multimedia-1-u/8815465146.jpg;https://ir.ozone.ru/s3/multimedia-1-4/8924546848.jpg;https://ir.ozone.ru/s3/multimedia-1-5/10172835149.jpg;https://ir.ozone.ru/s3/multimedia-1-a/8872674850.jpg,5485₽,1,7155₽,3,6,0,3.2,100%,0%,2510 g,14.7 L
1298,#тент_для_газели_некст,"汽车罩
Чехол на автомобиль",https://ir.ozone.ru/s3/multimedia-p/6639790921.jpg;https://ir.ozone.ru/s3/multimedia-p/6639790921.jpg,11288₽,1,11465₽,2,2,0,0,100%,0%,13550 g,96.3 L
1299,#тент_a21r23,"汽车罩
Чехол на автомобиль",https://ir.ozone.ru/s3/multimedia-p/6639790921.jpg;https://ir.ozone.ru/s3/multimedia-p/6639790921.jpg,11288₽,1,11465₽,2,2,0,0,100%,0%,13550 g,96.3 L
1300,#тент_для_некста,"汽车罩
Чехол на автомобиль",https://ir.ozone.ru/s3/multimedia-p/6639790921.jpg;https://ir.ozone.ru/s3/multimedia-p/6639790921.jpg,11288₽,1,11465₽,2,2,0,0,100%,0%,13550 g,96.3 L
1301,#чехол_для_авто_на_лето,"汽车罩
Чехол на автомобиль",https://ir.ozone.ru/s3/multimedia-1-i/11287493730.jpg;https://ir.ozone.ru/s3/multimedia-1-8/7413687512.jpg,1975₽,1,1908₽,2,2,2,2.5,100%,0%,1106 g,11.3 L
1302,#чехол_для_авто_на_зиму,"汽车罩
Чехол на автомобиль",https://ir.ozone.ru/s3/multimedia-1-i/11287493730.jpg;https://ir.ozone.ru/s3/multimedia-1-8/7413687512.jpg,1975₽,1,1908₽,2,2,2,2.5,100%,0%,1106 g,11.3 L
1303,#hyundai_sonata_чехол_для_авто,"汽车罩
Чехол на автомобиль",https://ir.ozone.ru/s3/multimedia-1-6/7635764310.jpg,3163₽,1,3165₽,1,1,21,4.9,100%,0%,1500 g,5.4 L
1304,#машинаподчехлом,"汽车罩
Чехол на автомобиль",https://ir.ozone.ru/s3/multimedia-1-m/10477438654.jpg,4809₽,1,4809₽,1,1,134,4.6,100%,0%,500 g,30 L
1305,#машинный_чехол,"汽车罩
Чехол на автомобиль",https://ir.ozone.ru/s3/multimedia-1-j/11156982967.jpg,1364₽,1,1394₽,1,1,0,0,100%,,560 g,4.5 L
1306,#чехолнаLADAGranta,"汽车罩
Чехол на автомобиль",https://ir.ozone.ru/s3/multimedia-1-s/8408883700.jpg,4614₽,1,4614₽,1,1,5,5,100%,0%,2600 g,29.5 L
1307,#чехолнаЛадаГранта,"汽车罩
Чехол на автомобиль",https://ir.ozone.ru/s3/multimedia-1-s/8408883700.jpg,4614₽,1,4614₽,1,1,5,5,100%,0%,2600 g,29.5 L
1308,#Тентчехол,"汽车罩
Чехол на автомобиль",https://ir.ozone.ru/s3/multimedia-1-8/11242951316.jpg,4163₽,1,4244₽,1,1,0,0,100%,0%,2400 g,22.4 L
1309,#ОксфордМатериал,"汽车罩
Чехол на автомобиль",https://ir.ozone.ru/s3/multimedia-1-c/10114140144.jpg;https://ir.ozone.ru/s3/multimedia-1-5/8709277613.jpg,4878₽,1,4965₽,2,2,0,0,100%,0%,4263 g,57.6 L
1310,#toyota_supra_чехол_для_авто,"汽车罩
Чехол на автомобиль",https://ir.ozone.ru/s3/multimedia-1-6/7122128514.jpg,3147₽,1,3147₽,1,1,3,5,100%,0%,1500 g,5.1 L
1311,#Тойота_Ленд_Крузер_Прадо,"汽车罩
Чехол на автомобиль",https://ir.ozone.ru/s3/multimedia-1-6/8384372682.jpg,5762₽,1,5739₽,1,1,0,0,100%,,4100 g,18.8 L
1312,#Умный_Авточехол,"汽车罩
Чехол на автомобиль",https://ir.ozone.ru/s3/multimedia-1-w/8272271876.jpg,16619₽,1,16694₽,1,1,2,5,100%,,7000 g,48.5 L
1313,#Солнечный_Автотент,"汽车罩
Чехол на автомобиль",https://ir.ozone.ru/s3/multimedia-1-w/8272271876.jpg,16619₽,1,16694₽,1,1,2,5,100%,,7000 g,48.5 L
1314,#Автоматический_Тент,"汽车罩
Чехол на автомобиль",https://ir.ozone.ru/s3/multimedia-1-w/8272271876.jpg,16619₽,1,16694₽,1,1,2,5,100%,,7000 g,48.5 L
1315,#Тент_для_Внедорожника,"汽车罩
Чехол на автомобиль",https://ir.ozone.ru/s3/multimedia-1-w/8272271876.jpg,16619₽,1,16694₽,1,1,2,5,100%,,7000 g,48.5 L
1316,#Защита_от_Дождя_и_Снега,"汽车罩
Чехол на автомобиль",https://ir.ozone.ru/s3/multimedia-1-w/8272271876.jpg,16619₽,1,16694₽,1,1,2,5,100%,,7000 g,48.5 L
1317,#Защита_от_Ультрафиолета,"汽车罩
Чехол на автомобиль",https://ir.ozone.ru/s3/multimedia-1-w/8272271876.jpg,16619₽,1,16694₽,1,1,2,5,100%,,7000 g,48.5 L
1318,#Умный_Гараж,"汽车罩
Чехол на автомобиль",https://ir.ozone.ru/s3/multimedia-1-w/8272271876.jpg,16619₽,1,16694₽,1,1,2,5,100%,,7000 g,48.5 L
1319,#Парковка_на_Улице,"汽车罩
Чехол на автомобиль",https://ir.ozone.ru/s3/multimedia-1-w/8272271876.jpg,16619₽,1,16694₽,1,1,2,5,100%,,7000 g,48.5 L
1320,#Инновация_для_Авто,"汽车罩
Чехол на автомобиль",https://ir.ozone.ru/s3/multimedia-1-w/8272271876.jpg,16619₽,1,16694₽,1,1,2,5,100%,,7000 g,48.5 L
1321,#чехол_на_машину_всесе,"汽车罩
Чехол на автомобиль",https://ir.ozone.ru/s3/multimedia-1-a/9869567194.jpg;https://ir.ozone.ru/s3/multimedia-1-k/8946842276.jpg,1626₽,1,1608₽,2,2,1,1.5,100%,0%,1800 g,8.8 L
1322,#Эластичнаяокантовка,"汽车罩
Чехол на автомобиль",https://ir.ozone.ru/s3/multimedia-1-n/9172144067.jpg,229₽,1,228₽,1,1,5,3.4,100%,,177 g,12 L
1323,#авточехол_от_снега,"汽车罩
Чехол на автомобиль",https://ir.ozone.ru/s3/multimedia-1-e/10472190350.jpg,1221₽,1,1215₽,1,1,2,4,100%,0%,1500 g,11.7 L
1324,#ТентдляАвтомобиля,"汽车罩
Чехол на автомобиль",https://ir.ozone.ru/s3/multimedia-1-i/8168913126.jpg;https://ir.ozone.ru/s3/multimedia-1-v/10263015427.jpg;https://ir.ozone.ru/s3/multimedia-1-g/10263022720.jpg;https://ir.ozone.ru/s3/multimedia-1-i/8695445598.jpg,2659₽,1,2693₽,2,4,13,3.7,100%,0%,1600 g,11.1 L
1325,#НакидканаЛобовоеотСнега,"汽车罩
Чехол на автомобиль",https://ir.ozone.ru/s3/multimedia-1-i/8168913126.jpg;https://ir.ozone.ru/s3/multimedia-1-v/10263015427.jpg;https://ir.ozone.ru/s3/multimedia-1-g/10263022720.jpg,3155₽,1,3195₽,1,3,1,3.3,100%,0%,1833 g,13 L
1326,#НакидканаСтеклоотСнега,"汽车罩
Чехол на автомобиль",https://ir.ozone.ru/s3/multimedia-1-i/8168913126.jpg;https://ir.ozone.ru/s3/multimedia-1-v/10263015427.jpg;https://ir.ozone.ru/s3/multimedia-1-g/10263022720.jpg,3155₽,1,3195₽,1,3,1,3.3,100%,0%,1833 g,13 L
1327,#уличная_стоянка,"汽车罩
Чехол на автомобиль",https://ir.ozone.ru/s3/multimedia-1-1/8785625185.jpg;https://ir.ozone.ru/s3/multimedia-1-i/8784741186.jpg;https://ir.ozone.ru/s3/multimedia-1-k/10344769004.jpg;https://ir.ozone.ru/s3/multimedia-1-c/9748044444.jpg;https://ir.ozone.ru/s3/multimedia-1-m/10409409022.jpg;https://ir.ozone.ru/s3/multimedia-1-2/8546321198.jpg;https://ir.ozone.ru/s3/multimedia-1-f/8786715999.jpg;https://ir.ozone.ru/s3/multimedia-1-4/8775376780.jpg;https://ir.ozone.ru/s3/multimedia-1-3/8776011423.jpg;https://ir.ozone.ru/s3/multimedia-1-r/8788935951.jpg,3474₽,1,4326₽,8,22,9,3.7,59%,4.2%,1655 g,14.8 L
1328,#УниверсальноеПокрывало,"汽车罩
Чехол на автомобиль",https://ir.ozone.ru/s3/multimedia-1-2/11315175482.jpg;https://ir.ozone.ru/s3/multimedia-1-t/11053560521.jpg;https://ir.ozone.ru/s3/multimedia-1-y/10185264790.jpg;https://ir.ozone.ru/s3/multimedia-1-q/8878037642.jpg,723₽,1,721₽,4,4,3,1.2,100%,0%,410 g,6.5 L
1329,#elantra_iii_седан,"汽车罩
Чехол на автомобиль",https://ir.ozone.ru/s3/multimedia-1-x/7301379525.jpg,1043₽,1,1051₽,1,1,1,4,100%,,485 g,12.5 L
1330,#защищаетотдождя,"汽车罩
Чехол на автомобиль",https://ir.ozone.ru/s3/multimedia-1-r/8175251979.jpg;https://ir.ozone.ru/s3/multimedia-1-0/10707570576.jpg,3099₽,1,3099₽,2,2,3,4.3,100%,0%,2400 g,8.1 L
1331,#hyundai_tucson_K,"汽车罩
Чехол на автомобиль",https://ir.ozone.ru/s3/multimedia-1-d/8538708865.jpg,3785₽,1,3802₽,1,1,1,5,100%,0%,3499 g,13.8 L
1332,#авточехол_оксфорд,"汽车罩
Чехол на автомобиль",https://ir.ozone.ru/s3/multimedia-1-v/9118188463.jpg,5031₽,1,5031₽,1,1,33,0,100%,0%,6000 g,201.1 L
1333,#Car_Paint_Protection,"汽车罩
Чехол на автомобиль",https://ir.ozone.ru/s3/multimedia-1-x/8729047725.jpg;https://ir.ozone.ru/s3/multimedia-1-a/8815464658.jpg;https://ir.ozone.ru/s3/multimedia-1-u/8815465146.jpg;https://ir.ozone.ru/s3/multimedia-1-4/8924546848.jpg;https://ir.ozone.ru/s3/multimedia-1-5/10172835149.jpg,6550₽,1,8556₽,2,5,0,3.8,100%,0%,3000 g,17.6 L
1334,#Снежный_хлопок,"汽车罩
Чехол на автомобиль",https://ir.ozone.ru/s3/multimedia-1-v/10273344907.jpg,1209₽,1,1209₽,1,1,0,0,100%,,1200 g,3.4 L
1335,#Автомобильный_колпак,"汽车罩
Чехол на автомобиль",https://ir.ozone.ru/s3/multimedia-1-v/10273344907.jpg,1209₽,1,1209₽,1,1,0,0,100%,,1200 g,3.4 L
1336,#Снегозащитные_ткани,"汽车罩
Чехол на автомобиль",https://ir.ozone.ru/s3/multimedia-1-v/10273344907.jpg,1209₽,1,1209₽,1,1,0,0,100%,,1200 g,3.4 L
1337,#Пыльная_защита,"汽车罩
Чехол на автомобиль",https://ir.ozone.ru/s3/multimedia-1-v/10273344907.jpg,1209₽,1,1209₽,1,1,0,0,100%,,1200 g,3.4 L
1338,#Пыльная_ткань,"汽车罩
Чехол на автомобиль",https://ir.ozone.ru/s3/multimedia-1-v/10273344907.jpg,1209₽,1,1209₽,1,1,0,0,100%,,1200 g,3.4 L
1339,#Фантомный_цвет,"汽车罩
Чехол на автомобиль",https://ir.ozone.ru/s3/multimedia-1-v/10273344907.jpg,1209₽,1,1209₽,1,1,0,0,100%,,1200 g,3.4 L
1340,#Серебряная_защита_от_снега,"汽车罩
Чехол на автомобиль",https://ir.ozone.ru/s3/multimedia-1-v/10273344907.jpg,1209₽,1,1209₽,1,1,0,0,100%,,1200 g,3.4 L
1341,#Черный_снег,"汽车罩
Чехол на автомобиль",https://ir.ozone.ru/s3/multimedia-1-v/10273344907.jpg,1209₽,1,1209₽,1,1,0,0,100%,,1200 g,3.4 L
1342,#Цветная_защита_от_,"汽车罩
Чехол на автомобиль",https://ir.ozone.ru/s3/multimedia-1-v/10273344907.jpg,1209₽,1,1209₽,1,1,0,0,100%,,1200 g,3.4 L
1343,#сохранность_кузова,"汽车罩
Чехол на автомобиль",https://ir.ozone.ru/s3/multimedia-1-s/10865001700.jpg,3865₽,1,4677₽,1,1,1,5,100%,,3000 g,10.2 L
1344,#открытая_парковка,"汽车罩
Чехол на автомобиль",https://ir.ozone.ru/s3/multimedia-1-c/7071275820.jpg;https://ir.ozone.ru/s3/multimedia-1-b/10334003663.jpg;https://ir.ozone.ru/s3/multimedia-1-z/10334026907.jpg;https://ir.ozone.ru/s3/multimedia-1-3/10024763331.jpg;https://ir.ozone.ru/s3/multimedia-1-n/10024673243.jpg;https://ir.ozone.ru/s3/multimedia-1-k/10092779336.jpg;https://ir.ozone.ru/s3/multimedia-1-l/10024425993.jpg;https://ir.ozone.ru/s3/multimedia-1-f/10025155095.jpg;https://ir.ozone.ru/s3/multimedia-1-g/10024518544.jpg;https://ir.ozone.ru/s3/multimedia-1-d/9821716033.jpg,4513₽,1,4680₽,4,36,11,4.2,43%,10.5%,1463 g,15.3 L
1345,#Защитаотцарапиниобрастания,"汽车罩
Чехол на автомобиль",https://ir.ozone.ru/s3/multimedia-1-n/9172144067.jpg,229₽,1,228₽,1,1,5,3.4,100%,,177 g,12 L
1346,#Утолщенныйодноразовыйтрикотаж,"汽车罩
Чехол на автомобиль",https://ir.ozone.ru/s3/multimedia-1-n/9172144067.jpg,229₽,1,228₽,1,1,5,3.4,100%,,177 g,12 L
1347,#Незаменимдляоткрытойпарковки,"汽车罩
Чехол на автомобиль",https://ir.ozone.ru/s3/multimedia-1-n/9172144067.jpg,229₽,1,228₽,1,1,5,3.4,100%,,177 g,12 L
1348,#Прозрачныйпластиковыйтрикотаж,"汽车罩
Чехол на автомобиль",https://ir.ozone.ru/s3/multimedia-1-n/9172144067.jpg,229₽,1,228₽,1,1,5,3.4,100%,,177 g,12 L
1349,#Защитакрасотыавтомобиля,"汽车罩
Чехол на автомобиль",https://ir.ozone.ru/s3/multimedia-1-n/9172144067.jpg,229₽,1,228₽,1,1,5,3.4,100%,,177 g,12 L
1350,#Временнаязащитапарковки,"汽车罩
Чехол на автомобиль",https://ir.ozone.ru/s3/multimedia-1-n/9172144067.jpg,229₽,1,228₽,1,1,5,3.4,100%,,177 g,12 L
1351,#Чехол_автомобиля,"汽车罩
Чехол на автомобиль",https://ir.ozone.ru/s3/multimedia-1-v/9118188463.jpg,5031₽,1,5031₽,1,1,33,0,100%,0%,6000 g,201.1 L
1352,#Вентиляция_авто,"汽车罩
Чехол на автомобиль",https://ir.ozone.ru/s3/multimedia-1-v/9118188463.jpg;https://ir.ozone.ru/s3/multimedia-1-c/10269100416.jpg,3053₽,1,3115₽,2,2,16,0,100%,50%,3350 g,102.2 L
1353,#ТентНаАвто,"汽车罩
Чехол на автомобиль",https://ir.ozone.ru/s3/multimedia-1-z/10452800807.jpg,269₽,1,269₽,1,1,1,1,100%,,208 g,8.1 L
1354,#чехолнаВольвоХС60,"汽车罩
Чехол на автомобиль",https://ir.ozone.ru/s3/multimedia-1-2/8351547518.jpg,4620₽,1,4671₽,1,1,1,5,100%,0%,2700 g,28.4 L
1355,#чехолнаVolvoXC60,"汽车罩
Чехол на автомобиль",https://ir.ozone.ru/s3/multimedia-1-2/8351547518.jpg,4620₽,1,4671₽,1,1,1,5,100%,0%,2700 g,28.4 L
1356,#чехлынаm6,"汽车罩
Чехол на автомобиль",https://ir.ozone.ru/s3/multimedia-1-n/11008525631.jpg,3247₽,1,3272₽,1,1,26,4.8,100%,100%,3500 g,12 L
1357,#чехлыдляm6,"汽车罩
Чехол на автомобиль",https://ir.ozone.ru/s3/multimedia-1-n/11008525631.jpg,3247₽,1,3272₽,1,1,26,4.8,100%,100%,3500 g,12 L
1358,#чехлыm6,"汽车罩
Чехол на автомобиль",https://ir.ozone.ru/s3/multimedia-1-n/11008525631.jpg,3247₽,1,3272₽,1,1,26,4.8,100%,100%,3500 g,12 L
1359,#зимний_чехол_на_авто,"汽车罩
Чехол на автомобиль",https://ir.ozone.ru/s3/multimedia-1-e/8137550390.jpg,13835₽,1,14803₽,1,1,116,4.7,100%,0%,9800 g,127.1 L
1360,#одеяло_для_лобового_стекла,"汽车罩
Чехол на автомобиль",https://ir.ozone.ru/s3/multimedia-1-p/8256470821.jpg;https://ir.ozone.ru/s3/multimedia-1-6/9003198174.jpg,912₽,1,933₽,1,2,31,2.4,100%,0%,250 g,2.6 L
1361,#тентгаз,"汽车罩
Чехол на автомобиль",https://ir.ozone.ru/s3/multimedia-1-9/8280114561.jpg,8095₽,1,7637₽,1,1,3,5,100%,0%,5000 g,45 L
1362,#ДлявнедорожникаJolionSUV,"汽车罩
Чехол на автомобиль",https://ir.ozone.ru/s3/multimedia-1-4/9572127484.jpg,2743₽,1,2726₽,1,1,2,4.5,100%,0%,550 g,8 L
1363,#тент_уаз_33036,"汽车罩
Чехол на автомобиль",https://ir.ozone.ru/s3/multimedia-1-5/7704729833.jpg,8614₽,1,8446₽,1,1,1,0,100%,,8000 g,13.5 L
1364,#для_домаи_дороги,"汽车罩
Чехол на автомобиль",https://ir.ozone.ru/s3/multimedia-1-d/9821716033.jpg;https://ir.ozone.ru/s3/multimedia-1-2/9833836214.jpg,3814₽,1,3852₽,1,2,4,4.9,100%,,1500 g,15.8 L
1365,#чехол_на_машину_от_пыли,"汽车罩
Чехол на автомобиль",https://ir.ozone.ru/s3/multimedia-1-d/9821716033.jpg;https://ir.ozone.ru/s3/multimedia-1-2/9833836214.jpg,3814₽,1,3852₽,1,2,4,4.9,100%,,1500 g,15.8 L
1366,#чехол_для_машин_от_солнца,"汽车罩
Чехол на автомобиль",https://ir.ozone.ru/s3/multimedia-1-d/9821716033.jpg;https://ir.ozone.ru/s3/multimedia-1-2/9833836214.jpg,3814₽,1,3852₽,1,2,4,4.9,100%,,1500 g,15.8 L
1367,#Автомобильный_чехол_на_кузов,"汽车罩
Чехол на автомобиль",https://ir.ozone.ru/s3/multimedia-1-5/9329156213.jpg;https://ir.ozone.ru/s3/multimedia-1-i/8315055198.jpg;https://ir.ozone.ru/s3/multimedia-1-j/8919750727.jpg;https://ir.ozone.ru/s3/multimedia-1-h/8775795977.jpg;https://ir.ozone.ru/s3/multimedia-1-r/9327377907.jpg;https://ir.ozone.ru/s3/multimedia-1-6/8797392402.jpg;https://ir.ozone.ru/s3/multimedia-1-3/9329151135.jpg;https://ir.ozone.ru/s3/multimedia-1-e/8314851758.jpg;https://ir.ozone.ru/s3/multimedia-1-t/8786999729.jpg,7272₽,1,10500₽,1,9,4,5,100%,10%,4000 g,30.4 L
1368,#4двери,"汽车罩
Чехол на автомобиль",https://ir.ozone.ru/s3/multimedia-g/6400685020.jpg;https://ir.ozone.ru/s3/multimedia-1-j/10584241795.jpg,1678₽,1,1684₽,2,2,0,0.5,100%,0%,750 g,3.1 L
1369,#защитанакрышу,"汽车罩
Чехол на автомобиль",https://ir.ozone.ru/s3/multimedia-1-f/11454861651.jpg;https://ir.ozone.ru/s3/multimedia-1-w/9921519212.jpg;https://ir.ozone.ru/s3/multimedia-g/6400685020.jpg,4894₽,1,4947₽,3,3,0,0,100%,0%,3184 g,32.9 L
1370,#легкийавточехол,"汽车罩
Чехол на автомобиль",https://ir.ozone.ru/s3/multimedia-g/6400685020.jpg,2289₽,1,2301₽,1,1,0,0,100%,0%,1000 g,2.3 L
1371,#аксессуарыJK,"汽车罩
Чехол на автомобиль",https://ir.ozone.ru/s3/multimedia-g/6400685020.jpg,2289₽,1,2301₽,1,1,0,0,100%,0%,1000 g,2.3 L
1372,#комплектациючехол,"汽车罩
Чехол на автомобиль",https://ir.ozone.ru/s3/multimedia-g/6400685020.jpg,2289₽,1,2301₽,1,1,0,0,100%,0%,1000 g,2.3 L
1373,#защитадляджипа,"汽车罩
Чехол на автомобиль",https://ir.ozone.ru/s3/multimedia-g/6400685020.jpg,2289₽,1,2301₽,1,1,0,0,100%,0%,1000 g,2.3 L
1374,#аксессуарыJL,"汽车罩
Чехол на автомобиль",https://ir.ozone.ru/s3/multimedia-g/6400685020.jpg,2289₽,1,2301₽,1,1,0,0,100%,0%,1000 g,2.3 L
1375,#тент_на_Porsche911,"汽车罩
Чехол на автомобиль",https://ir.ozone.ru/s3/multimedia-1-c/8256992988.jpg,4612₽,1,4566₽,1,1,2,5,100%,0%,2700 g,24.7 L
1376,#тент_на_Порше911,"汽车罩
Чехол на автомобиль",https://ir.ozone.ru/s3/multimedia-1-c/8256992988.jpg,4612₽,1,4566₽,1,1,2,5,100%,0%,2700 g,24.7 L
1377,#Серебрянаякрышкаавтомобиля,"汽车罩
Чехол на автомобиль",https://ir.ozone.ru/s3/multimedia-1-o/9154617252.jpg,2648₽,1,2614₽,1,1,0,0,100%,,1600 g,22.1 L
1378,#Тентчехолнаавтомобиль,"汽车罩
Чехол на автомобиль",https://ir.ozone.ru/s3/multimedia-1-o/9154617252.jpg,2648₽,1,2614₽,1,1,0,0,100%,,1600 g,22.1 L
1379,#Чехолнамашинуотсолнца,"汽车罩
Чехол на автомобиль",https://ir.ozone.ru/s3/multimedia-1-o/9154617252.jpg;https://ir.ozone.ru/s3/multimedia-1-d/9192474661.jpg,2597₽,1,2589₽,2,2,0,0,100%,100%,1600 g,22.1 L
1380,#крышка_буксировочного_узла,"汽车罩
Чехол на автомобиль",https://ir.ozone.ru/s3/multimedia-1-n/9802933007.jpg;https://ir.ozone.ru/s3/multimedia-1-j/9803031643.jpg;https://ir.ozone.ru/s3/multimedia-1-2/9803022914.jpg;https://ir.ozone.ru/s3/multimedia-1-j/9803021599.jpg;https://ir.ozone.ru/s3/multimedia-1-5/9803020217.jpg;https://ir.ozone.ru/s3/multimedia-1-0/9803108664.jpg;https://ir.ozone.ru/s3/multimedia-1-8/9803109392.jpg,789₽,1,788₽,2,7,1,2.6,100%,0%,450 g,24 L
1381,#крышка_на_шаровую,"汽车罩
Чехол на автомобиль",https://ir.ozone.ru/s3/multimedia-1-n/9802933007.jpg;https://ir.ozone.ru/s3/multimedia-1-j/9803031643.jpg;https://ir.ozone.ru/s3/multimedia-1-2/9803022914.jpg;https://ir.ozone.ru/s3/multimedia-1-j/9803021599.jpg;https://ir.ozone.ru/s3/multimedia-1-5/9803020217.jpg;https://ir.ozone.ru/s3/multimedia-1-0/9803108664.jpg;https://ir.ozone.ru/s3/multimedia-1-8/9803109392.jpg,789₽,1,788₽,2,7,1,2.6,100%,0%,450 g,24 L
1382,#крышка_тягово_сцепного,"汽车罩
Чехол на автомобиль",https://ir.ozone.ru/s3/multimedia-1-n/9802933007.jpg;https://ir.ozone.ru/s3/multimedia-1-j/9803031643.jpg;https://ir.ozone.ru/s3/multimedia-1-2/9803022914.jpg;https://ir.ozone.ru/s3/multimedia-1-j/9803021599.jpg;https://ir.ozone.ru/s3/multimedia-1-5/9803020217.jpg;https://ir.ozone.ru/s3/multimedia-1-0/9803108664.jpg;https://ir.ozone.ru/s3/multimedia-1-8/9803109392.jpg,789₽,1,788₽,2,7,1,2.6,100%,0%,450 g,24 L
1383,#колпачок_трейлера,"汽车罩
Чехол на автомобиль",https://ir.ozone.ru/s3/multimedia-1-n/9802933007.jpg;https://ir.ozone.ru/s3/multimedia-1-j/9803031643.jpg;https://ir.ozone.ru/s3/multimedia-1-2/9803022914.jpg;https://ir.ozone.ru/s3/multimedia-1-j/9803021599.jpg;https://ir.ozone.ru/s3/multimedia-1-5/9803020217.jpg;https://ir.ozone.ru/s3/multimedia-1-0/9803108664.jpg;https://ir.ozone.ru/s3/multimedia-1-8/9803109392.jpg,789₽,1,788₽,2,7,1,2.6,100%,0%,450 g,24 L
1384,#автоаксессуары_фаркоп,"汽车罩
Чехол на автомобиль",https://ir.ozone.ru/s3/multimedia-1-n/9802933007.jpg;https://ir.ozone.ru/s3/multimedia-1-j/9803031643.jpg;https://ir.ozone.ru/s3/multimedia-1-2/9803022914.jpg;https://ir.ozone.ru/s3/multimedia-1-j/9803021599.jpg;https://ir.ozone.ru/s3/multimedia-1-5/9803020217.jpg;https://ir.ozone.ru/s3/multimedia-1-0/9803108664.jpg;https://ir.ozone.ru/s3/multimedia-1-8/9803109392.jpg,789₽,1,788₽,2,7,1,2.6,100%,0%,450 g,24 L
1385,#колпачок_шарового_узла,"汽车罩
Чехол на автомобиль",https://ir.ozone.ru/s3/multimedia-1-n/9802933007.jpg;https://ir.ozone.ru/s3/multimedia-1-j/9803031643.jpg;https://ir.ozone.ru/s3/multimedia-1-2/9803022914.jpg;https://ir.ozone.ru/s3/multimedia-1-j/9803021599.jpg;https://ir.ozone.ru/s3/multimedia-1-5/9803020217.jpg;https://ir.ozone.ru/s3/multimedia-1-0/9803108664.jpg;https://ir.ozone.ru/s3/multimedia-1-8/9803109392.jpg,789₽,1,788₽,2,7,1,2.6,100%,0%,450 g,24 L
1386,#авточехол_для_автомобиля,"汽车罩
Чехол на автомобиль",https://ir.ozone.ru/s3/multimedia-1-j/9007052815.jpg;https://ir.ozone.ru/s3/multimedia-1-j/9007052815.jpg,2095₽,1,2130₽,1,2,53,4.7,100%,,1030 g,6 L
1387,#авточехол_на_кузов,"汽车罩
Чехол на автомобиль",https://ir.ozone.ru/s3/multimedia-1-j/9007052815.jpg;https://ir.ozone.ru/s3/multimedia-1-j/9007052815.jpg,2095₽,1,2130₽,1,2,53,4.7,100%,,1030 g,6 L
1388,#авточехол_автоматический,"汽车罩
Чехол на автомобиль",https://ir.ozone.ru/s3/multimedia-1-j/9007052815.jpg;https://ir.ozone.ru/s3/multimedia-1-j/9007052815.jpg,2095₽,1,2130₽,1,2,53,4.7,100%,,1030 g,6 L
1389,#авточехол_на_лобовое_стекло,"汽车罩
Чехол на автомобиль",https://ir.ozone.ru/s3/multimedia-1-j/9007052815.jpg;https://ir.ozone.ru/s3/multimedia-1-j/9007052815.jpg,2095₽,1,2130₽,1,2,53,4.7,100%,,1030 g,6 L
1390,#авточехол_на_одно_сиденье,"汽车罩
Чехол на автомобиль",https://ir.ozone.ru/s3/multimedia-1-j/9007052815.jpg;https://ir.ozone.ru/s3/multimedia-1-j/9007052815.jpg,2095₽,1,2130₽,1,2,53,4.7,100%,,1030 g,6 L
1391,#авточехол_заднее_сиденье,"汽车罩
Чехол на автомобиль",https://ir.ozone.ru/s3/multimedia-1-j/9007052815.jpg;https://ir.ozone.ru/s3/multimedia-1-j/9007052815.jpg,2095₽,1,2130₽,1,2,53,4.7,100%,,1030 g,6 L
1392,#авточехол_утепленный,"汽车罩
Чехол на автомобиль",https://ir.ozone.ru/s3/multimedia-1-j/9007052815.jpg;https://ir.ozone.ru/s3/multimedia-1-j/9007052815.jpg,2095₽,1,2130₽,1,2,53,4.7,100%,,1030 g,6 L
1393,#авточехол_для_собак,"汽车罩
Чехол на автомобиль",https://ir.ozone.ru/s3/multimedia-1-j/9007052815.jpg;https://ir.ozone.ru/s3/multimedia-1-j/9007052815.jpg;https://ir.ozone.ru/s3/multimedia-1-b/11664158591.jpg,1701₽,1,1722₽,2,3,35,4.8,100%,,808 g,4.7 L
1394,#audi_q5_чехол_для_авто,"汽车罩
Чехол на автомобиль",https://ir.ozone.ru/s3/multimedia-f/6798905511.jpg,4647₽,1,4647₽,1,1,30,5,100%,0%,3250 g,21.1 L
1395,#автоаксессуары_для_машины,"汽车罩
Чехол на автомобиль",https://ir.ozone.ru/s3/multimedia-1-i/11287493730.jpg;https://ir.ozone.ru/s3/multimedia-1-8/7413687512.jpg,1975₽,1,1908₽,2,2,2,2.5,100%,0%,1106 g,11.3 L
1396,#чехолдляключаkiaoptima,"汽车罩
Чехол на автомобиль",https://ir.ozone.ru/s3/multimedia-1-b/11366907491.jpg,3196₽,1,3200₽,1,1,0,0,100%,,3500 g,6 L
1397,#ВсепогодныйЧехол,"汽车罩
Чехол на автомобиль",https://ir.ozone.ru/s3/multimedia-1-z/10452800807.jpg,269₽,1,269₽,1,1,1,1,100%,,208 g,8.1 L
1398,#чехол_автомобиль_зимний,"汽车罩
Чехол на автомобиль",https://ir.ozone.ru/s3/multimedia-1-e/8137550390.jpg,13835₽,1,14803₽,1,1,116,4.7,100%,0%,9800 g,127.1 L
1399,#авточехол_с_подогревом,"汽车罩
Чехол на автомобиль",https://ir.ozone.ru/s3/multimedia-1-j/9007052815.jpg;https://ir.ozone.ru/s3/multimedia-1-j/9007052815.jpg,2095₽,1,2130₽,1,2,53,4.7,100%,,1030 g,6 L
1400,#ChevroleNiva,"汽车罩
Чехол на автомобиль",https://ir.ozone.ru/s3/multimedia-1-n/9662745803.jpg,4781₽,1,4834₽,1,1,134,5,100%,0%,3400 g,19.3 L
1401,#Снежный_покров,"汽车罩
Чехол на автомобиль",https://ir.ozone.ru/s3/multimedia-1-6/10527454014.jpg;https://ir.ozone.ru/s3/multimedia-1-y/8392820686.jpg;https://ir.ozone.ru/s3/multimedia-1-v/10273344907.jpg,5272₽,1,5465₽,3,3,2,3.3,100%,0%,2094 g,29.6 L
1402,#чехол_автомобильный_оксфорд,"汽车罩
Чехол на автомобиль",https://ir.ozone.ru/s3/multimedia-1-e/8137550390.jpg,13835₽,1,14803₽,1,1,116,4.7,100%,0%,9800 g,127.1 L
1403,#практичнаязащита,"汽车罩
Чехол на автомобиль",https://ir.ozone.ru/s3/multimedia-1-e/10350709754.jpg,5418₽,1,5371₽,1,1,0,0,100%,,3500 g,21.1 L
1404,#Чанган_ЮНИ_ЭС_деталь,"汽车罩
Чехол на автомобиль",https://ir.ozone.ru/s3/multimedia-1-x/7953774405.jpg,4866₽,1,4917₽,1,1,4,5,100%,0%,9000 g,64 L
1405,#Чанган_ЮНИ_ЭС_чехол,"汽车罩
Чехол на автомобиль",https://ir.ozone.ru/s3/multimedia-1-x/7953774405.jpg,4866₽,1,4917₽,1,1,4,5,100%,0%,9000 g,64 L
1406,#зимнийчехолдля,"汽车罩
Чехол на автомобиль",https://ir.ozone.ru/s3/multimedia-1-r/8175251979.jpg,5584₽,1,5598₽,1,1,4,5,100%,0%,4500 g,15.8 L
1407,#Чехолдлявнедорожника,"汽车罩
Чехол на автомобиль",https://ir.ozone.ru/s3/multimedia-1-r/8175251979.jpg,5584₽,1,5598₽,1,1,4,5,100%,0%,4500 g,15.8 L
1408,#утепленныйавточехол,"汽车罩
Чехол на автомобиль",https://ir.ozone.ru/s3/multimedia-1-r/8175251979.jpg,5584₽,1,5598₽,1,1,4,5,100%,0%,4500 g,15.8 L
1409,#защитный_колпачок_фаркоп,"汽车罩
Чехол на автомобиль",https://ir.ozone.ru/s3/multimedia-1-n/9802933007.jpg;https://ir.ozone.ru/s3/multimedia-1-j/9803031643.jpg;https://ir.ozone.ru/s3/multimedia-1-2/9803022914.jpg;https://ir.ozone.ru/s3/multimedia-1-j/9803021599.jpg;https://ir.ozone.ru/s3/multimedia-1-5/9803020217.jpg;https://ir.ozone.ru/s3/multimedia-1-0/9803108664.jpg;https://ir.ozone.ru/s3/multimedia-1-8/9803109392.jpg,789₽,1,788₽,2,7,1,2.6,100%,0%,450 g,24 L
1410,#Зимнийчехолдляавтомобиля,"汽车罩
Чехол на автомобиль",https://ir.ozone.ru/s3/multimedia-1-y/9736985338.jpg,7143₽,1,7175₽,1,1,0,0,100%,,4000 g,30.4 L
1411,#чехлыtrailt31,"汽车罩
Чехол на автомобиль",https://ir.ozone.ru/s3/multimedia-1-j/8897495275.jpg,2595₽,1,2618₽,1,1,1,4,100%,,3500 g,6 L
1412,#чехлынаtrailt31,"汽车罩
Чехол на автомобиль",https://ir.ozone.ru/s3/multimedia-1-j/8897495275.jpg,2595₽,1,2618₽,1,1,1,4,100%,,3500 g,6 L
1413,#чехлыдляtrailt31,"汽车罩
Чехол на автомобиль",https://ir.ozone.ru/s3/multimedia-1-j/8897495275.jpg,2595₽,1,2618₽,1,1,1,4,100%,,3500 g,6 L
1414,#фаркоп_заглушка,"汽车罩
Чехол на автомобиль",https://ir.ozone.ru/s3/multimedia-1-n/9802933007.jpg;https://ir.ozone.ru/s3/multimedia-1-j/9803031643.jpg;https://ir.ozone.ru/s3/multimedia-1-2/9803022914.jpg;https://ir.ozone.ru/s3/multimedia-1-j/9803021599.jpg;https://ir.ozone.ru/s3/multimedia-1-5/9803020217.jpg;https://ir.ozone.ru/s3/multimedia-1-0/9803108664.jpg;https://ir.ozone.ru/s3/multimedia-1-8/9803109392.jpg,789₽,1,788₽,2,7,1,2.6,100%,0%,450 g,24 L
1415,#чехолнаавтомобильtoyota,"汽车罩
Чехол на автомобиль",https://ir.ozone.ru/s3/multimedia-1-y/10450078414.jpg,5032₽,1,4993₽,1,1,0,0,100%,,4900 g,45 L
1416,#чехол_на_авто_от_дождя,"汽车罩
Чехол на автомобиль",https://ir.ozone.ru/s3/multimedia-1-b/10334003663.jpg;https://ir.ozone.ru/s3/multimedia-1-z/10334026907.jpg;https://ir.ozone.ru/s3/multimedia-1-3/10024763331.jpg;https://ir.ozone.ru/s3/multimedia-1-n/10024673243.jpg;https://ir.ozone.ru/s3/multimedia-1-k/10092779336.jpg;https://ir.ozone.ru/s3/multimedia-1-l/10024425993.jpg;https://ir.ozone.ru/s3/multimedia-1-f/10025155095.jpg;https://ir.ozone.ru/s3/multimedia-1-g/10024518544.jpg;https://ir.ozone.ru/s3/multimedia-1-3/10382184363.jpg;https://ir.ozone.ru/s3/multimedia-1-q/10315723418.jpg,3811₽,1,4088₽,1,32,12,4.3,36%,10.5%,1500 g,15.8 L
1417,#Мобильныйгараж,"汽车罩
Чехол на автомобиль",https://ir.ozone.ru/s3/multimedia-1-b/10334003663.jpg;https://ir.ozone.ru/s3/multimedia-1-z/10334026907.jpg;https://ir.ozone.ru/s3/multimedia-1-3/10024763331.jpg;https://ir.ozone.ru/s3/multimedia-1-n/10024673243.jpg;https://ir.ozone.ru/s3/multimedia-1-k/10092779336.jpg;https://ir.ozone.ru/s3/multimedia-1-l/10024425993.jpg;https://ir.ozone.ru/s3/multimedia-1-f/10025155095.jpg;https://ir.ozone.ru/s3/multimedia-1-g/10024518544.jpg;https://ir.ozone.ru/s3/multimedia-1-3/10382184363.jpg;https://ir.ozone.ru/s3/multimedia-1-q/10315723418.jpg,3800₽,1,4066₽,2,33,11,4.1,35%,10.5%,1524 g,15.5 L
1418,#тент_на_Газель_Gazelle,"汽车罩
Чехол на автомобиль",https://ir.ozone.ru/s3/multimedia-1-b/10334003663.jpg;https://ir.ozone.ru/s3/multimedia-1-z/10334026907.jpg;https://ir.ozone.ru/s3/multimedia-1-3/10024763331.jpg;https://ir.ozone.ru/s3/multimedia-1-n/10024673243.jpg;https://ir.ozone.ru/s3/multimedia-1-k/10092779336.jpg;https://ir.ozone.ru/s3/multimedia-1-l/10024425993.jpg;https://ir.ozone.ru/s3/multimedia-1-f/10025155095.jpg;https://ir.ozone.ru/s3/multimedia-1-g/10024518544.jpg;https://ir.ozone.ru/s3/multimedia-1-3/10382184363.jpg;https://ir.ozone.ru/s3/multimedia-1-q/10315723418.jpg,3811₽,1,4088₽,1,32,12,4.3,36%,10.5%,1500 g,15.8 L
1419,#тенавтомобтльный,"汽车罩
Чехол на автомобиль",https://ir.ozone.ru/s3/multimedia-1-t/10460164637.jpg,1855₽,1,1949₽,1,1,0,0,100%,,3000 g,20.6 L
1420,#bmw_x3_2025,"汽车罩
Чехол на автомобиль",https://ir.ozone.ru/s3/multimedia-1-k/10159976432.jpg,4625₽,1,4691₽,1,1,0,0,100%,0%,5500 g,50.5 L
1421,#bmw_x3_2018,"汽车罩
Чехол на автомобиль",https://ir.ozone.ru/s3/multimedia-1-k/10159976432.jpg,4625₽,1,4691₽,1,1,0,0,100%,0%,5500 g,50.5 L
1422,#granta_se_dan,"汽车罩
Чехол на автомобиль",https://ir.ozone.ru/s3/multimedia-1-w/10110732440.jpg;https://ir.ozone.ru/s3/multimedia-1-y/10110732226.jpg,4505₽,1,4499₽,1,2,0,2.5,100%,0%,5500 g,50.5 L
1423,#granta_combi,"汽车罩
Чехол на автомобиль",https://ir.ozone.ru/s3/multimedia-1-w/10110732440.jpg;https://ir.ozone.ru/s3/multimedia-1-y/10110732226.jpg,4505₽,1,4499₽,1,2,0,2.5,100%,0%,5500 g,50.5 L
1424,#honda_stepwgn_premium_line,"汽车罩
Чехол на автомобиль",https://ir.ozone.ru/s3/multimedia-1-e/10102205066.jpg,4450₽,1,4559₽,1,1,0,0,100%,0%,5500 g,50.5 L
1425,#honda_stepwgn_air,"汽车罩
Чехол на автомобиль",https://ir.ozone.ru/s3/multimedia-1-e/10102205066.jpg,4450₽,1,4559₽,1,1,0,0,100%,0%,5500 g,50.5 L
1426,#stepwgn_vi,"汽车罩
Чехол на автомобиль",https://ir.ozone.ru/s3/multimedia-1-e/10102205066.jpg,4450₽,1,4559₽,1,1,0,0,100%,0%,5500 g,50.5 L
1427,#suzuki_jimny_2019_2024,"汽车罩
Чехол на автомобиль",https://ir.ozone.ru/s3/multimedia-1-k/10220300264.jpg,2783₽,1,2809₽,1,1,2,5,100%,,2510 g,8 L
1428,#Хавейл_Х9,"汽车罩
Чехол на автомобиль",https://ir.ozone.ru/s3/multimedia-1-c/7946564952.jpg;https://ir.ozone.ru/s3/multimedia-1-j/9096551155.jpg,3566₽,1,3623₽,2,2,3,2.3,100%,,5550 g,41.3 L
1429,#чехол_на_вилочный_погрузчик,"汽车罩
Чехол на автомобиль",https://ir.ozone.ru/s3/multimedia-1-f/8173214079.jpg;https://ir.ozone.ru/s3/multimedia-1-v/8334237415.jpg,6890₽,1,6797₽,1,2,2,5,100%,0%,4200 g,23.1 L
1430,#чехол_для_погрузчика,"汽车罩
Чехол на автомобиль",https://ir.ozone.ru/s3/multimedia-1-f/8173214079.jpg;https://ir.ozone.ru/s3/multimedia-1-v/8334237415.jpg,6890₽,1,6797₽,1,2,2,5,100%,0%,4200 g,23.1 L
1431,#автомобиль_лето,"汽车罩
Чехол на автомобиль",https://ir.ozone.ru/s3/multimedia-1-w/10849360532.jpg,1281₽,1,1310₽,1,1,0,0,100%,,2200 g,9.8 L
1432,#omoda_c5_new_generation,"汽车罩
Чехол на автомобиль",https://ir.ozone.ru/s3/multimedia-1-m/10061955742.jpg;https://ir.ozone.ru/s3/multimedia-1-r/10061955999.jpg,4500₽,1,4563₽,1,2,3,2.5,100%,0%,5500 g,50.5 L
1433,#changan_cs55_plus_2,"汽车罩
Чехол на автомобиль",https://ir.ozone.ru/s3/multimedia-1-i/9901879938.jpg,4434₽,1,4413₽,1,1,1,5,100%,0%,5500 g,50.5 L
1434,#ЗимняяЗащитаАвто,"汽车罩
Чехол на автомобиль",https://ir.ozone.ru/s3/multimedia-1-t/11053560521.jpg;https://ir.ozone.ru/s3/multimedia-1-j/9867142711.jpg;https://ir.ozone.ru/s3/multimedia-1-y/10185264790.jpg;https://ir.ozone.ru/s3/multimedia-1-q/8878037642.jpg,647₽,1,575₽,4,4,3,1.2,100%,,390 g,6.6 L
1435,#чехол_от_дождя_и_пыли,"汽车罩
Чехол на автомобиль",https://ir.ozone.ru/s3/multimedia-1-v/9795309223.jpg;https://ir.ozone.ru/s3/multimedia-1-f/11312925819.jpg,629₽,1,657₽,2,2,0,0,100%,50%,550 g,10.2 L
1436,"#чехолгараждляавтомобилязимний
#зимнийтентдляавтомобиля","汽车罩
Чехол на автомобиль",https://ir.ozone.ru/s3/multimedia-1-i/8307279018.jpg;https://ir.ozone.ru/s3/multimedia-1-0/8611533792.jpg;https://ir.ozone.ru/s3/multimedia-1-y/8252370970.jpg;https://ir.ozone.ru/s3/multimedia-1-k/8207741144.jpg;https://ir.ozone.ru/s3/multimedia-1-1/8306968933.jpg;https://ir.ozone.ru/s3/multimedia-1-y/8252370970.jpg;https://ir.ozone.ru/s3/multimedia-1-f/8314535859.jpg;https://ir.ozone.ru/s3/multimedia-1-y/8252370970.jpg;https://ir.ozone.ru/s3/multimedia-1-z/8611534187.jpg;https://ir.ozone.ru/s3/multimedia-1-i/8611534098.jpg,5241₽,1,7868₽,1,37,5,4.5,51%,4.9%,4500 g,15.2 L
1437,#ДоджКараванГрандКараван,"汽车罩
Чехол на автомобиль",https://ir.ozone.ru/s3/multimedia-1-d/9192474661.jpg,2547₽,1,2564₽,1,1,0,0,100%,100%,1600 g,22.1 L
1438,#Зимний_чехол_для_автомобиля,"汽车罩
Чехол на автомобиль",https://ir.ozone.ru/s3/multimedia-1-y/9736985338.jpg,7143₽,1,7175₽,1,1,0,0,100%,,4000 g,30.4 L
1439,#Стеганаяавтомобильнаяодежда,"汽车罩
Чехол на автомобиль",https://ir.ozone.ru/s3/multimedia-1-7/7984677967.jpg,5002₽,1,5057₽,1,1,2,5,100%,,5500 g,288 L
1440,#Утолщеннаяавтомобильнаяодежда,"汽车罩
Чехол на автомобиль",https://ir.ozone.ru/s3/multimedia-1-7/7984677967.jpg,5002₽,1,5057₽,1,1,2,5,100%,,5500 g,288 L
1441,#Уличнаяавтомобильнаяодежда,"汽车罩
Чехол на автомобиль",https://ir.ozone.ru/s3/multimedia-1-7/7984677967.jpg,5002₽,1,5057₽,1,1,2,5,100%,,5500 g,288 L
1442,#Защитаотзамерзанияавтомобиля,"汽车罩
Чехол на автомобиль",https://ir.ozone.ru/s3/multimedia-1-7/7984677967.jpg,5002₽,1,5057₽,1,1,2,5,100%,,5500 g,288 L
1443,#Защита_от_града,"汽车罩
Чехол на автомобиль",https://ir.ozone.ru/s3/multimedia-1-y/9229505398.jpg;https://ir.ozone.ru/s3/multimedia-1-a/9241684498.jpg;https://ir.ozone.ru/s3/multimedia-1-t/9558188021.jpg;https://ir.ozone.ru/s3/multimedia-1-c/9661283256.jpg;https://ir.ozone.ru/s3/multimedia-1-v/9192653563.jpg;https://ir.ozone.ru/s3/multimedia-1-e/9678358454.jpg;https://ir.ozone.ru/s3/multimedia-1-0/9229523328.jpg;https://ir.ozone.ru/s3/multimedia-1-g/9197919952.jpg;https://ir.ozone.ru/s3/multimedia-1-9/9209527245.jpg;https://ir.ozone.ru/s3/multimedia-1-t/9209579033.jpg,7344₽,1,7585₽,2,18,0,0.8,58%,8.3%,3918 g,28.9 L
1444,#Чехол_на_автомобиль_Шевроле,"汽车罩
Чехол на автомобиль",https://ir.ozone.ru/s3/multimedia-1-2/9833836214.jpg,3761₽,1,3761₽,1,1,7,4.8,100%,,1500 g,15.8 L
1445,#чехолнаBMW5Series,"汽车罩
Чехол на автомобиль",https://ir.ozone.ru/s3/multimedia-1-b/8087517191.jpg;https://ir.ozone.ru/s3/multimedia-1-o/8555826480.jpg,4358₽,1,4427₽,2,2,1,2.5,100%,0%,2650 g,29 L
1446,#чехолнаБМВ5серии,"汽车罩
Чехол на автомобиль",https://ir.ozone.ru/s3/multimedia-1-b/8087517191.jpg;https://ir.ozone.ru/s3/multimedia-1-o/8555826480.jpg,4358₽,1,4427₽,2,2,1,2.5,100%,0%,2650 g,29 L
1447,#peugeot_5008_чехол_для_авто,"汽车罩
Чехол на автомобиль",https://ir.ozone.ru/s3/multimedia-1-z/7042322087.jpg,4551₽,1,4639₽,1,1,1476,4.9,100%,,3600 g,19.3 L
1448,#чехол_для_ав,"汽车罩
Чехол на автомобиль",https://ir.ozone.ru/s3/multimedia-1-e/8097497330.jpg;https://ir.ozone.ru/s3/multimedia-1-5/8097492713.jpg;https://ir.ozone.ru/s3/multimedia-1-l/8922805545.jpg;https://ir.ozone.ru/s3/multimedia-1-w/10074462440.jpg,3452₽,1,3481₽,3,4,1,1.8,100%,33.3%,3628 g,107 L
1449,#чехлытенты,"汽车罩
Чехол на автомобиль",https://ir.ozone.ru/s3/multimedia-o/6895713876.jpg;https://ir.ozone.ru/s3/multimedia-o/6895713876.jpg;https://ir.ozone.ru/s3/multimedia-q/6895713878.jpg;https://ir.ozone.ru/s3/multimedia-q/6895713878.jpg,4280₽,1,4283₽,1,4,1,2,100%,0%,1800 g,21.7 L
1450,#автоаксессуарыдлязащиты,"汽车罩
Чехол на автомобиль",https://ir.ozone.ru/s3/multimedia-o/6895713876.jpg;https://ir.ozone.ru/s3/multimedia-o/6895713876.jpg;https://ir.ozone.ru/s3/multimedia-q/6895713878.jpg;https://ir.ozone.ru/s3/multimedia-q/6895713878.jpg,4280₽,1,4283₽,1,4,1,2,100%,0%,1800 g,21.7 L
1451,#внешняязащитаавто,"汽车罩
Чехол на автомобиль",https://ir.ozone.ru/s3/multimedia-1-v/7198905487.jpg,4679₽,1,4817₽,1,1,0,0,100%,,4500 g,18 L
1452,#hyundai_solati_чехол_для_авто,"汽车罩
Чехол на автомобиль",https://ir.ozone.ru/s3/multimedia-1-g/7059669316.jpg;https://ir.ozone.ru/s3/multimedia-1-z/7059021011.jpg,4584₽,1,4622₽,1,2,17,4.9,100%,0%,3050 g,19.5 L
1453,#град_и_дождь,"汽车罩
Чехол на автомобиль",https://ir.ozone.ru/s3/multimedia-1-w/11767124084.jpg,3161₽,1,3232₽,1,1,0,0,100%,0%,2300 g,21 L
1454,#rio_2000_2023,"汽车罩
Чехол на автомобиль",https://ir.ozone.ru/s3/multimedia-1-u/11633047698.jpg;https://ir.ozone.ru/s3/multimedia-1-h/11704278977.jpg;https://ir.ozone.ru/s3/multimedia-1-u/11665668594.jpg,2567₽,1,2606₽,3,3,0,1,100%,33.3%,1500 g,43.6 L
1455,#чехолтентнаавтомобилькиарио,"汽车罩
Чехол на автомобиль",https://ir.ozone.ru/s3/multimedia-1-u/11633047698.jpg;https://ir.ozone.ru/s3/multimedia-1-h/11704278977.jpg;https://ir.ozone.ru/s3/multimedia-1-u/11665668594.jpg,2567₽,1,2606₽,3,3,0,1,100%,33.3%,1500 g,43.6 L
1456,#СС520,"汽车罩
Чехол на автомобиль",https://ir.ozone.ru/s3/multimedia-1-8/11242951316.jpg,4163₽,1,4244₽,1,1,0,0,100%,0%,2400 g,22.4 L
1457,#тент_на_KGM_Torres,"汽车罩
Чехол на автомобиль",https://ir.ozone.ru/s3/multimedia-1-b/11139240575.jpg,3463₽,1,3467₽,1,1,0,0,100%,,2500 g,26.9 L
1458,#тент_на_КГМ_Торрес,"汽车罩
Чехол на автомобиль",https://ir.ozone.ru/s3/multimedia-1-b/11139240575.jpg,3463₽,1,3467₽,1,1,0,0,100%,,2500 g,26.9 L
1459,#чехолдлямашинызимний,"汽车罩
Чехол на автомобиль",https://ir.ozone.ru/s3/multimedia-1-8/8363788028.jpg,6409₽,1,6438₽,1,1,0,0,100%,0%,6000 g,50.6 L
1460,#Джили_Ситирей_деталь,"汽车罩
Чехол на автомобиль",https://ir.ozone.ru/s3/multimedia-1-o/8350750608.jpg,4939₽,1,5261₽,1,1,0,0,100%,0%,4100 g,18.8 L
1461,#чехолнаKaiyiE5,"汽车罩
Чехол на автомобиль",https://ir.ozone.ru/s3/multimedia-1-s/8069205412.jpg,4671₽,1,4671₽,1,1,4,5,100%,0%,2500 g,26.9 L
1462,#чехолнаКаиЕ5,"汽车罩
Чехол на автомобиль",https://ir.ozone.ru/s3/multimedia-1-s/8069205412.jpg,4671₽,1,4671₽,1,1,4,5,100%,0%,2500 g,26.9 L
1463,#чехолнаБМВX5,"汽车罩
Чехол на автомобиль",https://ir.ozone.ru/s3/multimedia-1-c/8112200196.jpg,4620₽,1,4671₽,1,1,2,5,100%,,2700 g,28.4 L
1464,#чехолнаBMWX5,"汽车罩
Чехол на автомобиль",https://ir.ozone.ru/s3/multimedia-1-c/8112200196.jpg,4620₽,1,4671₽,1,1,2,5,100%,,2700 g,28.4 L
1465,#Джили_Ситирей_защита,"汽车罩
Чехол на автомобиль",https://ir.ozone.ru/s3/multimedia-1-o/8350750608.jpg,4939₽,1,5261₽,1,1,0,0,100%,0%,4100 g,18.8 L
1466,#чехолнаToyotaAllion,"汽车罩
Чехол на автомобиль",https://ir.ozone.ru/s3/multimedia-1-l/7819901445.jpg,4619₽,1,4672₽,1,1,10,5,100%,0%,2500 g,26.9 L
1467,#чехолнаТойотаРАВ4,"汽车罩
Чехол на автомобиль",https://ir.ozone.ru/s3/multimedia-1-n/7922754563.jpg,4620₽,1,4671₽,1,1,1,5,100%,0%,2700 g,28.4 L
1468,#чехолнаТойотаАллион,"汽车罩
Чехол на автомобиль",https://ir.ozone.ru/s3/multimedia-1-l/7819901445.jpg,4619₽,1,4672₽,1,1,10,5,100%,0%,2500 g,26.9 L
1469,#чехолнаToyotaRAV4,"汽车罩
Чехол на автомобиль",https://ir.ozone.ru/s3/multimedia-1-n/7922754563.jpg,4620₽,1,4671₽,1,1,1,5,100%,0%,2700 g,28.4 L
1470,#_авточехол_кузов_защита,"汽车罩
Чехол на автомобиль",https://ir.ozone.ru/s3/multimedia-1-a/7188813334.jpg,4861₽,1,4864₽,1,1,0,0,100%,,4000 g,18 L
1471,#_оксфорд_авто_тент,"汽车罩
Чехол на автомобиль",https://ir.ozone.ru/s3/multimedia-1-a/7188813334.jpg,4861₽,1,4864₽,1,1,0,0,100%,,4000 g,18 L
1472,#_оксфорд_ниссан_кашкай,"汽车罩
Чехол на автомобиль",https://ir.ozone.ru/s3/multimedia-1-a/7188813334.jpg,4861₽,1,4864₽,1,1,0,0,100%,,4000 g,18 L
1473,#_одеяло_для_парковки,"汽车罩
Чехол на автомобиль",https://ir.ozone.ru/s3/multimedia-1-a/7188813334.jpg,4861₽,1,4864₽,1,1,0,0,100%,,4000 g,18 L
1474,#_кузовной_чехол_авто,"汽车罩
Чехол на автомобиль",https://ir.ozone.ru/s3/multimedia-1-a/7188813334.jpg,4861₽,1,4864₽,1,1,0,0,100%,,4000 g,18 L
1475,#_уличный_тент_защита,"汽车罩
Чехол на автомобиль",https://ir.ozone.ru/s3/multimedia-1-a/7188813334.jpg,4861₽,1,4864₽,1,1,0,0,100%,,4000 g,18 L
1476,#_всесезонная_обшивка,"汽车罩
Чехол на автомобиль",https://ir.ozone.ru/s3/multimedia-1-a/7188813334.jpg,4861₽,1,4864₽,1,1,0,0,100%,,4000 g,18 L
1477,#_чехол_nissan_qashqai,"汽车罩
Чехол на автомобиль",https://ir.ozone.ru/s3/multimedia-1-a/7188813334.jpg,4861₽,1,4864₽,1,1,0,0,100%,,4000 g,18 L
1478,#_полная_обшивка_кузова,"汽车罩
Чехол на автомобиль",https://ir.ozone.ru/s3/multimedia-1-a/7188813334.jpg,4861₽,1,4864₽,1,1,0,0,100%,,4000 g,18 L
1479,#_авточехол_1_штука,"汽车罩
Чехол на автомобиль",https://ir.ozone.ru/s3/multimedia-1-a/7188813334.jpg,4861₽,1,4864₽,1,1,0,0,100%,,4000 g,18 L
1480,#_защита_кашкай_кроссовер,"汽车罩
Чехол на автомобиль",https://ir.ozone.ru/s3/multimedia-1-a/7188813334.jpg,4861₽,1,4864₽,1,1,0,0,100%,,4000 g,18 L
1481,#_зимний_тент_на_кашкай,"汽车罩
Чехол на автомобиль",https://ir.ozone.ru/s3/multimedia-1-a/7188813334.jpg,4861₽,1,4864₽,1,1,0,0,100%,,4000 g,18 L
1482,#_зеркала_чехол_кашкай,"汽车罩
Чехол на автомобиль",https://ir.ozone.ru/s3/multimedia-1-a/7188813334.jpg,4861₽,1,4864₽,1,1,0,0,100%,,4000 g,18 L
1483,#_чехол_на_компакт_сув,"汽车罩
Чехол на автомобиль",https://ir.ozone.ru/s3/multimedia-1-a/7188813334.jpg,4861₽,1,4864₽,1,1,0,0,100%,,4000 g,18 L
1484,#_крой_под_кашкай_10_15,"汽车罩
Чехол на автомобиль",https://ir.ozone.ru/s3/multimedia-1-a/7188813334.jpg,4861₽,1,4864₽,1,1,0,0,100%,,4000 g,18 L
1485,#_оксфорд_материал_авто,"汽车罩
Чехол на автомобиль",https://ir.ozone.ru/s3/multimedia-1-a/7188813334.jpg,4861₽,1,4864₽,1,1,0,0,100%,,4000 g,18 L
1486,#_одеяло_ниссан_кашкай,"汽车罩
Чехол на автомобиль",https://ir.ozone.ru/s3/multimedia-1-a/7188813334.jpg,4861₽,1,4864₽,1,1,0,0,100%,,4000 g,18 L
1487,#_авточехол_для_nissan,"汽车罩
Чехол на автомобиль",https://ir.ozone.ru/s3/multimedia-1-a/7188813334.jpg,4861₽,1,4864₽,1,1,0,0,100%,,4000 g,18 L
1488,#_тент_аксессуар_кросс,"汽车罩
Чехол на автомобиль",https://ir.ozone.ru/s3/multimedia-1-a/7188813334.jpg,4861₽,1,4864₽,1,1,0,0,100%,,4000 g,18 L
1489,#_теплоизоляция_кузова,"汽车罩
Чехол на автомобиль",https://ir.ozone.ru/s3/multimedia-1-a/7188813334.jpg,4861₽,1,4864₽,1,1,0,0,100%,,4000 g,18 L
1490,#_защита_от_уф_лучей,"汽车罩
Чехол на автомобиль",https://ir.ozone.ru/s3/multimedia-1-a/7188813334.jpg,4861₽,1,4864₽,1,1,0,0,100%,,4000 g,18 L
1491,#_водостойкая_ткань,"汽车罩
Чехол на автомобиль",https://ir.ozone.ru/s3/multimedia-1-a/7188813334.jpg,4861₽,1,4864₽,1,1,0,0,100%,,4000 g,18 L
1492,#_чехол_от_мороза_снега,"汽车罩
Чехол на автомобиль",https://ir.ozone.ru/s3/multimedia-1-a/7188813334.jpg,4861₽,1,4864₽,1,1,0,0,100%,,4000 g,18 L
1493,#_ремни_против_ветра,"汽车罩
Чехол на автомобиль",https://ir.ozone.ru/s3/multimedia-1-a/7188813334.jpg,4861₽,1,4864₽,1,1,0,0,100%,,4000 g,18 L
1494,#_антиградная_защита,"汽车罩
Чехол на автомобиль",https://ir.ozone.ru/s3/multimedia-1-a/7188813334.jpg,4861₽,1,4864₽,1,1,0,0,100%,,4000 g,18 L
1495,#_мягкая_подкладка_лак,"汽车罩
Чехол на автомобиль",https://ir.ozone.ru/s3/multimedia-1-a/7188813334.jpg,4861₽,1,4864₽,1,1,0,0,100%,,4000 g,18 L
1496,#_защита_от_птиц,"汽车罩
Чехол на автомобиль",https://ir.ozone.ru/s3/multimedia-1-a/7188813334.jpg,4861₽,1,4864₽,1,1,0,0,100%,,4000 g,18 L
1497,#_круглогодичный_чехол,"汽车罩
Чехол на автомобиль",https://ir.ozone.ru/s3/multimedia-1-a/7188813334.jpg,4861₽,1,4864₽,1,1,0,0,100%,,4000 g,18 L
1498,#_прочная_строчка_чехла,"汽车罩
Чехол на автомобиль",https://ir.ozone.ru/s3/multimedia-1-a/7188813334.jpg,4861₽,1,4864₽,1,1,0,0,100%,,4000 g,18 L
1499,#_толстый_утепленный_слой,"汽车罩
Чехол на автомобиль",https://ir.ozone.ru/s3/multimedia-1-a/7188813334.jpg,4861₽,1,4864₽,1,1,0,0,100%,,4000 g,18 L
1500,#теплый_т,"汽车罩
Чехол на автомобиль",https://ir.ozone.ru/s3/multimedia-1-e/7970528426.jpg,11752₽,1,11289₽,1,1,0,0,100%,,12000 g,162 L
1501,#Защитаотсолнца99,"汽车罩
Чехол на автомобиль",https://ir.ozone.ru/s3/multimedia-1-4/10948759816.jpg,239₽,1,242₽,1,1,0,0,100%,0%,180 g,4.5 L
1502,#Штормадлялобовогостекла,"汽车罩
Чехол на автомобиль",https://ir.ozone.ru/s3/multimedia-1-4/10948759816.jpg,239₽,1,242₽,1,1,0,0,100%,0%,180 g,4.5 L
1503,#Солнцезащитнаяшторма,"汽车罩
Чехол на автомобиль",https://ir.ozone.ru/s3/multimedia-1-4/10948759816.jpg,239₽,1,242₽,1,1,0,0,100%,0%,180 g,4.5 L
1504,#Универсальнаяавтошторма,"汽车罩
Чехол на автомобиль",https://ir.ozone.ru/s3/multimedia-1-4/10948759816.jpg,239₽,1,242₽,1,1,0,0,100%,0%,180 g,4.5 L
1505,#Штормасохватомзеркала,"汽车罩
Чехол на автомобиль",https://ir.ozone.ru/s3/multimedia-1-4/10948759816.jpg,239₽,1,242₽,1,1,0,0,100%,0%,180 g,4.5 L
1506,#Штормадлявсехмоделейавто,"汽车罩
Чехол на автомобиль",https://ir.ozone.ru/s3/multimedia-1-4/10948759816.jpg,239₽,1,242₽,1,1,0,0,100%,0%,180 g,4.5 L
1507,#покрытие_длямашины,"汽车罩
Чехол на автомобиль",https://ir.ozone.ru/s3/multimedia-1-w/10849360532.jpg,1281₽,1,1310₽,1,1,0,0,100%,,2200 g,9.8 L
1508,#теплозащита_вмашину,"汽车罩
Чехол на автомобиль",https://ir.ozone.ru/s3/multimedia-1-w/10849360532.jpg,1281₽,1,1310₽,1,1,0,0,100%,,2200 g,9.8 L
1509,#парковка_подсолнцем,"汽车罩
Чехол на автомобиль",https://ir.ozone.ru/s3/multimedia-1-w/10849360532.jpg,1281₽,1,1310₽,1,1,0,0,100%,,2200 g,9.8 L
1510,#термоодеяло_дляавто,"汽车罩
Чехол на автомобиль",https://ir.ozone.ru/s3/multimedia-1-w/10849360532.jpg,1281₽,1,1310₽,1,1,0,0,100%,,2200 g,9.8 L
1511,#чехол_yxl,"汽车罩
Чехол на автомобиль",https://ir.ozone.ru/s3/multimedia-1-e/10472190350.jpg,1221₽,1,1215₽,1,1,2,4,100%,0%,1500 g,11.7 L
1512,#уличное_хранение_авто,"汽车罩
Чехол на автомобиль",https://ir.ozone.ru/s3/multimedia-1-e/10472190350.jpg,1221₽,1,1215₽,1,1,2,4,100%,0%,1500 g,11.7 L
1513,#чехолнаПежоТравелер,"汽车罩
Чехол на автомобиль",https://ir.ozone.ru/s3/multimedia-1-r/8283255183.jpg,4619₽,1,4671₽,1,1,0,0,100%,,2700 g,28.4 L
1514,#зимнийтентдлямашины,"汽车罩
Чехол на автомобиль",https://ir.ozone.ru/s3/multimedia-1-8/8363788028.jpg,6409₽,1,6438₽,1,1,0,0,100%,0%,6000 g,50.6 L
1515,#чехолгаражадлямашинызимний,"汽车罩
Чехол на автомобиль",https://ir.ozone.ru/s3/multimedia-1-8/8363788028.jpg,6409₽,1,6438₽,1,1,0,0,100%,0%,6000 g,50.6 L
1516,#Тентдлямашины,"汽车罩
Чехол на автомобиль",https://ir.ozone.ru/s3/multimedia-1-8/8363788028.jpg,6409₽,1,6438₽,1,1,0,0,100%,0%,6000 g,50.6 L
1517,#теплыйгаражзимний,"汽车罩
Чехол на автомобиль",https://ir.ozone.ru/s3/multimedia-1-8/8363788028.jpg,6409₽,1,6438₽,1,1,0,0,100%,0%,6000 g,50.6 L
1518,#тентдлямашинызимний,"汽车罩
Чехол на автомобиль",https://ir.ozone.ru/s3/multimedia-1-8/8363788028.jpg,6409₽,1,6438₽,1,1,0,0,100%,0%,6000 g,50.6 L
1519,#чехолнамашинутентзимний,"汽车罩
Чехол на автомобиль",https://ir.ozone.ru/s3/multimedia-1-8/8363788028.jpg,6409₽,1,6438₽,1,1,0,0,100%,0%,6000 g,50.6 L
1520,#тентгаражадлямашинызимний,"汽车罩
Чехол на автомобиль",https://ir.ozone.ru/s3/multimedia-1-8/8363788028.jpg,6409₽,1,6438₽,1,1,0,0,100%,0%,6000 g,50.6 L
1521,#Чехолдлявнедорожников,"汽车罩
Чехол на автомобиль",https://ir.ozone.ru/s3/multimedia-1-8/8363788028.jpg,6409₽,1,6438₽,1,1,0,0,100%,0%,6000 g,50.6 L
1522,#Тентдляавтокроссовер,"汽车罩
Чехол на автомобиль",https://ir.ozone.ru/s3/multimedia-1-8/8363788028.jpg,6409₽,1,6438₽,1,1,0,0,100%,0%,6000 g,50.6 L
1523,#Toyotachaser,"汽车罩
Чехол на автомобиль",https://ir.ozone.ru/s3/multimedia-1-n/8344538015.jpg,6042₽,1,6042₽,1,1,13,4.5,100%,0%,4500 g,12.6 L
1524,#тентдляавтомобиляToyotachaser,"汽车罩
Чехол на автомобиль",https://ir.ozone.ru/s3/multimedia-1-n/8344538015.jpg,6042₽,1,6042₽,1,1,13,4.5,100%,0%,4500 g,12.6 L
1525,#чехолнаавтомобильToyotachaser,"汽车罩
Чехол на автомобиль",https://ir.ozone.ru/s3/multimedia-1-n/8344538015.jpg,6042₽,1,6042₽,1,1,13,4.5,100%,0%,4500 g,12.6 L
1526,#ТойотаЧейзер,"汽车罩
Чехол на автомобиль",https://ir.ozone.ru/s3/multimedia-1-n/8344538015.jpg,6042₽,1,6042₽,1,1,13,4.5,100%,0%,4500 g,12.6 L
1527,#чехолдляавтомобиляchaser,"汽车罩
Чехол на автомобиль",https://ir.ozone.ru/s3/multimedia-1-n/8344538015.jpg,6042₽,1,6042₽,1,1,13,4.5,100%,0%,4500 g,12.6 L
1528,#авточехолToyotachaser,"汽车罩
Чехол на автомобиль",https://ir.ozone.ru/s3/multimedia-1-n/8344538015.jpg,6042₽,1,6042₽,1,1,13,4.5,100%,0%,4500 g,12.6 L
1529,#чехолнаавтомобильТойотаЧейзер,"汽车罩
Чехол на автомобиль",https://ir.ozone.ru/s3/multimedia-1-n/8344538015.jpg,6042₽,1,6042₽,1,1,13,4.5,100%,0%,4500 g,12.6 L
1530,#тентдляавтомобиляТойотаЧейзер,"汽车罩
Чехол на автомобиль",https://ir.ozone.ru/s3/multimedia-1-n/8344538015.jpg,6042₽,1,6042₽,1,1,13,4.5,100%,0%,4500 g,12.6 L
1531,#авточехолТойотаЧейзер,"汽车罩
Чехол на автомобиль",https://ir.ozone.ru/s3/multimedia-1-n/8344538015.jpg,6042₽,1,6042₽,1,1,13,4.5,100%,0%,4500 g,12.6 L
1532,#чехолдляавтомобиляЧейзер,"汽车罩
Чехол на автомобиль",https://ir.ozone.ru/s3/multimedia-1-n/8344538015.jpg,6042₽,1,6042₽,1,1,13,4.5,100%,0%,4500 g,12.6 L
1533,#polo_l,"汽车罩
Чехол на автомобиль",https://ir.ozone.ru/s3/multimedia-1-h/10248026525.jpg;https://ir.ozone.ru/s3/multimedia-1-t/10248026285.jpg,4622₽,1,4715₽,1,2,2,4.5,100%,0%,5500 g,50.5 L
1534,#polo_xl,"汽车罩
Чехол на автомобиль",https://ir.ozone.ru/s3/multimedia-1-h/10248026525.jpg;https://ir.ozone.ru/s3/multimedia-1-t/10248026285.jpg,4622₽,1,4715₽,1,2,2,4.5,100%,0%,5500 g,50.5 L
1535,#машина_под_укрытием,"汽车罩
Чехол на автомобиль",https://ir.ozone.ru/s3/multimedia-1-m/10409409022.jpg,4656₽,1,4650₽,1,1,0,0,100%,,4500 g,15.8 L
1536,#ветровые_ремни,"汽车罩
Чехол на автомобиль",https://ir.ozone.ru/s3/multimedia-1-k/10344769004.jpg,5010₽,1,5102₽,1,1,0,0,100%,,1500 g,15.8 L
1537,#тент_на_Belgee,"汽车罩
Чехол на автомобиль",https://ir.ozone.ru/s3/multimedia-1-i/10154069334.jpg,3578₽,1,3639₽,1,1,0,0,100%,0%,2500 g,26.9 L
1538,#тент_на_Белджи,"汽车罩
Чехол на автомобиль",https://ir.ozone.ru/s3/multimedia-1-i/10154069334.jpg,3578₽,1,3639₽,1,1,0,0,100%,0%,2500 g,26.9 L
1539,#tenet_t7_2026,"汽车罩
Чехол на автомобиль",https://ir.ozone.ru/s3/multimedia-1-j/10063463383.jpg,4420₽,1,4499₽,1,1,0,0,100%,0%,5500 g,50.5 L
1540,#чехол_uni_s,"汽车罩
Чехол на автомобиль",https://ir.ozone.ru/s3/multimedia-1-5/9972430637.jpg,2543₽,1,2593₽,1,1,2,4,100%,0%,8000 g,54.5 L
1541,#тент_uni_s,"汽车罩
Чехол на автомобиль",https://ir.ozone.ru/s3/multimedia-1-5/9972430637.jpg,2543₽,1,2593₽,1,1,2,4,100%,0%,8000 g,54.5 L
1542,#для_Хавейл_Х9,"汽车罩
Чехол на автомобиль",https://ir.ozone.ru/s3/multimedia-1-c/7946564952.jpg;https://ir.ozone.ru/s3/multimedia-1-j/9096551155.jpg,3566₽,1,3623₽,2,2,3,2.3,100%,,5550 g,41.3 L
1543,#тент_для_автомобиль,"汽车罩
Чехол на автомобиль",https://ir.ozone.ru/s3/multimedia-1-4/10081408540.jpg,5267₽,1,5761₽,1,1,177,4.8,100%,0%,2500 g,24 L
1544,#чехол_для_автомобиль,"汽车罩
Чехол на автомобиль",https://ir.ozone.ru/s3/multimedia-1-4/10081408540.jpg,5267₽,1,5761₽,1,1,177,4.8,100%,0%,2500 g,24 L
1545,#утепление_автомобиля,"汽车罩
Чехол на автомобиль",https://ir.ozone.ru/s3/multimedia-1-u/8451352866.jpg;https://ir.ozone.ru/s3/multimedia-1-t/8451353333.jpg;https://ir.ozone.ru/s3/multimedia-1-5/8453678729.jpg;https://ir.ozone.ru/s3/multimedia-1-8/8453681036.jpg;https://ir.ozone.ru/s3/multimedia-1-9/11328344217.jpg,9956₽,1,12587₽,3,5,3,3.9,100%,0%,4923 g,47.7 L
1546,#tiggo_8_i,"汽车罩
Чехол на автомобиль",https://ir.ozone.ru/s3/multimedia-1-l/10058699829.jpg,4395₽,1,4449₽,1,1,1,5,100%,,5500 g,50.5 L
1547,#переноснойгаражзимний,"汽车罩
Чехол на автомобиль",https://ir.ozone.ru/s3/multimedia-1-8/8363788028.jpg,6409₽,1,6438₽,1,1,0,0,100%,0%,6000 g,50.6 L
1548,#Чехолдляавтотента,"汽车罩
Чехол на автомобиль",https://ir.ozone.ru/s3/multimedia-1-8/8363788028.jpg,6409₽,1,6438₽,1,1,0,0,100%,0%,6000 g,50.6 L
1549,#зимнийпереноснойгараж,"汽车罩
Чехол на автомобиль",https://ir.ozone.ru/s3/multimedia-1-8/8363788028.jpg,6409₽,1,6438₽,1,1,0,0,100%,0%,6000 g,50.6 L
1550,#tank_500_hi4t,"汽车罩
Чехол на автомобиль",https://ir.ozone.ru/s3/multimedia-1-x/10017052845.jpg,4395₽,1,4449₽,1,1,0,0,100%,,5500 g,50.5 L
1551,#чехолнамашинуотснега,"汽车罩
Чехол на автомобиль",https://ir.ozone.ru/s3/multimedia-1-8/8363788028.jpg,6409₽,1,6438₽,1,1,0,0,100%,0%,6000 g,50.6 L
1552,#зимнийчехолдлямашины,"汽车罩
Чехол на автомобиль",https://ir.ozone.ru/s3/multimedia-1-8/8363788028.jpg,6409₽,1,6438₽,1,1,0,0,100%,0%,6000 g,50.6 L
1553,#чехолотснеганамашину,"汽车罩
Чехол на автомобиль",https://ir.ozone.ru/s3/multimedia-1-8/8363788028.jpg,6409₽,1,6438₽,1,1,0,0,100%,0%,6000 g,50.6 L
1554,#Чехолдляхэтчбека,"汽车罩
Чехол на автомобиль",https://ir.ozone.ru/s3/multimedia-1-8/8363788028.jpg,6409₽,1,6438₽,1,1,0,0,100%,0%,6000 g,50.6 L
1555,#Чехолдляавтоуниверсал,"汽车罩
Чехол на автомобиль",https://ir.ozone.ru/s3/multimedia-1-8/8363788028.jpg,6409₽,1,6438₽,1,1,0,0,100%,0%,6000 g,50.6 L
1556,#авточехол_защитный,"汽车罩
Чехол на автомобиль",https://ir.ozone.ru/s3/multimedia-1-5/9273296417.jpg,1394₽,1,1394₽,1,1,0,0,100%,,1600 g,4 L
1557,#тент_на_КаиЕ5,"汽车罩
Чехол на автомобиль",https://ir.ozone.ru/s3/multimedia-1-s/8069205412.jpg,4671₽,1,4671₽,1,1,4,5,100%,0%,2500 g,26.9 L
1558,#тент_на_KaiyiE5,"汽车罩
Чехол на автомобиль",https://ir.ozone.ru/s3/multimedia-1-s/8069205412.jpg,4671₽,1,4671₽,1,1,4,5,100%,0%,2500 g,26.9 L
1559,#чехолнаШевролеНива,"汽车罩
Чехол на автомобиль",https://ir.ozone.ru/s3/multimedia-1-h/8009102105.jpg,4620₽,1,4671₽,1,1,2,5,100%,,2600 g,29.5 L
1560,#тент_на_ФордФокус,"汽车罩
Чехол на автомобиль",https://ir.ozone.ru/s3/multimedia-1-i/11473627662.jpg,2364₽,1,2385₽,1,1,0,0,100%,100%,2700 g,24.7 L
1561,#тент_на_FordFocus,"汽车罩
Чехол на автомобиль",https://ir.ozone.ru/s3/multimedia-1-i/11473627662.jpg,2364₽,1,2385₽,1,1,0,0,100%,100%,2700 g,24.7 L
1562,#чехолнаChevroletNiva,"汽车罩
Чехол на автомобиль",https://ir.ozone.ru/s3/multimedia-1-h/8009102105.jpg,4620₽,1,4671₽,1,1,2,5,100%,,2600 g,29.5 L
1563,#тент_на_KiaRio,"汽车罩
Чехол на автомобиль",https://ir.ozone.ru/s3/multimedia-1-9/7910008425.jpg,4671₽,1,4671₽,1,1,8,4.5,100%,0%,2500 g,26.9 L
1564,#тент_на_КиаРио,"汽车罩
Чехол на автомобиль",https://ir.ozone.ru/s3/multimedia-1-9/7910008425.jpg,4671₽,1,4671₽,1,1,8,4.5,100%,0%,2500 g,26.9 L
1565,#специализированныйавтомобиль,"汽车罩
Чехол на автомобиль",https://ir.ozone.ru/s3/multimedia-1-f/8789598735.jpg,7306₽,1,7339₽,1,1,0,0,100%,,4500 g,12.6 L
1566,#защитныйотграда,"汽车罩
Чехол на автомобиль",https://ir.ozone.ru/s3/multimedia-1-f/8789598735.jpg,7306₽,1,7339₽,1,1,0,0,100%,,4500 g,12.6 L
1567,#свозможностью,"汽车罩
Чехол на автомобиль",https://ir.ozone.ru/s3/multimedia-1-f/8789598735.jpg,7306₽,1,7339₽,1,1,0,0,100%,,4500 g,12.6 L
1568,#зимнийснегозащитный,"汽车罩
Чехол на автомобиль",https://ir.ozone.ru/s3/multimedia-1-f/8789598735.jpg,7306₽,1,7339₽,1,1,0,0,100%,,4500 g,12.6 L
1569,#honda_insight_чехол_для_авто,"汽车罩
Чехол на автомобиль",https://ir.ozone.ru/s3/multimedia-1-o/7133131392.jpg,3118₽,1,3165₽,1,1,5,5,100%,0%,1400 g,5.4 L
1570,#авточехолЛадаХРейКросс,"汽车罩
Чехол на автомобиль",https://ir.ozone.ru/s3/multimedia-1-r/8175251979.jpg,5584₽,1,5598₽,1,1,4,5,100%,0%,4500 g,15.8 L
1571,#палящее_солнце,"汽车罩
Чехол на автомобиль",https://ir.ozone.ru/s3/multimedia-1-m/11816032234.jpg,3006₽,1,2891₽,1,1,0,0,100%,0%,2500 g,31.3 L
1572,#солнцезащита_машина,"汽车罩
Чехол на автомобиль",https://ir.ozone.ru/s3/multimedia-1-m/11816032234.jpg,3006₽,1,2891₽,1,1,0,0,100%,0%,2500 g,31.3 L
1573,#автотовары_лето2026,"汽车罩
Чехол на автомобиль",https://ir.ozone.ru/s3/multimedia-1-m/11816032234.jpg,3006₽,1,2891₽,1,1,0,0,100%,0%,2500 g,31.3 L
1574,#авто_новинки_лето,"汽车罩
Чехол на автомобиль",https://ir.ozone.ru/s3/multimedia-1-m/11816032234.jpg,3006₽,1,2891₽,1,1,0,0,100%,0%,2500 g,31.3 L
1575,#Всесезонныйчехол,"汽车罩
Чехол на автомобиль",https://ir.ozone.ru/s3/multimedia-1-4/9572127484.jpg,2743₽,1,2726₽,1,1,2,4.5,100%,0%,550 g,8 L
1576,#капот_миниэкскаватора,"汽车罩
Чехол на автомобиль",https://ir.ozone.ru/s3/multimedia-1-s/8756418988.jpg,3412₽,1,3427₽,1,1,1,5,100%,,2200 g,20.4 L
1577,#запчасти_стройтехники,"汽车罩
Чехол на автомобиль",https://ir.ozone.ru/s3/multimedia-1-s/8756418988.jpg,3412₽,1,3427₽,1,1,1,5,100%,,2200 g,20.4 L
1578,#запчасти_e20,"汽车罩
Чехол на автомобиль",https://ir.ozone.ru/s3/multimedia-1-s/8756418988.jpg,3412₽,1,3427₽,1,1,1,5,100%,,2200 g,20.4 L
1579,#аксессуары_миниэкскаватора,"汽车罩
Чехол на автомобиль",https://ir.ozone.ru/s3/multimedia-1-s/8756418988.jpg,3412₽,1,3427₽,1,1,1,5,100%,,2200 g,20.4 L
1580,#Автомобильныйзащитныйчехол_P,"汽车罩
Чехол на автомобиль",https://ir.ozone.ru/s3/multimedia-1-1/8716060441.jpg;https://ir.ozone.ru/s3/multimedia-1-m/8715908866.jpg;https://ir.ozone.ru/s3/multimedia-1-c/8979210408.jpg,3854₽,1,3924₽,3,3,4,3.3,100%,0%,4897 g,35.1 L
1581,#авто_чехол_из_оксфорда,"汽车罩
Чехол на автомобиль",https://ir.ozone.ru/s3/multimedia-1-p/8382161869.jpg,5390₽,1,5390₽,1,1,,0,100%,0%,6000 g,60 L
1582,#чехол_для_внедорожника_YL,"汽车罩
Чехол на автомобиль",https://ir.ozone.ru/s3/multimedia-1-p/8382161869.jpg,5390₽,1,5390₽,1,1,,0,100%,0%,6000 g,60 L
1583,#полнообъемный_чехол_авто,"汽车罩
Чехол на автомобиль",https://ir.ozone.ru/s3/multimedia-1-p/8382161869.jpg,5390₽,1,5390₽,1,1,,0,100%,0%,6000 g,60 L
1584,#утеплённый_чехол_для_авто,"汽车罩
Чехол на автомобиль",https://ir.ozone.ru/s3/multimedia-1-p/8382161869.jpg,5390₽,1,5390₽,1,1,,0,100%,0%,6000 g,60 L
1585,#утеплённый_чехол_от_градa,"汽车罩
Чехол на автомобиль",https://ir.ozone.ru/s3/multimedia-1-p/8382161869.jpg,5390₽,1,5390₽,1,1,,0,100%,0%,6000 g,60 L
1586,#чехол_для_авто_YL,"汽车罩
Чехол на автомобиль",https://ir.ozone.ru/s3/multimedia-1-p/8382161869.jpg,5390₽,1,5390₽,1,1,,0,100%,0%,6000 g,60 L
1587,#чехол_для_кроссовера_YL,"汽车罩
Чехол на автомобиль",https://ir.ozone.ru/s3/multimedia-1-p/8382161869.jpg,5390₽,1,5390₽,1,1,,0,100%,0%,6000 g,60 L
1588,#чехол_для_Газель,"汽车罩
Чехол на автомобиль",https://ir.ozone.ru/s3/multimedia-1-p/8382161869.jpg,5390₽,1,5390₽,1,1,,0,100%,0%,6000 g,60 L
1589,#удобный_чехол_для_семьи,"汽车罩
Чехол на автомобиль",https://ir.ozone.ru/s3/multimedia-1-p/8382161869.jpg,5390₽,1,5390₽,1,1,,0,100%,0%,6000 g,60 L
1590,#JeturT2,"汽车罩
Чехол на автомобиль",https://ir.ozone.ru/s3/multimedia-1-e/8651821874.jpg,3162₽,1,3142₽,1,1,143,4.9,100%,,1700 g,7 L
1591,#Мерседес_Бенц_GLS,"汽车罩
Чехол на автомобиль",https://ir.ozone.ru/s3/multimedia-1-6/9305325258.jpg,7109₽,1,7165₽,1,1,2,5,100%,0%,5500 g,30.4 L
1592,#тент_на_ОмодаС7,"汽车罩
Чехол на автомобиль",https://ir.ozone.ru/s3/multimedia-1-s/8279604640.jpg,4610₽,1,4685₽,1,1,1,5,100%,0%,2700 g,24.7 L
1593,#тент_на_OMODAC7,"汽车罩
Чехол на автомобиль",https://ir.ozone.ru/s3/multimedia-1-s/8279604640.jpg,4610₽,1,4685₽,1,1,1,5,100%,0%,2700 g,24.7 L
1594,#Hyundai_Santa,"汽车罩
Чехол на автомобиль",https://ir.ozone.ru/s3/multimedia-1-v/9286939111.jpg,7109₽,1,7165₽,1,1,4,5,100%,,4000 g,30.4 L
1595,#Джили_Ситирей_чехол,"汽车罩
Чехол на автомобиль",https://ir.ozone.ru/s3/multimedia-1-o/8350750608.jpg,4939₽,1,5261₽,1,1,0,0,100%,0%,4100 g,18.8 L
1596,#Джили_Ситирей_Защитный_чехол,"汽车罩
Чехол на автомобиль",https://ir.ozone.ru/s3/multimedia-1-o/8350750608.jpg,4939₽,1,5261₽,1,1,0,0,100%,0%,4100 g,18.8 L
1597,#ЗимнееПокрывало,"汽车罩
Чехол на автомобиль",https://ir.ozone.ru/s3/multimedia-1-t/11053560521.jpg;https://ir.ozone.ru/s3/multimedia-1-y/10185264790.jpg;https://ir.ozone.ru/s3/multimedia-1-q/8878037642.jpg,549₽,1,559₽,3,3,4,1.5,100%,,370 g,8 L
1598,#тент_на_VoyahFree,"汽车罩
Чехол на автомобиль",https://ir.ozone.ru/s3/multimedia-1-j/8310276775.jpg,4616₽,1,4501₽,1,1,1,5,100%,,2700 g,24.7 L
1599,#тент_на_ВояФри,"汽车罩
Чехол на автомобиль",https://ir.ozone.ru/s3/multimedia-1-j/8310276775.jpg,4616₽,1,4501₽,1,1,1,5,100%,,2700 g,24.7 L
1600,#чехол_на_автомобильHaval,"汽车罩
Чехол на автомобиль",https://ir.ozone.ru/s3/multimedia-1-m/8673589282.jpg,6838₽,1,7221₽,1,1,1,5,100%,,4500 g,12.6 L
1601,#тент_для_автомобиляHaval,"汽车罩
Чехол на автомобиль",https://ir.ozone.ru/s3/multimedia-1-m/8673589282.jpg,6838₽,1,7221₽,1,1,1,5,100%,,4500 g,12.6 L
1602,#чехол_для_автомобиляHaval,"汽车罩
Чехол на автомобиль",https://ir.ozone.ru/s3/multimedia-1-m/8673589282.jpg,6838₽,1,7221₽,1,1,1,5,100%,,4500 g,12.6 L
1603,#авточехолHaval,"汽车罩
Чехол на автомобиль",https://ir.ozone.ru/s3/multimedia-1-m/8673589282.jpg,6838₽,1,7221₽,1,1,1,5,100%,,4500 g,12.6 L
1604,#тент_для_автомобиляХавал,"汽车罩
Чехол на автомобиль",https://ir.ozone.ru/s3/multimedia-1-m/8673589282.jpg,6838₽,1,7221₽,1,1,1,5,100%,,4500 g,12.6 L
1605,#авточехол_накузовавтомобиля,"汽车罩
Чехол на автомобиль",https://ir.ozone.ru/s3/multimedia-1-m/8673589282.jpg,6838₽,1,7221₽,1,1,1,5,100%,,4500 g,12.6 L
1606,#чехол_на_автомобильХавал,"汽车罩
Чехол на автомобиль",https://ir.ozone.ru/s3/multimedia-1-m/8673589282.jpg,6838₽,1,7221₽,1,1,1,5,100%,,4500 g,12.6 L
1607,#тентавтомобиля_универсальный,"汽车罩
Чехол на автомобиль",https://ir.ozone.ru/s3/multimedia-1-m/8673589282.jpg,6838₽,1,7221₽,1,1,1,5,100%,,4500 g,12.6 L
1608,#авточехолХавал,"汽车罩
Чехол на автомобиль",https://ir.ozone.ru/s3/multimedia-1-m/8673589282.jpg,6838₽,1,7221₽,1,1,1,5,100%,,4500 g,12.6 L
1609,#чехол_для_автомобиляХавал,"汽车罩
Чехол на автомобиль",https://ir.ozone.ru/s3/multimedia-1-m/8673589282.jpg,6838₽,1,7221₽,1,1,1,5,100%,,4500 g,12.6 L
1610,#Авточехол_для_маленьких_машин,"汽车罩
Чехол на автомобиль",https://ir.ozone.ru/s3/multimedia-1-p/8629645345.jpg,800₽,1,806₽,1,1,5,5,100%,0%,700 g,6.3 L
1611,#Чехол_от_солнца_и_непогоды,"汽车罩
Чехол на автомобиль",https://ir.ozone.ru/s3/multimedia-1-p/8629645345.jpg,800₽,1,806₽,1,1,5,5,100%,0%,700 g,6.3 L
1612,#Мягкая_внутренняя_сторона,"汽车罩
Чехол на автомобиль",https://ir.ozone.ru/s3/multimedia-1-p/8629645345.jpg,800₽,1,806₽,1,1,5,5,100%,0%,700 g,6.3 L
1613,#Защита_от_дождя_снега_и_пыли,"汽车罩
Чехол на автомобиль",https://ir.ozone.ru/s3/multimedia-1-p/8629645345.jpg,800₽,1,806₽,1,1,5,5,100%,0%,700 g,6.3 L
1614,#Защита_от_царапин_и_града,"汽车罩
Чехол на автомобиль",https://ir.ozone.ru/s3/multimedia-1-p/8629645345.jpg,800₽,1,806₽,1,1,5,5,100%,0%,700 g,6.3 L
1615,#Лето_защита_от_выцветания,"汽车罩
Чехол на автомобиль",https://ir.ozone.ru/s3/multimedia-1-p/8629645345.jpg,800₽,1,806₽,1,1,5,5,100%,0%,700 g,6.3 L
1616,#Для_парковки_на_улице,"汽车罩
Чехол на автомобиль",https://ir.ozone.ru/s3/multimedia-1-p/8629645345.jpg,800₽,1,806₽,1,1,5,5,100%,0%,700 g,6.3 L
1617,#Осень_защита_от_замерзания,"汽车罩
Чехол на автомобиль",https://ir.ozone.ru/s3/multimedia-1-p/8629645345.jpg,800₽,1,806₽,1,1,5,5,100%,0%,700 g,6.3 L
1618,#Зима_легкий_запуск_двигателя,"汽车罩
Чехол на автомобиль",https://ir.ozone.ru/s3/multimedia-1-p/8629645345.jpg,800₽,1,806₽,1,1,5,5,100%,0%,700 g,6.3 L
1619,#Цвет_может_отличаться,"汽车罩
Чехол на автомобиль",https://ir.ozone.ru/s3/multimedia-1-p/8629645345.jpg,800₽,1,806₽,1,1,5,5,100%,0%,700 g,6.3 L
1620,#Только_для_маленьких_машин,"汽车罩
Чехол на автомобиль",https://ir.ozone.ru/s3/multimedia-1-p/8629645345.jpg,800₽,1,806₽,1,1,5,5,100%,0%,700 g,6.3 L
1621,#Весна_от_пыльцы_и_песка,"汽车罩
Чехол на автомобиль",https://ir.ozone.ru/s3/multimedia-1-p/8629645345.jpg,800₽,1,806₽,1,1,5,5,100%,0%,700 g,6.3 L
1622,#Проверьте_размер_авто,"汽车罩
Чехол на автомобиль",https://ir.ozone.ru/s3/multimedia-1-p/8629645345.jpg,800₽,1,806₽,1,1,5,5,100%,0%,700 g,6.3 L
1623,#Для_защиты_нового_авто,"汽车罩
Чехол на автомобиль",https://ir.ozone.ru/s3/multimedia-1-p/8629645345.jpg,800₽,1,806₽,1,1,5,5,100%,0%,700 g,6.3 L
1624,#Изучите_размеры_на_фот,"汽车罩
Чехол на автомобиль",https://ir.ozone.ru/s3/multimedia-1-p/8629645345.jpg,800₽,1,806₽,1,1,5,5,100%,0%,700 g,6.3 L
1625,#теплоизоляционный_чехол,"汽车罩
Чехол на автомобиль",https://ir.ozone.ru/s3/multimedia-1-b/8213050451.jpg;https://ir.ozone.ru/s3/multimedia-1-d/8202447409.jpg;https://ir.ozone.ru/s3/multimedia-1-6/11316563430.jpg,2491₽,1,2523₽,3,3,15,2.6,100%,0%,1633 g,4.8 L
1626,#автомобильный_чехол_защита,"汽车罩
Чехол на автомобиль",https://ir.ozone.ru/s3/multimedia-1-k/8965033184.jpg,2031₽,1,2065₽,1,1,0,0,100%,,988 g,10.3 L
1627,#защитный_автомобильный_тент,"汽车罩
Чехол на автомобиль",https://ir.ozone.ru/s3/multimedia-1-k/8965033184.jpg,2031₽,1,2065₽,1,1,0,0,100%,,988 g,10.3 L
1628,#тент_для_автомобиля_удобный,"汽车罩
Чехол на автомобиль",https://ir.ozone.ru/s3/multimedia-1-k/8965033184.jpg,2031₽,1,2065₽,1,1,0,0,100%,,988 g,10.3 L
1629,#защитный_тент_дождь,"汽车罩
Чехол на автомобиль",https://ir.ozone.ru/s3/multimedia-1-k/8965033184.jpg,2031₽,1,2065₽,1,1,0,0,100%,,988 g,10.3 L
1630,#тент_от_снега_авто,"汽车罩
Чехол на автомобиль",https://ir.ozone.ru/s3/multimedia-1-k/8965033184.jpg,2031₽,1,2065₽,1,1,0,0,100%,,988 g,10.3 L
1631,#чехол_для_автомобиля_защита,"汽车罩
Чехол на автомобиль",https://ir.ozone.ru/s3/multimedia-1-k/8965033184.jpg,2031₽,1,2065₽,1,1,0,0,100%,,988 g,10.3 L
1632,#тент_для_авто_удобный,"汽车罩
Чехол на автомобиль",https://ir.ozone.ru/s3/multimedia-1-k/8965033184.jpg,2031₽,1,2065₽,1,1,0,0,100%,,988 g,10.3 L
1633,#защитный_тент_ультрафиолет,"汽车罩
Чехол на автомобиль",https://ir.ozone.ru/s3/multimedia-1-k/8965033184.jpg,2031₽,1,2065₽,1,1,0,0,100%,,988 g,10.3 L
1634,#тент_на_GACGS8,"汽车罩
Чехол на автомобиль",https://ir.ozone.ru/s3/multimedia-1-q/7901664758.jpg,4671₽,1,4671₽,1,1,2,5,100%,0%,2700 g,24.7 L
1635,#тент_на_ГАКГС8,"汽车罩
Чехол на автомобиль",https://ir.ozone.ru/s3/multimedia-1-q/7901664758.jpg,4671₽,1,4671₽,1,1,2,5,100%,0%,2700 g,24.7 L
1636,#чехол_на_бамперах,"汽车罩
Чехол на автомобиль",https://ir.ozone.ru/s3/multimedia-1-8/9774229688.jpg,4896₽,1,4896₽,1,1,33,4.8,100%,0%,5000 g,201.1 L
1637,#чехол_для_коттеджа,"汽车罩
Чехол на автомобиль",https://ir.ozone.ru/s3/multimedia-1-8/9774229688.jpg,4896₽,1,4896₽,1,1,33,4.8,100%,0%,5000 g,201.1 L
1638,#чехол_для_легкового,"汽车罩
Чехол на автомобиль",https://ir.ozone.ru/s3/multimedia-1-8/9774229688.jpg,4896₽,1,4896₽,1,1,33,4.8,100%,0%,5000 g,201.1 L
1639,#чехол_вентилируемый,"汽车罩
Чехол на автомобиль",https://ir.ozone.ru/s3/multimedia-1-8/9774229688.jpg,4896₽,1,4896₽,1,1,33,4.8,100%,0%,5000 g,201.1 L
1640,#Хёндай_Туксон,"汽车罩
Чехол на автомобиль",https://ir.ozone.ru/s3/multimedia-1-q/9287011502.jpg,7464₽,1,7557₽,1,1,4,5,100%,0%,4000 g,30.4 L
1641,#ЧанганьUniS,"汽车罩
Чехол на автомобиль",https://ir.ozone.ru/s3/multimedia-1-k/8581070252.jpg,5352₽,1,5352₽,1,1,1,3,100%,0%,4500 g,12.6 L
1642,#для_Чанган_ЦС75_Плюс_деталь,"汽车罩
Чехол на автомобиль",https://ir.ozone.ru/s3/multimedia-1-o/8566155888.jpg;https://ir.ozone.ru/s3/multimedia-1-a/8566172794.jpg;https://ir.ozone.ru/s3/multimedia-1-x/9685109445.jpg;https://ir.ozone.ru/s3/multimedia-1-5/9768858161.jpg,2706₽,1,3448₽,4,4,2,2.4,100%,0%,9000 g,60 L
1643,#Чехолотпылиигрязи,"汽车罩
Чехол на автомобиль",https://ir.ozone.ru/s3/multimedia-1-2/8546321198.jpg,3809₽,1,3809₽,1,1,14,4.9,100%,,1500 g,15.8 L
1644,#защита_от_строительной_пыли,"汽车罩
Чехол на автомобиль",https://ir.ozone.ru/s3/multimedia-1-m/8990768758.jpg;https://ir.ozone.ru/s3/multimedia-1-m/8990768758.jpg;https://ir.ozone.ru/s3/multimedia-1-5/9313299581.jpg,286₽,1,408₽,2,3,1,3.3,100%,0%,182 g,10.2 L
1645,#changan_cs35_чехол_для_авто,"汽车罩
Чехол на автомобиль",https://ir.ozone.ru/s3/multimedia-1-k/7054423796.jpg,4971₽,1,5029₽,1,1,15,4.9,100%,0%,3500 g,19.3 L
1646,#дворовая_парковка,"汽车罩
Чехол на автомобиль",https://ir.ozone.ru/s3/multimedia-1-m/10409409022.jpg,4656₽,1,4650₽,1,1,0,0,100%,,4500 g,15.8 L
1647,#от_дождя_и_снега,"汽车罩
Чехол на автомобиль",https://ir.ozone.ru/s3/multimedia-1-7/8789187427.jpg;https://ir.ozone.ru/s3/multimedia-1-b/8788865051.jpg;https://ir.ozone.ru/s3/multimedia-1-b/8788921679.jpg;https://ir.ozone.ru/s3/multimedia-1-2/9833836214.jpg;https://ir.ozone.ru/s3/multimedia-1-7/8788990039.jpg;https://ir.ozone.ru/s3/multimedia-1-y/8789167546.jpg;https://ir.ozone.ru/s3/multimedia-1-p/9126225457.jpg;https://ir.ozone.ru/s3/multimedia-1-g/9792586744.jpg,3214₽,1,3226₽,4,8,12,3.6,100%,25%,1331 g,13.8 L
1648,#чехолнаTenetT8,"汽车罩
Чехол на автомобиль",https://ir.ozone.ru/s3/multimedia-1-z/8286576587.jpg,4619₽,1,4671₽,1,1,20,5,100%,0%,2700 g,28.4 L
1649,#чехолнаТенетТ8,"汽车罩
Чехол на автомобиль",https://ir.ozone.ru/s3/multimedia-1-z/8286576587.jpg,4619₽,1,4671₽,1,1,20,5,100%,0%,2700 g,28.4 L
1650,#Чернаяобложка,"汽车罩
Чехол на автомобиль",https://ir.ozone.ru/s3/multimedia-1-d/9192474661.jpg,2547₽,1,2564₽,1,1,0,0,100%,100%,1600 g,22.1 L
1651,#от_пыли_и_царапин,"汽车罩
Чехол на автомобиль",https://ir.ozone.ru/s3/multimedia-1-p/9126225457.jpg,2916₽,1,2916₽,1,1,,0,100%,0%,1500 g,15.8 L
1652,#ТентДляВелосипедов,"汽车罩
Чехол на автомобиль",https://ir.ozone.ru/s3/multimedia-1-i/7079837490.jpg;https://ir.ozone.ru/s3/multimedia-1-o/9440808540.jpg;https://ir.ozone.ru/s3/multimedia-1-t/9440834609.jpg,5546₽,1,6916₽,2,3,4,5,100%,0%,5700 g,14.8 L
1653,#JKJL,"汽车罩
Чехол на автомобиль",https://ir.ozone.ru/s3/multimedia-1-3/9214434219.jpg;https://ir.ozone.ru/s3/multimedia-g/6400685020.jpg,3654₽,1,3661₽,2,2,0,0,100%,0%,3350 g,12.3 L
1654,#авточехол_от_солнца,"汽车罩
Чехол на автомобиль",https://ir.ozone.ru/s3/multimedia-s/6838616188.jpg,2085₽,1,2114₽,1,1,0,0,100%,,,
1655,#авточехол_тент,"汽车罩
Чехол на автомобиль",https://ir.ozone.ru/s3/multimedia-s/6838616188.jpg,2085₽,1,2114₽,1,1,0,0,100%,,,
1656,#гаражнаязащитаавто,"汽车罩
Чехол на автомобиль",https://ir.ozone.ru/s3/multimedia-1-v/7198905487.jpg,4679₽,1,4817₽,1,1,0,0,100%,,4500 g,18 L
1657,#Устройстводлязащитыотснега,"汽车罩
Чехол на автомобиль",https://ir.ozone.ru/s3/multimedia-1-o/9154617252.jpg;https://ir.ozone.ru/s3/multimedia-1-d/9192474661.jpg,2597₽,1,2589₽,2,2,0,0,100%,100%,1600 g,22.1 L
1658,#Модельныйкорпус,"汽车罩
Чехол на автомобиль",https://ir.ozone.ru/s3/multimedia-1-d/9192474661.jpg,2547₽,1,2564₽,1,1,0,0,100%,100%,1600 g,22.1 L
1659,#Защитавсегоавтомобилявцелом,"汽车罩
Чехол на автомобиль",https://ir.ozone.ru/s3/multimedia-1-o/9154617252.jpg;https://ir.ozone.ru/s3/multimedia-1-d/9192474661.jpg,2597₽,1,2589₽,2,2,0,0,100%,100%,1600 g,22.1 L
1660,#Наружнаязащитаавтомобиля,"汽车罩
Чехол на автомобиль",https://ir.ozone.ru/s3/multimedia-1-o/9154617252.jpg;https://ir.ozone.ru/s3/multimedia-1-d/9192474661.jpg,2597₽,1,2589₽,2,2,0,0,100%,100%,1600 g,22.1 L
1661,#Покрытиесзащитойотцарапин,"汽车罩
Чехол на автомобиль",https://ir.ozone.ru/s3/multimedia-1-d/9192474661.jpg,2547₽,1,2564₽,1,1,0,0,100%,100%,1600 g,22.1 L
1662,#Серебрянаяобложка,"汽车罩
Чехол на автомобиль",https://ir.ozone.ru/s3/multimedia-1-d/9192474661.jpg,2547₽,1,2564₽,1,1,0,0,100%,100%,1600 g,22.1 L
1663,#Наружнаяизоляцияавтомобиля,"汽车罩
Чехол на автомобиль",https://ir.ozone.ru/s3/multimedia-1-d/9192474661.jpg,2547₽,1,2564₽,1,1,0,0,100%,100%,1600 g,22.1 L
1664,#Ветрозащитныйпояс,"汽车罩
Чехол на автомобиль",https://ir.ozone.ru/s3/multimedia-1-o/9154617252.jpg;https://ir.ozone.ru/s3/multimedia-1-d/9192474661.jpg,2597₽,1,2589₽,2,2,0,0,100%,100%,1600 g,22.1 L
1665,#Чехол_для_мини_погрузчика,"汽车罩
Чехол на автомобиль",https://ir.ozone.ru/s3/multimedia-1-0/9172970604.jpg,2382₽,1,2396₽,1,1,0,0,100%,0%,370 g,6.3 L
1666,#ЧехолНаПогрузчик,"汽车罩
Чехол на автомобиль",https://ir.ozone.ru/s3/multimedia-1-0/9172970604.jpg,2382₽,1,2396₽,1,1,0,0,100%,0%,370 g,6.3 L
1667,#Чехол_на_погрузчик,"汽车罩
Чехол на автомобиль",https://ir.ozone.ru/s3/multimedia-1-0/9172970604.jpg,2382₽,1,2396₽,1,1,0,0,100%,0%,370 g,6.3 L
1668,#ЧехолДляМиниПогрузчика,"汽车罩
Чехол на автомобиль",https://ir.ozone.ru/s3/multimedia-1-0/9172970604.jpg,2382₽,1,2396₽,1,1,0,0,100%,0%,370 g,6.3 L
1669,#теплоизоляционная_защита,"汽车罩
Чехол на автомобиль",https://ir.ozone.ru/s3/multimedia-1-b/9716168819.jpg;https://ir.ozone.ru/s3/multimedia-1-0/9679595148.jpg;https://ir.ozone.ru/s3/multimedia-1-u/9838114050.jpg;https://ir.ozone.ru/s3/multimedia-1-m/9697959130.jpg;https://ir.ozone.ru/s3/multimedia-1-p/9667253077.jpg;https://ir.ozone.ru/s3/multimedia-1-n/9680015039.jpg;https://ir.ozone.ru/s3/multimedia-1-s/10404397468.jpg,3711₽,1,3736₽,1,7,0,2.1,100%,0%,1572 g,15.8 L
1670,#Техника_Вождения,"汽车罩
Чехол на автомобиль",https://ir.ozone.ru/s3/multimedia-1-u/7047005286.jpg,3702₽,1,3771₽,1,1,1,5,100%,,3600 g,4 L
1671,#Чистота_Авто,"汽车罩
Чехол на автомобиль",https://ir.ozone.ru/s3/multimedia-1-u/7047005286.jpg,3702₽,1,3771₽,1,1,1,5,100%,,3600 g,4 L
1672,#Тень_Для_Авто,"汽车罩
Чехол на автомобиль",https://ir.ozone.ru/s3/multimedia-1-u/7047005286.jpg,3702₽,1,3771₽,1,1,1,5,100%,,3600 g,4 L
1673,#Сохраняя_Цвет,"汽车罩
Чехол на автомобиль",https://ir.ozone.ru/s3/multimedia-1-u/7047005286.jpg,3702₽,1,3771₽,1,1,1,5,100%,,3600 g,4 L
1674,#Дорога_Домой,"汽车罩
Чехол на автомобиль",https://ir.ozone.ru/s3/multimedia-1-u/7047005286.jpg,3702₽,1,3771₽,1,1,1,5,100%,,3600 g,4 L
1675,#Берегу_Машину,"汽车罩
Чехол на автомобиль",https://ir.ozone.ru/s3/multimedia-1-u/7047005286.jpg,3702₽,1,3771₽,1,1,1,5,100%,,3600 g,4 L
1676,#Парковка_Мечты,"汽车罩
Чехол на автомобиль",https://ir.ozone.ru/s3/multimedia-1-u/7047005286.jpg,3702₽,1,3771₽,1,1,1,5,100%,,3600 g,4 L
1677,#антиградовый_авточехол,"汽车罩
Чехол на автомобиль",https://ir.ozone.ru/s3/multimedia-1-g/7003108420.jpg;https://ir.ozone.ru/s3/multimedia-1-s/7003108396.jpg;https://ir.ozone.ru/s3/multimedia-1-g/9635231968.jpg;https://ir.ozone.ru/s3/multimedia-1-v/7003108327.jpg,18340₽,1,20608₽,1,4,185,4.8,100%,0%,3800 g,210 L
1678,#автомобильный_чехол_O,"汽车罩
Чехол на автомобиль",https://ir.ozone.ru/s3/multimedia-1-1/8716060441.jpg,4219₽,1,4302₽,1,1,0,0,100%,,4987 g,35 L
1679,#автомобильный_чехол_W,"汽车罩
Чехол на автомобиль",https://ir.ozone.ru/s3/multimedia-1-m/8715908866.jpg,4126₽,1,4245₽,1,1,12,4.8,100%,0%,4716 g,35 L
1680,#тент_на_Jaecoo_J6,"汽车罩
Чехол на автомобиль",https://ir.ozone.ru/s3/multimedia-1-7/10223444491.jpg;https://ir.ozone.ru/s3/multimedia-1-c/10923708612.jpg,3513₽,1,3572₽,2,2,0,2.5,100%,0%,2700 g,24.7 L
1681,#тент_на_Джейку_Джи6,"汽车罩
Чехол на автомобиль",https://ir.ozone.ru/s3/multimedia-1-7/10223444491.jpg;https://ir.ozone.ru/s3/multimedia-1-c/10923708612.jpg,3513₽,1,3572₽,2,2,0,2.5,100%,0%,2700 g,24.7 L
1682,#Устойчивктемпературе,"汽车罩
Чехол на автомобиль",https://ir.ozone.ru/s3/multimedia-1-4/9572127484.jpg,2743₽,1,2726₽,1,1,2,4.5,100%,0%,550 g,8 L
1683,#тент_на_BAIC_U5_Plus,"汽车罩
Чехол на автомобиль",https://ir.ozone.ru/s3/multimedia-1-l/9461285373.jpg,4613₽,1,4526₽,1,1,1,5,100%,0%,2550 g,24.8 L
1684,#тент_на_БАИК_У5_Плюс,"汽车罩
Чехол на автомобиль",https://ir.ozone.ru/s3/multimedia-1-l/9461285373.jpg,4613₽,1,4526₽,1,1,1,5,100%,0%,2550 g,24.8 L
1685,#ЗащитаЛакокрасления,"汽车罩
Чехол на автомобиль",https://ir.ozone.ru/s3/multimedia-1-t/11053560521.jpg;https://ir.ozone.ru/s3/multimedia-1-y/10185264790.jpg;https://ir.ozone.ru/s3/multimedia-1-q/8878037642.jpg,549₽,1,559₽,3,3,4,1.5,100%,,370 g,8 L
1686,#ДолговечноеПокрывало,"汽车罩
Чехол на автомобиль",https://ir.ozone.ru/s3/multimedia-1-t/11053560521.jpg;https://ir.ozone.ru/s3/multimedia-1-y/10185264790.jpg;https://ir.ozone.ru/s3/multimedia-1-q/8878037642.jpg,549₽,1,559₽,3,3,4,1.5,100%,,370 g,8 L
1687,#ПлотноеПокрывало,"汽车罩
Чехол на автомобиль",https://ir.ozone.ru/s3/multimedia-1-t/11053560521.jpg;https://ir.ozone.ru/s3/multimedia-1-y/10185264790.jpg;https://ir.ozone.ru/s3/multimedia-1-q/8878037642.jpg,549₽,1,559₽,3,3,4,1.5,100%,,370 g,8 L
1688,#ОтЛьдаИСнега,"汽车罩
Чехол на автомобиль",https://ir.ozone.ru/s3/multimedia-1-t/11053560521.jpg;https://ir.ozone.ru/s3/multimedia-1-y/10185264790.jpg;https://ir.ozone.ru/s3/multimedia-1-q/8878037642.jpg,549₽,1,559₽,3,3,4,1.5,100%,,370 g,8 L
1689,#ЗащитаОтОледенения,"汽车罩
Чехол на автомобиль",https://ir.ozone.ru/s3/multimedia-1-t/11053560521.jpg;https://ir.ozone.ru/s3/multimedia-1-y/10185264790.jpg;https://ir.ozone.ru/s3/multimedia-1-q/8878037642.jpg,549₽,1,559₽,3,3,4,1.5,100%,,370 g,8 L
1690,#АнтиснежноеПокрывало,"汽车罩
Чехол на автомобиль",https://ir.ozone.ru/s3/multimedia-1-t/11053560521.jpg;https://ir.ozone.ru/s3/multimedia-1-y/10185264790.jpg;https://ir.ozone.ru/s3/multimedia-1-q/8878037642.jpg,549₽,1,559₽,3,3,4,1.5,100%,,370 g,8 L
1691,#ЛегкоеУстановка,"汽车罩
Чехол на автомобиль",https://ir.ozone.ru/s3/multimedia-1-t/11053560521.jpg;https://ir.ozone.ru/s3/multimedia-1-y/10185264790.jpg;https://ir.ozone.ru/s3/multimedia-1-q/8878037642.jpg,549₽,1,559₽,3,3,4,1.5,100%,,370 g,8 L
1692,#BMW5SeriesSedan,"汽车罩
Чехол на автомобиль",https://ir.ozone.ru/s3/multimedia-1-9/9616599729.jpg,4706₽,1,4724₽,1,1,500,4.7,100%,0%,3500 g,19.7 L
1693,#особенности_боковая_поддержка,"汽车罩
Чехол на автомобиль",https://ir.ozone.ru/s3/multimedia-1-o/11143120596.jpg,1364₽,1,1036₽,1,1,0,0,100%,0%,500 g,7.7 L
1694,#боковая_поддержка_спины,"汽车罩
Чехол на автомобиль",https://ir.ozone.ru/s3/multimedia-1-o/11143120596.jpg,1364₽,1,1036₽,1,1,0,0,100%,0%,500 g,7.7 L
1695,#omoda_c5_2026,"汽车罩
Чехол на автомобиль",https://ir.ozone.ru/s3/multimedia-1-m/10061955742.jpg;https://ir.ozone.ru/s3/multimedia-1-r/10061955999.jpg;https://ir.ozone.ru/s3/multimedia-1-v/11545931299.jpg;https://ir.ozone.ru/s3/multimedia-1-4/11566509448.jpg,3461₽,1,3491₽,3,4,50,2.5,100%,25%,2049 g,18 L
1696,#ЛетняяЗащитаАвто,"汽车罩
Чехол на автомобиль",https://ir.ozone.ru/s3/multimedia-1-j/10601595775.jpg;https://ir.ozone.ru/s3/multimedia-1-z/10452800807.jpg,367₽,1,373₽,2,2,0,0.5,100%,,259 g,8.5 L
1697,#ПолиэтиленДляАвто,"汽车罩
Чехол на автомобиль",https://ir.ozone.ru/s3/multimedia-1-z/10452800807.jpg,269₽,1,269₽,1,1,1,1,100%,,208 g,8.1 L
1698,#выходныесмашиной,"汽车罩
Чехол на автомобиль",https://ir.ozone.ru/s3/multimedia-1-z/10452800807.jpg,269₽,1,269₽,1,1,1,1,100%,,208 g,8.1 L
1699,#СпасаетОтЖары,"汽车罩
Чехол на автомобиль",https://ir.ozone.ru/s3/multimedia-1-z/10452800807.jpg,269₽,1,269₽,1,1,1,1,100%,,208 g,8.1 L
1700,#iskra_sedan,"汽车罩
Чехол на автомобиль",https://ir.ozone.ru/s3/multimedia-1-s/10151231752.jpg,4742₽,1,4742₽,1,1,0,0,100%,0%,5500 g,50.5 L
1701,#iskra_universal,"汽车罩
Чехол на автомобиль",https://ir.ozone.ru/s3/multimedia-1-s/10151231752.jpg,4742₽,1,4742₽,1,1,0,0,100%,0%,5500 g,50.5 L
1702,#тентнаседан,"汽车罩
Чехол на автомобиль",https://ir.ozone.ru/s3/multimedia-1-3/9712941159.jpg,5198₽,1,5513₽,1,1,2,5,100%,0%,2000 g,2.4 L
1703,#KIAOptimaJF,"汽车罩
Чехол на автомобиль",https://ir.ozone.ru/s3/multimedia-1-o/9154617252.jpg,2648₽,1,2614₽,1,1,0,0,100%,,1600 g,22.1 L
1704,#тент_на_LADAVesta,"汽车罩
Чехол на автомобиль",https://ir.ozone.ru/s3/multimedia-1-c/10707163824.jpg,3431₽,1,3467₽,1,1,1,5,100%,,2700 g,24.7 L
1705,#тент_на_ЛадаВеста,"汽车罩
Чехол на автомобиль",https://ir.ozone.ru/s3/multimedia-1-c/10707163824.jpg,3431₽,1,3467₽,1,1,1,5,100%,,2700 g,24.7 L
1706,#тент_на_Лада2114,"汽车罩
Чехол на автомобиль",https://ir.ozone.ru/s3/multimedia-1-d/10707163177.jpg,3431₽,1,3467₽,1,1,1,5,100%,,2700 g,24.7 L
1707,#тент_на_LADA2114,"汽车罩
Чехол на автомобиль",https://ir.ozone.ru/s3/multimedia-1-d/10707163177.jpg,3431₽,1,3467₽,1,1,1,5,100%,,2700 g,24.7 L
1708,#тенткузова,"汽车罩
Чехол на автомобиль",https://ir.ozone.ru/s3/multimedia-1-m/10477438654.jpg,4809₽,1,4809₽,1,1,134,4.6,100%,0%,500 g,30 L
1709,#чехолкузова,"汽车罩
Чехол на автомобиль",https://ir.ozone.ru/s3/multimedia-1-m/10477438654.jpg,4809₽,1,4809₽,1,1,134,4.6,100%,0%,500 g,30 L
1710,#чехолотлистьев,"汽车罩
Чехол на автомобиль",https://ir.ozone.ru/s3/multimedia-1-m/10477438654.jpg,4809₽,1,4809₽,1,1,134,4.6,100%,0%,500 g,30 L
1711,#чехолотпомета,"汽车罩
Чехол на автомобиль",https://ir.ozone.ru/s3/multimedia-1-m/10477438654.jpg,4809₽,1,4809₽,1,1,134,4.6,100%,0%,500 g,30 L
1712,#тентнаулицу,"汽车罩
Чехол на автомобиль",https://ir.ozone.ru/s3/multimedia-1-m/10477438654.jpg,4809₽,1,4809₽,1,1,134,4.6,100%,0%,500 g,30 L
1713,#автотентзимний,"汽车罩
Чехол на автомобиль",https://ir.ozone.ru/s3/multimedia-1-m/10477438654.jpg,4809₽,1,4809₽,1,1,134,4.6,100%,0%,500 g,30 L
1714,#чехолвсесезонный,"汽车罩
Чехол на автомобиль",https://ir.ozone.ru/s3/multimedia-1-m/10477438654.jpg,4809₽,1,4809₽,1,1,134,4.6,100%,0%,500 g,30 L
1715,#автотентлетний,"汽车罩
Чехол на автомобиль",https://ir.ozone.ru/s3/multimedia-1-m/10477438654.jpg,4809₽,1,4809₽,1,1,134,4.6,100%,0%,500 g,30 L
1716,#чехолнадвор,"汽车罩
Чехол на автомобиль",https://ir.ozone.ru/s3/multimedia-1-m/10477438654.jpg,4809₽,1,4809₽,1,1,134,4.6,100%,0%,500 g,30 L
1717,#защитатотсолнца,"汽车罩
Чехол на автомобиль",https://ir.ozone.ru/s3/multimedia-1-m/10477438654.jpg,4809₽,1,4809₽,1,1,134,4.6,100%,0%,500 g,30 L
1718,#Качествооригинала,"汽车罩
Чехол на автомобиль",https://ir.ozone.ru/s3/multimedia-1-4/9572127484.jpg,2743₽,1,2726₽,1,1,2,4.5,100%,0%,550 g,8 L
1719,#Солнцезащитныйтентдляавто,"汽车罩
Чехол на автомобиль",https://ir.ozone.ru/s3/multimedia-1-2/7794388910.jpg;https://ir.ozone.ru/s3/multimedia-1-r/7794431523.jpg,21522₽,1,22540₽,1,2,2,5,100%,0%,8500 g,41.2 L
1720,#Автомобильныйнавесотсолнца,"汽车罩
Чехол на автомобиль",https://ir.ozone.ru/s3/multimedia-1-2/7794388910.jpg;https://ir.ozone.ru/s3/multimedia-1-r/7794431523.jpg,21522₽,1,22540₽,1,2,2,5,100%,0%,8500 g,41.2 L
1721,#Навеснакрышуавтомобиля,"汽车罩
Чехол на автомобиль",https://ir.ozone.ru/s3/multimedia-1-2/7794388910.jpg;https://ir.ozone.ru/s3/multimedia-1-r/7794431523.jpg,21522₽,1,22540₽,1,2,2,5,100%,0%,8500 g,41.2 L
1722,#Автомобильныйзонтотсолнца,"汽车罩
Чехол на автомобиль",https://ir.ozone.ru/s3/multimedia-1-2/7794388910.jpg;https://ir.ozone.ru/s3/multimedia-1-r/7794431523.jpg,21522₽,1,22540₽,1,2,2,5,100%,0%,8500 g,41.2 L
1723,#Навесдляавтоотсолнцаидождя,"汽车罩
Чехол на автомобиль",https://ir.ozone.ru/s3/multimedia-1-2/7794388910.jpg;https://ir.ozone.ru/s3/multimedia-1-r/7794431523.jpg,21522₽,1,22540₽,1,2,2,5,100%,0%,8500 g,41.2 L
1724,#Компактныйтентдляавтомобиля,"汽车罩
Чехол на автомобиль",https://ir.ozone.ru/s3/multimedia-1-2/7794388910.jpg;https://ir.ozone.ru/s3/multimedia-1-r/7794431523.jpg,21522₽,1,22540₽,1,2,2,5,100%,0%,8500 g,41.2 L
1725,#Тентдляавтоохлаждающийсалон,"汽车罩
Чехол на автомобиль",https://ir.ozone.ru/s3/multimedia-1-2/7794388910.jpg;https://ir.ozone.ru/s3/multimedia-1-r/7794431523.jpg,21522₽,1,22540₽,1,2,2,5,100%,0%,8500 g,41.2 L
1726,#Антиугонныйнавесдляавто,"汽车罩
Чехол на автомобиль",https://ir.ozone.ru/s3/multimedia-1-2/7794388910.jpg;https://ir.ozone.ru/s3/multimedia-1-r/7794431523.jpg,21522₽,1,22540₽,1,2,2,5,100%,0%,8500 g,41.2 L
1727,#Тентдляавтоотптичьегопомета,"汽车罩
Чехол на автомобиль",https://ir.ozone.ru/s3/multimedia-1-2/7794388910.jpg;https://ir.ozone.ru/s3/multimedia-1-r/7794431523.jpg,21522₽,1,22540₽,1,2,2,5,100%,0%,8500 g,41.2 L
1728,#АвтомобильныйнавесMYNEW,"汽车罩
Чехол на автомобиль",https://ir.ozone.ru/s3/multimedia-1-2/7794388910.jpg;https://ir.ozone.ru/s3/multimedia-1-r/7794431523.jpg,21522₽,1,22540₽,1,2,2,5,100%,0%,8500 g,41.2 L
1729,#АвтоматическийнавесдляавтосДУ,"汽车罩
Чехол на автомобиль",https://ir.ozone.ru/s3/multimedia-1-2/7794388910.jpg;https://ir.ozone.ru/s3/multimedia-1-r/7794431523.jpg,21522₽,1,22540₽,1,2,2,5,100%,0%,8500 g,41.2 L
1730,#Съемныйтентнакрышуавто,"汽车罩
Чехол на автомобиль",https://ir.ozone.ru/s3/multimedia-1-2/7794388910.jpg;https://ir.ozone.ru/s3/multimedia-1-r/7794431523.jpg,21522₽,1,22540₽,1,2,2,5,100%,0%,8500 g,41.2 L
1731,#Солнцезащитныйзонтдляпарковки,"汽车罩
Чехол на автомобиль",https://ir.ozone.ru/s3/multimedia-1-2/7794388910.jpg;https://ir.ozone.ru/s3/multimedia-1-r/7794431523.jpg,21522₽,1,22540₽,1,2,2,5,100%,0%,8500 g,41.2 L
1732,#Защитныйтентдлякрышиавто,"汽车罩
Чехол на автомобиль",https://ir.ozone.ru/s3/multimedia-1-2/7794388910.jpg;https://ir.ozone.ru/s3/multimedia-1-r/7794431523.jpg,21522₽,1,22540₽,1,2,2,5,100%,0%,8500 g,41.2 L
1733,#Летнийнавесдляавтомобиля,"汽车罩
Чехол на автомобиль",https://ir.ozone.ru/s3/multimedia-1-2/7794388910.jpg;https://ir.ozone.ru/s3/multimedia-1-r/7794431523.jpg,21522₽,1,22540₽,1,2,2,5,100%,0%,8500 g,41.2 L
1734,#Тентдляавтоспультомуправления,"汽车罩
Чехол на автомобиль",https://ir.ozone.ru/s3/multimedia-1-2/7794388910.jpg;https://ir.ozone.ru/s3/multimedia-1-r/7794431523.jpg,21522₽,1,22540₽,1,2,2,5,100%,0%,8500 g,41.2 L
1735,#премиумтент,"汽车罩
Чехол на автомобиль",https://ir.ozone.ru/s3/multimedia-1-3/9712941159.jpg,5165₽,1,4864₽,1,1,1,5,100%,0%,2000 g,2.4 L
1736,#чехол_гараж_для_седан,"汽车罩
Чехол на автомобиль",https://ir.ozone.ru/s3/multimedia-1-e/11547018914.jpg,4614₽,1,4597₽,1,1,0,0,100%,0%,3000 g,21 L
1737,#Антиград,"汽车罩
Чехол на автомобиль",https://ir.ozone.ru/s3/multimedia-1-n/11481124703.jpg;https://ir.ozone.ru/s3/multimedia-1-k/11626383908.jpg;https://ir.ozone.ru/s3/multimedia-1-j/11557938763.jpg,2483₽,1,2835₽,2,3,0,0,100%,0%,1600 g,16.3 L
1738,#Антиград_для_автомобиля_чехол,"汽车罩
Чехол на автомобиль",https://ir.ozone.ru/s3/multimedia-1-n/11481124703.jpg;https://ir.ozone.ru/s3/multimedia-1-k/11626383908.jpg;https://ir.ozone.ru/s3/multimedia-1-j/11557938763.jpg,2483₽,1,2835₽,2,3,0,0,100%,0%,1600 g,16.3 L
1739,#Антиград_для_автомобиля,"汽车罩
Чехол на автомобиль",https://ir.ozone.ru/s3/multimedia-1-n/11481124703.jpg;https://ir.ozone.ru/s3/multimedia-1-k/11626383908.jpg;https://ir.ozone.ru/s3/multimedia-1-j/11557938763.jpg,2483₽,1,2835₽,2,3,0,0,100%,0%,1600 g,16.3 L
1740,#От_града_на_машину,"汽车罩
Чехол на автомобиль",https://ir.ozone.ru/s3/multimedia-1-n/11481124703.jpg;https://ir.ozone.ru/s3/multimedia-1-k/11626383908.jpg;https://ir.ozone.ru/s3/multimedia-1-j/11557938763.jpg,2483₽,1,2835₽,2,3,0,0,100%,0%,1600 g,16.3 L
1741,#kiaoptimaчехолдляключа,"汽车罩
Чехол на автомобиль",https://ir.ozone.ru/s3/multimedia-1-b/11366907491.jpg,3196₽,1,3200₽,1,1,0,0,100%,,3500 g,6 L
1742,#чехолключаkiaoptima,"汽车罩
Чехол на автомобиль",https://ir.ozone.ru/s3/multimedia-1-b/11366907491.jpg,3196₽,1,3200₽,1,1,0,0,100%,,3500 g,6 L
1743,#kiaoptimaтюнинг,"汽车罩
Чехол на автомобиль",https://ir.ozone.ru/s3/multimedia-1-b/11366907491.jpg,3196₽,1,3200₽,1,1,0,0,100%,,3500 g,6 L
1744,#киаоптиматюнинг,"汽车罩
Чехол на автомобиль",https://ir.ozone.ru/s3/multimedia-1-b/11366907491.jpg,3196₽,1,3200₽,1,1,0,0,100%,,3500 g,6 L
1745,#чехолнаключkiaoptima,"汽车罩
Чехол на автомобиль",https://ir.ozone.ru/s3/multimedia-1-b/11366907491.jpg,3196₽,1,3200₽,1,1,0,0,100%,,3500 g,6 L
1746,#KiaOptimaЧехол,"汽车罩
Чехол на автомобиль",https://ir.ozone.ru/s3/multimedia-1-b/11366907491.jpg,3196₽,1,3200₽,1,1,0,0,100%,,3500 g,6 L
1747,#киаоптимааксессуары,"汽车罩
Чехол на автомобиль",https://ir.ozone.ru/s3/multimedia-1-b/11366907491.jpg,3196₽,1,3200₽,1,1,0,0,100%,,3500 g,6 L
1748,#чехолнаключкиаоптима,"汽车罩
Чехол на автомобиль",https://ir.ozone.ru/s3/multimedia-1-b/11366907491.jpg,3196₽,1,3200₽,1,1,0,0,100%,,3500 g,6 L
1749,#КиаОптимаЧехол,"汽车罩
Чехол на автомобиль",https://ir.ozone.ru/s3/multimedia-1-b/11366907491.jpg,3196₽,1,3200₽,1,1,0,0,100%,,3500 g,6 L
1750,#чехолдлякиаоптима,"汽车罩
Чехол на автомобиль",https://ir.ozone.ru/s3/multimedia-1-b/11366907491.jpg,3196₽,1,3200₽,1,1,0,0,100%,,3500 g,6 L
1751,#чехолдляключакиаоптима,"汽车罩
Чехол на автомобиль",https://ir.ozone.ru/s3/multimedia-1-b/11366907491.jpg,3196₽,1,3200₽,1,1,0,0,100%,,3500 g,6 L
1752,#чехолавтомобильногокиаоптима,"汽车罩
Чехол на автомобиль",https://ir.ozone.ru/s3/multimedia-1-b/11366907491.jpg,3196₽,1,3200₽,1,1,0,0,100%,,3500 g,6 L
1753,#антизаклинивание_сиденья,"汽车罩
Чехол на автомобиль",https://ir.ozone.ru/s3/multimedia-1-j/11156982967.jpg,1364₽,1,1394₽,1,1,0,0,100%,,560 g,4.5 L
1754,#автокресло_для_всех,"汽车罩
Чехол на автомобиль",https://ir.ozone.ru/s3/multimedia-1-j/11156982967.jpg,1364₽,1,1394₽,1,1,0,0,100%,,560 g,4.5 L
1755,#накидкаотуфизлучения,"汽车罩
Чехол на автомобиль",https://ir.ozone.ru/s3/multimedia-1-i/10898205138.jpg,1994₽,1,1992₽,1,1,0,0,100%,0%,2230 g,8.6 L
1756,#защитныйчехолдлякроссовера,"汽车罩
Чехол на автомобиль",https://ir.ozone.ru/s3/multimedia-1-i/10898205138.jpg,1994₽,1,1992₽,1,1,0,0,100%,0%,2230 g,8.6 L
1757,#светоотражающийчехолнаавто,"汽车罩
Чехол на автомобиль",https://ir.ozone.ru/s3/multimedia-1-i/10898205138.jpg,1994₽,1,1992₽,1,1,0,0,100%,0%,2230 g,8.6 L
1758,#всесезонныйавточехол,"汽车罩
Чехол на автомобиль",https://ir.ozone.ru/s3/multimedia-1-i/10898205138.jpg,1994₽,1,1992₽,1,1,0,0,100%,0%,2230 g,8.6 L
1759,#защитакузоваотпыли,"汽车罩
Чехол на автомобиль",https://ir.ozone.ru/s3/multimedia-1-i/10898205138.jpg,1994₽,1,1992₽,1,1,0,0,100%,0%,2230 g,8.6 L
1760,#жизнь_без_гаража,"汽车罩
Чехол на автомобиль",https://ir.ozone.ru/s3/multimedia-1-s/10865001700.jpg,3865₽,1,4677₽,1,1,1,5,100%,,3000 g,10.2 L
1761,#продление_жизни_авто,"汽车罩
Чехол на автомобиль",https://ir.ozone.ru/s3/multimedia-1-s/10865001700.jpg,3865₽,1,4677₽,1,1,1,5,100%,,3000 g,10.2 L
1762,#авто_покрывало,"汽车罩
Чехол на автомобиль",https://ir.ozone.ru/s3/multimedia-1-4/12268357024.jpg,3873₽,1,3906₽,1,1,1,4,100%,,1500 g,15.8 L
1763,#пыле_защита_авто,"汽车罩
Чехол на автомобиль",https://ir.ozone.ru/s3/multimedia-1-4/12268357024.jpg,3873₽,1,3906₽,1,1,1,4,100%,,1500 g,15.8 L
1764,#защита_во_дворе,"汽车罩
Чехол на автомобиль",https://ir.ozone.ru/s3/multimedia-1-r/10346990679.jpg,3193₽,1,3251₽,1,1,0,0,100%,,2500 g,7 L
1765,#bmw_x5_2018,"汽车罩
Чехол на автомобиль",https://ir.ozone.ru/s3/multimedia-1-d/10156666441.jpg;https://ir.ozone.ru/s3/multimedia-1-q/10155876074.jpg,4416₽,1,4431₽,1,2,0,0,100%,50%,5500 g,50.5 L
1766,#bmw_x5_2022,"汽车罩
Чехол на автомобиль",https://ir.ozone.ru/s3/multimedia-1-d/10156666441.jpg;https://ir.ozone.ru/s3/multimedia-1-q/10155876074.jpg,4416₽,1,4431₽,1,2,0,0,100%,50%,5500 g,50.5 L
1767,#Тент_для_автомобилякроссовер,"汽车罩
Чехол на автомобиль",https://ir.ozone.ru/s3/multimedia-1-2/10143175394.jpg,5309₽,1,5337₽,1,1,0,0,100%,,1500 g,12.6 L
1768,#omoda_c7_2025,"汽车罩
Чехол на автомобиль",https://ir.ozone.ru/s3/multimedia-1-x/10062843261.jpg,4395₽,1,4449₽,1,1,0,0,100%,0%,5500 g,50.5 L
1769,#omoda_c7_2026,"汽车罩
Чехол на автомобиль",https://ir.ozone.ru/s3/multimedia-1-x/10062843261.jpg,4395₽,1,4449₽,1,1,0,0,100%,0%,5500 g,50.5 L
1770,#АвточехолдляHavalJolion,"汽车罩
Чехол на автомобиль",https://ir.ozone.ru/s3/multimedia-1-4/9572127484.jpg,2743₽,1,2726₽,1,1,2,4.5,100%,0%,550 g,8 L
1771,#Толстыйавточехол,"汽车罩
Чехол на автомобиль",https://ir.ozone.ru/s3/multimedia-1-4/9572127484.jpg,2743₽,1,2726₽,1,1,2,4.5,100%,0%,550 g,8 L
1772,#Светлоотражающийслой,"汽车罩
Чехол на автомобиль",https://ir.ozone.ru/s3/multimedia-1-4/9572127484.jpg,2743₽,1,2726₽,1,1,2,4.5,100%,0%,550 g,8 L
1773,#Полнаязащитаавтомобиля,"汽车罩
Чехол на автомобиль",https://ir.ozone.ru/s3/multimedia-1-4/9572127484.jpg,2743₽,1,2726₽,1,1,2,4.5,100%,0%,550 g,8 L
1774,#защита_в_регионе,"汽车罩
Чехол на автомобиль",https://ir.ozone.ru/s3/multimedia-1-w/6996433928.jpg,715₽,1,753₽,1,1,0,0,100%,0%,389 g,9.8 L
1775,#уличная_защита_кузова_авто,"汽车罩
Чехол на автомобиль",https://ir.ozone.ru/s3/multimedia-1-v/9795309223.jpg,1050₽,1,1105₽,1,1,0,0,100%,0%,1000 g,12.4 L
1776,#всесезонная_автообшивка,"汽车罩
Чехол на автомобиль",https://ir.ozone.ru/s3/multimedia-1-v/9795309223.jpg,1050₽,1,1105₽,1,1,0,0,100%,0%,1000 g,12.4 L
1777,#изоляция_от_низких_температур,"汽车罩
Чехол на автомобиль",https://ir.ozone.ru/s3/multimedia-1-v/9795309223.jpg,1050₽,1,1105₽,1,1,0,0,100%,0%,1000 g,12.4 L
1778,#защита_кузова_от_снега_мороза,"汽车罩
Чехол на автомобиль",https://ir.ozone.ru/s3/multimedia-1-v/9795309223.jpg,1050₽,1,1105₽,1,1,0,0,100%,0%,1000 g,12.4 L
1779,#покрывало_от_погодных_влияний,"汽车罩
Чехол на автомобиль",https://ir.ozone.ru/s3/multimedia-1-v/9795309223.jpg,1050₽,1,1105₽,1,1,0,0,100%,0%,1000 g,12.4 L
1780,#прочная_материал_авточехла,"汽车罩
Чехол на автомобиль",https://ir.ozone.ru/s3/multimedia-1-v/9795309223.jpg,1050₽,1,1105₽,1,1,0,0,100%,0%,1000 g,12.4 L
1781,#haval_h3_тент_чехол_для_авто,"汽车罩
Чехол на автомобиль",https://ir.ozone.ru/s3/multimedia-1-l/7135512537.jpg,4387₽,1,4394₽,1,1,26,4.9,100%,,3500 g,19.7 L
