序号,来源工作表,链接,名称,中文名称,品牌,型号名称（用于合并）,系列名称（用语组成系列）,包装长宽高,重量,尺码对应,销量表自动尺码,发货尺码,无尺码备注（车型/尺寸）,货号,材质,适配车辆模型,车型分类,尺寸变化,标签,介绍,低价,活动价,平时价,折前价格,店铺产品类型,对应状态,发货尺码依据
1,定制低价分尺码GRANTA,LADAGranta,"Защитный тент-чехол на автомобиль Lada Granta (Лада Гранта) 2018-2026 хэтчбек / универсал Tozaroa cover — Всесезонный водонепроницаемый чехол на машину от солнца, дождя и снега, тент для автомобиля",汽车防护车篷罩 适用于拉达 Granta (Лада Гранта) 2018-2026 两厢车 / 旅行车 Tozaroa cover — 全天候防水汽车罩/机器罩 防晒防雨防雪，汽车防护车篷，防尘汽车遮阳罩，汽车篷,,haijudingzhi-LADA-Granta ,haijudingzhi-LADA,30*26*6,0.8kg,2XS,2XS,M,,2026080101,单层PEVA,"Granta 2191
Granta",,,#ЛадаГранта #LadaGranta #хэтчбек #универсал #чехолнаавтомобиль #тентдляавтомобиля #тентнамашину #накидканаавто #водонепроницаемый #отсолнца #отснега #всесезонный #защитаавто #авточехол #чехолдлямашины #чехлынаавтомобиль #тентчехол #защитныйтент #дляLada #чехолотдождя #автомобильныйчехол #чехолнакузов #зимнийчехол #летнийчехол #чехолотпыли #чехолуниверсальный #накидкаотсолнца #автотент #PEVA #Tozaroacover,"🎯 100% Идеальная посадка (百分百完美适配)
Разработано специально для Lada Granta (2018-2026): Этот чехол Tozaroa cover идеально подходит для кузовов хэтчбек и универсал. Индивидуальный крой учитывает все изгибы вашего автомобиля, обеспечивая плотное прилегание и надежную фиксацию даже при сильном ветре. (专为 Lada Granta 2018-2026 设计：这款 Tozaroa cover 车罩完美适配两厢车和旅行车车身。定制剪裁贴合汽车的所有曲线，确保即使在强风下也能紧密贴合并牢固固定。)
2. 🛡️ Всесезонная защита 360° (360度全天候防护)
От летнего зноя до зимних метелей: Забудьте о чистке снега по утрам и выцветании краски! Наш тент-чехол эффективно защищает ваш автомобиль от палящего солнца, проливного дождя, обильного снега, наледи, а также от пыли, грязи и птичьего помета круглый год. (从酷暑到冬雪：忘掉早上除雪和车漆褪色吧！我们的车罩可全年有效保护您的爱车免受烈日、倾盆大雨、大雪、冰冻，以及灰尘、污垢和鸟粪的侵害。)
3. 💧 100% Водонепроницаемость (百分百绝对防水)
Премиальный материал PEVA: В отличие от дешевых тканевых аналогов, наш чехол изготовлен из высококачественного однослойного материала PEVA. Он обладает абсолютной водонепроницаемостью, не пропускает влагу к кузову и предотвращает появление ржавчины и коррозии. (优质 PEVA 材质：与廉价的布艺竞品不同，我们的车罩采用优质单层 PEVA 材料制成。它具有绝对的防水性，不会让水分渗透到车身，从而防止生锈和腐蚀。)
4. ☀️ Надежная защита от УФ-лучей (可靠的防紫外线保护)
Сохраните салон как новый: Прямые солнечные лучи разрушают приборную панель и сиденья. Чехол Tozaroa cover блокирует вредное ультрафиолетовое излучение, предотвращая перегрев салона и защищая пластик и обивку от растрескивания и старения. (保持内饰如新：直射阳光会破坏仪表盘和座椅。Tozaroa cover 车罩可阻挡有害的紫外线辐射，防止车内过热，并保护塑料和内饰免受开裂和老化。)
5. ⏱️ Легкость в использовании и уходе (使用及保养极其简便)
Удобство каждый день: Чехол невероятно легкий, его можно надеть и снять всего за минуту без посторонней помощи. Он легко очищается от грязи влажной тканью, не занимает много места в багажнике и всегда готов к использованию в любой ситуации. (日常使用的便利性：车罩非常轻巧，无需任何帮助，一分钟内即可轻松穿脱。用湿布即可轻松清除污垢，不占用后备箱太大空间，随时随地准备应对各种情况。)",,,,,普通PEVA款,货号已与原汇总表对应,按原汇总表货号精确匹配
2,定制低价分尺码GRANTA,LADAGranta,"Защитный тент-чехол на автомобиль Lada Granta (Лада Гранта) 2011-2026 лифтбек / кросс / спорт Tozaroa cover — Всесезонный водонепроницаемый чехол на машину от солнца, дождя и снега, тент на авто",汽车防护车篷罩 适用于拉达 Granta (Лада Гранта) 2011-2026 掀背/跨界/运动版 Tozaroa cover — 全天候防水汽车罩/机器罩 防晒防雨防雪，汽车防护车篷，防尘汽车遮阳罩，汽车篷,,haijudingzhi-LADA-Granta ,haijudingzhi-LADA,30*26*6,0.9kg,2M,2M,L,,2026080102,单层PEVA,"Granta Cross 
Granta 2191
Granta",,,#ЛадаГранта #LadaGranta #лифтбек #кросс #спорт #чехолнаавтомобиль #тентдляавтомобиля #тентнамашину #накидканаавто #водонепроницаемый #отсолнца #отснега #всесезонный #защитаавто #авточехол #чехолдлямашины #чехлынаавтомобиль #тентчехол #защитныйтент #дляLada #чехолотдождя #автомобильныйчехол #чехолнакузов #зимнийчехол #летнийчехол #чехолотпыли #чехолуниверсальный #накидкаотсолнца #PEVA #Tozaroacover,"1. 🎯 100% Идеальная посадка (百分百完美适配)
Разработано специально для Lada Granta (2011-2026): Этот чехол Tozaroa cover идеально подходит для кузовов лифтбек, кросс и спорт. Индивидуальный крой учитывает все особенности и изгибы вашего автомобиля, обеспечивая плотную посадку и надежную фиксацию даже при сильных порывах ветра. (专为 Lada Granta 2011-2026 设计：这款 Tozaroa cover 车罩完美适配掀背版、跨界版和运动版车身。定制剪裁考量了您爱车的所有曲线细节，确保即使在强风下也能紧密贴合、牢固固定。)
2. 🛡️ Всесезонная защита 360° (360度全天候防护)
Защита кузова в любое время года: Забудьте о бесконечной чистке снега зимой和 выгорании краски летом! Наш защитный тент эффективно предохраняет автомобиль от палящего солнца, проливного дождя, обильного снега, наледи, а также от пыли, грязи и птичьего помета 365 дней в году. (一年四季的车身防护：忘掉冬天繁琐的扫雪和夏天车漆褪色吧！我们的防护车篷一年 365 天有效保护汽车免受烈日、倾盆大雨、大雪、冰冻以及灰尘、污垢和鸟粪的侵害。)
3. 💧 100% Водонепроницаемость (百分百绝对防水)
Премиальный материал PEVA: Чехол выполнен из высококачественного однослойного материала PEVA. Он обладает абсолютной водонепроницаемостью, эффективно отталкивает влагу, препятствует ее проникновению к ЛКП и надежно защищает кузов от коррозии и ржавчины. (优质 PEVA 材质：车罩采用优质单层 PEVA 材料制成。具有绝对的防水性能，有效阻隔水分渗透至车漆，可靠保护车身免受腐蚀和生锈。)
4. ☀️ Защита от УФ-излучения и перегрева (防紫外线与防过热)
Сохраните первозданный вид салона: Прямые солнечные лучи приводят к растрескиванию приборной панели и выцветанию обивки. Чехол Tozaroa cover отражает ультрафиолетовые лучи, предотвращает чрезмерный нагрев салона в жару и продлевает срок службы внутренних материалов. (保持内饰原始状态：阳光直射会导致仪表盘开裂和座椅面料褪色。Tozaroa cover 车罩可反射紫外线，防止高温下车内过热，延长内饰材料的使用寿命。)
5. ⏱️ Простая установка и компактность (安装简单与便携收纳)
Удобство ежедневной эксплуатации: Чехол легкий и эластичный — его можно легко надеть и снять самостоятельно всего за одну минуту. Он быстро очищается от загрязнений влажной салфеткой, компактно складывается и не занимает много места в багажнике. (日常使用的便利性：车罩轻便耐用，单人仅需一分钟即可轻松穿脱。湿布擦拭即可快速去污，折叠紧凑，不占后备箱空间。)",,,,,普通PEVA款,货号已与原汇总表对应,按原汇总表货号精确匹配
3,定制低价分尺码GRANTA,LADAGranta,"Защитный тент-чехол на автомобиль Lada Granta (Лада Гранта) 2011-2026 седан / спорт Tozaroa cover — Всесезонный водонепроницаемый чехол на машину от солнца, дождя и снега, тент для автомобиля",汽车防护车篷罩 适用于拉达 Granta (Лада Гранта) 2011-2026 轿车/运动版 Tozaroa cover — 全天候防水汽车罩/机器罩 防晒防雨防雪，汽车防护车篷，防尘汽车遮阳罩，汽车篷,,haijudingzhi-LADA-Granta ,haijudingzhi-LADA,30*26*6,1kg,3M,3M,L,,2026080103,单层PEVA,"Granta 2190
Granta
GRANTA SPOR
Granta Sportline
Granta Sport 2190",,,#ЛадаГранта #LadaGranta #седан #спорт #дляседана #чехолнаавтомобиль #тентдляавтомобиля #тентнамашину #накидканаавто #водонепроницаемый #отсолнца #отснега #всесезонный #защитаавто #авточехол #чехолдлямашины #чехлынаавтомобиль #тентчехол #защитныйтент #дляLada #чехолотдождя #автомобильныйчехол #чехолнакузов #зимнийчехол #летнийчехол #чехолотпыли #чехолуниверсальный #накидкаотсолнца #PEVA #Tozaroacover,"1. 🎯 100% Идеальная посадка на седан (三厢轿车百分百完美适配)
Разработано специально для Lada Granta седан (2011-2026): Этот чехол Tozaroa cover создан с учетом габаритов и формы кузова седан, включая модификации Sport и Drive Active. Он обеспечивает плотное облегание багажника и капота без провисаний и надежно фиксируется даже при сильном ветре. (专为 Lada Granta 三厢轿车 2011-2026 设计：这款 Tozaroa cover 车罩综合考量了轿车车身的尺寸与外形，包含 Sport 和 Drive Active 改款。贴合车尾与车头，无松弛脱落风险，强风下也能牢固固定。)
2. 🛡️ Всесезонная защита 360° (360度全天候防护)
Надежная защита кузова круглый год: Забудьте об утренней очистке кузова от снега и наледи зимой и выгорании краски на солнце летом! Наш тент-чехол эффективно защищает автомобиль от палящего солнца, проливного дождя, обильного снега, а также от пыли, грязи и птичьего помета 365 дней в году. (全年在线的车身防护：忘掉冬天清晨铲雪除冰和夏天车漆暴晒褪色吧！我们的防护车篷一年 365 天有效保护汽车免受烈日、倾盆大雨、大雪以及灰尘、污垢和鸟粪的侵害。)
3. 💧 100% Водонепроницаемость (百分百绝对防水)
Премиальный материал PEVA: В отличие от обычных тканевых аналогов, чехол изготовлен из высококачественного однослойного материала PEVA. Он обладает абсолютной водонепроницаемостью, не пропускает влагу к кузову, предотвращая появление коррозии и ржавчины. (优质 PEVA 材质：与普通布艺产品不同，本车罩采用优质单层 PEVA 材料制成。具备绝对防水性能，有效阻隔水分渗入车身，防止生锈和金属腐蚀。)
4. ☀️ Защита от УФ-лучей и перегрева (防紫外线与防过热)
Защитите салон от старения: Прямые солнечные лучи разрушают приборную панель и приводят к растрескиванию обивки. Чехол Tozaroa cover отражает вредное ультрафиолетовое излучение, предотвращает чрезмерный нагрев салона и сохраняет внутренние материалы в идеальном состоянии. (保护内饰免于老化：紫外线直射会导致仪表盘和座椅老货开裂。Tozaroa cover 车罩可有效反射紫外线，防止夏季车内变成“烤箱”，维持内饰完好如新。)
5. ⏱️ Простая установка и компактность (安装简单与便携收纳)
Максимальное удобство каждый день: Чехол невероятно легкий — его можно надеть и снять самостоятельно всего за одну минуту. Он легко очищается от загрязнений влажной салфеткой, компактно складывается и не занимает много места в багажнике вашего седана. (极佳的日常实用性：车罩非常轻巧，单人操作一分钟内即可快速完成穿脱。用湿布擦拭即可快速去污，轻松折叠，不占后备箱空间。)",,,,,普通PEVA款,货号已与原汇总表对应,按原汇总表货号精确匹配
4,定制低价分尺码2121-2131,LADA2121-3131,"TOZAROA чехол на автомобиль Lada 2121 4x4 Нива ВАЗ-2121 Niva Legend Urban Рысь Bronto Фора 1977-2021, серый PEVA, от дождя, снега, солнца, пыли и листьев",,,haijudingzhi-LADA-4x4,haijudingzhi-4x4,30*26*6,0.8kg,S,S,S,,Lada Niva 2121,PEVA,Lada Niva Legend / Lada 4x4 / VAZ-2121 / Niva Urban / Niva Bronto,,3640-4240 × 1680-1713 × 1640-1750 mm,#tozaroa #car_cover #auto_cover #tent_cover #avtochehol #chehol_na_avto #zashita_avto #winter_cover #snow_protection #rain_protection #frost_protection #dust_protection #leaf_protection #outdoor_parking #lada #niva #suv_cover #lada_2121 #vaz_2121 #lada_4x4 #niva_legend #niva_urban #niva_bronto #niva_3door #chehol_zimnij_na_mashinu #chehol_avtomobilnyj_ot_snega #chehol_na_avto_zimnij #chehol_dlya_mashiny_ot_dozhdya #chehol_dlya_mashiny_na_kuzov #chehol_avtomobilnyj_na_kuzov,"1. ТОЧНАЯ СОВМЕСТИМОСТЬ — чехол предназначен для Lada 2121 4x4: Нива / ВАЗ-2121 / Niva Legend, включая версии Urban, Рысь, Bronto и Фора в годах выпуска, указанных в таблице совместимости.
2. МАТЕРИАЛ PEVA — гладкий серый чехол без стёганого рисунка и без тканевой фактуры; практичный материал подходит для повседневного хранения автомобиля.
3. ВСЕСЕЗОННАЯ ЗАЩИТА — помогает закрыть кузов от дождя, снега, солнечных лучей, пыли, грязи и опавших листьев при хранении на улице или в помещении.
4. ПОЛНОЕ ПОКРЫТИЕ КУЗОВА — закрывает автомобиль от передней до задней части, включая крышу, стёкла и основные окрашенные поверхности кузова.
5. ПРОВЕРЬТЕ ПЕРЕД ЗАКАЗОМ — сопоставьте модель 2121, версию кузова и год выпуска своего автомобиля с изображением и таблицей совместимости в карточке товара.",,,,,普通PEVA款,新增货号，已按RU尺码对应,历史发货约定：该三门Niva发S
5,定制低价分尺码2121-2131,LADA2121-3131,"TOZAROA чехол на автомобиль Lada 2131 4x4 Нива 5-дверная ВАЗ-2131 Niva Legend Urban Бронто-213102 1993-2021, серый PEVA, от дождя, снега, солнца, пыли и листьев",,,haijudingzhi-LADA-4x4,haijudingzhi-4x4,30*26*6,0.9kg,M,M,YL,,Lada Niva 2131,PEVA,Lada Niva Legend 5-door / Lada 4x4 5-door / VAZ-2131 / Niva Urban 5-door / Bronto 213102,,4140-4240 × 1680-1713 × 1640-1665 mm,#tozaroa #car_cover #auto_cover #tent_cover #avtochehol #chehol_na_avto #zashita_avto #winter_cover #snow_protection #rain_protection #frost_protection #dust_protection #leaf_protection #outdoor_parking #lada #niva #suv_cover #lada_2131 #vaz_2131 #lada_4x4_5door #niva_legend_5door #niva_urban_5door #niva_bronto_5door #niva_5door #chehol_zimnij_na_mashinu #chehol_avtomobilnyj_ot_snega #chehol_na_avto_zimnij #chehol_dlya_mashiny_ot_dozhdya #chehol_dlya_mashiny_na_kuzov #chehol_avtomobilnyj_na_kuzov,"1. ТОЧНАЯ СОВМЕСТИМОСТЬ — чехол предназначен для Lada 2131 4x4: 5-дверная Нива / ВАЗ-2131 / Niva Legend, включая версии Urban и Бронто-213102 в годах выпуска, указанных в таблице совместимости.
2. МАТЕРИАЛ PEVA — гладкий серый чехол без стёганого рисунка и без тканевой фактуры; практичный материал подходит для повседневного хранения автомобиля.
3. ВСЕСЕЗОННАЯ ЗАЩИТА — помогает закрыть кузов от дождя, снега, солнечных лучей, пыли, грязи и опавших листьев при хранении на улице или в помещении.
4. ПОЛНОЕ ПОКРЫТИЕ КУЗОВА — рассчитан на удлинённый 5-дверный кузов и закрывает автомобиль от передней до задней части, включая крышу, стёкла и основные окрашенные поверхности.
5. ПРОВЕРЬТЕ ПЕРЕД ЗАКАЗОМ — сопоставьте модель 2131, версию кузова и год выпуска своего автомобиля с изображением и таблицей совместимости в карточке товара.",,,,,普通PEVA款,新增货号，已按RU尺码对应,RU显示尺码 M → 发货尺码 YL
6,定制低价分尺码宝马五系,BMW,"TOZAROA чехол на автомобиль для BMW 5 серии Touring / БМВ 5 серии универсал 1987–2004, индивидуальный подбор под модель и год, защита от дождя, снега, пыли и листьев, для осени и зимы, при стоянке",,,BMW-5,BMW,30*26*6,2kg,2L,2L,L,,BMW-5-Series-2L,PEVA,BMW 5 Series Touring,,,#чехолнаBMW5Series #чехолнаБМВ5серии #чехол_для_универсала #Чехолдляавтоуниверсал #защитаавто #тентнамашину #тентдляавтомобиля #чехол_зимний_на_машину #чехол_автомобильный_от_снега #чехол_на_авто_зимний #чехол_для_машины_на_кузов #чехол_для_машины_от_дождя #чехол_автомобильный_на_кузов #чехолдляавтозимний #чехолнаавтомобиль #чехол_на_автомобиль_тент #чехлы_на_автомобиль #чехолдлямашины #чехол_на_автомобиль_зимний #чехол_для_авто #чехолдляавтомобиля #чехолдлядворовойпарковки #тентыдлямашин #чехолдляавто #автотент #тент_для_автомобиля #накидканаавтомобиль #тентдлямашины #чехолнаавто #чехол_на_кузов_автомобиля,"1. Индивидуальный подбор для BMW 5 Series Touring 1987–2004. Вариант 2L предназначен для кузова универсал. Сверьте год и тип кузова с таблицей совместимости: версия Sedan выбирается отдельно.

2. Чехол для автомобиля на осень и зиму помогает закрыть длинную крышу и багажную часть Touring от дождя, снега и опавших листьев. Он подходит для повседневной стоянки во дворе и на открытой парковке.

3. Серый однослойный PEVA с гладкой поверхностью закрывает кузов от оседающей пыли и уличных загрязнений. Лёгкое полотно удобно расправлять вдоль универсала; материал без утепляющей подкладки.

4. Перед установкой сложите боковые зеркала внутрь. В чехле нет отдельных карманов для зеркал: их закрывает общее полотно. Расправьте его от крыши к передней и задней части, не растягивая за один край.

5. Для ухода за автомобилем надевайте тент на чистый сухой кузов после остывания двигателя. Снимайте листья перед складыванием, просушивайте мокрый чехол и храните его в сухом месте.",,,,,普通PEVA款,新增货号，已按RU尺码对应,RU显示尺码 2L → 发货尺码 L
7,定制低价分尺码宝马五系,BMW,"TOZAROA чехол на автомобиль для BMW 5 серии Touring, универсал и Gran Turismo GT / БМВ 5 серии 2003–2026, индивидуальный подбор под модель, кузов и год, защита от дождя, снега, пыли и листьев",,,BMW-5,BMW,30*26*6,3kg,2XL,2XL,XL,,BMW-5-Series-2XL,PEVA,BMW 5 Series Touring / BMW 5 Series Gran Turismo,,,#чехолнаBMW5Series #чехолнаБМВ5серии #чехол_для_универсала #Чехолдляавтоуниверсал #чехол_на_кузов_автомобиля #чехол_для_автомобиля_уличный #чехол_для_авто_кузова #тентнаавто #пылезащитаавто #чехолнамашину #автопокрывало #чехол_для_машины_зимний #зимний_чехол_на_машину #автомобильный_чехол_на_кузов #тент_на_автомобиль #чехол_на_автомобиль #авто_чехол #защитный_чехол_тент #чехол_тент_для_автомобиля #защита_авто_от_пыли #чехол_для_автомобиля #Защита_кузова_авто #накидканаавто #чехол_на_авто #чехолотдождя #автомобильныйчехол #защитамашины #накидка_на_машину_зимняя #автозабота #тентдляавто,"1. Подбор по кузову и году: 2XL объединяет BMW 5 Series Touring 2003–2026 и BMW 5 Series Gran Turismo 2009–2017. Для GT ориентируйтесь именно на его отдельный диапазон лет, указанный в таблице.

2. Автомобильный тент для открытой стоянки помогает уменьшить попадание дождя, снега и осеннего мусора на кузов. Практичен, когда Touring или Gran Turismo остаётся на улице возле дома между поездками.

3. Гладкий серый PEVA состоит из одного слоя и служит наружным покрытием кузова. Чехол помогает ограничить оседание пыли на крыше и задней части автомобиля; утепляющего слоя в этой модели нет.

4. Установка выполняется со сложенными зеркалами. Накройте крышу, распределите запас материала вдоль кузова и опустите края спереди и сзади. Зеркала должны оставаться под непрерывным полотном без боковых ушек.

5. После осадков аккуратно удалите снег и листья, затем дайте покрытию высохнуть. Очищайте поверхность мягкой влажной тканью. Перед заказом проверяйте Touring или Gran Turismo, а не только общее название BMW 5 Series.",,,,,普通PEVA款,新增货号，已按RU尺码对应,RU显示尺码 2XL → 发货尺码 XL
8,定制低价分尺码宝马五系,BMW,"TOZAROA чехол на автомобиль для BMW 5 серии Sedan / БМВ 5 серии седан 1972–1988, индивидуальный подбор под конкретную модель и год, защита от дождя, снега, пыли и листьев, на осень и зиму, во дворе",,,BMW-5,BMW,30*26*6,2kg,3L,3L,L,,BMW-5-Series-3L,PEVA,BMW 5 Series Sedan,,,#чехолнаBMW5Series #чехолнаБМВ5серии #BMW5SeriesSedan #тент_для_седана #чехолдляседана #тентдляавто #Повседневная_защита_авто #чехол_на_машину #чехолнамашинуотдождяиснега #зимний_чехол #тент_для_авто #чехол_от_снега_и_дождя #чехол_для_автомобиля_на_зиму #тентчехолнаавтомобиль #Для_гаражного_использования #чехолавтомобильныйтент #Защитаотснега #чехол_на_автомобиль_защитный #чехол_автомобильный #авто_тент #чехолдлякузова #Защита_от_пыли_и_грязи #чехол_на_автомобиль_от_снега #чехолотснега #тент_на_авто #защитадляавто #тент_чехол #тент_для_автомобиля_зимний #тент_для_машины #уличнаястоянка,"1. Вариант 3L подбирается для BMW 5 Series Sedan 1972–1988. Этот чехол на автомобиль седан выбирают по соответствующему году выпуска; более поздние BMW 5 Series имеют отдельные варианты в карточке.

2. Тент для седана помогает закрыть кузов от осенних листьев, дождя и выпадающего снега во время стоянки. Его удобно использовать возле дома, когда автомобиль не находится в закрытом гараже.

3. Серая гладкая поверхность однослойного PEVA образует лёгкое наружное покрытие. Оно уменьшает оседание пыли на кузове во время хранения и не содержит хлопкового утеплителя.

4. Перед накрыванием аккуратно сложите штатные зеркала предусмотренным для автомобиля способом. Конструкция чехла без карманов для зеркал: расправьте полотно так, чтобы оно свободно закрывало эту область целиком.

5. На чистом сухом кузове легче избежать переноса песка под покрытие. Не тяните за загрязнённый край по лаку; снимайте тент последовательно, очищайте от мусора и полностью просушивайте перед хранением.",,,,,普通PEVA款,新增货号，已按RU尺码对应,RU显示尺码 3L → 发货尺码 L
9,定制低价分尺码宝马五系,BMW,"TOZAROA чехол на автомобиль для BMW 5 серии Sedan / БМВ 5 серии седан 1987–2010, индивидуальный подбор под конкретную модель и год, тент от дождя, снега, пыли и листьев, для осени и зимы, во дворе",,,BMW-5,BMW,30*26*6,3kg,3XL,3XL,XL,,BMW-5-Series-3XL,PEVA,BMW 5 Series Sedan,,,#чехолнаBMW5Series #чехолнаБМВ5серии #BMW5SeriesSedan #тент_для_автомобиля_седан #тентнаседан #чехол_автомобильный_тент #защитадлямашины #чехол_для_автомобиля_от_снега #Защитаавтомобиляотпыли #тент_чехол_на_автомобиль #Защитаавтокузова #тент_автомобильный #тент_чехол_для_автомобиля #уличное_хранение #Защита_от_снега #чехол_на_машину_от_дождя #тент_на_кузов #тентавтомобильный #тент_для_машины_зимний #защитный_тент_на_автомобиль #чехол_гаражного_хранения #Защитаавтомобиляотдождя #Защитаотдождяиснега #Уличнаяпарковка #автомобильный_тент #чехол_на_машину_от_снега #защитный_чехол_для_автомобиля #от_листьев #чехол_на_кузов #чехолтентдляхранения,"1. Чехол 3XL предназначен для BMW 5 Series Sedan 1987–2010 с подбором по модели и году. Touring в эту группу не входит: для универсала используйте отдельную строку совместимости.

2. Для осенней и зимней парковки автомобильный чехол закрывает основные поверхности кузова от дождя, снега и листьев. Подходит для регулярного использования во дворе в перерывах между поездками.

3. Однослойный серый PEVA имеет гладкую поверхность и помогает защищать кузов от пыли и повседневного уличного мусора. Это тонкое покрытие без дополнительной подкладки, удобное для складывания после использования.

4. У чехла нет выступающих ушек для зеркал. Сначала сложите зеркала внутрь, затем накройте крышу и равномерно опустите полотно вдоль боковин, передней и задней части седана.

5. Дайте автомобилю остыть и проверьте чистоту кузова перед установкой. Удаляйте снег и листья до снятия тента, протирайте его мягкой тканью и просушивайте. При выборе сверяйте Sedan и год, указанные в таблице.",,,,,普通PEVA款,新增货号，已按RU尺码对应,RU显示尺码 3XL → 发货尺码 XL
10,定制低价分尺码宝马五系,BMW,"TOZAROA чехол на автомобиль для BMW 5 серии Sedan и Long / БМВ 5 серии седан, удлинённая версия 2009–2026, индивидуальный подбор под модель, кузов и год, от дождя, снега, пыли и листьев зимой",,,BMW-5,BMW,30*26*6,2kg,3XXL,3XXL,XLL,,BMW-5-Series-3XXL,PEVA,BMW 5 Series Sedan / BMW 5 Series Long,,,#чехолнаBMW5Series #чехолнаБМВ5серии #BMW5SeriesSedan #тент_на_седан #тентдляседана #зимнийавточехол #укрытие_для_машины #чехол_от_дождя_и_пыли #внешняязащитаавто #уличное_хранение_авто #чехолнамашинуотснега #зимнийчехолдлямашины #Для_парковки_на_улице #дворовая_парковка #от_дождя_и_снега #чехолотлистьев #тентнаулицу #автотентзимний #чехолнадвор #защитакузоваотпыли #пыле_защита_авто #защита_во_дворе #защитаавто #тентнамашину #тентдляавтомобиля #чехол_зимний_на_машину #чехол_автомобильный_от_снега #чехол_на_авто_зимний #чехол_для_машины_на_кузов #чехол_для_машины_от_дождя,"1. Индивидуальный подбор 3XXL для BMW 5 Series Sedan и BMW 5 Series Long 2009–2026. Удлинённая версия Long указана отдельно, чтобы перед покупкой можно было сверить исполнение своего автомобиля.

2. Тент на автомобиль для осени и зимы помогает закрывать кузов от дождя, снега и опавших листьев на открытой парковке. Полезен при стоянке возле дома и хранении автомобиля между поездками.

3. Гладкий серый однослойный PEVA распределяется по крыше, капоту и задней части кузова. Покрытие уменьшает оседание пыли и загрязнений; дополнительного теплоизолирующего слоя нет.

4. Перед установкой сложите зеркала внутрь. Полотно без отдельных зеркальных карманов должно полностью закрывать их область. Для версии Long равномерно распределите материал по длине кузова, затем поправьте края.

5. Надевайте чехол на чистую сухую машину после остывания двигателя. Перед складыванием уберите листья, очистите поверхность и просушите её. Сопоставляйте обозначение Sedan или Long и год выпуска с таблицей этого SKU.",,,,,普通PEVA款,新增货号，已按RU尺码对应,RU显示尺码 3XXL → 发货尺码 XLL
11,定制低价分尺码奔驰e,Mercedes-Benz,"TOZAROA чехол на автомобиль Mercedes-Benz E-Class, Мерседес Е-класс седан, AMG, Long, индивидуальный подбор по кузову и году, тент для осени и зимы от дождя, снега и листьев, для парковки во дворе",,,Mercedes-Benz-E,Mercedes-Benz,30*26*6,1kg,3XXL,3XXL,XLL,,Mercedes-Benz_E-Class_3XXL,PEVA,Mercedes-Benz E-Class Sedan / AMG Sedan / Long / L,,,#чехол_мерседес #чехолдляmercedes #тент_для_седана #чехолдляседана #защитаавто #тентнамашину #тентдляавтомобиля #чехол_зимний_на_машину #чехол_автомобильный_от_снега #чехол_на_авто_зимний #чехол_для_машины_на_кузов #чехол_для_машины_от_дождя #чехол_автомобильный_на_кузов #чехолдляавтозимний #чехолнаавтомобиль #чехол_на_автомобиль_тент #чехлы_на_автомобиль #чехолдлямашины #чехол_на_автомобиль_зимний #чехол_для_авто #чехолдляавтомобиля #чехолдлядворовойпарковки #тентыдлямашин #чехолдляавто #автотент #тент_для_автомобиля #накидканаавтомобиль #тентдлямашины #чехолнаавто #чехол_на_кузов_автомобиля,"1. Индивидуальный подбор для Mercedes-Benz E-Class — Мерседес Е-класс. Код 3XXL: E-Class Sedan 2013–2026; E-Class AMG Sedan 2009–2026; E-Class Long 2023–2026; E-Class L 2020–2023. Перед заказом сопоставьте версию, кузов и год с таблицей совместимости.

2. Чехол на автомобиль помогает укрыть седан от дождя, выпадающего снега и опавших листьев во время осенней и зимней стоянки. Удобен для парковки во дворе между поездками, когда закрытого гаража рядом нет.

3. Гладкий серый однослойный PEVA служит лёгким наружным покрытием. Материал без хлопковой подкладки и утеплителя. Цвет и конструкция одинаковы для Sedan, AMG и Long в этой группе.

4. Перед установкой сложите боковые зеркала штатным способом. Отдельных карманов для зеркал нет: они остаются под общим полотном. Разложите чехол на крыше, опустите передний и задний края, затем расправьте бока.

5. Перед складыванием удалите снег и листья, а мокрое покрытие просушите. Для очистки используйте мягкую влажную ткань. Перед заказом сверяйте отдельные годы для Sedan, AMG, Long и L, а не только название Е-класс.",,,,,普通PEVA款,新增货号，已按RU尺码对应,RU显示尺码 3XXL → 发货尺码 XLL
12,定制低价分尺码奔驰e,Mercedes-Benz,"TOZAROA чехол на автомобиль Mercedes-Benz E-Class, Мерседес Е-класс седан и AMG, индивидуальный подбор по модели и году, тент на машину от дождя, снега, пыли и листьев, для осени и зимы на улице",,,Mercedes-Benz-E,Mercedes-Benz,30*26*7,1kg,3XL,3XL,XL,,Mercedes-Benz_E-Class_3XL,PEVA,Mercedes-Benz E-Class Sedan / AMG Sedan,,,#чехол_мерседес #чехолдляmercedes #тент_для_седана #чехолдляседана #чехолдляавто #автотент #тент_для_автомобиля #накидканаавтомобиль #тентдлямашины #чехолнаавто #чехол_на_кузов_автомобиля #чехол_для_автомобиля_уличный #чехол_для_авто_кузова #тентнаавто #пылезащитаавто #чехолнамашину #автопокрывало #чехол_для_машины_зимний #зимний_чехол_на_машину #автомобильный_чехол_на_кузов #тент_на_автомобиль #чехол_на_автомобиль #авто_чехол #защитный_чехол_тент #чехол_тент_для_автомобиля #защита_авто_от_пыли #чехол_для_автомобиля #Защита_кузова_авто #накидканаавто #чехол_на_авто,"1. Индивидуальный подбор для Mercedes-Benz E-Class — Мерседес Е-класс. Код 3XL: E-Class Sedan 1992–2013; E-Class AMG Sedan 1994–2009. Перед заказом сопоставьте версию, кузов и год с таблицей совместимости.

2. Тент для автомобиля подходит для сезонного хранения и повседневной стоянки на улице. Он уменьшает попадание снега, дождя и осеннего мусора непосредственно на кузов, сохраняя автомобиль укрытым между поездками.

3. Серый PEVA имеет гладкую тонкую поверхность без стёганого рисунка. Однослойное полотно удобно расправлять по кузову седана и складывать после просушки; утепляющего слоя в этой модели нет.

4. Устанавливайте чехол на чистый сухой автомобиль после остывания двигателя. Аккуратно сложите зеркала и накройте их непрерывным полотном: у этой модели нет боковых ушек или отдельных зеркальных карманов.

5. После осадков дайте полотну высохнуть, удалите листья и загрязнения мягкой влажной тканью. Храните в сухом месте. Для AMG Sedan 2009–2013 в таблице указан другой код — 3XXL.",,,,,普通PEVA款,新增货号，已按RU尺码对应,RU显示尺码 3XL → 发货尺码 XL
13,定制低价分尺码奔驰e,Mercedes-Benz,"TOZAROA чехол для автомобиля Mercedes-Benz E-Class, Мерседес Е-класс универсал, AMG, All-Terrain, индивидуальный подбор по кузову и году, тент от дождя, снега и листьев для осенней и зимней стоянки",,,Mercedes-Benz-E,Mercedes-Benz,30*26*8,1kg,2XL,2XL,XL,,Mercedes-Benz_E-Class_2XL,PEVA,Mercedes-Benz E-Class Estate / AMG Estate / All-Terrain,,,#чехол_мерседес #чехолдляmercedes #чехол_для_универсала #тентдляуниверсала #защитный_чехол_тент #чехол_тент_для_автомобиля #защита_авто_от_пыли #чехол_для_автомобиля #Защита_кузова_авто #накидканаавто #чехол_на_авто #чехолотдождя #автомобильныйчехол #защитамашины #накидка_на_машину_зимняя #автозабота #тентдляавто #Повседневная_защита_авто #чехол_на_машину #чехолнамашинуотдождяиснега #зимний_чехол #тент_для_авто #чехол_от_снега_и_дождя #чехол_для_автомобиля_на_зиму #тентчехолнаавтомобиль #Для_гаражного_использования #чехолавтомобильныйтент #Защитаотснега #чехол_на_автомобиль_защитный #чехол_автомобильный,"1. Индивидуальный подбор для Mercedes-Benz E-Class — Мерседес Е-класс. Код 2XL: E-Class Estate 1995–2026; E-Class AMG Estate 1996–2026; E-Class All-Terrain 2016–2026. Перед заказом сопоставьте версию, кузов и год с таблицей совместимости.

2. Чехол для универсала закрывает длинную крышу и багажную часть от оседающей пыли, листьев и осадков. Это практичное наружное покрытие для осенней и зимней парковки возле дома или на открытой площадке.

3. Однослойный серый PEVA образует непрерывное наружное покрытие универсала. Гладкая поверхность без фольги и хлопковой подкладки. Этот вариант не является утеплённым чехлом.

4. Сложите зеркала внутрь и распределите покрытие вдоль длинной крыши. Опускайте края спереди, сзади и по бокам постепенно. Зеркала закрываются общим полотном без отдельных карманов.

5. Снимайте с поверхности листья и снег перед складыванием, не убирайте мокрый тент на хранение. Уточняйте Estate, AMG Estate или All-Terrain и соответствующий год. Вариант для седана выбирается отдельно.",,,,,普通PEVA款,新增货号，已按RU尺码对应,RU显示尺码 2XL → 发货尺码 XL
14,定制低价分尺码奔驰e,Mercedes-Benz,"TOZAROA чехол на автомобиль Mercedes-Benz E-Class, Мерседес Е-класс универсал 1992–1997, индивидуальный подбор по году, тент от дождя, снега, пыли и листьев, на осень и зиму для парковки во дворе",,,Mercedes-Benz-E,Mercedes-Benz,30*26*9,1kg,2L,2L,L,,Mercedes-Benz_E-Class_2L,PEVA,Mercedes-Benz E-Class Estate / AMG Estate,,,#чехол_мерседес #чехолдляmercedes #чехол_для_универсала #тентдляуниверсала #чехол_для_автомобиля_на_зиму #тентчехолнаавтомобиль #Для_гаражного_использования #чехолавтомобильныйтент #Защитаотснега #чехол_на_автомобиль_защитный #чехол_автомобильный #авто_тент #чехолдлякузова #Защита_от_пыли_и_грязи #чехол_на_автомобиль_от_снега #чехолотснега #тент_на_авто #защитадляавто #тент_чехол #тент_для_автомобиля_зимний #тент_для_машины #уличнаястоянка #чехол_автомобильный_тент #защитадлямашины #чехол_для_автомобиля_от_снега #Защитаавтомобиляотпыли #тент_чехол_на_автомобиль #Защитаавтокузова #тент_автомобильный #тент_чехол_для_автомобиля,"1. Индивидуальный подбор для Mercedes-Benz E-Class — Мерседес Е-класс. Код 2L: E-Class Estate 1992–1997; E-Class AMG Estate 1994–1996. Перед заказом сопоставьте версию, кузов и год с таблицей совместимости.

2. Тент для машины помогает укрыть крышу и заднюю часть классического универсала от дождя, снега и падающих листьев. Подходит для стоянки во дворе и хранения автомобиля в перерывах между поездками.

3. Лёгкий гладкий PEVA серого цвета закрывает кузов единым полотном. Конструкция однослойная, без утеплителя. После использования материал можно аккуратно сложить для хранения в сухом месте.

4. До установки сложите штатные зеркала предусмотренным для автомобиля способом. Расправляйте чехол от крыши к краям кузова без резких рывков. Конструкция без карманов закрывает зеркала общим полотном.

5. Очищайте поверхность мягкой влажной тканью и просушивайте перед хранением. Проверьте, что автомобиль имеет кузов Estate. Для AMG Estate в этой группе действует отдельный диапазон 1994–1996.",,,,,普通PEVA款,新增货号，已按RU尺码对应,RU显示尺码 2L → 发货尺码 L
15,定制低价分尺码奔驰e,Mercedes-Benz,"TOZAROA чехол на автомобиль Mercedes-Benz E-Class, Мерседес Е-класс купе, кабриолет и AMG, индивидуальный подбор по году, тент на осень и зиму от дождя, снега, пыли и листьев для уличной парковки",,,Mercedes-Benz-E,Mercedes-Benz,30*26*10,1kg,5L,5L,XL,,Mercedes-Benz_E-Class_5L,PEVA,Mercedes-Benz E-Class Coupe / Cabriolet / AMG Coupe / AMG Cabriolet,,,#чехол_мерседес #чехолдляmercedes #защитадлямашины #чехол_для_автомобиля_от_снега #Защитаавтомобиляотпыли #тент_чехол_на_автомобиль #Защитаавтокузова #тент_автомобильный #тент_чехол_для_автомобиля #уличное_хранение #Защита_от_снега #чехол_на_машину_от_дождя #тент_на_кузов #тентавтомобильный #тент_для_машины_зимний #защитный_тент_на_автомобиль #чехол_гаражного_хранения #Защитаавтомобиляотдождя #Защитаотдождяиснега #Уличнаяпарковка #автомобильный_тент #чехол_на_машину_от_снега #защитный_чехол_для_автомобиля #от_листьев #чехол_на_кузов #чехолтентдляхранения #зимнийавточехол #укрытие_для_машины #чехол_от_дождя_и_пыли #внешняязащитаавто,"1. Индивидуальный подбор для Mercedes-Benz E-Class — Мерседес Е-класс. Код 5L: E-Class Coupe / Cabriolet 2013–2023; E-Class AMG Coupe / AMG Cabriolet 2016–2023. Перед заказом сопоставьте версию, кузов и год с таблицей совместимости.

2. Автомобильный чехол для осени и зимы помогает закрыть кузов купе или кабриолета от дождя, снега и пыли на открытой парковке. На кабриолет надевайте покрытие только при полностью закрытой штатной крыше.

3. Покрытие выполнено из серого однослойного PEVA с гладкой поверхностью. В конструкции нет мягкой утепляющей подкладки или светоотражающих полос. Материал предназначен для наружного укрытия автомобиля.

4. Закройте крышу кабриолета, сложите зеркала, затем разложите чехол по крыше и опустите края. У модели нет отдельных карманов для зеркал: они должны оставаться под непрерывным покрытием.

5. После дождя и снега очистите и просушите полотно, затем сложите без сильного сжатия. Снимайте тент перед поездкой. У версии AMG Coupe или Cabriolet в этой группе отдельные годы — 2016–2023.",,,,,普通PEVA款,新增货号，已按RU尺码对应,RU显示尺码 5L → 发货尺码 XL
16,定制低价分尺码奔驰e,Mercedes-Benz,"TOZAROA чехол для автомобиля Mercedes-Benz E-Class, Мерседес Е-класс купе и кабриолет, индивидуальный подбор по кузову и году, тент от дождя, снега, пыли и осенних листьев, для зимней стоянки на улице",,,Mercedes-Benz-E,Mercedes-Benz,30*26*11,1kg,4L,4L,L,,Mercedes-Benz_E-Class_4L,PEVA,Mercedes-Benz E-Class Coupe / Cabriolet / AMG Coupe / AMG Cabriolet,,,#чехол_мерседес #чехолдляmercedes #чехол_на_машину_от_снега #защитный_чехол_для_автомобиля #от_листьев #чехол_на_кузов #чехолтентдляхранения #зимнийавточехол #укрытие_для_машины #чехол_от_дождя_и_пыли #внешняязащитаавто #уличное_хранение_авто #чехолнамашинуотснега #зимнийчехолдлямашины #Для_парковки_на_улице #дворовая_парковка #от_дождя_и_снега #чехолотлистьев #тентнаулицу #автотентзимний #чехолнадвор #защитакузоваотпыли #пыле_защита_авто #защита_во_дворе #защитаавто #тентнамашину #тентдляавтомобиля #чехол_зимний_на_машину #чехол_автомобильный_от_снега #чехол_на_авто_зимний,"1. Индивидуальный подбор для Mercedes-Benz E-Class — Мерседес Е-класс. Код 4L: E-Class Coupe / Cabriolet 1992–1997; 2009–2013; E-Class AMG Coupe / AMG Cabriolet 1994–1996. Перед заказом сопоставьте версию, кузов и год с таблицей совместимости.

2. Чехол для автомобиля уменьшает оседание пыли и попадание листьев на кузов во время хранения. При стоянке на улице осенью и зимой полотно укрывает автомобиль от осадков. Крыша кабриолета должна быть закрыта.

3. Тонкий серый PEVA без стёганого узора равномерно расправляется по кузову. Чехол однослойный и не содержит хлопкового утеплителя; это наружный тент для стоянки, а не термочехол.

4. Сначала закройте штатную крышу и аккуратно сложите зеркала внутрь. Распределите полотно от крыши к передней и задней части. Не тяните чехол за зеркало: отдельных карманов под зеркала нет.

5. Просушивайте чехол перед хранением и снимайте его перед поездкой. Сверьте год особенно внимательно: между 1992–1997 и 2009–2013 есть промежуток, который не включён в этот вариант.",,,,,普通PEVA款,新增货号，已按RU尺码对应,RU显示尺码 4L → 发货尺码 L
17,定制低价分尺码奔驰e,Mercedes-Benz,"TOZAROA чехол на автомобиль Mercedes-Benz E-Class Limousine 1992–1997, Мерседес Е-класс лимузин, индивидуальный подбор, тент от дождя, снега, пыли и листьев для осенней и зимней парковки на улице",,,Mercedes-Benz-E,Mercedes-Benz,30*26*12,1kg,YXL,YXL,YXL,,Mercedes-Benz_E-Class_YXL,PEVA,Mercedes-Benz E-Class Limousine,,,#чехол_мерседес #чехолдляmercedes #защитакузоваотпыли #пыле_защита_авто #защита_во_дворе #защитаавто #тентнамашину #тентдляавтомобиля #чехол_зимний_на_машину #чехол_автомобильный_от_снега #чехол_на_авто_зимний #чехол_для_машины_на_кузов #чехол_для_машины_от_дождя #чехол_автомобильный_на_кузов #чехолдляавтозимний #чехолнаавтомобиль #чехол_на_автомобиль_тент #чехлы_на_автомобиль #чехолдлямашины #чехол_на_автомобиль_зимний #чехол_для_авто #чехолдляавтомобиля #чехолдлядворовойпарковки #тентыдлямашин #чехолдляавто #автотент #тент_для_автомобиля #накидканаавтомобиль #тентдлямашины #чехолнаавто,"1. Индивидуальный подбор для Mercedes-Benz E-Class — Мерседес Е-класс. Код YXL: E-Class Limousine 1992–1997. Перед заказом сопоставьте версию, кузов и год с таблицей совместимости.

2. Тент на автомобиль помогает укрыть удлинённый кузов лимузина от дождя, снега и опавших листьев на осенней и зимней стоянке. Распределяйте материал по всей длине автомобиля без натяжения за один угол.

3. Серый однослойный PEVA с гладкой поверхностью сохраняет лёгкую конструкцию покрытия. В нём нет утепляющей подкладки. Учитывайте длину версии Limousine при распределении полотна по крыше.

4. Для длинного кузова удобнее расправлять покрытие вдвоём. Сложите зеркала и распределите материал от крыши к обоим концам машины. Без отдельных зеркальных карманов: зеркала остаются под общим полотном.

5. После использования удалите листья и просушите покрытие, затем сложите его в сухом месте. Код YXL относится к Limousine, а не к обычному Sedan, Long или L. Проверьте точное исполнение автомобиля до заказа.",,,,,普通PEVA款,新增货号，已按RU尺码对应,RU显示尺码 YXL → 发货尺码 YXL
18,定制低价-vesta分车型,LADAvesta,"Автомобильный чехол-тент для Lada Vesta Sedan 2022–2026, серый однослойный PEVA, защита от дождя, снега, солнца и пыли, для улицы, парковки и гаража",,,haijudingzhi-dingzhi-vesta,haijudingzhi-dingzhi,30*26*6,0.8kg,A,3M,L,,VESTA-01-A,单层PEVA,"Lada Vesta Sedan, 2022–2026",,4440×1764×1496 мм,#чехол_для_автомобиля #тент_для_автомобиля #автомобильный_тент #защитный_чехол_авто #чехол_на_машину #тент_на_машину #чехол_от_дождя #чехол_от_снега #чехол_от_солнца #чехол_от_пыли #уличный_чехол_авто #всесезонный_чехол #водоотталкивающий_чехол #защита_кузова #защита_лакокрасочного #парковка_на_улице #серый_чехол_авто #чехол_PEVA #пылезащитный_тент #чехол_без_карманов #чехол_Lada_Vesta #тент_Lada_Vesta #Lada_Vesta_2022_2026 #чехол_Vesta_2022_2026 #тент_Vesta_2022_2026 #чехол_Sedan #тент_Sedan #чехол_седан #тент_седан #для_Lada_Vesta,"ТОЧНАЯ СОВМЕСТИМОСТЬ — автомобильный чехол разработан для Lada Vesta Sedan, седан, 2022–2026. Код варианта: A; габариты автомобиля для проверки: 4440×1764×1496 мм. Перед заказом сверьте модель, кузов и год выпуска.
СЕРАЯ ОДНОСЛОЙНАЯ PEVA — лёгкий водоотталкивающий материал помогает защитить кузов от дождя, снега, пыли, пыльцы, листьев и солнечного воздействия при повседневной стоянке.
АККУРАТНАЯ ПОСАДКА БЕЗ КАРМАНОВ — цельный силуэт без отдельных выступов под зеркала выглядит чисто, меньше цепляется при хранении и закрывает кузов по контуру автомобиля.
ДЛЯ УЛИЦЫ И ГАРАЖА — тент подходит для двора, открытой парковки, дачи, длительной стоянки и гаража; помогает сократить частоту мойки и ежедневную очистку стекол и кузова.
ПРОСТОЙ УХОД И ХРАНЕНИЕ — перед установкой очистите кузов от острых загрязнений, надевайте чехол на сухой автомобиль и надёжно фиксируйте. После использования просушите и сложите; не надевайте на горячий кузов.",,,167,,普通PEVA款,货号已与原汇总表对应,按原汇总表货号精确匹配
19,定制低价-vesta分车型,LADAvesta,"Автомобильный чехол-тент для Lada Vesta Sedan 2015–2022, серый однослойный PEVA, защита от дождя, снега, солнца и пыли, для улицы, парковки и гаража",,,haijudingzhi-dingzhi-vesta,haijudingzhi-dingzhi,30*26*6,0.8kg,B,3M,L,,VESTA-02-B,单层PEVA,"Lada Vesta Sedan, 2015–2022",,4410×1764×1497 мм,#чехол_для_автомобиля #тент_для_автомобиля #автомобильный_тент #защитный_чехол_авто #чехол_на_машину #тент_на_машину #чехол_от_дождя #чехол_от_снега #чехол_от_солнца #чехол_от_пыли #уличный_чехол_авто #всесезонный_чехол #водоотталкивающий_чехол #защита_кузова #защита_лакокрасочного #парковка_на_улице #серый_чехол_авто #чехол_PEVA #пылезащитный_тент #чехол_без_карманов #чехол_Lada_Vesta #тент_Lada_Vesta #Lada_Vesta_2015_2022 #чехол_Vesta_2015_2022 #тент_Vesta_2015_2022 #чехол_Sedan #тент_Sedan #чехол_седан #тент_седан #для_Lada_Vesta,"ТОЧНАЯ СОВМЕСТИМОСТЬ — автомобильный чехол разработан для Lada Vesta Sedan, седан, 2015–2022. Код варианта: B; габариты автомобиля для проверки: 4410×1764×1497 мм. Перед заказом сверьте модель, кузов и год выпуска.
СЕРАЯ ОДНОСЛОЙНАЯ PEVA — лёгкий водоотталкивающий материал помогает защитить кузов от дождя, снега, пыли, пыльцы, листьев и солнечного воздействия при повседневной стоянке.
АККУРАТНАЯ ПОСАДКА БЕЗ КАРМАНОВ — цельный силуэт без отдельных выступов под зеркала выглядит чисто, меньше цепляется при хранении и закрывает кузов по контуру автомобиля.
ДЛЯ УЛИЦЫ И ГАРАЖА — тент подходит для двора, открытой парковки, дачи, длительной стоянки и гаража; помогает сократить частоту мойки и ежедневную очистку стекол и кузова.
ПРОСТОЙ УХОД И ХРАНЕНИЕ — перед установкой очистите кузов от острых загрязнений, надевайте чехол на сухой автомобиль и надёжно фиксируйте. После использования просушите и сложите; не надевайте на горячий кузов.",,,,,普通PEVA款,货号已与原汇总表对应,按原汇总表货号精确匹配
20,定制低价-vesta分车型,LADAvesta,"Автомобильный чехол-тент для Lada Vesta SW Cross 2022–2026, серый однослойный PEVA, защита от дождя, снега, солнца и пыли, для улицы, парковки и гаража",,,haijudingzhi-dingzhi-vesta,haijudingzhi-dingzhi,30*26*6,0.8kg,C,2M,L,,VESTA-03-C,单层PEVA,"Lada Vesta SW Cross, 2022–2026",,4445×1785×1522 мм,#чехол_для_автомобиля #тент_для_автомобиля #автомобильный_тент #защитный_чехол_авто #чехол_на_машину #тент_на_машину #чехол_от_дождя #чехол_от_снега #чехол_от_солнца #чехол_от_пыли #уличный_чехол_авто #всесезонный_чехол #водоотталкивающий_чехол #защита_кузова #защита_лакокрасочного #парковка_на_улице #серый_чехол_авто #чехол_PEVA #пылезащитный_тент #чехол_без_карманов #чехол_Lada_Vesta #тент_Lada_Vesta #Lada_Vesta_2022_2026 #чехол_Vesta_2022_2026 #тент_Vesta_2022_2026 #чехол_SW_Cross #тент_SW_Cross #чехол_универсал #тент_универсал #для_Lada_Vesta,"ТОЧНАЯ СОВМЕСТИМОСТЬ — автомобильный чехол разработан для Lada Vesta SW Cross, универсал, 2022–2026. Код варианта: C; габариты автомобиля для проверки: 4445×1785×1522 мм. Перед заказом сверьте модель, кузов и год выпуска.
СЕРАЯ ОДНОСЛОЙНАЯ PEVA — лёгкий водоотталкивающий материал помогает защитить кузов от дождя, снега, пыли, пыльцы, листьев и солнечного воздействия при повседневной стоянке.
АККУРАТНАЯ ПОСАДКА БЕЗ КАРМАНОВ — цельный силуэт без отдельных выступов под зеркала выглядит чисто, меньше цепляется при хранении и закрывает кузов по контуру автомобиля.
ДЛЯ УЛИЦЫ И ГАРАЖА — тент подходит для двора, открытой парковки, дачи, длительной стоянки и гаража; помогает сократить частоту мойки и ежедневную очистку стекол и кузова.
ПРОСТОЙ УХОД И ХРАНЕНИЕ — перед установкой очистите кузов от острых загрязнений, надевайте чехол на сухой автомобиль и надёжно фиксируйте. После использования просушите и сложите; не надевайте на горячий кузов.",,,,,普通PEVA款,货号已与原汇总表对应,按原汇总表货号精确匹配
21,定制低价-vesta分车型,LADAvesta,"Автомобильный чехол-тент для Lada Vesta SW Cross 2015–2022, серый однослойный PEVA, защита от дождя, снега, солнца и пыли, для улицы, парковки и гаража",,,haijudingzhi-dingzhi-vesta,haijudingzhi-dingzhi,30*26*6,0.8kg,D,2M,L,,VESTA-04-D,单层PEVA,"Lada Vesta SW Cross, 2015–2022",,4424×1785×1532 мм,#чехол_для_автомобиля #тент_для_автомобиля #автомобильный_тент #защитный_чехол_авто #чехол_на_машину #тент_на_машину #чехол_от_дождя #чехол_от_снега #чехол_от_солнца #чехол_от_пыли #уличный_чехол_авто #всесезонный_чехол #водоотталкивающий_чехол #защита_кузова #защита_лакокрасочного #парковка_на_улице #серый_чехол_авто #чехол_PEVA #пылезащитный_тент #чехол_без_карманов #чехол_Lada_Vesta #тент_Lada_Vesta #Lada_Vesta_2015_2022 #чехол_Vesta_2015_2022 #тент_Vesta_2015_2022 #чехол_SW_Cross #тент_SW_Cross #чехол_универсал #тент_универсал #для_Lada_Vesta,"ТОЧНАЯ СОВМЕСТИМОСТЬ — автомобильный чехол разработан для Lada Vesta SW Cross, универсал, 2015–2022. Код варианта: D; габариты автомобиля для проверки: 4424×1785×1532 мм. Перед заказом сверьте модель, кузов и год выпуска.
СЕРАЯ ОДНОСЛОЙНАЯ PEVA — лёгкий водоотталкивающий материал помогает защитить кузов от дождя, снега, пыли, пыльцы, листьев и солнечного воздействия при повседневной стоянке.
АККУРАТНАЯ ПОСАДКА БЕЗ КАРМАНОВ — цельный силуэт без отдельных выступов под зеркала выглядит чисто, меньше цепляется при хранении и закрывает кузов по контуру автомобиля.
ДЛЯ УЛИЦЫ И ГАРАЖА — тент подходит для двора, открытой парковки, дачи, длительной стоянки и гаража; помогает сократить частоту мойки и ежедневную очистку стекол и кузова.
ПРОСТОЙ УХОД И ХРАНЕНИЕ — перед установкой очистите кузов от острых загрязнений, надевайте чехол на сухой автомобиль и надёжно фиксируйте. После использования просушите и сложите; не надевайте на горячий кузов.",,,,,普通PEVA款,货号已与原汇总表对应,按原汇总表货号精确匹配
22,定制低价-vesta分车型,LADAvesta,"Автомобильный чехол-тент для Lada Vesta SW 2022–2026, серый однослойный PEVA, защита от дождя, снега, солнца и пыли, для улицы, парковки и гаража",,,haijudingzhi-dingzhi-vesta,haijudingzhi-dingzhi,30*26*6,0.8kg,E,2M,L,,VESTA-05-E,单层PEVA,"Lada Vesta SW, 2022–2026",,4440×1764×1500 мм,#чехол_для_автомобиля #тент_для_автомобиля #автомобильный_тент #защитный_чехол_авто #чехол_на_машину #тент_на_машину #чехол_от_дождя #чехол_от_снега #чехол_от_солнца #чехол_от_пыли #уличный_чехол_авто #всесезонный_чехол #водоотталкивающий_чехол #защита_кузова #защита_лакокрасочного #парковка_на_улице #серый_чехол_авто #чехол_PEVA #пылезащитный_тент #чехол_без_карманов #чехол_Lada_Vesta #тент_Lada_Vesta #Lada_Vesta_2022_2026 #чехол_Vesta_2022_2026 #тент_Vesta_2022_2026 #чехол_SW #тент_SW #чехол_универсал #тент_универсал #для_Lada_Vesta,"ТОЧНАЯ СОВМЕСТИМОСТЬ — автомобильный чехол разработан для Lada Vesta SW, универсал, 2022–2026. Код варианта: E; габариты автомобиля для проверки: 4440×1764×1500 мм. Перед заказом сверьте модель, кузов и год выпуска.
СЕРАЯ ОДНОСЛОЙНАЯ PEVA — лёгкий водоотталкивающий материал помогает защитить кузов от дождя, снега, пыли, пыльцы, листьев и солнечного воздействия при повседневной стоянке.
АККУРАТНАЯ ПОСАДКА БЕЗ КАРМАНОВ — цельный силуэт без отдельных выступов под зеркала выглядит чисто, меньше цепляется при хранении и закрывает кузов по контуру автомобиля.
ДЛЯ УЛИЦЫ И ГАРАЖА — тент подходит для двора, открытой парковки, дачи, длительной стоянки и гаража; помогает сократить частоту мойки и ежедневную очистку стекол и кузова.
ПРОСТОЙ УХОД И ХРАНЕНИЕ — перед установкой очистите кузов от острых загрязнений, надевайте чехол на сухой автомобиль и надёжно фиксируйте. После использования просушите и сложите; не надевайте на горячий кузов.",,,,,普通PEVA款,货号已与原汇总表对应,按原汇总表货号精确匹配
23,定制低价-vesta分车型,LADAvesta,"Автомобильный чехол-тент для Lada Vesta SW 2015–2022, серый однослойный PEVA, защита от дождя, снега, солнца и пыли, для улицы, парковки и гаража",,,haijudingzhi-dingzhi-vesta,haijudingzhi-dingzhi,30*26*6,0.8kg,F,2M,L,,VESTA-06-F,单层PEVA,"Lada Vesta SW, 2015–2022",,4410×1764×1512 мм,#чехол_для_автомобиля #тент_для_автомобиля #автомобильный_тент #защитный_чехол_авто #чехол_на_машину #тент_на_машину #чехол_от_дождя #чехол_от_снега #чехол_от_солнца #чехол_от_пыли #уличный_чехол_авто #всесезонный_чехол #водоотталкивающий_чехол #защита_кузова #защита_лакокрасочного #парковка_на_улице #серый_чехол_авто #чехол_PEVA #пылезащитный_тент #чехол_без_карманов #чехол_Lada_Vesta #тент_Lada_Vesta #Lada_Vesta_2015_2022 #чехол_Vesta_2015_2022 #тент_Vesta_2015_2022 #чехол_SW #тент_SW #чехол_универсал #тент_универсал #для_Lada_Vesta,"ТОЧНАЯ СОВМЕСТИМОСТЬ — автомобильный чехол разработан для Lada Vesta SW, универсал, 2015–2022. Код варианта: F; габариты автомобиля для проверки: 4410×1764×1512 мм. Перед заказом сверьте модель, кузов и год выпуска.
СЕРАЯ ОДНОСЛОЙНАЯ PEVA — лёгкий водоотталкивающий материал помогает защитить кузов от дождя, снега, пыли, пыльцы, листьев и солнечного воздействия при повседневной стоянке.
АККУРАТНАЯ ПОСАДКА БЕЗ КАРМАНОВ — цельный силуэт без отдельных выступов под зеркала выглядит чисто, меньше цепляется при хранении и закрывает кузов по контуру автомобиля.
ДЛЯ УЛИЦЫ И ГАРАЖА — тент подходит для двора, открытой парковки, дачи, длительной стоянки и гаража; помогает сократить частоту мойки и ежедневную очистку стекол и кузова.
ПРОСТОЙ УХОД И ХРАНЕНИЕ — перед установкой очистите кузов от острых загрязнений, надевайте чехол на сухой автомобиль и надёжно фиксируйте. После использования просушите и сложите; не надевайте на горячий кузов.",,,,,普通PEVA款,货号已与原汇总表对应,按原汇总表货号精确匹配
24,定制低价-vesta分车型,LADAvesta,"Автомобильный чехол-тент для Lada Vesta Cross Sedan 2022–2026, серый однослойный PEVA, защита от дождя, снега, солнца и пыли, для улицы, парковки и гаража",,,haijudingzhi-dingzhi-vesta,haijudingzhi-dingzhi,30*26*6,0.8kg,K,3M,L,,VESTA-07-K,单层PEVA,"Lada Vesta Cross Sedan, 2022–2026",,4445×1785×1522 мм,#чехол_для_автомобиля #тент_для_автомобиля #автомобильный_тент #защитный_чехол_авто #чехол_на_машину #тент_на_машину #чехол_от_дождя #чехол_от_снега #чехол_от_солнца #чехол_от_пыли #уличный_чехол_авто #всесезонный_чехол #водоотталкивающий_чехол #защита_кузова #защита_лакокрасочного #парковка_на_улице #серый_чехол_авто #чехол_PEVA #пылезащитный_тент #чехол_без_карманов #чехол_Lada_Vesta #тент_Lada_Vesta #Lada_Vesta_2022_2026 #чехол_Vesta_2022_2026 #тент_Vesta_2022_2026 #чехол_Cross_Sedan #тент_Cross_Sedan #чехол_седан #тент_седан #для_Lada_Vesta,"ТОЧНАЯ СОВМЕСТИМОСТЬ — автомобильный чехол разработан для Lada Vesta Cross Sedan, седан, 2022–2026. Код варианта: K; габариты автомобиля для проверки: 4445×1785×1522 мм. Перед заказом сверьте модель, кузов и год выпуска.
СЕРАЯ ОДНОСЛОЙНАЯ PEVA — лёгкий водоотталкивающий материал помогает защитить кузов от дождя, снега, пыли, пыльцы, листьев и солнечного воздействия при повседневной стоянке.
АККУРАТНАЯ ПОСАДКА БЕЗ КАРМАНОВ — цельный силуэт без отдельных выступов под зеркала выглядит чисто, меньше цепляется при хранении и закрывает кузов по контуру автомобиля.
ДЛЯ УЛИЦЫ И ГАРАЖА — тент подходит для двора, открытой парковки, дачи, длительной стоянки и гаража; помогает сократить частоту мойки и ежедневную очистку стекол и кузова.
ПРОСТОЙ УХОД И ХРАНЕНИЕ — перед установкой очистите кузов от острых загрязнений, надевайте чехол на сухой автомобиль и надёжно фиксируйте. После использования просушите и сложите; не надевайте на горячий кузов.",,,,,普通PEVA款,货号已与原汇总表对应,按原汇总表货号精确匹配
25,定制低价-vesta分车型,LADAvesta,"Автомобильный чехол-тент для Lada Vesta Cross Sedan 2015–2022, серый однослойный PEVA, защита от дождя, снега, солнца и пыли, для улицы, парковки и гаража",,,haijudingzhi-dingzhi-vesta,haijudingzhi-dingzhi,30*26*6,0.8kg,3x,3M,L,,VESTA-08-3x,单层PEVA,"Lada Vesta Cross Sedan, 2015–2022",,4424×1785×1526 мм,#чехол_для_автомобиля #тент_для_автомобиля #автомобильный_тент #защитный_чехол_авто #чехол_на_машину #тент_на_машину #чехол_от_дождя #чехол_от_снега #чехол_от_солнца #чехол_от_пыли #уличный_чехол_авто #всесезонный_чехол #водоотталкивающий_чехол #защита_кузова #защита_лакокрасочного #парковка_на_улице #серый_чехол_авто #чехол_PEVA #пылезащитный_тент #чехол_без_карманов #чехол_Lada_Vesta #тент_Lada_Vesta #Lada_Vesta_2015_2022 #чехол_Vesta_2015_2022 #тент_Vesta_2015_2022 #чехол_Cross_Sedan #тент_Cross_Sedan #чехол_седан #тент_седан #для_Lada_Vesta,"ТОЧНАЯ СОВМЕСТИМОСТЬ — автомобильный чехол разработан для Lada Vesta Cross Sedan, седан, 2015–2022. Код варианта: 3x; габариты автомобиля для проверки: 4424×1785×1526 мм. Перед заказом сверьте модель, кузов и год выпуска.
СЕРАЯ ОДНОСЛОЙНАЯ PEVA — лёгкий водоотталкивающий материал помогает защитить кузов от дождя, снега, пыли, пыльцы, листьев и солнечного воздействия при повседневной стоянке.
АККУРАТНАЯ ПОСАДКА БЕЗ КАРМАНОВ — цельный силуэт без отдельных выступов под зеркала выглядит чисто, меньше цепляется при хранении и закрывает кузов по контуру автомобиля.
ДЛЯ УЛИЦЫ И ГАРАЖА — тент подходит для двора, открытой парковки, дачи, длительной стоянки и гаража; помогает сократить частоту мойки и ежедневную очистку стекол и кузова.
ПРОСТОЙ УХОД И ХРАНЕНИЕ — перед установкой очистите кузов от острых загрязнений, надевайте чехол на сухой автомобиль и надёжно фиксируйте. После использования просушите и сложите; не надевайте на горячий кузов.",,,,,普通PEVA款,货号已与原汇总表对应,按原汇总表货号精确匹配
26,定制低价-vesta分车型,LADAvesta,"Автомобильный чехол-тент для Lada Vesta Sport Sedan 2022–2026, серый однослойный PEVA, защита от дождя, снега, солнца и пыли, для улицы, парковки и гаража",,,haijudingzhi-dingzhi-vesta,haijudingzhi-dingzhi,30*26*6,0.8kg,2XS,3M,L,,VESTA-09-2XS,单层PEVA,"Lada Vesta Sport Sedan, 2022–2026",,4426×1774×1478 мм,#чехол_для_автомобиля #тент_для_автомобиля #автомобильный_тент #защитный_чехол_авто #чехол_на_машину #тент_на_машину #чехол_от_дождя #чехол_от_снега #чехол_от_солнца #чехол_от_пыли #уличный_чехол_авто #всесезонный_чехол #водоотталкивающий_чехол #защита_кузова #защита_лакокрасочного #парковка_на_улице #серый_чехол_авто #чехол_PEVA #пылезащитный_тент #чехол_без_карманов #чехол_Lada_Vesta #тент_Lada_Vesta #Lada_Vesta_2022_2026 #чехол_Vesta_2022_2026 #тент_Vesta_2022_2026 #чехол_Sport_Sedan #тент_Sport_Sedan #чехол_седан #тент_седан #для_Lada_Vesta,"ТОЧНАЯ СОВМЕСТИМОСТЬ — автомобильный чехол разработан для Lada Vesta Sport Sedan, седан, 2022–2026. Код варианта: 2XS; габариты автомобиля для проверки: 4426×1774×1478 мм. Перед заказом сверьте модель, кузов и год выпуска.
СЕРАЯ ОДНОСЛОЙНАЯ PEVA — лёгкий водоотталкивающий материал помогает защитить кузов от дождя, снега, пыли, пыльцы, листьев и солнечного воздействия при повседневной стоянке.
АККУРАТНАЯ ПОСАДКА БЕЗ КАРМАНОВ — цельный силуэт без отдельных выступов под зеркала выглядит чисто, меньше цепляется при хранении и закрывает кузов по контуру автомобиля.
ДЛЯ УЛИЦЫ И ГАРАЖА — тент подходит для двора, открытой парковки, дачи, длительной стоянки и гаража; помогает сократить частоту мойки и ежедневную очистку стекол и кузова.
ПРОСТОЙ УХОД И ХРАНЕНИЕ — перед установкой очистите кузов от острых загрязнений, надевайте чехол на сухой автомобиль и надёжно фиксируйте. После использования просушите и сложите; не надевайте на горячий кузов.",,,,,普通PEVA款,货号已与原汇总表对应,按原汇总表货号精确匹配
27,定制低价-vesta分车型,LADAvesta,"Автомобильный чехол-тент для Lada Vesta Sport Sedan 2015–2022, серый однослойный PEVA, защита от дождя, снега, солнца и пыли, для улицы, парковки и гаража",,,haijudingzhi-dingzhi-vesta,haijudingzhi-dingzhi,30*26*6,0.8kg,XS,3M,L,,VESTA-10-XS,单层PEVA,"Lada Vesta Sport Sedan, 2015–2022",,4420×1774×1478 мм,#чехол_для_автомобиля #тент_для_автомобиля #автомобильный_тент #защитный_чехол_авто #чехол_на_машину #тент_на_машину #чехол_от_дождя #чехол_от_снега #чехол_от_солнца #чехол_от_пыли #уличный_чехол_авто #всесезонный_чехол #водоотталкивающий_чехол #защита_кузова #защита_лакокрасочного #парковка_на_улице #серый_чехол_авто #чехол_PEVA #пылезащитный_тент #чехол_без_карманов #чехол_Lada_Vesta #тент_Lada_Vesta #Lada_Vesta_2015_2022 #чехол_Vesta_2015_2022 #тент_Vesta_2015_2022 #чехол_Sport_Sedan #тент_Sport_Sedan #чехол_седан #тент_седан #для_Lada_Vesta,"ТОЧНАЯ СОВМЕСТИМОСТЬ — автомобильный чехол разработан для Lada Vesta Sport Sedan, седан, 2015–2022. Код варианта: XS; габариты автомобиля для проверки: 4420×1774×1478 мм. Перед заказом сверьте модель, кузов и год выпуска.
СЕРАЯ ОДНОСЛОЙНАЯ PEVA — лёгкий водоотталкивающий материал помогает защитить кузов от дождя, снега, пыли, пыльцы, листьев и солнечного воздействия при повседневной стоянке.
АККУРАТНАЯ ПОСАДКА БЕЗ КАРМАНОВ — цельный силуэт без отдельных выступов под зеркала выглядит чисто, меньше цепляется при хранении и закрывает кузов по контуру автомобиля.
ДЛЯ УЛИЦЫ И ГАРАЖА — тент подходит для двора, открытой парковки, дачи, длительной стоянки и гаража; помогает сократить частоту мойки и ежедневную очистку стекол и кузова.
ПРОСТОЙ УХОД И ХРАНЕНИЕ — перед установкой очистите кузов от острых загрязнений, надевайте чехол на сухой автомобиль и надёжно фиксируйте. После использования просушите и сложите; не надевайте на горячий кузов.",,,,,普通PEVA款,货号已与原汇总表对应,按原汇总表货号精确匹配
28,定制低价-vesta分车型,LADAvesta,"Автомобильный чехол-тент для Lada Vesta Sportline Sedan 2022–2026, серый однослойный PEVA, защита от дождя, снега, солнца и пыли, для улицы, парковки и гаража",,,haijudingzhi-dingzhi-vesta,haijudingzhi-dingzhi,30*26*6,0.8kg,6S,3M,L,,VESTA-11-6S,单层PEVA,"Lada Vesta Sportline Sedan, 2022–2026",,4426×1774×1478 мм,#чехол_для_автомобиля #тент_для_автомобиля #автомобильный_тент #защитный_чехол_авто #чехол_на_машину #тент_на_машину #чехол_от_дождя #чехол_от_снега #чехол_от_солнца #чехол_от_пыли #уличный_чехол_авто #всесезонный_чехол #водоотталкивающий_чехол #защита_кузова #защита_лакокрасочного #парковка_на_улице #серый_чехол_авто #чехол_PEVA #пылезащитный_тент #чехол_без_карманов #чехол_Lada_Vesta #тент_Lada_Vesta #Lada_Vesta_2022_2026 #чехол_Vesta_2022_2026 #тент_Vesta_2022_2026 #чехол_Sportline_Sedan #тент_Sportline_Sedan #чехол_седан #тент_седан #для_Lada_Vesta,"ТОЧНАЯ СОВМЕСТИМОСТЬ — автомобильный чехол разработан для Lada Vesta Sportline Sedan, седан, 2022–2026. Код варианта: 6S; габариты автомобиля для проверки: 4426×1774×1478 мм. Перед заказом сверьте модель, кузов и год выпуска.
СЕРАЯ ОДНОСЛОЙНАЯ PEVA — лёгкий водоотталкивающий материал помогает защитить кузов от дождя, снега, пыли, пыльцы, листьев и солнечного воздействия при повседневной стоянке.
АККУРАТНАЯ ПОСАДКА БЕЗ КАРМАНОВ — цельный силуэт без отдельных выступов под зеркала выглядит чисто, меньше цепляется при хранении и закрывает кузов по контуру автомобиля.
ДЛЯ УЛИЦЫ И ГАРАЖА — тент подходит для двора, открытой парковки, дачи, длительной стоянки и гаража; помогает сократить частоту мойки и ежедневную очистку стекол и кузова.
ПРОСТОЙ УХОД И ХРАНЕНИЕ — перед установкой очистите кузов от острых загрязнений, надевайте чехол на сухой автомобиль и надёжно фиксируйте. После использования просушите и сложите; не надевайте на горячий кузов.",,,,,普通PEVA款,货号已与原汇总表对应,按原汇总表货号精确匹配
29,定制低价-vesta分车型,LADAvesta,"Автомобильный чехол-тент для Lada Vesta SW Sport 2022–2026, серый однослойный PEVA, защита от дождя, снега, солнца и пыли, для улицы, парковки и гаража",,,haijudingzhi-dingzhi-vesta,haijudingzhi-dingzhi,30*26*6,0.8kg,5S,2M,L,,VESTA-12-5S,单层PEVA,"Lada Vesta SW Sport, 2022–2026",,4426×1774×1478 мм,#чехол_для_автомобиля #тент_для_автомобиля #автомобильный_тент #защитный_чехол_авто #чехол_на_машину #тент_на_машину #чехол_от_дождя #чехол_от_снега #чехол_от_солнца #чехол_от_пыли #уличный_чехол_авто #всесезонный_чехол #водоотталкивающий_чехол #защита_кузова #защита_лакокрасочного #парковка_на_улице #серый_чехол_авто #чехол_PEVA #пылезащитный_тент #чехол_без_карманов #чехол_Lada_Vesta #тент_Lada_Vesta #Lada_Vesta_2022_2026 #чехол_Vesta_2022_2026 #тент_Vesta_2022_2026 #чехол_SW_Sport #тент_SW_Sport #чехол_универсал #тент_универсал #для_Lada_Vesta,"ТОЧНАЯ СОВМЕСТИМОСТЬ — автомобильный чехол разработан для Lada Vesta SW Sport, универсал, 2022–2026. Код варианта: 5S; габариты автомобиля для проверки: 4426×1774×1478 мм. Перед заказом сверьте модель, кузов и год выпуска.
СЕРАЯ ОДНОСЛОЙНАЯ PEVA — лёгкий водоотталкивающий материал помогает защитить кузов от дождя, снега, пыли, пыльцы, листьев и солнечного воздействия при повседневной стоянке.
АККУРАТНАЯ ПОСАДКА БЕЗ КАРМАНОВ — цельный силуэт без отдельных выступов под зеркала выглядит чисто, меньше цепляется при хранении и закрывает кузов по контуру автомобиля.
ДЛЯ УЛИЦЫ И ГАРАЖА — тент подходит для двора, открытой парковки, дачи, длительной стоянки и гаража; помогает сократить частоту мойки и ежедневную очистку стекол и кузова.
ПРОСТОЙ УХОД И ХРАНЕНИЕ — перед установкой очистите кузов от острых загрязнений, надевайте чехол на сухой автомобиль и надёжно фиксируйте. После использования просушите и сложите; не надевайте на горячий кузов.",,,,,普通PEVA款,货号已与原汇总表对应,按原汇总表货号精确匹配
30,定制低价-vesta分车型,LADAvesta,"Автомобильный чехол-тент для Lada Vesta SW Sportline 2022–2026, серый однослойный PEVA, защита от дождя, снега, солнца и пыли, для улицы, парковки и гаража",,,haijudingzhi-dingzhi-vesta,haijudingzhi-dingzhi,30*26*6,0.8kg,4S,2M,L,,VESTA-13-4S,单层PEVA,"Lada Vesta SW Sportline, 2022–2026",,4426×1774×1510 мм,#чехол_для_автомобиля #тент_для_автомобиля #автомобильный_тент #защитный_чехол_авто #чехол_на_машину #тент_на_машину #чехол_от_дождя #чехол_от_снега #чехол_от_солнца #чехол_от_пыли #уличный_чехол_авто #всесезонный_чехол #водоотталкивающий_чехол #защита_кузова #защита_лакокрасочного #парковка_на_улице #серый_чехол_авто #чехол_PEVA #пылезащитный_тент #чехол_без_карманов #чехол_Lada_Vesta #тент_Lada_Vesta #Lada_Vesta_2022_2026 #чехол_Vesta_2022_2026 #тент_Vesta_2022_2026 #чехол_SW_Sportline #тент_SW_Sportline #чехол_универсал #тент_универсал #для_Lada_Vesta,"ТОЧНАЯ СОВМЕСТИМОСТЬ — автомобильный чехол разработан для Lada Vesta SW Sportline, универсал, 2022–2026. Код варианта: 4S; габариты автомобиля для проверки: 4426×1774×1510 мм. Перед заказом сверьте модель, кузов и год выпуска.
СЕРАЯ ОДНОСЛОЙНАЯ PEVA — лёгкий водоотталкивающий материал помогает защитить кузов от дождя, снега, пыли, пыльцы, листьев и солнечного воздействия при повседневной стоянке.
АККУРАТНАЯ ПОСАДКА БЕЗ КАРМАНОВ — цельный силуэт без отдельных выступов под зеркала выглядит чисто, меньше цепляется при хранении и закрывает кузов по контуру автомобиля.
ДЛЯ УЛИЦЫ И ГАРАЖА — тент подходит для двора, открытой парковки, дачи, длительной стоянки и гаража; помогает сократить частоту мойки и ежедневную очистку стекол и кузова.
ПРОСТОЙ УХОД И ХРАНЕНИЕ — перед установкой очистите кузов от острых загрязнений, надевайте чехол на сухой автомобиль и надёжно фиксируйте. После использования просушите и сложите; не надевайте на горячий кузов.",,,,,普通PEVA款,货号已与原汇总表对应,按原汇总表货号精确匹配
31,定制低价-largus分车型,LADAvesta,"TOZAROA чехол на автомобиль Lada Largus Лада Ларгус универсал Cross фургон R90 F90 2012-2026, защитный тент-чехол для машины, от дождя, снега, наледи, грязи, пыли, листьев, для улицы, парковки, гаража",,,haijudingzhi-tongyong-largus,haijudingzhi-tongyong,30*26*6,0.8kg,2M,2M,L,,largus-2M,单层PEVA,Lada Largus Wagon 5-door 2012-2026 / Lada Largus Cross Wagon 5-door 2012-2026 / Lada Largus Cargo Van 2012-2026,,4140-4470 × 1750-1756 × 1636-1682 mm,#чехол_на_автомобиль #тент_на_автомобиль #автомобильный_тент #защитный_чехол #чехол_на_машину #тент_на_машину #чехол_от_дождя #чехол_от_снега #чехол_от_наледи #чехол_от_грязи #чехол_от_пыли #чехол_от_листьев #осенний_авточехол #зимний_авточехол #всесезонный_чехол #уличная_парковка #защита_кузова #серый_авточехол #чехол_Lada #чехол_Лада #чехол_Largus #чехол_Ларгус #Lada_Largus #Лада_Ларгус #Largus_универсал #Largus_Cross #Largus_фургон #Largus_R90 #Largus_F90 #размер_2M,"1. СОВМЕСТИМОСТЬ — вариант 2M подходит для Lada Largus / Лада Ларгус: универсал R90, Largus Cross и цельнометаллический фургон F90 2012-2026. Перед заказом проверьте модель, кузов и год выпуска.
2. ЗАЩИТА ОСЕНЬЮ И ЗИМОЙ — автомобильный чехол помогает уменьшить попадание дождя, мокрого снега, наледи, дорожной грязи, пыли и листьев на кузов при уличной парковке.
3. АККУРАТНАЯ ПОСАДКА — гладкий однослойный материал повторяет длинный контур Largus; собранные передний и задний края должны плотно располагаться выше земли.
4. ДЛЯ ПАРКОВКИ — защитный тент подходит для двора, открытой стоянки, дачи и гаража. Устанавливайте изделие на чистый остывший автомобиль без острых загрязнений.
5. УХОД — после использования удалите снег, воду и грязь, полностью просушите чехол и аккуратно сложите. Не храните изделие влажным и не надевайте на горячий кузов.",,,167,,普通PEVA款,货号已与原汇总表对应,按原汇总表货号精确匹配
32,定制低价-BELGEE,LADAvesta,"TOZAROA чехол на автомобиль BELGEE X50, X50+, X70, X70 Рестайлинг, S50, X80 2023-2026, тент на машину для осени и зимы, защита от дождя, снега, наледи, пыли, грязи и листьев, для улицы",,,haijudingzhi-dingzhi-BELGEE,haijudingzhi-dingzhi,30*26*6,0.8kg,S,S,YM,,BELGEE-ALL-S-PEVA,单层PEVA,BELGEE X50 2023-2026; X50+ 2026; X70 2024-2025; X70 Рестайлинг 2025-2026; S50 2024-2026; X80 2025-2026,,,#чехол_зимний_на_машину #чехол_на_авто_зимний #чехолдляавтозимний #чехолнаавтомобиль #тентнамашину #тентдляавтомобиля #автотент #тент_для_автомобиля #тентдлямашины #Защита_кузова_авто #чехолотдождя #зимний_чехол #тент_для_авто #Защитаотснега #всесезонныйтент #авто_тент #чехолдлякузова #тент_на_авто #тент_чехол #уличнаястоянка #чехолотснега #чехолотналеди #чехол_от_листьев #парковка_зимой #чехолотлистьев #тентнаулицу #автотентзимний,"1. ПОДБОР ПО МОДЕЛИ — чехол подходит для BELGEE X50 2023-2026; X50+ 2026; X70 2024-2025; X70 Рестайлинг 2025-2026; S50 2024-2026; X80 2025-2026. Все модели объединены в одном товарном предложении; перед заказом проверьте название и год выпуска.
2. ОСЕНЬ И ЗИМА — чехол на автомобиль помогает закрыть кузов от дождя, мокрого снега, наледи, опавших листьев, дорожной пыли и грязи при уличной парковке.
3. ЗАЩИТА КУЗОВА — автомобильный тент закрывает крышу, стёкла и основные окрашенные поверхности; подходит для хранения на улице, под навесом или в гараже.
4. ЧЕСТНО О МАТЕРИАЛЕ — гладкий серый чехол из PEVA без стёганого рисунка, утеплителя и тканевой фактуры; компактно складывается для хранения между сезонами.
5. ПЕРЕД УСТАНОВКОЙ — надевайте чехол на чистый автомобиль: найдите переднюю часть, расправьте по крыше, закройте перед и зад, затем проверьте прилегание по низу.",,,167,,普通PEVA款,货号已与原汇总表对应,按原汇总表货号精确匹配
33,定制Lada所有孤立车型,LADA孤立车型,"TOZAROA чехол на автомобиль Lada 2108, 2109 1984-2006, размер 2XS, тент для автомобиля на осень и зиму, защита кузова от дождя, мокрого снега, наледи, пыли, грязи и листьев, для улицы",,,haijudingzhi-dingzhi-guli,haijudingzhi-dinzghi,30*26*6,0.8kg,2XS,2XS,M,,LADA-2XS-PEVA,单层PEVA,Lada 2108 1984-2005; Lada 2109 1987-2006,,,#чехол_зимний_на_машину #чехол_на_авто_зимний #чехолдляавтозимний #чехолнаавтомобиль #тентнамашину #тентдляавтомобиля #автотент #тент_для_автомобиля #тентдлямашины #Защита_кузова_авто #чехолотдождя #зимний_чехол #тент_для_авто #Защитаотснега #всесезонныйтент #авто_тент #чехолдлякузова #тент_на_авто #тент_чехол #уличнаястоянка #чехолотснега #чехолотналеди #чехол_от_листьев #парковка_зимой #чехолотлистьев #тентнаулицу #автотентзимний,"1. ПОДБОР ПО АВТОМОБИЛЮ — Lada 2108 1984-2005 и Lada 2109 1987-2006. Код размера 2XS служит для выбора этой группы совместимых моделей.
2. ОСЕНЬ И ЗИМА — чехол на автомобиль помогает закрыть кузов от дождя, мокрого снега, наледи, опавших листьев, дорожной пыли и грязи при уличной парковке.
3. ЗАЩИТА КУЗОВА — автомобильный тент закрывает крышу, стёкла и окрашенные поверхности; подходит для хранения авто на улице, под навесом или в гараже.
4. ЧЕСТНО О МАТЕРИАЛЕ — гладкий серый чехол из PEVA без стёганого рисунка и тканевой фактуры; компактно складывается для хранения между сезонами.
5. ПЕРЕД ЗАКАЗОМ — проверьте модель, версию кузова и год выпуска по таблице совместимости; надевайте тент на чистый автомобиль и надёжно расправляйте по кузову.",,,167,,普通PEVA款,货号已与原汇总表对应,按原汇总表货号精确匹配
34,定制Lada所有孤立车型,LADA孤立车型,"TOZAROA чехол на автомобиль Lada Niva, Niva Travel, 2108/2109 Тарзан 1984-2026, размер S, зимний автомобильный тент от дождя, снега, наледи, пыли, грязи и листьев, для уличной парковки",,,haijudingzhi-dingzhi-guli,haijudingzhi-tongyong,30*26*6,0.8kg,S,S,YM,,LADA-S-PEVA,单层PEVA,Lada Niva 2020-2021; Niva Off-road 2020-2021; Niva Travel 2020-2026; 2108 Тарзан 1984-2005; 2109 Тарзан 1987-2006,,,#чехол_зимний_на_машину #чехол_на_авто_зимний #чехолдляавтозимний #чехолнаавтомобиль #тентнамашину #тентдляавтомобиля #автотент #тент_для_автомобиля #тентдлямашины #Защита_кузова_авто #чехолотдождя #зимний_чехол #тент_для_авто #Защитаотснега #всесезонныйтент #авто_тент #чехолдлякузова #тент_на_авто #тент_чехол #уличнаястоянка #чехолотснега #чехолотналеди #чехол_от_листьев #парковка_зимой #чехолотлистьев #тентнаулицу #автотентзимний,"1. ПОДБОР ПО АВТОМОБИЛЮ — Lada Niva 2020-2021, Niva Off-road 2020-2021, Niva Travel 2020-2026, 2108 Тарзан 1984-2005 и 2109 Тарзан 1987-2006. Код размера S служит для выбора этой группы совместимых моделей.
2. ОСЕНЬ И ЗИМА — чехол на автомобиль помогает закрыть кузов от дождя, мокрого снега, наледи, опавших листьев, дорожной пыли и грязи при уличной парковке.
3. ЗАЩИТА КУЗОВА — автомобильный тент закрывает крышу, стёкла и окрашенные поверхности; подходит для хранения авто на улице, под навесом или в гараже.
4. ЧЕСТНО О МАТЕРИАЛЕ — гладкий серый чехол из PEVA без стёганого рисунка и тканевой фактуры; компактно складывается для хранения между сезонами.
5. ПЕРЕД ЗАКАЗОМ — проверьте модель, версию кузова и год выпуска по таблице совместимости; надевайте тент на чистый автомобиль и надёжно расправляйте по кузову.",,,,,普通PEVA款,货号已与原汇总表对应,按原汇总表货号精确匹配
35,定制Lada所有孤立车型,LADA孤立车型,"TOZAROA чехол на автомобиль Lada 2112, 2111, XRAY, Iskra, 2120 Надежда, e-Largus 1997-2026, размер 2M, тент на осень и зиму от дождя, снега, наледи, пыли, грязи и листьев, для улицы",,,haijudingzhi-dingzhi-guli,haijudingzhi-tongyong,30*26*6,0.8kg,2M,2M,L,,LADA-2M-PEVA,单层PEVA,Lada 2112 1998-2009; 2111 1997-2014; XRAY и XRAY Cross 2015-2022; Iskra Wagon и SW Cross 2025-2026; 2120 Надежда 1998-2006; e-Largus 2024-2026,,,#чехол_зимний_на_машину #чехол_на_авто_зимний #чехолдляавтозимний #чехолнаавтомобиль #тентнамашину #тентдляавтомобиля #автотент #тент_для_автомобиля #тентдлямашины #Защита_кузова_авто #чехолотдождя #зимний_чехол #тент_для_авто #Защитаотснега #всесезонныйтент #авто_тент #чехолдлякузова #тент_на_авто #тент_чехол #уличнаястоянка #чехолотснега #чехолотналеди #чехол_от_листьев #парковка_зимой #чехолотлистьев #тентнаулицу #автотентзимний,"1. ПОДБОР ПО АВТОМОБИЛЮ — Lada 2112 1998-2009, 2111 1997-2014, XRAY/XRAY Cross 2015-2022, Iskra Wagon/SW Cross 2025-2026, 2120 Надежда 1998-2006 и e-Largus 2024-2026. Код размера 2M служит для выбора этой группы совместимых моделей.
2. ОСЕНЬ И ЗИМА — чехол на автомобиль помогает закрыть кузов от дождя, мокрого снега, наледи, опавших листьев, дорожной пыли и грязи при уличной парковке.
3. ЗАЩИТА КУЗОВА — автомобильный тент закрывает крышу, стёкла и окрашенные поверхности; подходит для хранения авто на улице, под навесом или в гараже.
4. ЧЕСТНО О МАТЕРИАЛЕ — гладкий серый чехол из PEVA без стёганого рисунка и тканевой фактуры; компактно складывается для хранения между сезонами.
5. ПЕРЕД ЗАКАЗОМ — проверьте модель, версию кузова и год выпуска по таблице совместимости; надевайте тент на чистый автомобиль и надёжно расправляйте по кузову.",,,,,普通PEVA款,货号已与原汇总表对应,按原汇总表货号精确匹配
36,定制Lada所有孤立车型,LADA孤立车型,"TOZAROA чехол на автомобиль Lada 2110, Iskra Sedan, Богдан, Премьер 1995-2026, размер 3M, универсальный тент для машины на осень и зиму, от дождя, снега, наледи, пыли, грязи и листьев",,,haijudingzhi-dingzhi-guli,haijudingzhi-tongyong,30*26*6,0.8kg,3M,3M,L,,LADA-3M-PEVA,单层PEVA,Lada 2110 1995-2014; 2110 Богдан 1995-2014; 2110 Премьер 1995-2014; Iskra Sedan 2025-2026,,,#чехол_зимний_на_машину #чехол_на_авто_зимний #чехолдляавтозимний #чехолнаавтомобиль #тентнамашину #тентдляавтомобиля #автотент #тент_для_автомобиля #тентдлямашины #Защита_кузова_авто #чехолотдождя #зимний_чехол #тент_для_авто #Защитаотснега #всесезонныйтент #авто_тент #чехолдлякузова #тент_на_авто #тент_чехол #уличнаястоянка #чехолотснега #чехолотналеди #чехол_от_листьев #парковка_зимой #чехолотлистьев #тентнаулицу #автотентзимний,"1. ПОДБОР ПО АВТОМОБИЛЮ — Lada 2110, 2110 Богдан и 2110 Премьер 1995-2014, Iskra Sedan 2025-2026. Код размера 3M служит для выбора этой группы совместимых моделей.
2. ОСЕНЬ И ЗИМА — чехол на автомобиль помогает закрыть кузов от дождя, мокрого снега, наледи, опавших листьев, дорожной пыли и грязи при уличной парковке.
3. ЗАЩИТА КУЗОВА — автомобильный тент закрывает крышу, стёкла и окрашенные поверхности; подходит для хранения авто на улице, под навесом или в гараже.
4. ЧЕСТНО О МАТЕРИАЛЕ — гладкий серый чехол из PEVA без стёганого рисунка и тканевой фактуры; компактно складывается для хранения между сезонами.
5. ПЕРЕД ЗАКАЗОМ — проверьте модель, версию кузова и год выпуска по таблице совместимости; надевайте тент на чистый автомобиль и надёжно расправляйте по кузову.",,,,,普通PEVA款,货号已与原汇总表对应,按原汇总表货号精确匹配
37,定制Lada所有孤立车型,LADA孤立车型,"TOZAROA чехол на автомобиль Lada 2108 Кабриолет, Revolution 1984-2006, размер 4S, зимний тент для автомобиля, защита кузова от дождя, мокрого снега, наледи, пыли, грязи и листьев, для улицы",,,haijudingzhi-dingzhi-guli,haijudingzhi-tongyong,30*26*6,0.8kg,4S,2XS,M,,LADA-4S-PEVA,单层PEVA,Lada 2108 Кабриолет 1984-2005; Lada Revolution 2003-2006,,,#чехол_зимний_на_машину #чехол_на_авто_зимний #чехолдляавтозимний #чехолнаавтомобиль #тентнамашину #тентдляавтомобиля #автотент #тент_для_автомобиля #тентдлямашины #Защита_кузова_авто #чехолотдождя #зимний_чехол #тент_для_авто #Защитаотснега #всесезонныйтент #авто_тент #чехолдлякузова #тент_на_авто #тент_чехол #уличнаястоянка #чехолотснега #чехолотналеди #чехол_от_листьев #парковка_зимой #чехолотлистьев #тентнаулицу #автотентзимний,"1. ПОДБОР ПО АВТОМОБИЛЮ — Lada 2108 Кабриолет 1984-2005 и Lada Revolution 2003-2006. Код размера 4S служит для выбора этой группы совместимых моделей.
2. ОСЕНЬ И ЗИМА — чехол на автомобиль помогает закрыть кузов от дождя, мокрого снега, наледи, опавших листьев, дорожной пыли и грязи при уличной парковке.
3. ЗАЩИТА КУЗОВА — автомобильный тент закрывает крышу, стёкла и окрашенные поверхности; подходит для хранения авто на улице, под навесом или в гараже.
4. ЧЕСТНО О МАТЕРИАЛЕ — гладкий серый чехол из PEVA без стёганого рисунка и тканевой фактуры; компактно складывается для хранения между сезонами.
5. ПЕРЕД ЗАКАЗОМ — проверьте модель, версию кузова и год выпуска по таблице совместимости; надевайте тент на чистый автомобиль и надёжно расправляйте по кузову.",,,,,普通PEVA款,货号已与原汇总表对应,按原汇总表货号精确匹配
38,定制Lada所有孤立车型,LADA孤立车型,"TOZAROA чехол на автомобиль Lada 2110 Консул Limousine 1995-2014, размер 3XXL, тент на машину для осени и зимы, защита от дождя, снега, наледи, пыли, грязи и листьев, уличное хранение",,,haijudingzhi-dingzhi-guli,haijudingzhi-tongyong,30*26*6,0.8kg,3XXL,3XXL,XLL,,LADA-3XXL-PEVA,单层PEVA,Lada 2110 Консул Limousine 1995-2014,,,#чехол_зимний_на_машину #чехол_на_авто_зимний #чехолдляавтозимний #чехолнаавтомобиль #тентнамашину #тентдляавтомобиля #автотент #тент_для_автомобиля #тентдлямашины #Защита_кузова_авто #чехолотдождя #зимний_чехол #тент_для_авто #Защитаотснега #всесезонныйтент #авто_тент #чехолдлякузова #тент_на_авто #тент_чехол #уличнаястоянка #чехолотснега #чехолотналеди #чехол_от_листьев #парковка_зимой #чехолотлистьев #тентнаулицу #автотентзимний,"1. ПОДБОР ПО АВТОМОБИЛЮ — Lada 2110 Консул Limousine 1995-2014. Код размера 3XXL служит для выбора этой группы совместимых моделей.
2. ОСЕНЬ И ЗИМА — чехол на автомобиль помогает закрыть кузов от дождя, мокрого снега, наледи, опавших листьев, дорожной пыли и грязи при уличной парковке.
3. ЗАЩИТА КУЗОВА — автомобильный тент закрывает крышу, стёкла и окрашенные поверхности; подходит для хранения авто на улице, под навесом или в гараже.
4. ЧЕСТНО О МАТЕРИАЛЕ — гладкий серый чехол из PEVA без стёганого рисунка и тканевой фактуры; компактно складывается для хранения между сезонами.
5. ПЕРЕД ЗАКАЗОМ — проверьте модель, версию кузова и год выпуска по таблице совместимости; надевайте тент на чистый автомобиль и надёжно расправляйте по кузову.",,,,,普通PEVA款,货号已与原汇总表对应,按原汇总表货号精确匹配
39,定制HAVAL ,HAVAL,"TOZAROA чехол на автомобиль HAVAL Jolion, H3, F5, H1, H2, H2s, Chitu, H4, H6 Coupe, KuGou 2014-2026, тент на машину для осени и зимы, от дождя, снега, наледи, пыли, грязи и листьев",,,haijudingzhi-dingzhi-haval,haijudingzhi-dinzghi,30*26*6,0.8kg,S,S,YM,,HAVAL-ALL-S-PEVA,单层PEVA,HAVAL JOLION 2021-2026; H3 2024-2026; F5 2018-2020; H1 2014-2018; H2 2014-2021; H2S 2016-2020; CHITU 2021-2025; H4 2018-2020; H6 COUPE 2018-2021; KUGOU 2022-2024,,,#чехол_зимний_на_машину #чехол_на_авто_зимний #чехолдляавтозимний #чехолнаавтомобиль #тентнамашину #тентдляавтомобиля #автотент #тент_для_автомобиля #тентдлямашины #Защита_кузова_авто #чехолотдождя #зимний_чехол #тент_для_авто #Защитаотснега #всесезонныйтент #авто_тент #чехолдлякузова #тент_на_авто #тент_чехол #уличнаястоянка #чехолотснега #чехолотналеди #чехол_от_листьев #парковка_зимой #чехолотлистьев #тентнаулицу #автотентзимний,"1. ПОДБОР ПО МОДЕЛИ — чехол подходит для HAVAL JOLION 2021-2026; H3 2024-2026; F5 2018-2020; H1 2014-2018; H2 2014-2021; H2S 2016-2020; CHITU 2021-2025; H4 2018-2020; H6 COUPE 2018-2021; KUGOU 2022-2024. Все модели объединены в одном товарном предложении; перед заказом проверьте модель и год выпуска.
2. ОСЕНЬ И ЗИМА — чехол на автомобиль помогает закрыть кузов от дождя, мокрого снега, наледи, опавших листьев, дорожной пыли и грязи при уличной парковке.
3. ЗАЩИТА КУЗОВА — автомобильный тент закрывает крышу, стёкла и основные окрашенные поверхности; подходит для хранения на улице, под навесом или в гараже.
4. ЧЕСТНО О МАТЕРИАЛЕ — гладкий серый чехол из PEVA без стёганого рисунка, утеплителя и тканевой фактуры; компактно складывается между сезонами.
5. ПЕРЕД УСТАНОВКОЙ — надевайте чехол на чистый автомобиль: найдите переднюю часть, расправьте по крыше, закройте перед и зад, затем проверьте прилегание по низу.",,,167,,普通PEVA款,货号已与原汇总表对应,按原汇总表货号精确匹配
40,定制CHERY TIGGO ,CHERY TIGGO,"TOZAROA чехол на автомобиль CHERY TIGGO 7 PRO Plug-in Hybrid / Чери Тигго 7 Про гибрид, Tiggo 4 Pro, 7L, 7 Plus, 5X, 3X 2005-2026, тент на машину для осени и зимы, от дождя и снега",,,haijudingzhi-dingzhi-CHERY TIGGO,haijudingzhi-dinzghi,30*26*6,0.8kg,S,S,YM,,CHERY-TIGGO-ALL-S-PEVA,单层PEVA,CHERY TIGGO 4 PRO 2020-2026; TIGGO 7 PRO 2020-2024; TIGGO T11 2005-2016; TIGGO 7L 2024-2026; TIGGO 7 2016-2026; TIGGO 5 2014-2020; TIGGO 3 2014-2020; TIGGO 7 PLUS 2021-2026; TIGGO 2 2016-2021; TIGGO 3X 2016-2026; TIGGO 5X 2017-2026; TIGGO 7 PRO PLUG-IN HYBRID 2023-2025; TIGGO 2 PRO 2021-2026; TIGGO E 2019-2022; TIGGO 3XE 2018-2021,,,#чехол_зимний_на_машину #чехол_на_авто_зимний #чехолдляавтозимний #чехолнаавтомобиль #тентнамашину #тентдляавтомобиля #автотент #тент_для_автомобиля #тентдлямашины #Защита_кузова_авто #чехолотдождя #зимний_чехол #тент_для_авто #Защитаотснега #всесезонныйтент #авто_тент #чехолдлякузова #тент_на_авто #тент_чехол #уличнаястоянка #чехолотснега #чехолотналеди #чехол_от_листьев #парковка_зимой #чехолотлистьев #тентнаулицу #автотентзимний,"Чехол подбирается для CHERY TIGGO 7 PRO Plug-in Hybrid 2023–2025, который также известен покупателям как Чери Тигго 7 Про гибрид или TIGGO 7 PRO PHEV. Перед заказом рекомендуем сверить точное название модели и год выпуска автомобиля.
Доступен подбор для других автомобилей семейства CHERY TIGGO: Tiggo 4 Pro 2020–2026, Tiggo 7 Pro 2020–2024, Tiggo 7L 2024–2026, Tiggo 7 и Tiggo 7 Plus 2016–2026, Tiggo 5 и Tiggo 5X 2014–2026, Tiggo 3 и Tiggo 3X 2014–2026, а также Tiggo T11, Tiggo 2, Tiggo 2 Pro, Tiggo E и Tiggo 3xe соответствующих годов выпуска.
Серый автомобильный чехол помогает закрыть кузов от дождя, мокрого снега, наледи, опавших листьев, дорожной пыли и сезонных загрязнений. Подходит для осенней и зимней уличной парковки, хранения автомобиля во дворе, возле дома или на открытой стоянке.
Чехол изготовлен из гладкого PEVA серого цвета. Поверхность без стёганого рисунка, утепляющего наполнителя и выраженной тканевой фактуры. Материал легко расправляется по кузову и не создаёт ложного впечатления тяжёлого утеплённого чехла.
Перед установкой найдите переднюю часть чехла, равномерно расправьте его по крыше автомобиля, затем последовательно закройте переднюю и заднюю части кузова. После установки проверьте расположение чехла и его прилегание по нижнему краю.",,,167,,普通PEVA款,货号已与原汇总表对应,按原汇总表货号精确匹配
41,定制低价granta-分车型,LADAGranta,"Авточехол для Lada Granta Седан 2018-2026 (Лада Гранта, ВАЗ Гранта, ВАЗ-2190), всесезонный водонепроницаемый защитный чехол для автомобиля",Lada Granta 三厢车 Sedan 2018-2026 汽车车罩（拉达格兰塔/VAZ格兰塔/VAZ-2190），全季节防水汽车保护罩,,haijudingzhi-LADA-Granta -dingzhi,haijudingzhi-LADA,30*26*6,0.8kg,A,3M,L,,2026080201,单层PEVA,Granta Sedan рестайлинг,,,#ЛадаГрантаСедан #LadaGrantaSedan #ВАЗ2190 #ГрантаРестайлинг #чехолнаавтомобиль #тентдляавтомобиля #тентнамашину #накидканаавто #водонепроницаемый #отсолнца #отснега #всесезонный #защитаавто #авточехол #чехолдлямашины #чехлынаавтомобиль #тентчехол #защитныйтент #дляLada #чехолотдождя #автомобильныйчехол #чехолнакузов #зимнийчехол #летнийчехол #чехолотпыли #чехолуниверсальный #накидкаотсолнца #автотент #PEVA #Tozaroacover,"🎯 100% Идеальная посадка (ВАЗ-2190 Седан 2018-2026): Разработано специально для рестайлинга Lada Granta Седан (ВАЗ-2190). Чехол Tozaroa cover создан по точным лекалам кузова: учитывает форму бамперов, зеркал和 капота, обеспечивая плотную посадку без провисаний.

🛡️ Всесезонная защита 360°: Забудьте о чистке снега и наледи зимой и выгорании краски летом! Защищает кузов от палящего солнца, проливного дождя, обильного снега, грязи и птичьего помета 365 дней в году.

💧 100% Водонепроницаемость (PEVA): Выполнен из высококачественного однослойного материала PEVA. Абсолютно не пропускает влагу, предохраняет ЛКП от коррозии, ржавчины и прямого контакта с водой.

☀️ Защита от УФ-лучей и перегрева: Отражает ультрафиолетовые лучи, предотвращая чрезмерный нагрев салона в жару, растрескивание пластика приборной панели и выцветание обивки сидений.

⏱️ Простая установка и компактность: Легкий и эластичный — надевается и снимается за 1 минуту без посторонней помощи. Легко очищается влажной салфеткой и компактно складывается в багажник.
",180,200,210,888,普通PEVA款,货号已与原汇总表对应,按原汇总表货号精确匹配
42,定制低价granta-分车型,LADAGranta,"Авточехол для Lada Granta Седан 2011-2018 (Лада Гранта, ВАЗ Гранта, ВАЗ-2190), всесезонный водонепроницаемый защитный чехол для автомобиля",Lada Granta 三厢车 Sedan 2011-2018 汽车车罩（拉达格兰塔/VAZ格兰塔/VAZ-2190），全季节防水汽车保护罩,,haijudingzhi-LADA-Granta -dingzhi,haijudingzhi-LADA,30*26*6,0.8kg,B,3M,L,,2026080202,单层PEVA,Granta Sedan,,,#ЛадаГрантаСедан #LadaGrantaSedan #ВАЗ2190 #Гранта2011 #чехолнаавтомобиль #тентдляавтомобиля #тентнамашину #накидканаавто #водонепроницаемый #отсолнца #отснега #всесезонный #защитаавто #авточехол #чехолдлямашины #чехлынаавтомобиль #тентчехол #защитныйтент #дляLada #чехолотдождя #автомобильныйчехол #чехолнакузов #зимнийчехол #летнийчехол #чехолотпыли #чехолуниверсальный #накидкаотсолнца #автотент #PEVA #Tozaroacover,"🎯 100% Идеальная посадка (ВАЗ-2190 Седан 2011-2018): Точно повторяет геометрию кузова Lada Granta Седан дорестайлинг (ВАЗ-2190). Чехол Tozaroa cover обеспечит идеальное прилегание по всей длине кузова и надежно фиксируется при порывах ветра.

🛡️ Всесезонная защита 360°: Эффективная защита от любых погодных условий: палящего солнца, проливных дождей, обильного снега, наледи, пыли, грязи и птичьего помета в любое время года.

💧 100% Водонепроницаемость (PEVA): Однослойный премиальный материал PEVA с высокой гидрофобностью полностью блокирует проникновение воды, защищая кузов вашего автомобиля от образования ржавчины.

☀️ Защита от УФ-лучей и перегрева: Блокирует вредное УФ-излучение, предотвращая выгорание лакокрасочного покрытия, перегрев салона и старение внутренних материалов.

⏱️ Простая установка и компактность: Надевается и снимается за 1 минуту одним человеком. Не требует сложного ухода, легко моется водой和 занимает минимум места при хранении.
",180,200,210,888,普通PEVA款,货号已与原汇总表对应,按原汇总表货号精确匹配
43,定制低价granta-分车型,LADAGranta,"Авточехол для Lada Granta Лифтбек 2018-2026 (Лада Гранта, ВАЗ Гранта, ВАЗ-2191), всесезонный водонепроницаемый защитный чехол для автомобиля",Lada Granta 掀背车 Liftback 2018-2026 汽车车罩（拉达格兰塔/VAZ格兰塔/VAZ-2191），全季节防水汽车保护罩,,haijudingzhi-LADA-Granta -dingzhi,haijudingzhi-LADA,30*26*6,0.8kg,C,2M,L,,2026080203,单层PEVA,Granta Liftback рестайлинг,,,#ЛадаГрантаЛифтбек #LadaGrantaLiftback #ВАЗ2191 #ГрантаЛифтбек #чехолнаавтомобиль #тентдляавтомобиля #тентнамашину #накидканаавто #водонепроницаемый #отсолнца #отснега #всесезонный #защитаавто #авточехол #чехолдлямашины #чехлынаавтомобиль #тентчехол #защитныйтент #дляLada #чехолотдождя #автомобильныйчехол #чехолнакузов #зимнийчехол #летнийчехол #чехолотпыли #чехолуниверсальный #накидкаотсолнца #автотент #PEVA #Tozaroacover,"🎯 100% Идеальная посадка (ВАЗ-2191 Лифтбек 2018-2026): Разработано специально для кузова лифтбек Lada Granta рестайлинг (ВАЗ-2191). Чехол Tozaroa cover учитывает скос задней двери и габариты модели, гарантируя четкую посадку.

🛡️ Всесезонная защита 360°: Надежный барьер круглый год: защищает от утреннего снега и наледи зимой, выгорания краски летом, а также от дождя, пыли, древесной смолы и грязи.

💧 100% Водонепроницаемость (PEVA): Изготовлен из прочного однослойного PEVA. Материал полностью водонепроницаем, предотвращает скопление влаги под чехлом和 появление ржавчины.

☀️ Защита от УФ-излучения: Защищает салон от раскаляющего солнца, предохраняя приборную панель, торпедо和 сиденья от перегрева, деформации和 выцветания.

⏱️ Практичность и удобство: Легкий материал позволяет быстро накрыть машину за 60 секунд. Легко очищается влажной тканью和 занимает минимум места в багажнике.
",180,200,210,888,普通PEVA款,货号已与原汇总表对应,按原汇总表货号精确匹配
44,定制低价granta-分车型,LADAGranta,"Авточехол для Lada Granta Лифтбек 2011-2018 (Лада Гранта, ВАЗ Гранта, ВАЗ-2191), всесезонный водонепроницаемый защитный чехол для автомобиля",Lada Granta 掀背车 Liftback 2011-2018 汽车车罩（拉达格兰塔/VAZ格兰塔/VAZ-2191），全季节防水汽车保护罩,,haijudingzhi-LADA-Granta -dingzhi,haijudingzhi-LADA,30*26*6,0.8kg,D,2M,L,,2026080204,单层PEVA,Granta Liftback,,,#ЛадаГрантаЛифтбек #LadaGrantaLiftback #ВАЗ2191 #Гранта2014 #чехолнаавтомобиль #тентдляавтомобиля #тентнамашину #накидканаавто #водонепроницаемый #отсолнца #отснега #всесезонный #защитаавто #авточехол #чехолдлямашины #чехлынаавтомобиль #тентчехол #защитныйтент #дляLada #чехолотдождя #автомобильныйчехол #чехолнакузов #зимнийчехол #летнийчехол #чехолотпыли #чехолуниверсальный #накидкаотсолнца #автотент #PEVA #Tozaroacover,"🎯 100% Идеальная посадка (ВАЗ-2191 Лифтбек 2011-2018): Покроен точно по форме кузова Lada Granta Лифтбек дорестайлинг (ВАЗ-2191). Чехол Tozaroa cover безупречно облегает линии капота, крыши和 заднего багажника.

🛡️ Всесезонная защита 360°: Полная защита вашего авто 365 дней в году: от снежных заносов, палящего солнца, проливного дождя, почек деревьев, грязи и пыли.

💧 100% Водонепроницаемость (PEVA): Качественный однослойный материал PEVA не пропускает воду, защищая кузов от влаги, сырости и предотвращая образование коррозии.

☀️ Сохранение салона и ЛКП: Отражает солнечные лучи, снижая температуру внутри салона в жаркие дни и защищая лакокрасочное покрытие от выгорания.

⏱️ Легкий уход и эксплуатация: Чехол легко надевается в одиночку за 1 минуту, не требователен к уходу, мытье занимает секунды, складывается в компактную упаковку.
",180,200,210,888,普通PEVA款,货号已与原汇总表对应,按原汇总表货号精确匹配
45,定制低价granta-分车型,LADAGranta,"Авточехол для Lada Granta Кросс Универсал 5 дв. 2018-2026 (Лада Гранта, ВАЗ Гранта, ВАЗ-2194), всесезонный водонепроницаемый защитный чехол для автомобиля",Lada Granta Cross 五门旅行版 2018-2026 汽车车罩（拉达格兰塔/VAZ格兰塔/VAZ-2194），全季节防水汽车保护罩,,haijudingzhi-LADA-Granta -dingzhi,haijudingzhi-LADA,30*26*6,0.8kg,E,2M,L,,2026080205,单层PEVA,Granta Cross Универсал,,,#ГрантаКросс #LadaGrantaCross #ВАЗ2194 #универсалКросс #чехолнаавтомобиль #тентдляавтомобиля #тентнамашину #накидканаавто #водонепроницаемый #отсолнца #отснега #всесезонный #защитаавто #авточехол #чехолдлямашины #чехлынаавтомобиль #тентчехол #защитныйтент #дляLada #чехолотдождя #автомобильныйчехол #чехолнакузов #зимнийчехол #летнийчехол #чехолотпыли #чехолуниверсальный #накидкаотсолнца #автотент #PEVA #Tozaroacover,"🎯 100% Идеальная посадка (ВАЗ-2194 Кросс Универсал): Индивидуальный пошив для Lada Granta Cross (ВАЗ-2194). Чехол Tozaroa cover учитывает увеличенный клиренс, рейлинги и силуэт кузова универсал 5 дв.

🛡️ Всесезонная защита 360°: Максимальная защита кузова в любых условиях: от зимних метелей и наледи до летнего зноя, града, дождя, грязи и пыли.

💧 100% Водонепроницаемость (PEVA): Однослойный PEVA материал премиум-качества надежно отталкивает воду, предотвращая коррозию металла и защищая ЛКП от сырости.

☀️ Защита от солнца и УФ: Предотвращает перегрев салона и выгорание пластика и обивки, сохраняя внешний вид и интерьер автомобиля в первозданном состоянии.

⏱️ Удобство ежедневного использования: Надевается легко и быстро, не занимает много места в вместительном багажнике универсала, легко моется от загрязнений.
",180,200,210,888,普通PEVA款,货号已与原汇总表对应,按原汇总表货号精确匹配
46,定制低价granta-分车型,LADAGranta,"Авточехол для Lada Granta Sport Седан 2018-2026 (Лада Гранта Спорт, ВАЗ-219059), всесезонный водонепроницаемый защитный чехол для автомобиля",Lada Granta Sport 三厢版 2018-2026 汽车车罩（拉达格兰塔运动版/VAZ-219059），全季节防水汽车保护罩,,haijudingzhi-LADA-Granta -dingzhi,haijudingzhi-LADA,30*26*6,0.8kg,F,3M,L,,2026080206,单层PEVA,Granta Sport Sedan,,,#ГрантаСпорт #LadaGrantaSport #ВАЗ219059 #ГрантаСпортСедан #чехолнаавтомобиль #тентдляавтомобиля #тентнамашину #накидканаавто #водонепроницаемый #отсолнца #отснега #всесезонный #защитаавто #авточехол #чехолдлямашины #чехлынаавтомобиль #тентчехол #защитныйтент #дляLada #чехолотдождя #автомобильныйчехол #чехолнакузов #зимнийчехол #летнийчехол #чехолотпыли #чехолуниверсальный #накидкаотсолнца #автотент #PEVA #Tozaroacover,"🎯 100% Идеальная посадка (ВАЗ-219059 Sport Седан): Скроен специально под спортивную версию Lada Granta Sport Седан (ВАЗ-219059). Чехол Tozaroa cover учитывает заниженный клиренс, спортивный обвес и спойлер.

🛡️ Всесезонная защита 360°: Полная защита вашего спортивного авто круглый год: от палящего солнца, проливного дождя, липкого снега, пыли, грязи и повреждений ЛКП.

💧 100% Водонепроницаемость (PEVA): Высококачественный однослойный PEVA полностью водонепроницаем, предотвращая образование ржавчины и защищая элементы обвеса.

☀️ Защита спортивного салона: Отражает ультрафиолет, предотвращая перегрев и растрескивание спортивных сидений, руля и элементов отделки салона.

⏱️ Быстрый монтаж: Надевается за 1 минуту без усилий, легко очищается от пыли и грязи влажной салфеткой, компактен при хранении.
",180,200,210,888,普通PEVA款,货号已与原汇总表对应,按原汇总表货号精确匹配
47,定制低价granta-分车型,LADAGranta,"Авточехол для Lada Granta Sport Седан 2011-2018 (Лада Гранта Спорт, ВАЗ-219059), всесезонный водонепроницаемый защитный чехол для автомобиля",Lada Granta Sport 三厢版 2011-2018 汽车车罩（拉达格兰塔运动版/VAZ-219059），全季节防水汽车保护罩,,haijudingzhi-LADA-Granta -dingzhi,haijudingzhi-LADA,30*26*6,0.8kg,K,3M,L,,2026080207,单层PEVA,Granta Sport,,,#ГрантаСпорт #LadaGrantaSport #ВАЗ219059 #ГрантаСпорт2014 #чехолнаавтомобиль #тентдляавтомобиля #тентнамашину #накидканаавто #водонепроницаемый #отсолнца #отснега #всесезонный #защитаавто #авточехол #чехолдлямашины #чехлынаавтомобиль #тентчехол #защитныйтент #дляLada #чехолотдождя #автомобильныйчехол #чехолнакузов #зимнийчехол #летнийчехол #чехолотпыли #чехолуниверсальный #накидкаотсолнца #автотент #PEVA #Tozaroacover,"🎯 100% Идеальная посадка (ВАЗ-219059 Sport 2011-2018): Разработан точно по лекалам первого поколения Lada Granta Sport (ВАЗ-219059). Чехол Tozaroa cover отлично сидит с учетом специфики бамперов и спойлера.

🛡️ Всесезонная защита 360°: Защищает кузов и ЛКП круглый год: от зимней наледи, снега, летнего УФ-излучения, дождя, грязи и следов от птиц и деревьев.

💧 100% Водонепроницаемость (PEVA): Однослойный PEVA материал с высокой водоотталкивающей способностью предотвращает попадание влаги и появление коррозии.

☀️ Защита от выгорания: Предохраняет салон и кузов от прямого воздействия солнца, сохраняя насыщенность цвета ЛКП和 целостность материалов интерьера.

⏱️ Легкость в уходе: Установка занимает всего минуту, материал неприхотлив в уходе — достаточно протереть влажной тряпкой.
",180,200,210,888,普通PEVA款,货号已与原汇总表对应,按原汇总表货号精确匹配
48,定制低价granta-分车型,LADAGranta,"Авточехол для Lada Granta Active Cross Лифтбек 2018-2026 (Лада Гранта, ВАЗ Гранта, ВАЗ-2191), всесезонный водонепроницаемый защитный чехол для автомобиля",Lada Granta Active Cross 掀背版 2018-2026 汽车车罩（拉达格兰塔/VAZ格兰塔/VAZ-2191），全季节防水汽车保护罩,,haijudingzhi-LADA-Granta -dingzhi,haijudingzhi-LADA,30*26*6,0.8kg,S,2M,L,,Granta Active Cross-2M-1,单层PEVA,Granta Active Cross,,,#ГрантаActiveCross #ActiveCross #ВАЗ2191 #ГрантаЛифтбек #чехолнаавтомобиль #тентдляавтомобиля #тентнамашину #накидканаавто #водонепроницаемый #отсолнца #отснега #всесезонный #защитаавто #авточехол #чехолдлямашины #чехлынаавтомобиль #тентчехол #защитныйтент #дляLada #чехолотдождя #автомобильныйчехол #чехолнакузов #зимнийчехол #летнийчехол #чехолотпыли #чехолуниверсальный #накидкаотсолнца #автотент #PEVA #Tozaroacover,"🎯 100% Идеальная посадка (Active Cross Лифтбек ВАЗ-2191): Создан специально для версии Lada Granta Active Cross Лифтбек (ВАЗ-2191). Чехол Tozaroa cover плотно облегает кузов с учетом защитного пластикового обвеса и геометрии крыши.

🛡️ Всесезонная защита 360°: Эффективная защита 365 дней в году: от снега, наледи, палящего солнца, ливней, пыли и древесной смолы.

💧 100% Водонепроницаемость (PEVA): Однослойный PEVA материал полностью непроницаем для воды, надежно защищает кузов и пластиковые элементы от сырости и ржавчины.

☀️ Защита салона от жары: Блокирует УФ-лучи, защищая торпедо和 обивку от растрескивания, а салон — от превращения в ""духовку"" в летний зной.

⏱️ Удобный и легкий: Простой в использовании, надевается за 1 минуту, легко чистится, compact складывается.
",180,200,210,888,普通PEVA款,货号已与原汇总表对应,按原汇总表货号精确匹配
49,定制低价granta-分车型,LADAGranta,"Авточехол для Lada Granta Drive Active Седан 2018-2026 (Лада Гранта, ВАЗ Гранта, ВАЗ-2190), всесезонный водонепроницаемый защитный чехол для автомобиля",Lada Granta Drive Active 三厢版 2018-2026 汽车车罩（拉达格兰塔/VAZ格兰塔/VAZ-2190），全季节防水汽车保护罩,,haijudingzhi-LADA-Granta -dingzhi,haijudingzhi-LADA,30*26*6,0.8kg,M,3M,L,,Granta Drive Active-3M,单层PEVA,Granta Drive Active,,,#DriveActive #ГрантаDriveActive #ВАЗ2190 #ГрантаСедан #чехолнаавтомобиль #тентдляавтомобиля #тентнамашину #накидканаавто #водонепроницаемый #отсолнца #отснега #всесезонный #защитаавто #авточехол #чехолдлямашины #чехлынаавтомобиль #тентчехол #защитныйтент #дляLada #чехолотдождя #автомобильныйчехол #чехолнакузов #зимнийчехол #летнийчехол #чехолотпыли #чехолуниверсальный #накидкаотсолнца #автотент #PEVA #Tozaroacover,"🎯 100% Идеальная посадка (Drive Active Седан ВАЗ-2190): Разработан специально для Lada Granta Drive Active Седан (ВАЗ-2190). Чехол Tozaroa cover учтет спортивный бампер, накладки на пороги и спойлер на багажнике.

🛡️ Всесезонная защита 360°: Полноценная защита авто в любое время года: от сугробов и льда зимой, солнца и пыли летом, дождей и грязи весной и осенью.

💧 100% Водонепроницаемость (PEVA): Материал PEVA надежно удерживает воду снаружи, не позволяя влаге воздействовать на кузов и вызвать коррозию.

☀️ Защита от УФ-излучения: Предотвращает выгорание яркости ЛКП и спортивных элементов салона, защищает пластик от растрескивания.

⏱️ Экономия времени: Надевается и снимается за считанные секунды, легко моется от загрязнений, удобно хранится в багажнике.
",180,200,210,888,普通PEVA款,货号已与原汇总表对应,按原汇总表货号精确匹配
50,定制低价granta-分车型,LADAGranta,"Авточехол для Lada Granta Универсал 5 дв. 2018-2026 (Лада Гранта, ВАЗ Гранта, ВАЗ-2194), всесезонный водонепроницаемый защитный чехол для автомобиля",Lada Granta 五门旅行版 2018-2026 汽车车罩（拉达格兰塔/VAZ格兰塔/VAZ-2194），全季节防水汽车保护罩,,haijudingzhi-LADA-Granta -dingzhi,haijudingzhi-LADA,30*26*6,0.8kg,L,2XS,M,,20260802010,单层PEVA,Granta Универсал,,,#ГрантаУниверсал #LadaGrantaWagon #ВАЗ2194 #Гранта5дв #чехолнаавтомобиль #тентдляавтомобиля #тентнамашину #накидканаавто #водонепроницаемый #отсолнца #отснега #всесезонный #защитаавто #авточехол #чехолдлямашины #чехлынаавтомобиль #тентчехол #защитныйтент #дляLada #чехолотдождя #автомобильныйчехол #чехолнакузов #зимнийчехол #летнийчехол #чехолотпыли #чехолуниверсальный #накидкаотсолнца #автотент #PEVA #Tozaroacover,"🎯 100% Идеальная посадка (ВАЗ-2194 Универсал 5 дв.): Создан строго по форме 5-дверного универсала Lada Granta (ВАЗ-2194). Чехол Tozaroa cover точно повторяет удлиненную крышу, крышку багажника и штатные рейлинги.

🛡️ Всесезонная защита 360°: Надежно защитит ваш семейный автомобиль от снежных заносов, града, палящего солнца, проливного дождя и пыли.

💧 100% Водонепроницаемость (PEVA): Плотный однослойный PEVA защищает от любых осадков, не позволяя воде проникать к металлическим деталям кузова.

☀️ Защита салона: Защищает большой салон универсала от перегрева на солнце, предохраняя приборную панель和 обшивку от старения.

⏱️ Прост в эксплуатации: Легко надевается, быстро складывается, очищается от грязи простой влажной тряпкой.
",180,200,210,888,普通PEVA款,货号已与原汇总表对应,按原汇总表货号精确匹配
51,定制低价granta-分车型,LADAGranta,"Авточехол для Lada Granta Sport Лифтбек 2018-2026 (Лада Гранта Спорт, ВАЗ-2191), всесезонный водонепроницаемый защитный чехол для автомобиля",Lada Granta Sport 掀背版 2018-2026 汽车车罩（拉达格兰塔运动版/VAZ-2191），全季节防水汽车保护罩,,haijudingzhi-LADA-Granta -dingzhi,haijudingzhi-LADA,30*26*6,0.8kg,XL,2M,L,,20260802011,单层PEVA,Granta Sport Liftback,,,#ГрантаСпортЛифтбек #SportLiftback #ВАЗ2191 #LadaSport #чехолнаавтомобиль #тентдляавтомобиля #тентнамашину #накидканаавто #водонепроницаемый #отсолнца #отснега #всесезонный #защитаавто #авточехол #чехолдлямашины #чехлынаавтомобиль #тентчехол #защитныйтент #дляLada #чехолотдождя #автомобильныйчехол #чехолнакузов #зимнийчехол #летнийчехол #чехолотпыли #чехолуниверсальный #накидкаотсолнца #автотент #PEVA #Tozaroacover,"🎯 100% Идеальная посадка (Sport Лифтбек ВАЗ-2191): Предназначен для Lada Granta Sport Лифтбек (ВАЗ-2191). Чехол Tozaroa cover идеален для спортивной версии кузова лифтбек с обвесом и спойлером.

🛡️ Всесезонная защита 360°: Круглогодичная защита от всех негативных факторов: от зимней наледи, снега, УФ-лучей, дождя, грязи и помета птиц.

💧 100% Водонепроницаемость (PEVA): Высококачественный PEVA гарантирует 100% защиту от воды, предотвращая коррозию кузова и накладок.

☀️ Защита спортивного интерьера: Предотвращает перегрев салона, выгорание сидений и деформацию пластиковых элементов под солнцем.

⏱️ Легкий и удобный: Быстро надевается и снимается за 1 минуту, compact при хранении, моется обычной водой.
",180,200,210,888,普通PEVA款,货号已与原汇总表对应,按原汇总表货号精确匹配
52,定制低价granta-分车型,LADAGranta,"Авточехол для Lada Granta Drive Active Лифтбек 2018-2026 (Лада Гранта, ВАЗ Гранта, ВАЗ-2191), всесезонный водонепроницаемый защитный чехол для автомобиля",Lada Granta Drive Active 掀背版 2018-2026 汽车车罩（拉达格兰塔/VAZ格兰塔/VAZ-2191），全季节防水汽车保护罩,,haijudingzhi-LADA-Granta -dingzhi,haijudingzhi-LADA,30*26*6,0.8kg,XXL,2M,L,,20260802012,单层PEVA,Granta Drive Active Liftback,,,#DriveActiveLiftback #ГрантаDriveActive #ВАЗ2191 #Лифтбек #чехолнаавтомобиль #тентдляавтомобиля #тентнамашину #накидканаавто #водонепроницаемый #отсолнца #отснега #всесезонный #защитаавто #авточехол #чехолдлямашины #чехлынаавтомобиль #тентчехол #защитныйтент #дляLada #чехолотдождя #автомобильныйчехол #чехолнакузов #зимнийчехол #летнийчехол #чехолотпыли #чехолуниверсальный #накидкаотсолнца #автотент #PEVA #Tozaroacover,"🎯 100% Идеальная посадка (Drive Active Лифтбек ВАЗ-2191): Точно пошит под Lada Granta Drive Active Лифтбек (ВАЗ-2191). Чехол Tozaroa cover полностью учитывает динамичный силуэт и обвес кузова.

🛡️ Всесезонная защита 360°: Эффективно защитит автомобиль зимой от осадков и снега, летом — от выгорания на солнце, весной и осенью — от грязи и дождей.

💧 100% Водонепроницаемость (PEVA): PEVA материал водонепроницаем, защищает кузов от постоянной сырости, предотвращая развитие ржавчины.

☀️ Защита от солнца: Не позволяет салону нагреваться до высоких температур, сохраняя в сохранности приборную панель и отделку.

⏱️ Максимальное удобство: Легко надевается одним человеком, занимает минимум места в багажнике, моется за пару минут.
",180,200,210,888,普通PEVA款,货号已与原汇总表对应,按原汇总表货号精确匹配
53,定制低价granta-分车型,LADAGranta,"Авточехол для Lada Granta Хэтчбек 5 дв. 2018-2026 (Лада Гранта, ВАЗ Гранта, ВАЗ-2192), всесезонный водонепроницаемый защитный чехол для автомобиля",Lada Granta 五门两厢 Hatchback 2018-2026 汽车车罩（拉达格兰塔/VAZ格兰塔/VAZ-2192），全季节防水汽车保护罩,,haijudingzhi-LADA-Granta -dingzhi,haijudingzhi-LADA,30*26*6,0.8kg,XXXL,2XS,M,,20260802013,单层PEVA,Granta Hatchback,,,#ГрантаХэтчбек #LadaGrantaHatchback #ВАЗ2192 #Гранта5дв #чехолнаавтомобиль #тентдляавтомобиля #тентнамашину #накидканаавто #водонепроницаемый #отсолнца #отснега #всесезонный #защитаавто #авточехол #чехолдлямашины #чехлынаавтомобиль #тентчехол #защитныйтент #дляLada #чехолотдождя #автомобильныйчехол #чехолнакузов #зимнийчехол #летнийчехол #чехолотпыли #чехолуниверсальный #накидкаотсолнца #автотент #PEVA #Tozaroacover,"🎯 100% Идеальная посадка (ВАЗ-2192 Хэтчбек 5 дв.): Скроен специально для 5-дверного хэтчбека Lada Granta (ВАЗ-2192). Чехол Tozaroa cover идеален для укороченного спортивного силуэта кузова хэтчбек.
(专为 Lada Granta 五门两厢车 ВАЗ-2192 设计：完美适配两厢 Hatchback 紧凑车身，平整包覆不拖地。)
🛡️ Всесезонная защита 360°: Всесезонный защитник вашего автомобиля: от снежных сугробов, льда, палящих солнечных лучей, ливней, пыли и грязи.

💧 100% Водонепроницаемость (PEVA): Однослойный PEVA материал блокирует воду на 100%, предотвращая появление ржавчины на метале кузова.

☀️ Защита от УФ-излучения: Предотвращает перегрев салона и выгорание ЛКП, защищает пластиковые детали интерьера от растрескивания.

⏱️ Легкий и компактный: Идеален для ежедневного использования: надевается за 1 минуту, компактно складывается, легко моется.
",180,200,210,888,普通PEVA款,货号已与原汇总表对应,按原汇总表货号精确匹配
54,20款定制低价-lada独立车型,LADA独立,"TOZAROA автомобильный чехол-тент для Lada 2109 1987–2006, серый однослойный PEVA, защита от дождя, снега, солнца и пыли, для улицы, парковки и гаража",,,haijudingzhi-dingzhi-lada,haijudingzhi-dingzhi,30*26*6,0.8kg,A,2XS,M,,LADA20-01-A,单层PEVA,Lada 2109,,4006×1650×1402 мм,#чехол_для_автомобиля #тент_для_автомобиля #автомобильный_тент #защитный_чехол_авто #чехол_на_машину #тент_на_машину #чехол_от_дождя #чехол_от_снега #чехол_от_солнца #чехол_от_пыли #уличный_чехол_авто #всесезонный_чехол #водоотталкивающий_чехол #защита_кузова #защита_лакокрасочного #парковка_на_улице #серый_чехол_авто #чехол_PEVA #пылезащитный_тент #чехол_без_карманов #чехол_Lada_2109 #тент_Lada_2109 #Lada_2109_1987_2006 #чехол_2109_1987_2006 #тент_2109_1987_2006 #для_Lada_2109 #чехол_хэтчбек #тент_хэтчбек #чехол_2109 #тент_2109,"1. ТОЧНАЯ СОВМЕСТИМОСТЬ — чехол разработан для Lada 2109, хэтчбек 5-дверный, 1987–2006. Код варианта A; контрольные габариты автомобиля: 4006×1650×1402 мм. Перед заказом сверьте модель, кузов и год выпуска.
2. СЕРАЯ ОДНОСЛОЙНАЯ PEVA — лёгкий водоотталкивающий материал помогает защитить кузов от дождя, снега, пыли, пыльцы, листьев и солнечного воздействия во время стоянки.
3. ЦЕЛЬНЫЙ СИЛУЭТ БЕЗ КАРМАНОВ ДЛЯ ЗЕРКАЛ — аккуратно закрывает автомобиль по контуру, меньше цепляется при хранении и подходит для регулярного использования.
4. ДЛЯ УЛИЦЫ И ГАРАЖА — автомобильный тент подходит для двора, открытой парковки, дачи, длительной стоянки и гаража; помогает сократить ежедневную очистку кузова.
5. ПРОСТОЙ УХОД — устанавливайте чехол на чистый сухой автомобиль, не надевайте на горячий кузов, после использования просушите и сложите. Удаляйте острые загрязнения перед установкой.",,,167,,普通PEVA款,货号已与原汇总表对应,按原汇总表货号精确匹配
55,20款定制低价-lada独立车型,LADA独立,"TOZAROA автомобильный чехол-тент для Lada 2108 1984–2005, серый однослойный PEVA, защита от дождя, снега, солнца и пыли, для улицы, парковки и гаража",,,haijudingzhi-dingzhi-lada,haijudingzhi-dingzhi,30*26*6,0.8kg,B,2XS,M,,LADA20-02-B,单层PEVA,Lada 2108,,4006×1650×1402 мм,#чехол_для_автомобиля #тент_для_автомобиля #автомобильный_тент #защитный_чехол_авто #чехол_на_машину #тент_на_машину #чехол_от_дождя #чехол_от_снега #чехол_от_солнца #чехол_от_пыли #уличный_чехол_авто #всесезонный_чехол #водоотталкивающий_чехол #защита_кузова #защита_лакокрасочного #парковка_на_улице #серый_чехол_авто #чехол_PEVA #пылезащитный_тент #чехол_без_карманов #чехол_Lada_2108 #тент_Lada_2108 #Lada_2108_1984_2005 #чехол_2108_1984_2005 #тент_2108_1984_2005 #для_Lada_2108 #чехол_хэтчбек #тент_хэтчбек #чехол_2108 #тент_2108,"1. ТОЧНАЯ СОВМЕСТИМОСТЬ — чехол разработан для Lada 2108, хэтчбек 3-дверный, 1984–2005. Код варианта B; контрольные габариты автомобиля: 4006×1650×1402 мм. Перед заказом сверьте модель, кузов и год выпуска.
2. СЕРАЯ ОДНОСЛОЙНАЯ PEVA — лёгкий водоотталкивающий материал помогает защитить кузов от дождя, снега, пыли, пыльцы, листьев и солнечного воздействия во время стоянки.
3. ЦЕЛЬНЫЙ СИЛУЭТ БЕЗ КАРМАНОВ ДЛЯ ЗЕРКАЛ — аккуратно закрывает автомобиль по контуру, меньше цепляется при хранении и подходит для регулярного использования.
4. ДЛЯ УЛИЦЫ И ГАРАЖА — автомобильный тент подходит для двора, открытой парковки, дачи, длительной стоянки и гаража; помогает сократить ежедневную очистку кузова.
5. ПРОСТОЙ УХОД — устанавливайте чехол на чистый сухой автомобиль, не надевайте на горячий кузов, после использования просушите и сложите. Удаляйте острые загрязнения перед установкой.",,,,,普通PEVA款,货号已与原汇总表对应,按原汇总表货号精确匹配
56,20款定制低价-lada独立车型,LADA独立,"TOZAROA автомобильный чехол-тент для Lada 2108 Convertible 1984–2005, серый однослойный PEVA, защита от дождя, снега, солнца и пыли, для улицы, парковки и гаража",,,haijudingzhi-dingzhi-lada,haijudingzhi-dingzhi,30*26*6,0.8kg,C,4S,M,,LADA20-03-C,单层PEVA,Lada 2108 Convertible,,4006×1650×1402 мм,#чехол_для_автомобиля #тент_для_автомобиля #автомобильный_тент #защитный_чехол_авто #чехол_на_машину #тент_на_машину #чехол_от_дождя #чехол_от_снега #чехол_от_солнца #чехол_от_пыли #уличный_чехол_авто #всесезонный_чехол #водоотталкивающий_чехол #защита_кузова #защита_лакокрасочного #парковка_на_улице #серый_чехол_авто #чехол_PEVA #пылезащитный_тент #чехол_без_карманов #чехол_Lada_2108 #тент_Lada_2108 #Lada_2108_1984_2005 #чехол_2108_1984_2005 #тент_2108_1984_2005 #для_Lada_2108 #чехол_кабриолет #тент_кабриолет #чехол_Convertible #тент_Convertible,"1. ТОЧНАЯ СОВМЕСТИМОСТЬ — чехол разработан для Lada 2108 Convertible, кабриолет, 1984–2005. Код варианта C; контрольные габариты автомобиля: 4006×1650×1402 мм. Перед заказом сверьте модель, кузов и год выпуска.
2. СЕРАЯ ОДНОСЛОЙНАЯ PEVA — лёгкий водоотталкивающий материал помогает защитить кузов от дождя, снега, пыли, пыльцы, листьев и солнечного воздействия во время стоянки.
3. ЦЕЛЬНЫЙ СИЛУЭТ БЕЗ КАРМАНОВ ДЛЯ ЗЕРКАЛ — аккуратно закрывает автомобиль по контуру, меньше цепляется при хранении и подходит для регулярного использования.
4. ДЛЯ УЛИЦЫ И ГАРАЖА — автомобильный тент подходит для двора, открытой парковки, дачи, длительной стоянки и гаража; помогает сократить ежедневную очистку кузова.
5. ПРОСТОЙ УХОД — устанавливайте чехол на чистый сухой автомобиль, не надевайте на горячий кузов, после использования просушите и сложите. Удаляйте острые загрязнения перед установкой.",,,,,普通PEVA款,货号已与原汇总表对应,按原汇总表货号精确匹配
57,20款定制低价-lada独立车型,LADA独立,"TOZAROA автомобильный чехол-тент для Lada 2109 Тарзан 1987–2006, серый однослойный PEVA, защита от дождя, снега, солнца и пыли, для улицы, парковки и гаража",,,haijudingzhi-dingzhi-lada,haijudingzhi-dingzhi,30*26*6,0.8kg,D,S,YM,,LADA20-04-D,单层PEVA,Lada 2109 Тарзан,,4174×1690×1580 мм,#чехол_для_автомобиля #тент_для_автомобиля #автомобильный_тент #защитный_чехол_авто #чехол_на_машину #тент_на_машину #чехол_от_дождя #чехол_от_снега #чехол_от_солнца #чехол_от_пыли #уличный_чехол_авто #всесезонный_чехол #водоотталкивающий_чехол #защита_кузова #защита_лакокрасочного #парковка_на_улице #серый_чехол_авто #чехол_PEVA #пылезащитный_тент #чехол_без_карманов #чехол_Lada_2109 #тент_Lada_2109 #Lada_2109_1987_2006 #чехол_2109_1987_2006 #тент_2109_1987_2006 #для_Lada_2109 #чехол_внедорожник #тент_внедорожник #чехол_Тарзан #тент_Тарзан,"1. ТОЧНАЯ СОВМЕСТИМОСТЬ — чехол разработан для Lada 2109 Тарзан, внедорожник 5-дверный, 1987–2006. Код варианта D; контрольные габариты автомобиля: 4174×1690×1580 мм. Перед заказом сверьте модель, кузов и год выпуска.
2. СЕРАЯ ОДНОСЛОЙНАЯ PEVA — лёгкий водоотталкивающий материал помогает защитить кузов от дождя, снега, пыли, пыльцы, листьев и солнечного воздействия во время стоянки.
3. ЦЕЛЬНЫЙ СИЛУЭТ БЕЗ КАРМАНОВ ДЛЯ ЗЕРКАЛ — аккуратно закрывает автомобиль по контуру, меньше цепляется при хранении и подходит для регулярного использования.
4. ДЛЯ УЛИЦЫ И ГАРАЖА — автомобильный тент подходит для двора, открытой парковки, дачи, длительной стоянки и гаража; помогает сократить ежедневную очистку кузова.
5. ПРОСТОЙ УХОД — устанавливайте чехол на чистый сухой автомобиль, не надевайте на горячий кузов, после использования просушите и сложите. Удаляйте острые загрязнения перед установкой.",,,,,普通PEVA款,货号已与原汇总表对应,按原汇总表货号精确匹配
58,20款定制低价-lada独立车型,LADA独立,"TOZAROA автомобильный чехол-тент для Lada 2108 Тарзан 1984–2005, серый однослойный PEVA, защита от дождя, снега, солнца и пыли, для улицы, парковки и гаража",,,haijudingzhi-dingzhi-lada,haijudingzhi-dingzhi,30*26*6,0.8kg,E,S,YM,,LADA20-05-E,单层PEVA,Lada 2108 Тарзан,,4174×1690×1580 мм,#чехол_для_автомобиля #тент_для_автомобиля #автомобильный_тент #защитный_чехол_авто #чехол_на_машину #тент_на_машину #чехол_от_дождя #чехол_от_снега #чехол_от_солнца #чехол_от_пыли #уличный_чехол_авто #всесезонный_чехол #водоотталкивающий_чехол #защита_кузова #защита_лакокрасочного #парковка_на_улице #серый_чехол_авто #чехол_PEVA #пылезащитный_тент #чехол_без_карманов #чехол_Lada_2108 #тент_Lada_2108 #Lada_2108_1984_2005 #чехол_2108_1984_2005 #тент_2108_1984_2005 #для_Lada_2108 #чехол_внедорожник #тент_внедорожник #чехол_Тарзан #тент_Тарзан,"1. ТОЧНАЯ СОВМЕСТИМОСТЬ — чехол разработан для Lada 2108 Тарзан, внедорожник 3-дверный, 1984–2005. Код варианта E; контрольные габариты автомобиля: 4174×1690×1580 мм. Перед заказом сверьте модель, кузов и год выпуска.
2. СЕРАЯ ОДНОСЛОЙНАЯ PEVA — лёгкий водоотталкивающий материал помогает защитить кузов от дождя, снега, пыли, пыльцы, листьев и солнечного воздействия во время стоянки.
3. ЦЕЛЬНЫЙ СИЛУЭТ БЕЗ КАРМАНОВ ДЛЯ ЗЕРКАЛ — аккуратно закрывает автомобиль по контуру, меньше цепляется при хранении и подходит для регулярного использования.
4. ДЛЯ УЛИЦЫ И ГАРАЖА — автомобильный тент подходит для двора, открытой парковки, дачи, длительной стоянки и гаража; помогает сократить ежедневную очистку кузова.
5. ПРОСТОЙ УХОД — устанавливайте чехол на чистый сухой автомобиль, не надевайте на горячий кузов, после использования просушите и сложите. Удаляйте острые загрязнения перед установкой.",,,,,普通PEVA款,货号已与原汇总表对应,按原汇总表货号精确匹配
59,20款定制低价-lada独立车型,LADA独立,"TOZAROA автомобильный чехол-тент для Lada 2114 2001–2013, серый однослойный PEVA, защита от дождя, снега, солнца и пыли, для улицы, парковки и гаража",,,haijudingzhi-dingzhi-lada,haijudingzhi-dingzhi,30*26*6,0.8kg,F,2XS,M,,LADA20-06-F,单层PEVA,Lada 2114,,4122×1650×1402 мм(2XS),#чехол_для_автомобиля #тент_для_автомобиля #автомобильный_тент #защитный_чехол_авто #чехол_на_машину #тент_на_машину #чехол_от_дождя #чехол_от_снега #чехол_от_солнца #чехол_от_пыли #уличный_чехол_авто #всесезонный_чехол #водоотталкивающий_чехол #защита_кузова #защита_лакокрасочного #парковка_на_улице #серый_чехол_авто #чехол_PEVA #пылезащитный_тент #чехол_без_карманов #чехол_Lada_2114 #тент_Lada_2114 #Lada_2114_2001_2013 #чехол_2114_2001_2013 #тент_2114_2001_2013 #для_Lada_2114 #чехол_хэтчбек #тент_хэтчбек #чехол_2114 #тент_2114,"1. ТОЧНАЯ СОВМЕСТИМОСТЬ — чехол разработан для Lada 2114, хэтчбек 5-дверный, 2001–2013. Код варианта F; контрольные габариты автомобиля: 4122×1650×1402 мм. Перед заказом сверьте модель, кузов и год выпуска.
2. СЕРАЯ ОДНОСЛОЙНАЯ PEVA — лёгкий водоотталкивающий материал помогает защитить кузов от дождя, снега, пыли, пыльцы, листьев и солнечного воздействия во время стоянки.
3. ЦЕЛЬНЫЙ СИЛУЭТ БЕЗ КАРМАНОВ ДЛЯ ЗЕРКАЛ — аккуратно закрывает автомобиль по контуру, меньше цепляется при хранении и подходит для регулярного использования.
4. ДЛЯ УЛИЦЫ И ГАРАЖА — автомобильный тент подходит для двора, открытой парковки, дачи, длительной стоянки и гаража; помогает сократить ежедневную очистку кузова.
5. ПРОСТОЙ УХОД — устанавливайте чехол на чистый сухой автомобиль, не надевайте на горячий кузов, после использования просушите и сложите. Удаляйте острые загрязнения перед установкой.",,,,,普通PEVA款,货号已与原汇总表对应,按原汇总表货号精确匹配
60,20款定制低价-lada独立车型,LADA独立,"TOZAROA автомобильный чехол-тент для Lada 2107 1982–2012, серый однослойный PEVA, защита от дождя, снега, солнца и пыли, для улицы, парковки и гаража",,,haijudingzhi-dingzhi-lada,haijudingzhi-dingzhi,30*26*6,0.8kg,K,3S,M,,LADA20-07-K,单层PEVA,Lada 2107,,4145×1620×1446 мм(3S),#чехол_для_автомобиля #тент_для_автомобиля #автомобильный_тент #защитный_чехол_авто #чехол_на_машину #тент_на_машину #чехол_от_дождя #чехол_от_снега #чехол_от_солнца #чехол_от_пыли #уличный_чехол_авто #всесезонный_чехол #водоотталкивающий_чехол #защита_кузова #защита_лакокрасочного #парковка_на_улице #серый_чехол_авто #чехол_PEVA #пылезащитный_тент #чехол_без_карманов #чехол_Lada_2107 #тент_Lada_2107 #Lada_2107_1982_2012 #чехол_2107_1982_2012 #тент_2107_1982_2012 #для_Lada_2107 #чехол_седан #тент_седан #чехол_2107 #тент_2107,"1. ТОЧНАЯ СОВМЕСТИМОСТЬ — чехол разработан для Lada 2107, седан, 1982–2012. Код варианта K; контрольные габариты автомобиля: 4145×1620×1446 мм. Перед заказом сверьте модель, кузов и год выпуска.
2. СЕРАЯ ОДНОСЛОЙНАЯ PEVA — лёгкий водоотталкивающий материал помогает защитить кузов от дождя, снега, пыли, пыльцы, листьев и солнечного воздействия во время стоянки.
3. ЦЕЛЬНЫЙ СИЛУЭТ БЕЗ КАРМАНОВ ДЛЯ ЗЕРКАЛ — аккуратно закрывает автомобиль по контуру, меньше цепляется при хранении и подходит для регулярного использования.
4. ДЛЯ УЛИЦЫ И ГАРАЖА — автомобильный тент подходит для двора, открытой парковки, дачи, длительной стоянки и гаража; помогает сократить ежедневную очистку кузова.
5. ПРОСТОЙ УХОД — устанавливайте чехол на чистый сухой автомобиль, не надевайте на горячий кузов, после использования просушите и сложите. Удаляйте острые загрязнения перед установкой.",,,,,普通PEVA款,货号已与原汇总表对应,按原汇总表货号精确匹配
61,20款定制低价-lada独立车型,LADA独立,"TOZAROA автомобильный чехол-тент для Lada 2115 1997–2012, серый однослойный PEVA, защита от дождя, снега, солнца и пыли, для улицы, парковки и гаража",,,haijudingzhi-dingzhi-lada,haijudingzhi-dingzhi,30*26*6,0.8kg,S,3M,L,,LADA20-08-S,单层PEVA,Lada 2115,,4330×1650×1402 мм,#чехол_для_автомобиля #тент_для_автомобиля #автомобильный_тент #защитный_чехол_авто #чехол_на_машину #тент_на_машину #чехол_от_дождя #чехол_от_снега #чехол_от_солнца #чехол_от_пыли #уличный_чехол_авто #всесезонный_чехол #водоотталкивающий_чехол #защита_кузова #защита_лакокрасочного #парковка_на_улице #серый_чехол_авто #чехол_PEVA #пылезащитный_тент #чехол_без_карманов #чехол_Lada_2115 #тент_Lada_2115 #Lada_2115_1997_2012 #чехол_2115_1997_2012 #тент_2115_1997_2012 #для_Lada_2115 #чехол_седан #тент_седан #чехол_2115 #тент_2115,"1. ТОЧНАЯ СОВМЕСТИМОСТЬ — чехол разработан для Lada 2115, седан, 1997–2012. Код варианта S; контрольные габариты автомобиля: 4330×1650×1402 мм. Перед заказом сверьте модель, кузов и год выпуска.
2. СЕРАЯ ОДНОСЛОЙНАЯ PEVA — лёгкий водоотталкивающий материал помогает защитить кузов от дождя, снега, пыли, пыльцы, листьев и солнечного воздействия во время стоянки.
3. ЦЕЛЬНЫЙ СИЛУЭТ БЕЗ КАРМАНОВ ДЛЯ ЗЕРКАЛ — аккуратно закрывает автомобиль по контуру, меньше цепляется при хранении и подходит для регулярного использования.
4. ДЛЯ УЛИЦЫ И ГАРАЖА — автомобильный тент подходит для двора, открытой парковки, дачи, длительной стоянки и гаража; помогает сократить ежедневную очистку кузова.
5. ПРОСТОЙ УХОД — устанавливайте чехол на чистый сухой автомобиль, не надевайте на горячий кузов, после использования просушите и сложите. Удаляйте острые загрязнения перед установкой.",,,,,普通PEVA款,货号已与原汇总表对应,按原汇总表货号精确匹配
62,20款定制低价-lada独立车型,LADA独立,"TOZAROA автомобильный чехол-тент для Lada 2106 1976–2006, серый однослойный PEVA, защита от дождя, снега, солнца и пыли, для улицы, парковки и гаража",,,haijudingzhi-dingzhi-lada,haijudingzhi-dingzhi,30*26*6,0.8kg,M,3S,M,,LADA20-09-M,单层PEVA,Lada 2106,,4166×1611×1440 мм,#чехол_для_автомобиля #тент_для_автомобиля #автомобильный_тент #защитный_чехол_авто #чехол_на_машину #тент_на_машину #чехол_от_дождя #чехол_от_снега #чехол_от_солнца #чехол_от_пыли #уличный_чехол_авто #всесезонный_чехол #водоотталкивающий_чехол #защита_кузова #защита_лакокрасочного #парковка_на_улице #серый_чехол_авто #чехол_PEVA #пылезащитный_тент #чехол_без_карманов #чехол_Lada_2106 #тент_Lada_2106 #Lada_2106_1976_2006 #чехол_2106_1976_2006 #тент_2106_1976_2006 #для_Lada_2106 #чехол_седан #тент_седан #чехол_2106 #тент_2106,"1. ТОЧНАЯ СОВМЕСТИМОСТЬ — чехол разработан для Lada 2106, седан, 1976–2006. Код варианта M; контрольные габариты автомобиля: 4166×1611×1440 мм. Перед заказом сверьте модель, кузов и год выпуска.
2. СЕРАЯ ОДНОСЛОЙНАЯ PEVA — лёгкий водоотталкивающий материал помогает защитить кузов от дождя, снега, пыли, пыльцы, листьев и солнечного воздействия во время стоянки.
3. ЦЕЛЬНЫЙ СИЛУЭТ БЕЗ КАРМАНОВ ДЛЯ ЗЕРКАЛ — аккуратно закрывает автомобиль по контуру, меньше цепляется при хранении и подходит для регулярного использования.
4. ДЛЯ УЛИЦЫ И ГАРАЖА — автомобильный тент подходит для двора, открытой парковки, дачи, длительной стоянки и гаража; помогает сократить ежедневную очистку кузова.
5. ПРОСТОЙ УХОД — устанавливайте чехол на чистый сухой автомобиль, не надевайте на горячий кузов, после использования просушите и сложите. Удаляйте острые загрязнения перед установкой.",,,,,普通PEVA款,货号已与原汇总表对应,按原汇总表货号精确匹配
63,20款定制低价-lada独立车型,LADA独立,"TOZAROA автомобильный чехол-тент для Lada 2105 1979–2011, серый однослойный PEVA, защита от дождя, снега, солнца и пыли, для улицы, парковки и гаража",,,haijudingzhi-dingzhi-lada,haijudingzhi-dingzhi,30*26*6,0.8kg,L,3S,M,,LADA20-10-L,单层PEVA,Lada 2105,,4130×1620×1446 мм,#чехол_для_автомобиля #тент_для_автомобиля #автомобильный_тент #защитный_чехол_авто #чехол_на_машину #тент_на_машину #чехол_от_дождя #чехол_от_снега #чехол_от_солнца #чехол_от_пыли #уличный_чехол_авто #всесезонный_чехол #водоотталкивающий_чехол #защита_кузова #защита_лакокрасочного #парковка_на_улице #серый_чехол_авто #чехол_PEVA #пылезащитный_тент #чехол_без_карманов #чехол_Lada_2105 #тент_Lada_2105 #Lada_2105_1979_2011 #чехол_2105_1979_2011 #тент_2105_1979_2011 #для_Lada_2105 #чехол_седан #тент_седан #чехол_2105 #тент_2105,"1. ТОЧНАЯ СОВМЕСТИМОСТЬ — чехол разработан для Lada 2105, седан, 1979–2011. Код варианта L; контрольные габариты автомобиля: 4130×1620×1446 мм. Перед заказом сверьте модель, кузов и год выпуска.
2. СЕРАЯ ОДНОСЛОЙНАЯ PEVA — лёгкий водоотталкивающий материал помогает защитить кузов от дождя, снега, пыли, пыльцы, листьев и солнечного воздействия во время стоянки.
3. ЦЕЛЬНЫЙ СИЛУЭТ БЕЗ КАРМАНОВ ДЛЯ ЗЕРКАЛ — аккуратно закрывает автомобиль по контуру, меньше цепляется при хранении и подходит для регулярного использования.
4. ДЛЯ УЛИЦЫ И ГАРАЖА — автомобильный тент подходит для двора, открытой парковки, дачи, длительной стоянки и гаража; помогает сократить ежедневную очистку кузова.
5. ПРОСТОЙ УХОД — устанавливайте чехол на чистый сухой автомобиль, не надевайте на горячий кузов, после использования просушите и сложите. Удаляйте острые загрязнения перед установкой.",,,,,普通PEVA款,货号已与原汇总表对应,按原汇总表货号精确匹配
64,20款定制低价-lada独立车型,LADA独立,"TOZAROA автомобильный чехол-тент для Lada 21099 1990–2011, серый однослойный PEVA, защита от дождя, снега, солнца и пыли, для улицы, парковки и гаража",,,haijudingzhi-dingzhi-lada,haijudingzhi-dingzhi,30*26*6,0.8kg,2S,3M,L,,LADA20-11-2S,单层PEVA,Lada 21099,,4205×1620×1400 мм,#чехол_для_автомобиля #тент_для_автомобиля #автомобильный_тент #защитный_чехол_авто #чехол_на_машину #тент_на_машину #чехол_от_дождя #чехол_от_снега #чехол_от_солнца #чехол_от_пыли #уличный_чехол_авто #всесезонный_чехол #водоотталкивающий_чехол #защита_кузова #защита_лакокрасочного #парковка_на_улице #серый_чехол_авто #чехол_PEVA #пылезащитный_тент #чехол_без_карманов #чехол_Lada_21099 #тент_Lada_21099 #Lada_21099_1990_2011 #чехол_21099_1990_2011 #тент_21099_1990_2011 #для_Lada_21099 #чехол_седан #тент_седан #чехол_21099 #тент_21099,"1. ТОЧНАЯ СОВМЕСТИМОСТЬ — чехол разработан для Lada 21099, седан, 1990–2011. Код варианта 2S; контрольные габариты автомобиля: 4205×1620×1400 мм. Перед заказом сверьте модель, кузов и год выпуска.
2. СЕРАЯ ОДНОСЛОЙНАЯ PEVA — лёгкий водоотталкивающий материал помогает защитить кузов от дождя, снега, пыли, пыльцы, листьев и солнечного воздействия во время стоянки.
3. ЦЕЛЬНЫЙ СИЛУЭТ БЕЗ КАРМАНОВ ДЛЯ ЗЕРКАЛ — аккуратно закрывает автомобиль по контуру, меньше цепляется при хранении и подходит для регулярного использования.
4. ДЛЯ УЛИЦЫ И ГАРАЖА — автомобильный тент подходит для двора, открытой парковки, дачи, длительной стоянки и гаража; помогает сократить ежедневную очистку кузова.
5. ПРОСТОЙ УХОД — устанавливайте чехол на чистый сухой автомобиль, не надевайте на горячий кузов, после использования просушите и сложите. Удаляйте острые загрязнения перед установкой.",,,,,普通PEVA款,货号已与原汇总表对应,按原汇总表货号精确匹配
65,20款定制低价-lada独立车型,LADA独立,"TOZAROA автомобильный чехол-тент для Lada 2101 1970–1988, серый однослойный PEVA, защита от дождя, снега, солнца и пыли, для улицы, парковки и гаража",,,haijudingzhi-dingzhi-lada,haijudingzhi-dingzhi,30*26*6,0.8kg,2M,3S,M,,LADA20-12-2M,单层PEVA,Lada 2101,,4043×1611×1440 мм,#чехол_для_автомобиля #тент_для_автомобиля #автомобильный_тент #защитный_чехол_авто #чехол_на_машину #тент_на_машину #чехол_от_дождя #чехол_от_снега #чехол_от_солнца #чехол_от_пыли #уличный_чехол_авто #всесезонный_чехол #водоотталкивающий_чехол #защита_кузова #защита_лакокрасочного #парковка_на_улице #серый_чехол_авто #чехол_PEVA #пылезащитный_тент #чехол_без_карманов #чехол_Lada_2101 #тент_Lada_2101 #Lada_2101_1970_1988 #чехол_2101_1970_1988 #тент_2101_1970_1988 #для_Lada_2101 #чехол_седан #тент_седан #чехол_2101 #тент_2101,"1. ТОЧНАЯ СОВМЕСТИМОСТЬ — чехол разработан для Lada 2101, седан, 1970–1988. Код варианта 2M; контрольные габариты автомобиля: 4043×1611×1440 мм. Перед заказом сверьте модель, кузов и год выпуска.
2. СЕРАЯ ОДНОСЛОЙНАЯ PEVA — лёгкий водоотталкивающий материал помогает защитить кузов от дождя, снега, пыли, пыльцы, листьев и солнечного воздействия во время стоянки.
3. ЦЕЛЬНЫЙ СИЛУЭТ БЕЗ КАРМАНОВ ДЛЯ ЗЕРКАЛ — аккуратно закрывает автомобиль по контуру, меньше цепляется при хранении и подходит для регулярного использования.
4. ДЛЯ УЛИЦЫ И ГАРАЖА — автомобильный тент подходит для двора, открытой парковки, дачи, длительной стоянки и гаража; помогает сократить ежедневную очистку кузова.
5. ПРОСТОЙ УХОД — устанавливайте чехол на чистый сухой автомобиль, не надевайте на горячий кузов, после использования просушите и сложите. Удаляйте острые загрязнения перед установкой.",,,,,普通PEVA款,货号已与原汇总表对应,按原汇总表货号精确匹配
66,20款定制低价-lada独立车型,LADA独立,"TOZAROA автомобильный чехол-тент для Lada 2113 2004–2013, серый однослойный PEVA, защита от дождя, снега, солнца и пыли, для улицы, парковки и гаража",,,haijudingzhi-dingzhi-lada,haijudingzhi-dingzhi,30*26*6,0.8kg,2L,2XS,M,,LADA20-13-2L,单层PEVA,Lada 2113,,4122×1650×1402 мм,#чехол_для_автомобиля #тент_для_автомобиля #автомобильный_тент #защитный_чехол_авто #чехол_на_машину #тент_на_машину #чехол_от_дождя #чехол_от_снега #чехол_от_солнца #чехол_от_пыли #уличный_чехол_авто #всесезонный_чехол #водоотталкивающий_чехол #защита_кузова #защита_лакокрасочного #парковка_на_улице #серый_чехол_авто #чехол_PEVA #пылезащитный_тент #чехол_без_карманов #чехол_Lada_2113 #тент_Lada_2113 #Lada_2113_2004_2013 #чехол_2113_2004_2013 #тент_2113_2004_2013 #для_Lada_2113 #чехол_хэтчбек #тент_хэтчбек #чехол_2113 #тент_2113,"1. ТОЧНАЯ СОВМЕСТИМОСТЬ — чехол разработан для Lada 2113, хэтчбек 3-дверный, 2004–2013. Код варианта 2L; контрольные габариты автомобиля: 4122×1650×1402 мм. Перед заказом сверьте модель, кузов и год выпуска.
2. СЕРАЯ ОДНОСЛОЙНАЯ PEVA — лёгкий водоотталкивающий материал помогает защитить кузов от дождя, снега, пыли, пыльцы, листьев и солнечного воздействия во время стоянки.
3. ЦЕЛЬНЫЙ СИЛУЭТ БЕЗ КАРМАНОВ ДЛЯ ЗЕРКАЛ — аккуратно закрывает автомобиль по контуру, меньше цепляется при хранении и подходит для регулярного использования.
4. ДЛЯ УЛИЦЫ И ГАРАЖА — автомобильный тент подходит для двора, открытой парковки, дачи, длительной стоянки и гаража; помогает сократить ежедневную очистку кузова.
5. ПРОСТОЙ УХОД — устанавливайте чехол на чистый сухой автомобиль, не надевайте на горячий кузов, после использования просушите и сложите. Удаляйте острые загрязнения перед установкой.",,,,,普通PEVA款,货号已与原汇总表对应,按原汇总表货号精确匹配
67,20款定制低价-lada独立车型,LADA独立,"TOZAROA автомобильный чехол-тент для Lada 2103 1972–1984, серый однослойный PEVA, защита от дождя, снега, солнца и пыли, для улицы, парковки и гаража",,,haijudingzhi-dingzhi-lada,,,,3S,3S,M,,LADA20-14-3S,,Lada 2103,,4116×1611×1440 мм,#чехол_для_автомобиля #тент_для_автомобиля #автомобильный_тент #защитный_чехол_авто #чехол_на_машину #тент_на_машину #чехол_от_дождя #чехол_от_снега #чехол_от_солнца #чехол_от_пыли #уличный_чехол_авто #всесезонный_чехол #водоотталкивающий_чехол #защита_кузова #защита_лакокрасочного #парковка_на_улице #серый_чехол_авто #чехол_PEVA #пылезащитный_тент #чехол_без_карманов #чехол_Lada_2103 #тент_Lada_2103 #Lada_2103_1972_1984 #чехол_2103_1972_1984 #тент_2103_1972_1984 #для_Lada_2103 #чехол_седан #тент_седан #чехол_2103 #тент_2103,"1. ТОЧНАЯ СОВМЕСТИМОСТЬ — чехол разработан для Lada 2103, седан, 1972–1984. Код варианта 3S; контрольные габариты автомобиля: 4116×1611×1440 мм. Перед заказом сверьте модель, кузов и год выпуска.
2. СЕРАЯ ОДНОСЛОЙНАЯ PEVA — лёгкий водоотталкивающий материал помогает защитить кузов от дождя, снега, пыли, пыльцы, листьев и солнечного воздействия во время стоянки.
3. ЦЕЛЬНЫЙ СИЛУЭТ БЕЗ КАРМАНОВ ДЛЯ ЗЕРКАЛ — аккуратно закрывает автомобиль по контуру, меньше цепляется при хранении и подходит для регулярного использования.
4. ДЛЯ УЛИЦЫ И ГАРАЖА — автомобильный тент подходит для двора, открытой парковки, дачи, длительной стоянки и гаража; помогает сократить ежедневную очистку кузова.
5. ПРОСТОЙ УХОД — устанавливайте чехол на чистый сухой автомобиль, не надевайте на горячий кузов, после использования просушите и сложите. Удаляйте острые загрязнения перед установкой.",,,,,普通PEVA款,货号已与原汇总表对应,按原汇总表货号精确匹配
68,20款定制低价-lada独立车型,LADA独立,"TOZAROA автомобильный чехол-тент для Lada Aura 2024–2026, серый однослойный PEVA, защита от дождя, снега, солнца и пыли, для улицы, парковки и гаража",,,haijudingzhi-dingzhi-lada,,,,3M,3L,L,,LADA20-15-3M,,Lada Aura,,4690×1764×1505 мм,#чехол_для_автомобиля #тент_для_автомобиля #автомобильный_тент #защитный_чехол_авто #чехол_на_машину #тент_на_машину #чехол_от_дождя #чехол_от_снега #чехол_от_солнца #чехол_от_пыли #уличный_чехол_авто #всесезонный_чехол #водоотталкивающий_чехол #защита_кузова #защита_лакокрасочного #парковка_на_улице #серый_чехол_авто #чехол_PEVA #пылезащитный_тент #чехол_без_карманов #чехол_Lada_Aura #тент_Lada_Aura #Lada_Aura_2024_2026 #чехол_Aura_2024_2026 #тент_Aura_2024_2026 #для_Lada_Aura #чехол_седан #тент_седан #чехол_Aura #тент_Aura,"1. ТОЧНАЯ СОВМЕСТИМОСТЬ — чехол разработан для Lada Aura, седан, 2024–2026. Код варианта 3M; контрольные габариты автомобиля: 4690×1764×1505 мм. Перед заказом сверьте модель, кузов и год выпуска.
2. СЕРАЯ ОДНОСЛОЙНАЯ PEVA — лёгкий водоотталкивающий материал помогает защитить кузов от дождя, снега, пыли, пыльцы, листьев и солнечного воздействия во время стоянки.
3. ЦЕЛЬНЫЙ СИЛУЭТ БЕЗ КАРМАНОВ ДЛЯ ЗЕРКАЛ — аккуратно закрывает автомобиль по контуру, меньше цепляется при хранении и подходит для регулярного использования.
4. ДЛЯ УЛИЦЫ И ГАРАЖА — автомобильный тент подходит для двора, открытой парковки, дачи, длительной стоянки и гаража; помогает сократить ежедневную очистку кузова.
5. ПРОСТОЙ УХОД — устанавливайте чехол на чистый сухой автомобиль, не надевайте на горячий кузов, после использования просушите и сложите. Удаляйте острые загрязнения перед установкой.",,,,,普通PEVA款,货号已与原汇总表对应,按原汇总表货号精确匹配
69,20款定制低价-lada独立车型,LADA独立,"TOZAROA автомобильный чехол-тент для Lada 2102 1971–1986, серый однослойный PEVA, защита от дождя, снега, солнца и пыли, для улицы, парковки и гаража",,,haijudingzhi-dingzhi-lada,,,,3L,2XS,M,,LADA20-16-3L,,Lada 2102,,4059×1611×1458 мм,#чехол_для_автомобиля #тент_для_автомобиля #автомобильный_тент #защитный_чехол_авто #чехол_на_машину #тент_на_машину #чехол_от_дождя #чехол_от_снега #чехол_от_солнца #чехол_от_пыли #уличный_чехол_авто #всесезонный_чехол #водоотталкивающий_чехол #защита_кузова #защита_лакокрасочного #парковка_на_улице #серый_чехол_авто #чехол_PEVA #пылезащитный_тент #чехол_без_карманов #чехол_Lada_2102 #тент_Lada_2102 #Lada_2102_1971_1986 #чехол_2102_1971_1986 #тент_2102_1971_1986 #для_Lada_2102 #чехол_универсал #тент_универсал #чехол_2102 #тент_2102,"1. ТОЧНАЯ СОВМЕСТИМОСТЬ — чехол разработан для Lada 2102, универсал 5-дверный, 1971–1986. Код варианта 3L; контрольные габариты автомобиля: 4059×1611×1458 мм. Перед заказом сверьте модель, кузов и год выпуска.
2. СЕРАЯ ОДНОСЛОЙНАЯ PEVA — лёгкий водоотталкивающий материал помогает защитить кузов от дождя, снега, пыли, пыльцы, листьев и солнечного воздействия во время стоянки.
3. ЦЕЛЬНЫЙ СИЛУЭТ БЕЗ КАРМАНОВ ДЛЯ ЗЕРКАЛ — аккуратно закрывает автомобиль по контуру, меньше цепляется при хранении и подходит для регулярного использования.
4. ДЛЯ УЛИЦЫ И ГАРАЖА — автомобильный тент подходит для двора, открытой парковки, дачи, длительной стоянки и гаража; помогает сократить ежедневную очистку кузова.
5. ПРОСТОЙ УХОД — устанавливайте чехол на чистый сухой автомобиль, не надевайте на горячий кузов, после использования просушите и сложите. Удаляйте острые загрязнения перед установкой.",,,,,普通PEVA款,货号已与原汇总表对应,按原汇总表货号精确匹配
70,20款定制低价-lada独立车型,LADA独立,"TOZAROA автомобильный чехол-тент для Lada 2129 1992–1996, серый однослойный PEVA, защита от дождя, снега, солнца и пыли, для улицы, парковки и гаража",,,haijudingzhi-dingzhi-lada,,,,4S,S,YM,,LADA20-17-4S,,Lada 2129,,4240×1680×1640 мм,#чехол_для_автомобиля #тент_для_автомобиля #автомобильный_тент #защитный_чехол_авто #чехол_на_машину #тент_на_машину #чехол_от_дождя #чехол_от_снега #чехол_от_солнца #чехол_от_пыли #уличный_чехол_авто #всесезонный_чехол #водоотталкивающий_чехол #защита_кузова #защита_лакокрасочного #парковка_на_улице #серый_чехол_авто #чехол_PEVA #пылезащитный_тент #чехол_без_карманов #чехол_Lada_2129 #тент_Lada_2129 #Lada_2129_1992_1996 #чехол_2129_1992_1996 #тент_2129_1992_1996 #для_Lada_2129 #чехол_внедорожник #тент_внедорожник #чехол_2129 #тент_2129,"1. ТОЧНАЯ СОВМЕСТИМОСТЬ — чехол разработан для Lada 2129, внедорожник 3-дверный, 1992–1996. Код варианта 4S; контрольные габариты автомобиля: 4240×1680×1640 мм. Перед заказом сверьте модель, кузов и год выпуска.
2. СЕРАЯ ОДНОСЛОЙНАЯ PEVA — лёгкий водоотталкивающий материал помогает защитить кузов от дождя, снега, пыли, пыльцы, листьев и солнечного воздействия во время стоянки.
3. ЦЕЛЬНЫЙ СИЛУЭТ БЕЗ КАРМАНОВ ДЛЯ ЗЕРКАЛ — аккуратно закрывает автомобиль по контуру, меньше цепляется при хранении и подходит для регулярного использования.
4. ДЛЯ УЛИЦЫ И ГАРАЖА — автомобильный тент подходит для двора, открытой парковки, дачи, длительной стоянки и гаража; помогает сократить ежедневную очистку кузова.
5. ПРОСТОЙ УХОД — устанавливайте чехол на чистый сухой автомобиль, не надевайте на горячий кузов, после использования просушите и сложите. Удаляйте острые загрязнения перед установкой.",,,,,普通PEVA款,货号已与原汇总表对应,按原汇总表货号精确匹配
71,20款定制低价-lada独立车型,LADA独立,"TOZAROA автомобильный чехол-тент для Lada Azimut 2026, серый однослойный PEVA, защита от дождя, снега, солнца и пыли, для улицы, парковки и гаража",,,haijudingzhi-dingzhi-lada,,,,4M,S,YM,,LADA20-18-4M,,Lada Azimut,,4416×1838×1607 мм,#чехол_для_автомобиля #тент_для_автомобиля #автомобильный_тент #защитный_чехол_авто #чехол_на_машину #тент_на_машину #чехол_от_дождя #чехол_от_снега #чехол_от_солнца #чехол_от_пыли #уличный_чехол_авто #всесезонный_чехол #водоотталкивающий_чехол #защита_кузова #защита_лакокрасочного #парковка_на_улице #серый_чехол_авто #чехол_PEVA #пылезащитный_тент #чехол_без_карманов #чехол_Lada_Azimut #тент_Lada_Azimut #Lada_Azimut_2026 #чехол_Azimut_2026 #тент_Azimut_2026 #для_Lada_Azimut #чехол_внедорожник #тент_внедорожник #чехол_Azimut #тент_Azimut,"1. ТОЧНАЯ СОВМЕСТИМОСТЬ — чехол разработан для Lada Azimut, внедорожник 5-дверный, 2026. Код варианта 4M; контрольные габариты автомобиля: 4416×1838×1607 мм. Перед заказом сверьте модель, кузов и год выпуска.
2. СЕРАЯ ОДНОСЛОЙНАЯ PEVA — лёгкий водоотталкивающий материал помогает защитить кузов от дождя, снега, пыли, пыльцы, листьев и солнечного воздействия во время стоянки.
3. ЦЕЛЬНЫЙ СИЛУЭТ БЕЗ КАРМАНОВ ДЛЯ ЗЕРКАЛ — аккуратно закрывает автомобиль по контуру, меньше цепляется при хранении и подходит для регулярного использования.
4. ДЛЯ УЛИЦЫ И ГАРАЖА — автомобильный тент подходит для двора, открытой парковки, дачи, длительной стоянки и гаража; помогает сократить ежедневную очистку кузова.
5. ПРОСТОЙ УХОД — устанавливайте чехол на чистый сухой автомобиль, не надевайте на горячий кузов, после использования просушите и сложите. Удаляйте острые загрязнения перед установкой.",,,,,普通PEVA款,货号已与原汇总表对应,按原汇总表货号精确匹配
72,20款定制低价-lada独立车型,LADA独立,"TOZAROA автомобильный чехол-тент для Lada EL Lada 2012–2013, серый однослойный PEVA, защита от дождя, снега, солнца и пыли, для улицы, парковки и гаража",,,haijudingzhi-dingzhi-lada,,,,4L,2XS,M,,LADA20-19-4L,,Lada EL Lada,,4040×1700×1500 мм,#чехол_для_автомобиля #тент_для_автомобиля #автомобильный_тент #защитный_чехол_авто #чехол_на_машину #тент_на_машину #чехол_от_дождя #чехол_от_снега #чехол_от_солнца #чехол_от_пыли #уличный_чехол_авто #всесезонный_чехол #водоотталкивающий_чехол #защита_кузова #защита_лакокрасочного #парковка_на_улице #серый_чехол_авто #чехол_PEVA #пылезащитный_тент #чехол_без_карманов #чехол_Lada_EL_Lada #тент_Lada_EL_Lada #Lada_EL_Lada_2012_2013 #чехол_EL_Lada_2012_2013 #тент_EL_Lada_2012_2013 #для_Lada_EL_Lada #чехол_универсал #тент_универсал #чехол_EL_Lada #тент_EL_Lada,"1. ТОЧНАЯ СОВМЕСТИМОСТЬ — чехол разработан для Lada EL Lada, универсал 5-дверный, 2012–2013. Код варианта 4L; контрольные габариты автомобиля: 4040×1700×1500 мм. Перед заказом сверьте модель, кузов и год выпуска.
2. СЕРАЯ ОДНОСЛОЙНАЯ PEVA — лёгкий водоотталкивающий материал помогает защитить кузов от дождя, снега, пыли, пыльцы, листьев и солнечного воздействия во время стоянки.
3. ЦЕЛЬНЫЙ СИЛУЭТ БЕЗ КАРМАНОВ ДЛЯ ЗЕРКАЛ — аккуратно закрывает автомобиль по контуру, меньше цепляется при хранении и подходит для регулярного использования.
4. ДЛЯ УЛИЦЫ И ГАРАЖА — автомобильный тент подходит для двора, открытой парковки, дачи, длительной стоянки и гаража; помогает сократить ежедневную очистку кузова.
5. ПРОСТОЙ УХОД — устанавливайте чехол на чистый сухой автомобиль, не надевайте на горячий кузов, после использования просушите и сложите. Удаляйте острые загрязнения перед установкой.",,,,,普通PEVA款,货号已与原汇总表对应,按原汇总表货号精确匹配
73,20款定制低价-lada独立车型,LADA独立,"TOZAROA автомобильный чехол-тент для Lada X-cross 5 2023, серый однослойный PEVA, защита от дождя, снега, солнца и пыли, для улицы, парковки и гаража",,,haijudingzhi-dingzhi-lada,,,,5S,S,YM,,LADA20-20-5S,,Lada X-cross 5,,4525×1845×1615 мм,#чехол_для_автомобиля #тент_для_автомобиля #автомобильный_тент #защитный_чехол_авто #чехол_на_машину #тент_на_машину #чехол_от_дождя #чехол_от_снега #чехол_от_солнца #чехол_от_пыли #уличный_чехол_авто #всесезонный_чехол #водоотталкивающий_чехол #защита_кузова #защита_лакокрасочного #парковка_на_улице #серый_чехол_авто #чехол_PEVA #пылезащитный_тент #чехол_без_карманов #чехол_Lada_X_cross_5 #тент_Lada_X_cross_5 #Lada_X_cross_5_2023 #чехол_X_cross_5_2023 #тент_X_cross_5_2023 #для_Lada_X_cross_5 #чехол_внедорожник #тент_внедорожник #чехол_X_cross_5 #тент_X_cross_5,"1. ТОЧНАЯ СОВМЕСТИМОСТЬ — чехол разработан для Lada X-cross 5, внедорожник 5-дверный, 2023. Код варианта 5S; контрольные габариты автомобиля: 4525×1845×1615 мм. Перед заказом сверьте модель, кузов и год выпуска.
2. СЕРАЯ ОДНОСЛОЙНАЯ PEVA — лёгкий водоотталкивающий материал помогает защитить кузов от дождя, снега, пыли, пыльцы, листьев и солнечного воздействия во время стоянки.
3. ЦЕЛЬНЫЙ СИЛУЭТ БЕЗ КАРМАНОВ ДЛЯ ЗЕРКАЛ — аккуратно закрывает автомобиль по контуру, меньше цепляется при хранении и подходит для регулярного использования.
4. ДЛЯ УЛИЦЫ И ГАРАЖА — автомобильный тент подходит для двора, открытой парковки, дачи, длительной стоянки и гаража; помогает сократить ежедневную очистку кузова.
5. ПРОСТОЙ УХОД — устанавливайте чехол на чистый сухой автомобиль, не надевайте на горячий кузов, после использования просушите и сложите. Удаляйте острые загрязнения перед установкой.",,,,,普通PEVA款,货号已与原汇总表对应,按原汇总表货号精确匹配
74,8款定制低价-lada2121,LADA独立,"TOZAROA автомобильный чехол-тент для Lada 2121 (4x4) 2019–2021, серый однослойный PEVA, защита от дождя, снега, солнца и пыли, для улицы, парковки и гаража",,,haijudingzhi-dingzhi-2121,haijudingzhi-dingzhi,30*26*6,0.8kg,A,YS,S(应该发ys，但是没有就发s),车型：Lada (ВАЗ) 2121 (4x4)；车身：SUV 3-door（越野车）；年份：2019-2021；尺寸：3740×1680×1640 mm；原因：长度余量过大: 857 mm,LADA2121-01-A,单层PEVA,Lada 2121 (4x4),,3740×1680×1640 мм,#чехол_для_автомобиля #тент_для_автомобиля #автомобильный_тент #защитный_чехол_авто #чехол_на_машину #тент_на_машину #чехол_от_дождя #чехол_от_снега #чехол_от_солнца #чехол_от_пыли #уличный_чехол_авто #всесезонный_чехол #водоотталкивающий_чехол #защита_кузова #защита_лакокрасочного #парковка_на_улице #серый_чехол_авто #чехол_PEVA #пылезащитный_тент #чехол_без_карманов #чехол_Lada_2121_4x4 #тент_Lada_2121_4x4 #Lada_2121_4x4_2019_2021 #чехол_2121_4x4 #тент_2121_4x4 #для_Lada_2121_4x4 #чехол_Niva #тент_Niva #чехол_Niva #тент_Niva,"1. ТОЧНАЯ СОВМЕСТИМОСТЬ — автомобильный чехол разработан для Lada 2121 (4x4), внедорожник 3-дверный, 2019–2021. Код варианта A; контрольные габариты автомобиля: 3740×1680×1640 мм. Перед заказом сверьте модель, версию кузова и год выпуска.
2. СЕРАЯ ОДНОСЛОЙНАЯ PEVA — лёгкий водоотталкивающий материал помогает защищать кузов от дождя, снега, пыли, пыльцы, листьев и солнечного воздействия во время стоянки.
3. ЦЕЛЬНЫЙ СИЛУЭТ БЕЗ КАРМАНОВ ДЛЯ ЗЕРКАЛ — тент аккуратно закрывает компактный внедорожник по контуру, меньше цепляется при хранении и удобен для регулярного использования.
4. ДЛЯ УЛИЦЫ И ГАРАЖА — защитный чехол подходит для двора, открытой парковки, дачи, длительной стоянки и гаража; помогает уменьшить количество пыли, снега и следов осадков на кузове.
5. УСТАНОВКА И УХОД — надевайте чехол на чистый сухой и остывший автомобиль, расправляйте от крыши к краям, после использования просушите и сложите. Перед установкой удалите острые загрязнения.",,,167,,普通PEVA款,货号已与原汇总表对应,按原汇总表货号精确匹配
75,8款定制低价-lada2121,LADA独立,"TOZAROA автомобильный чехол-тент для Lada 2121 (4x4) 1993–2020, серый однослойный PEVA, защита от дождя, снега, солнца и пыли, для улицы, парковки и гаража",,,haijudingzhi-dingzhi-2121,haijudingzhi-dingzhi,30*26*6,0.8kg,B,YS,S(应该发ys，但是没有就发s),车型：Lada (ВАЗ) 2121 (4x4)；车身：SUV 3-door（越野车）；年份：1993-2020；尺寸：3720×1680×1640 mm；原因：长度余量过大: 877 mm,LADA2121-02-B,单层PEVA,Lada 2121 (4x4),,3720×1680×1640 мм,#чехол_для_автомобиля #тент_для_автомобиля #автомобильный_тент #защитный_чехол_авто #чехол_на_машину #тент_на_машину #чехол_от_дождя #чехол_от_снега #чехол_от_солнца #чехол_от_пыли #уличный_чехол_авто #всесезонный_чехол #водоотталкивающий_чехол #защита_кузова #защита_лакокрасочного #парковка_на_улице #серый_чехол_авто #чехол_PEVA #пылезащитный_тент #чехол_без_карманов #чехол_Lada_2121_4x4 #тент_Lada_2121_4x4 #Lada_2121_4x4_1993_2020 #чехол_2121_4x4 #тент_2121_4x4 #для_Lada_2121_4x4 #чехол_Niva #тент_Niva #чехол_Niva #тент_Niva,"1. ТОЧНАЯ СОВМЕСТИМОСТЬ — автомобильный чехол разработан для Lada 2121 (4x4), внедорожник 3-дверный, 1993–2020. Код варианта B; контрольные габариты автомобиля: 3720×1680×1640 мм. Перед заказом сверьте модель, версию кузова и год выпуска.
2. СЕРАЯ ОДНОСЛОЙНАЯ PEVA — лёгкий водоотталкивающий материал помогает защищать кузов от дождя, снега, пыли, пыльцы, листьев и солнечного воздействия во время стоянки.
3. ЦЕЛЬНЫЙ СИЛУЭТ БЕЗ КАРМАНОВ ДЛЯ ЗЕРКАЛ — тент аккуратно закрывает компактный внедорожник по контуру, меньше цепляется при хранении и удобен для регулярного использования.
4. ДЛЯ УЛИЦЫ И ГАРАЖА — защитный чехол подходит для двора, открытой парковки, дачи, длительной стоянки и гаража; помогает уменьшить количество пыли, снега и следов осадков на кузове.
5. УСТАНОВКА И УХОД — надевайте чехол на чистый сухой и остывший автомобиль, расправляйте от крыши к краям, после использования просушите и сложите. Перед установкой удалите острые загрязнения.",,,,,普通PEVA款,货号已与原汇总表对应,按原汇总表货号精确匹配
76,8款定制低价-lada2121,LADA独立,"TOZAROA автомобильный чехол-тент для Lada 2121 (4x4) 1977–1994, серый однослойный PEVA, защита от дождя, снега, солнца и пыли, для улицы, парковки и гаража",,,haijudingzhi-dingzhi-2121,haijudingzhi-dingzhi,30*26*6,0.8kg,C,YS,S(应该发ys，但是没有就发s),车型：Lada (ВАЗ) 2121 (4x4)；车身：SUV 3-door（越野车）；年份：1977-1994；尺寸：3720×1680×1640 mm；原因：长度余量过大: 877 mm,LADA2121-03-C,单层PEVA,Lada 2121 (4x4),,3720×1680×1640 мм,#чехол_для_автомобиля #тент_для_автомобиля #автомобильный_тент #защитный_чехол_авто #чехол_на_машину #тент_на_машину #чехол_от_дождя #чехол_от_снега #чехол_от_солнца #чехол_от_пыли #уличный_чехол_авто #всесезонный_чехол #водоотталкивающий_чехол #защита_кузова #защита_лакокрасочного #парковка_на_улице #серый_чехол_авто #чехол_PEVA #пылезащитный_тент #чехол_без_карманов #чехол_Lada_2121_4x4 #тент_Lada_2121_4x4 #Lada_2121_4x4_1977_1994 #чехол_2121_4x4 #тент_2121_4x4 #для_Lada_2121_4x4 #чехол_Niva #тент_Niva #чехол_Niva #тент_Niva,"1. ТОЧНАЯ СОВМЕСТИМОСТЬ — автомобильный чехол разработан для Lada 2121 (4x4), внедорожник 3-дверный, 1977–1994. Код варианта C; контрольные габариты автомобиля: 3720×1680×1640 мм. Перед заказом сверьте модель, версию кузова и год выпуска.
2. СЕРАЯ ОДНОСЛОЙНАЯ PEVA — лёгкий водоотталкивающий материал помогает защищать кузов от дождя, снега, пыли, пыльцы, листьев и солнечного воздействия во время стоянки.
3. ЦЕЛЬНЫЙ СИЛУЭТ БЕЗ КАРМАНОВ ДЛЯ ЗЕРКАЛ — тент аккуратно закрывает компактный внедорожник по контуру, меньше цепляется при хранении и удобен для регулярного использования.
4. ДЛЯ УЛИЦЫ И ГАРАЖА — защитный чехол подходит для двора, открытой парковки, дачи, длительной стоянки и гаража; помогает уменьшить количество пыли, снега и следов осадков на кузове.
5. УСТАНОВКА И УХОД — надевайте чехол на чистый сухой и остывший автомобиль, расправляйте от крыши к краям, после использования просушите и сложите. Перед установкой удалите острые загрязнения.",,,,,普通PEVA款,货号已与原汇总表对应,按原汇总表货号精确匹配
77,8款定制低价-lada2121,LADA独立,"TOZAROA автомобильный чехол-тент для Lada 2121 (4x4) Urban 2019–2021, серый однослойный PEVA, защита от дождя, снега, солнца и пыли, для улицы, парковки и гаража",,,haijudingzhi-dingzhi-2121,haijudingzhi-dingzhi,30*26*6,0.8kg,D,YS,S(应该发ys，但是没有就发s),车型：Lada (ВАЗ) 2121 (4x4) Urban；车身：SUV 3-door（越野车）；年份：2019-2021；尺寸：3640×1680×1640 mm；原因：长度余量过大: 957 mm,LADA2121-04-D,单层PEVA,Lada 2121 (4x4) Urban,,3640×1680×1640 мм,#чехол_для_автомобиля #тент_для_автомобиля #автомобильный_тент #защитный_чехол_авто #чехол_на_машину #тент_на_машину #чехол_от_дождя #чехол_от_снега #чехол_от_солнца #чехол_от_пыли #уличный_чехол_авто #всесезонный_чехол #водоотталкивающий_чехол #защита_кузова #защита_лакокрасочного #парковка_на_улице #серый_чехол_авто #чехол_PEVA #пылезащитный_тент #чехол_без_карманов #чехол_Lada_2121_4x4 #тент_Lada_2121_4x4 #Lada_2121_4x4_2019_2021 #чехол_2121_4x4 #тент_2121_4x4 #для_Lada_2121_4x4 #чехол_Niva #тент_Niva #чехол_Urban #тент_Urban,"1. ТОЧНАЯ СОВМЕСТИМОСТЬ — автомобильный чехол разработан для Lada 2121 (4x4) Urban, внедорожник 3-дверный, 2019–2021. Код варианта D; контрольные габариты автомобиля: 3640×1680×1640 мм. Перед заказом сверьте модель, версию кузова и год выпуска.
2. СЕРАЯ ОДНОСЛОЙНАЯ PEVA — лёгкий водоотталкивающий материал помогает защищать кузов от дождя, снега, пыли, пыльцы, листьев и солнечного воздействия во время стоянки.
3. ЦЕЛЬНЫЙ СИЛУЭТ БЕЗ КАРМАНОВ ДЛЯ ЗЕРКАЛ — тент аккуратно закрывает компактный внедорожник по контуру, меньше цепляется при хранении и удобен для регулярного использования.
4. ДЛЯ УЛИЦЫ И ГАРАЖА — защитный чехол подходит для двора, открытой парковки, дачи, длительной стоянки и гаража; помогает уменьшить количество пыли, снега и следов осадков на кузове.
5. УСТАНОВКА И УХОД — надевайте чехол на чистый сухой и остывший автомобиль, расправляйте от крыши к краям, после использования просушите и сложите. Перед установкой удалите острые загрязнения.",,,,,普通PEVA款,货号已与原汇总表对应,按原汇总表货号精确匹配
78,8款定制低价-lada2121,LADA独立,"TOZAROA автомобильный чехол-тент для Lada 2121 (4x4) Urban 1993–2020, серый однослойный PEVA, защита от дождя, снега, солнца и пыли, для улицы, парковки и гаража",,,haijudingzhi-dingzhi-2121,haijudingzhi-dingzhi,30*26*6,0.8kg,E,YS,S(应该发ys，但是没有就发s),车型：Lada (ВАЗ) 2121 (4x4) Urban；车身：SUV 3-door（越野车）；年份：1993-2020；尺寸：3640×1690×1640 mm；原因：长度余量过大: 957 mm,LADA2121-05-E,单层PEVA,Lada 2121 (4x4) Urban,,3640×1690×1640 мм,#чехол_для_автомобиля #тент_для_автомобиля #автомобильный_тент #защитный_чехол_авто #чехол_на_машину #тент_на_машину #чехол_от_дождя #чехол_от_снега #чехол_от_солнца #чехол_от_пыли #уличный_чехол_авто #всесезонный_чехол #водоотталкивающий_чехол #защита_кузова #защита_лакокрасочного #парковка_на_улице #серый_чехол_авто #чехол_PEVA #пылезащитный_тент #чехол_без_карманов #чехол_Lada_2121_4x4 #тент_Lada_2121_4x4 #Lada_2121_4x4_1993_2020 #чехол_2121_4x4 #тент_2121_4x4 #для_Lada_2121_4x4 #чехол_Niva #тент_Niva #чехол_Urban #тент_Urban,"1. ТОЧНАЯ СОВМЕСТИМОСТЬ — автомобильный чехол разработан для Lada 2121 (4x4) Urban, внедорожник 3-дверный, 1993–2020. Код варианта E; контрольные габариты автомобиля: 3640×1690×1640 мм. Перед заказом сверьте модель, версию кузова и год выпуска.
2. СЕРАЯ ОДНОСЛОЙНАЯ PEVA — лёгкий водоотталкивающий материал помогает защищать кузов от дождя, снега, пыли, пыльцы, листьев и солнечного воздействия во время стоянки.
3. ЦЕЛЬНЫЙ СИЛУЭТ БЕЗ КАРМАНОВ ДЛЯ ЗЕРКАЛ — тент аккуратно закрывает компактный внедорожник по контуру, меньше цепляется при хранении и удобен для регулярного использования.
4. ДЛЯ УЛИЦЫ И ГАРАЖА — защитный чехол подходит для двора, открытой парковки, дачи, длительной стоянки и гаража; помогает уменьшить количество пыли, снега и следов осадков на кузове.
5. УСТАНОВКА И УХОД — надевайте чехол на чистый сухой и остывший автомобиль, расправляйте от крыши к краям, после использования просушите и сложите. Перед установкой удалите острые загрязнения.",,,,,普通PEVA款,货号已与原汇总表对应,按原汇总表货号精确匹配
79,8款定制低价-lada2121,LADA独立,"TOZAROA автомобильный чехол-тент для Lada 2121 (4x4) Bronto 1993–2020, серый однослойный PEVA, защита от дождя, снега, солнца и пыли, для улицы, парковки и гаража",,,haijudingzhi-dingzhi-2121,haijudingzhi-dingzhi,30*26*6,0.8kg,F,YS,S(应该发ys，但是没有就发s),车型：Lada (ВАЗ) 2121 (4x4) Bronto；车身：SUV 3-door（越野车）；年份：1993-2020；尺寸：3680×1713×1740 mm；原因：长度余量过大: 917 mm,LADA2121-06-F,单层PEVA,Lada 2121 (4x4) Bronto,,3680×1713×1740 мм,#чехол_для_автомобиля #тент_для_автомобиля #автомобильный_тент #защитный_чехол_авто #чехол_на_машину #тент_на_машину #чехол_от_дождя #чехол_от_снега #чехол_от_солнца #чехол_от_пыли #уличный_чехол_авто #всесезонный_чехол #водоотталкивающий_чехол #защита_кузова #защита_лакокрасочного #парковка_на_улице #серый_чехол_авто #чехол_PEVA #пылезащитный_тент #чехол_без_карманов #чехол_Lada_2121_4x4 #тент_Lada_2121_4x4 #Lada_2121_4x4_1993_2020 #чехол_2121_4x4 #тент_2121_4x4 #для_Lada_2121_4x4 #чехол_Niva #тент_Niva #чехол_Bronto #тент_Bronto,"1. ТОЧНАЯ СОВМЕСТИМОСТЬ — автомобильный чехол разработан для Lada 2121 (4x4) Bronto, внедорожник 3-дверный, 1993–2020. Код варианта F; контрольные габариты автомобиля: 3680×1713×1740 мм. Перед заказом сверьте модель, версию кузова и год выпуска.
2. СЕРАЯ ОДНОСЛОЙНАЯ PEVA — лёгкий водоотталкивающий материал помогает защищать кузов от дождя, снега, пыли, пыльцы, листьев и солнечного воздействия во время стоянки.
3. ЦЕЛЬНЫЙ СИЛУЭТ БЕЗ КАРМАНОВ ДЛЯ ЗЕРКАЛ — тент аккуратно закрывает компактный внедорожник по контуру, меньше цепляется при хранении и удобен для регулярного использования.
4. ДЛЯ УЛИЦЫ И ГАРАЖА — защитный чехол подходит для двора, открытой парковки, дачи, длительной стоянки и гаража; помогает уменьшить количество пыли, снега и следов осадков на кузове.
5. УСТАНОВКА И УХОД — надевайте чехол на чистый сухой и остывший автомобиль, расправляйте от крыши к краям, после использования просушите и сложите. Перед установкой удалите острые загрязнения.",,,,,普通PEVA款,货号已与原汇总表对应,按原汇总表货号精确匹配
80,8款定制低价-lada2121,LADA独立,"TOZAROA автомобильный чехол-тент для Lada 2121 (4x4) Фора 1993–2020, серый однослойный PEVA, защита от дождя, снега, солнца и пыли, для улицы, парковки и гаража",,,haijudingzhi-dingzhi-2121,haijudingzhi-dingzhi,30*26*6,0.8kg,K,S,YM,,LADA2121-07-K,单层PEVA,Lada 2121 (4x4) ,,4040×1680×1750 мм,#чехол_для_автомобиля #тент_для_автомобиля #автомобильный_тент #защитный_чехол_авто #чехол_на_машину #тент_на_машину #чехол_от_дождя #чехол_от_снега #чехол_от_солнца #чехол_от_пыли #уличный_чехол_авто #всесезонный_чехол #водоотталкивающий_чехол #защита_кузова #защита_лакокрасочного #парковка_на_улице #серый_чехол_авто #чехол_PEVA #пылезащитный_тент #чехол_без_карманов #чехол_Lada_2121_4x4 #тент_Lada_2121_4x4 #Lada_2121_4x4_1993_2020 #чехол_2121_4x4 #тент_2121_4x4 #для_Lada_2121_4x4 #чехол_Niva #тент_Niva #чехол_Фора #тент_Фора,"1. ТОЧНАЯ СОВМЕСТИМОСТЬ — автомобильный чехол разработан для Lada 2121 (4x4) Фора, внедорожник 3-дверный, 1993–2020. Код варианта K; контрольные габариты автомобиля: 4040×1680×1750 мм. Перед заказом сверьте модель, версию кузова и год выпуска.
2. СЕРАЯ ОДНОСЛОЙНАЯ PEVA — лёгкий водоотталкивающий материал помогает защищать кузов от дождя, снега, пыли, пыльцы, листьев и солнечного воздействия во время стоянки.
3. ЦЕЛЬНЫЙ СИЛУЭТ БЕЗ КАРМАНОВ ДЛЯ ЗЕРКАЛ — тент аккуратно закрывает компактный внедорожник по контуру, меньше цепляется при хранении и удобен для регулярного использования.
4. ДЛЯ УЛИЦЫ И ГАРАЖА — защитный чехол подходит для двора, открытой парковки, дачи, длительной стоянки и гаража; помогает уменьшить количество пыли, снега и следов осадков на кузове.
5. УСТАНОВКА И УХОД — надевайте чехол на чистый сухой и остывший автомобиль, расправляйте от крыши к краям, после использования просушите и сложите. Перед установкой удалите острые загрязнения.",,,,,普通PEVA款,货号已与原汇总表对应,按原汇总表货号精确匹配
81,8款定制低价-lada2121,LADA独立,"TOZAROA автомобильный чехол-тент для Lada 2121 (4x4) Рысь 1993–2020, серый однослойный PEVA, защита от дождя, снега, солнца и пыли, для улицы, парковки и гаража",,,haijudingzhi-dingzhi-2121,haijudingzhi-dingzhi,30*26*6,0.8kg,3XS,YS,S(应该发ys，但是没有就发s),车型：Lada (ВАЗ) 2121 (4x4) Рысь；车身：SUV 3-door（越野车）；年份：1993-2020；尺寸：3740×1713×1665 mm；原因：长度余量过大: 857 mm,LADA2121-08-3XS,单层PEVA,Lada 2121 (4x4) Рысь,,3740×1713×1665 мм,#чехол_для_автомобиля #тент_для_автомобиля #автомобильный_тент #защитный_чехол_авто #чехол_на_машину #тент_на_машину #чехол_от_дождя #чехол_от_снега #чехол_от_солнца #чехол_от_пыли #уличный_чехол_авто #всесезонный_чехол #водоотталкивающий_чехол #защита_кузова #защита_лакокрасочного #парковка_на_улице #серый_чехол_авто #чехол_PEVA #пылезащитный_тент #чехол_без_карманов #чехол_Lada_2121_4x4 #тент_Lada_2121_4x4 #Lada_2121_4x4_1993_2020 #чехол_2121_4x4 #тент_2121_4x4 #для_Lada_2121_4x4 #чехол_Niva #тент_Niva #чехол_Рысь #тент_Рысь,"1. ТОЧНАЯ СОВМЕСТИМОСТЬ — автомобильный чехол разработан для Lada 2121 (4x4) Рысь, внедорожник 3-дверный, 1993–2020. Код варианта 3XS; контрольные габариты автомобиля: 3740×1713×1665 мм. Перед заказом сверьте модель, версию кузова и год выпуска.
2. СЕРАЯ ОДНОСЛОЙНАЯ PEVA — лёгкий водоотталкивающий материал помогает защищать кузов от дождя, снега, пыли, пыльцы, листьев и солнечного воздействия во время стоянки.
3. ЦЕЛЬНЫЙ СИЛУЭТ БЕЗ КАРМАНОВ ДЛЯ ЗЕРКАЛ — тент аккуратно закрывает компактный внедорожник по контуру, меньше цепляется при хранении и удобен для регулярного использования.
4. ДЛЯ УЛИЦЫ И ГАРАЖА — защитный чехол подходит для двора, открытой парковки, дачи, длительной стоянки и гаража; помогает уменьшить количество пыли, снега и следов осадков на кузове.
5. УСТАНОВКА И УХОД — надевайте чехол на чистый сухой и остывший автомобиль, расправляйте от крыши к краям, после использования просушите и сложите. Перед установкой удалите острые загрязнения.",,,,,普通PEVA款,货号已与原汇总表对应,按原汇总表货号精确匹配
82,9款定制低价-lada-kalila,LADA独立,"TOZAROA автомобильный чехол-тент для Lada Kalina 2013–2018, серый однослойный PEVA, защита от дождя, снега, солнца и пыли, для улицы, парковки и гаража",,,haijudingzhi-dingzhi- Kalina,haijudingzhi-dingzhi,30*26*6,0.8kg,A,2XS,M,,KALINA-01-A,单层PEVA,Lada Kalina,,3893×1700×1500 мм,#чехол_для_автомобиля #тент_для_автомобиля #автомобильный_тент #защитный_чехол_авто #чехол_на_машину #тент_на_машину #чехол_от_дождя #чехол_от_снега #чехол_от_солнца #чехол_от_пыли #уличный_чехол_авто #всесезонный_чехол #водоотталкивающий_чехол #защита_кузова #защита_лакокрасочного #парковка_на_улице #серый_чехол_авто #чехол_PEVA #пылезащитный_тент #чехол_без_карманов #чехол_Lada_Kalina #тент_Lada_Kalina #Lada_Kalina_2013_2018 #чехол_Kalina #тент_Kalina #для_Lada_Kalina #чехол_Kalina #тент_Kalina #чехол_хэтчбек #тент_хэтчбек,"1. ТОЧНАЯ СОВМЕСТИМОСТЬ — автомобильный чехол разработан для Lada Kalina, хэтчбек 5-дверный, 2013–2018. Выберите вариант A; контрольные габариты автомобиля: 3893×1700×1500 мм. Перед заказом сверьте модель, кузов и год выпуска.
2. СЕРАЯ ОДНОСЛОЙНАЯ PEVA — лёгкий водоотталкивающий материал помогает защищать кузов от дождя, снега, пыли, пыльцы, листьев и солнечного воздействия во время стоянки.
3. ЦЕЛЬНЫЙ СИЛУЭТ БЕЗ КАРМАНОВ ДЛЯ ЗЕРКАЛ — тент аккуратно ложится по контуру автомобиля, меньше цепляется при хранении и удобен для регулярного использования.
4. ДЛЯ УЛИЦЫ И ГАРАЖА — защитный чехол подходит для двора, открытой парковки, дачи, длительной стоянки и гаража; помогает уменьшить количество пыли, снега и следов осадков на кузове.
5. УСТАНОВКА И УХОД — надевайте чехол на чистый, сухой и остывший автомобиль, расправляйте от крыши к краям; после использования просушите и сложите. Перед установкой удалите острые загрязнения.",,,167,,普通PEVA款,货号已与原汇总表对应,按原汇总表货号精确匹配
83,9款定制低价-lada-kalila,LADA独立,"TOZAROA автомобильный чехол-тент для Lada Kalina 2004–2013, серый однослойный PEVA, защита от дождя, снега, солнца и пыли, для улицы, парковки и гаража",,,haijudingzhi-dingzhi- Kalina,haijudingzhi-dingzhi,30*26*6,0.8kg,B,2XS,M,,KALINA-02-B,单层PEVA,Lada Kalina,,3850×1700×1500 мм,#чехол_для_автомобиля #тент_для_автомобиля #автомобильный_тент #защитный_чехол_авто #чехол_на_машину #тент_на_машину #чехол_от_дождя #чехол_от_снега #чехол_от_солнца #чехол_от_пыли #уличный_чехол_авто #всесезонный_чехол #водоотталкивающий_чехол #защита_кузова #защита_лакокрасочного #парковка_на_улице #серый_чехол_авто #чехол_PEVA #пылезащитный_тент #чехол_без_карманов #чехол_Lada_Kalina #тент_Lada_Kalina #Lada_Kalina_2004_2013 #чехол_Kalina #тент_Kalina #для_Lada_Kalina #чехол_Kalina #тент_Kalina #чехол_хэтчбек #тент_хэтчбек,"1. ТОЧНАЯ СОВМЕСТИМОСТЬ — автомобильный чехол разработан для Lada Kalina, хэтчбек 5-дверный, 2004–2013. Выберите вариант B; контрольные габариты автомобиля: 3850×1700×1500 мм. Перед заказом сверьте модель, кузов и год выпуска.
2. СЕРАЯ ОДНОСЛОЙНАЯ PEVA — лёгкий водоотталкивающий материал помогает защищать кузов от дождя, снега, пыли, пыльцы, листьев и солнечного воздействия во время стоянки.
3. ЦЕЛЬНЫЙ СИЛУЭТ БЕЗ КАРМАНОВ ДЛЯ ЗЕРКАЛ — тент аккуратно ложится по контуру автомобиля, меньше цепляется при хранении и удобен для регулярного использования.
4. ДЛЯ УЛИЦЫ И ГАРАЖА — защитный чехол подходит для двора, открытой парковки, дачи, длительной стоянки и гаража; помогает уменьшить количество пыли, снега и следов осадков на кузове.
5. УСТАНОВКА И УХОД — надевайте чехол на чистый, сухой и остывший автомобиль, расправляйте от крыши к краям; после использования просушите и сложите. Перед установкой удалите острые загрязнения.",,,,,普通PEVA款,货号已与原汇总表对应,按原汇总表货号精确匹配
84,9款定制低价-lada-kalila,LADA独立,"TOZAROA автомобильный чехол-тент для Lada Kalina 2013–2018, серый однослойный PEVA, защита от дождя, снега, солнца и пыли, для улицы, парковки и гаража",,,haijudingzhi-dingzhi- Kalina,haijudingzhi-dingzhi,30*26*6,0.8kg,C,2XS,M,,KALINA-03-C,单层PEVA,Lada Kalina,,4084×1700×1504 мм,#чехол_для_автомобиля #тент_для_автомобиля #автомобильный_тент #защитный_чехол_авто #чехол_на_машину #тент_на_машину #чехол_от_дождя #чехол_от_снега #чехол_от_солнца #чехол_от_пыли #уличный_чехол_авто #всесезонный_чехол #водоотталкивающий_чехол #защита_кузова #защита_лакокрасочного #парковка_на_улице #серый_чехол_авто #чехол_PEVA #пылезащитный_тент #чехол_без_карманов #чехол_Lada_Kalina #тент_Lada_Kalina #Lada_Kalina_2013_2018 #чехол_Kalina #тент_Kalina #для_Lada_Kalina #чехол_Kalina #тент_Kalina #чехол_универсал #тент_универсал,"1. ТОЧНАЯ СОВМЕСТИМОСТЬ — автомобильный чехол разработан для Lada Kalina, универсал 5-дверный, 2013–2018. Выберите вариант C; контрольные габариты автомобиля: 4084×1700×1504 мм. Перед заказом сверьте модель, кузов и год выпуска.
2. СЕРАЯ ОДНОСЛОЙНАЯ PEVA — лёгкий водоотталкивающий материал помогает защищать кузов от дождя, снега, пыли, пыльцы, листьев и солнечного воздействия во время стоянки.
3. ЦЕЛЬНЫЙ СИЛУЭТ БЕЗ КАРМАНОВ ДЛЯ ЗЕРКАЛ — тент аккуратно ложится по контуру автомобиля, меньше цепляется при хранении и удобен для регулярного использования.
4. ДЛЯ УЛИЦЫ И ГАРАЖА — защитный чехол подходит для двора, открытой парковки, дачи, длительной стоянки и гаража; помогает уменьшить количество пыли, снега и следов осадков на кузове.
5. УСТАНОВКА И УХОД — надевайте чехол на чистый, сухой и остывший автомобиль, расправляйте от крыши к краям; после использования просушите и сложите. Перед установкой удалите острые загрязнения.",,,,,普通PEVA款,货号已与原汇总表对应,按原汇总表货号精确匹配
85,9款定制低价-lada-kalila,LADA独立,"TOZAROA автомобильный чехол-тент для Lada Kalina 2004–2013, серый однослойный PEVA, защита от дождя, снега, солнца и пыли, для улицы, парковки и гаража",,,haijudingzhi-dingzhi- Kalina,haijudingzhi-dingzhi,30*26*6,0.8kg,D,2XS,M,,KALINA-04-D,单层PEVA,Lada Kalina,,4040×1700×1500 мм,#чехол_для_автомобиля #тент_для_автомобиля #автомобильный_тент #защитный_чехол_авто #чехол_на_машину #тент_на_машину #чехол_от_дождя #чехол_от_снега #чехол_от_солнца #чехол_от_пыли #уличный_чехол_авто #всесезонный_чехол #водоотталкивающий_чехол #защита_кузова #защита_лакокрасочного #парковка_на_улице #серый_чехол_авто #чехол_PEVA #пылезащитный_тент #чехол_без_карманов #чехол_Lada_Kalina #тент_Lada_Kalina #Lada_Kalina_2004_2013 #чехол_Kalina #тент_Kalina #для_Lada_Kalina #чехол_Kalina #тент_Kalina #чехол_универсал #тент_универсал,"1. ТОЧНАЯ СОВМЕСТИМОСТЬ — автомобильный чехол разработан для Lada Kalina, универсал 5-дверный, 2004–2013. Выберите вариант D; контрольные габариты автомобиля: 4040×1700×1500 мм. Перед заказом сверьте модель, кузов и год выпуска.
2. СЕРАЯ ОДНОСЛОЙНАЯ PEVA — лёгкий водоотталкивающий материал помогает защищать кузов от дождя, снега, пыли, пыльцы, листьев и солнечного воздействия во время стоянки.
3. ЦЕЛЬНЫЙ СИЛУЭТ БЕЗ КАРМАНОВ ДЛЯ ЗЕРКАЛ — тент аккуратно ложится по контуру автомобиля, меньше цепляется при хранении и удобен для регулярного использования.
4. ДЛЯ УЛИЦЫ И ГАРАЖА — защитный чехол подходит для двора, открытой парковки, дачи, длительной стоянки и гаража; помогает уменьшить количество пыли, снега и следов осадков на кузове.
5. УСТАНОВКА И УХОД — надевайте чехол на чистый, сухой и остывший автомобиль, расправляйте от крыши к краям; после использования просушите и сложите. Перед установкой удалите острые загрязнения.",,,,,普通PEVA款,货号已与原汇总表对应,按原汇总表货号精确匹配
86,9款定制低价-lada-kalila,LADA独立,"TOZAROA автомобильный чехол-тент для Lada Kalina 2004–2013, серый однослойный PEVA, защита от дождя, снега, солнца и пыли, для улицы, парковки и гаража",,,haijudingzhi-dingzhi- Kalina,haijudingzhi-dingzhi,30*26*6,0.8kg,E,2XS,M,,KALINA-05-E,单层PEVA,Lada Kalina,,4040×1700×1500 мм,#чехол_для_автомобиля #тент_для_автомобиля #автомобильный_тент #защитный_чехол_авто #чехол_на_машину #тент_на_машину #чехол_от_дождя #чехол_от_снега #чехол_от_солнца #чехол_от_пыли #уличный_чехол_авто #всесезонный_чехол #водоотталкивающий_чехол #защита_кузова #защита_лакокрасочного #парковка_на_улице #серый_чехол_авто #чехол_PEVA #пылезащитный_тент #чехол_без_карманов #чехол_Lada_Kalina #тент_Lada_Kalina #Lada_Kalina_2004_2013 #чехол_Kalina #тент_Kalina #для_Lada_Kalina #чехол_Kalina #тент_Kalina #чехол_седан #тент_седан,"1. ТОЧНАЯ СОВМЕСТИМОСТЬ — автомобильный чехол разработан для Lada Kalina, седан, 2004–2013. Выберите вариант E; контрольные габариты автомобиля: 4040×1700×1500 мм. Перед заказом сверьте модель, кузов и год выпуска.
2. СЕРАЯ ОДНОСЛОЙНАЯ PEVA — лёгкий водоотталкивающий материал помогает защищать кузов от дождя, снега, пыли, пыльцы, листьев и солнечного воздействия во время стоянки.
3. ЦЕЛЬНЫЙ СИЛУЭТ БЕЗ КАРМАНОВ ДЛЯ ЗЕРКАЛ — тент аккуратно ложится по контуру автомобиля, меньше цепляется при хранении и удобен для регулярного использования.
4. ДЛЯ УЛИЦЫ И ГАРАЖА — защитный чехол подходит для двора, открытой парковки, дачи, длительной стоянки и гаража; помогает уменьшить количество пыли, снега и следов осадков на кузове.
5. УСТАНОВКА И УХОД — надевайте чехол на чистый, сухой и остывший автомобиль, расправляйте от крыши к краям; после использования просушите и сложите. Перед установкой удалите острые загрязнения.",,,,,普通PEVA款,货号已与原汇总表对应,按原汇总表货号精确匹配
87,9款定制低价-lada-kalila,LADA独立,"TOZAROA автомобильный чехол-тент для Lada Kalina Cross 2013–2018, серый однослойный PEVA, защита от дождя, снега, солнца и пыли, для улицы, парковки и гаража",,,haijudingzhi-dingzhi- Kalina,haijudingzhi-dingzhi,30*26*6,0.8kg,F,2XS,M,,KALINA-06-F,单层PEVA,Lada Kalina Cross,,4104×1700×1560 мм,#чехол_для_автомобиля #тент_для_автомобиля #автомобильный_тент #защитный_чехол_авто #чехол_на_машину #тент_на_машину #чехол_от_дождя #чехол_от_снега #чехол_от_солнца #чехол_от_пыли #уличный_чехол_авто #всесезонный_чехол #водоотталкивающий_чехол #защита_кузова #защита_лакокрасочного #парковка_на_улице #серый_чехол_авто #чехол_PEVA #пылезащитный_тент #чехол_без_карманов #чехол_Lada_Kalina_Cross #тент_Lada_Kalina_Cross #Lada_Kalina_Cross_2013_2018 #чехол_Kalina_Cross #тент_Kalina_Cross #для_Lada_Kalina_Cross #чехол_Kalina #тент_Kalina #чехол_универсал #тент_универсал,"1. ТОЧНАЯ СОВМЕСТИМОСТЬ — автомобильный чехол разработан для Lada Kalina Cross, универсал 5-дверный, 2013–2018. Выберите вариант F; контрольные габариты автомобиля: 4104×1700×1560 мм. Перед заказом сверьте модель, кузов и год выпуска.
2. СЕРАЯ ОДНОСЛОЙНАЯ PEVA — лёгкий водоотталкивающий материал помогает защищать кузов от дождя, снега, пыли, пыльцы, листьев и солнечного воздействия во время стоянки.
3. ЦЕЛЬНЫЙ СИЛУЭТ БЕЗ КАРМАНОВ ДЛЯ ЗЕРКАЛ — тент аккуратно ложится по контуру автомобиля, меньше цепляется при хранении и удобен для регулярного использования.
4. ДЛЯ УЛИЦЫ И ГАРАЖА — защитный чехол подходит для двора, открытой парковки, дачи, длительной стоянки и гаража; помогает уменьшить количество пыли, снега и следов осадков на кузове.
5. УСТАНОВКА И УХОД — надевайте чехол на чистый, сухой и остывший автомобиль, расправляйте от крыши к краям; после использования просушите и сложите. Перед установкой удалите острые загрязнения.",,,,,普通PEVA款,货号已与原汇总表对应,按原汇总表货号精确匹配
88,9款定制低价-lada-kalila,LADA独立,"TOZAROA автомобильный чехол-тент для Lada Kalina Sport 2013–2018, серый однослойный PEVA, защита от дождя, снега, солнца и пыли, для улицы, парковки и гаража",,,haijudingzhi-dingzhi- Kalina,haijudingzhi-dingzhi,30*26*6,0.8kg,K,2XS,M,,KALINA-07-K,单层PEVA,Lada Kalina Sport,,3943×1700×1450 мм,#чехол_для_автомобиля #тент_для_автомобиля #автомобильный_тент #защитный_чехол_авто #чехол_на_машину #тент_на_машину #чехол_от_дождя #чехол_от_снега #чехол_от_солнца #чехол_от_пыли #уличный_чехол_авто #всесезонный_чехол #водоотталкивающий_чехол #защита_кузова #защита_лакокрасочного #парковка_на_улице #серый_чехол_авто #чехол_PEVA #пылезащитный_тент #чехол_без_карманов #чехол_Lada_Kalina_Sport #тент_Lada_Kalina_Sport #Lada_Kalina_Sport_2013_2018 #чехол_Kalina_Sport #тент_Kalina_Sport #для_Lada_Kalina_Sport #чехол_Kalina #тент_Kalina #чехол_хэтчбек #тент_хэтчбек,"1. ТОЧНАЯ СОВМЕСТИМОСТЬ — автомобильный чехол разработан для Lada Kalina Sport, хэтчбек 5-дверный, 2013–2018. Выберите вариант K; контрольные габариты автомобиля: 3943×1700×1450 мм. Перед заказом сверьте модель, кузов и год выпуска.
2. СЕРАЯ ОДНОСЛОЙНАЯ PEVA — лёгкий водоотталкивающий материал помогает защищать кузов от дождя, снега, пыли, пыльцы, листьев и солнечного воздействия во время стоянки.
3. ЦЕЛЬНЫЙ СИЛУЭТ БЕЗ КАРМАНОВ ДЛЯ ЗЕРКАЛ — тент аккуратно ложится по контуру автомобиля, меньше цепляется при хранении и удобен для регулярного использования.
4. ДЛЯ УЛИЦЫ И ГАРАЖА — защитный чехол подходит для двора, открытой парковки, дачи, длительной стоянки и гаража; помогает уменьшить количество пыли, снега и следов осадков на кузове.
5. УСТАНОВКА И УХОД — надевайте чехол на чистый, сухой и остывший автомобиль, расправляйте от крыши к краям; после использования просушите и сложите. Перед установкой удалите острые загрязнения.",,,,,普通PEVA款,货号已与原汇总表对应,按原汇总表货号精确匹配
89,9款定制低价-lada-kalila,LADA独立,"TOZAROA автомобильный чехол-тент для Lada Kalina Sport 2004–2013, серый однослойный PEVA, защита от дождя, снега, солнца и пыли, для улицы, парковки и гаража",,,haijudingzhi-dingzhi- Kalina,haijudingzhi-dingzhi,30*26*6,0.8kg,3XS,2XS,M,,KALINA-08-3XS,单层PEVA,Lada Kalina Sport,,3905×1700×1500 мм,#чехол_для_автомобиля #тент_для_автомобиля #автомобильный_тент #защитный_чехол_авто #чехол_на_машину #тент_на_машину #чехол_от_дождя #чехол_от_снега #чехол_от_солнца #чехол_от_пыли #уличный_чехол_авто #всесезонный_чехол #водоотталкивающий_чехол #защита_кузова #защита_лакокрасочного #парковка_на_улице #серый_чехол_авто #чехол_PEVA #пылезащитный_тент #чехол_без_карманов #чехол_Lada_Kalina_Sport #тент_Lada_Kalina_Sport #Lada_Kalina_Sport_2004_2013 #чехол_Kalina_Sport #тент_Kalina_Sport #для_Lada_Kalina_Sport #чехол_Kalina #тент_Kalina #чехол_хэтчбек #тент_хэтчбек,"1. ТОЧНАЯ СОВМЕСТИМОСТЬ — автомобильный чехол разработан для Lada Kalina Sport, хэтчбек 5-дверный, 2004–2013. Выберите вариант 3XS; контрольные габариты автомобиля: 3905×1700×1500 мм. Перед заказом сверьте модель, кузов и год выпуска.
2. СЕРАЯ ОДНОСЛОЙНАЯ PEVA — лёгкий водоотталкивающий материал помогает защищать кузов от дождя, снега, пыли, пыльцы, листьев и солнечного воздействия во время стоянки.
3. ЦЕЛЬНЫЙ СИЛУЭТ БЕЗ КАРМАНОВ ДЛЯ ЗЕРКАЛ — тент аккуратно ложится по контуру автомобиля, меньше цепляется при хранении и удобен для регулярного использования.
4. ДЛЯ УЛИЦЫ И ГАРАЖА — защитный чехол подходит для двора, открытой парковки, дачи, длительной стоянки и гаража; помогает уменьшить количество пыли, снега и следов осадков на кузове.
5. УСТАНОВКА И УХОД — надевайте чехол на чистый, сухой и остывший автомобиль, расправляйте от крыши к краям; после использования просушите и сложите. Перед установкой удалите острые загрязнения.",,,,,普通PEVA款,货号已与原汇总表对应,按原汇总表货号精确匹配
90,9款定制低价-lada-kalila,LADA独立,"TOZAROA автомобильный чехол-тент для Lada Kalina NFR 2013–2018, серый однослойный PEVA, защита от дождя, снега, солнца и пыли, для улицы, парковки и гаража",,,haijudingzhi-dingzhi- Kalina,haijudingzhi-dingzhi,30*26*7,0.9kg,2XS,2XS,M,,KALINA-09-2XS,单层PEVA,Lada Kalina NFR,,3965×1700×1465 мм,#чехол_для_автомобиля #тент_для_автомобиля #автомобильный_тент #защитный_чехол_авто #чехол_на_машину #тент_на_машину #чехол_от_дождя #чехол_от_снега #чехол_от_солнца #чехол_от_пыли #уличный_чехол_авто #всесезонный_чехол #водоотталкивающий_чехол #защита_кузова #защита_лакокрасочного #парковка_на_улице #серый_чехол_авто #чехол_PEVA #пылезащитный_тент #чехол_без_карманов #чехол_Lada_Kalina_NFR #тент_Lada_Kalina_NFR #Lada_Kalina_NFR_2013_2018 #чехол_Kalina_NFR #тент_Kalina_NFR #для_Lada_Kalina_NFR #чехол_Kalina #тент_Kalina #чехол_хэтчбек #тент_хэтчбек,"1. ТОЧНАЯ СОВМЕСТИМОСТЬ — автомобильный чехол разработан для Lada Kalina NFR, хэтчбек 5-дверный, 2013–2018. Выберите вариант 2XS; контрольные габариты автомобиля: 3965×1700×1465 мм. Перед заказом сверьте модель, кузов и год выпуска.
2. СЕРАЯ ОДНОСЛОЙНАЯ PEVA — лёгкий водоотталкивающий материал помогает защищать кузов от дождя, снега, пыли, пыльцы, листьев и солнечного воздействия во время стоянки.
3. ЦЕЛЬНЫЙ СИЛУЭТ БЕЗ КАРМАНОВ ДЛЯ ЗЕРКАЛ — тент аккуратно ложится по контуру автомобиля, меньше цепляется при хранении и удобен для регулярного использования.
4. ДЛЯ УЛИЦЫ И ГАРАЖА — защитный чехол подходит для двора, открытой парковки, дачи, длительной стоянки и гаража; помогает уменьшить количество пыли, снега и следов осадков на кузове.
5. УСТАНОВКА И УХОД — надевайте чехол на чистый, сухой и остывший автомобиль, расправляйте от крыши к краям; после использования просушите и сложите. Перед установкой удалите острые загрязнения.",,,,,普通PEVA款,货号已与原汇总表对应,按原汇总表货号精确匹配
91,8款定制低价-lada-pirora,LADA独立,"TOZAROA автомобильный чехол-тент для Lada Priora 2013–2018, седан, серый однослойный PEVA, защита от дождя, снега, солнца и пыли, для улицы, парковки и гаража",,,haijudingzhi-dingzhi- priora,haijudingzhi-dingzhi,30*26*6,0.8kg,A,3M,L,,PRIORA-01-A,单层PEVA,Lada Priora,,4350×1680×1420 мм,#чехол_для_автомобиля #тент_для_автомобиля #автомобильный_тент #защитный_чехол_авто #чехол_на_машину #тент_на_машину #чехол_от_дождя #чехол_от_снега #чехол_от_солнца #чехол_от_пыли #уличный_чехол_авто #всесезонный_чехол #водоотталкивающий_чехол #защита_кузова #защита_лакокрасочного #парковка_на_улице #серый_чехол_авто #чехол_PEVA #пылезащитный_тент #чехол_без_карманов #чехол_Lada_Priora #тент_Lada_Priora #Lada_Priora_2013_2018 #чехол_Priora #тент_Priora #для_Lada_Priora #авточехол_Priora #защита_Lada_Priora #чехол_седан #тент_седан,"1. ТОЧНАЯ СОВМЕСТИМОСТЬ — автомобильный чехол разработан для Lada Priora, седан, 2013–2018. Выберите вариант A; контрольные габариты: 4350×1680×1420 мм. Перед заказом сверьте кузов и год выпуска.
2. СЕРАЯ ОДНОСЛОЙНАЯ PEVA — лёгкий водоотталкивающий материал помогает защищать кузов от дождя, снега, пыли, пыльцы, листьев и солнечного воздействия во время стоянки.
3. ЦЕЛЬНЫЙ СИЛУЭТ БЕЗ КАРМАНОВ ДЛЯ ЗЕРКАЛ — тент аккуратно ложится по контуру автомобиля, меньше цепляется при хранении и удобен для регулярного использования.
4. ДЛЯ УЛИЦЫ И ГАРАЖА — подходит для двора, открытой парковки, дачи, длительной стоянки и гаража; помогает уменьшить количество пыли, снега и следов осадков на кузове.
5. УСТАНОВКА И УХОД — надевайте на чистый, сухой и остывший автомобиль, расправляйте от крыши к краям; после использования просушите и сложите.",,,167,,普通PEVA款,货号已与原汇总表对应,按原汇总表货号精确匹配
92,8款定制低价-lada-pirora,LADA独立,"TOZAROA автомобильный чехол-тент для Lada Priora 2007–2013, седан, серый однослойный PEVA, защита от дождя, снега, солнца и пыли, для улицы, парковки и гаража",,,haijudingzhi-dingzhi- priora,haijudingzhi-dingzhi,30*26*6,0.8kg,B,3M,L,,PRIORA-02-B,单层PEVA,Lada Priora,,4350×1680×1420 мм,#чехол_для_автомобиля #тент_для_автомобиля #автомобильный_тент #защитный_чехол_авто #чехол_на_машину #тент_на_машину #чехол_от_дождя #чехол_от_снега #чехол_от_солнца #чехол_от_пыли #уличный_чехол_авто #всесезонный_чехол #водоотталкивающий_чехол #защита_кузова #защита_лакокрасочного #парковка_на_улице #серый_чехол_авто #чехол_PEVA #пылезащитный_тент #чехол_без_карманов #чехол_Lada_Priora #тент_Lada_Priora #Lada_Priora_2007_2013 #чехол_Priora #тент_Priora #для_Lada_Priora #авточехол_Priora #защита_Lada_Priora #чехол_седан #тент_седан,"1. ТОЧНАЯ СОВМЕСТИМОСТЬ — автомобильный чехол разработан для Lada Priora, седан, 2007–2013. Выберите вариант B; контрольные габариты: 4350×1680×1420 мм. Перед заказом сверьте кузов и год выпуска.
2. СЕРАЯ ОДНОСЛОЙНАЯ PEVA — лёгкий водоотталкивающий материал помогает защищать кузов от дождя, снега, пыли, пыльцы, листьев и солнечного воздействия во время стоянки.
3. ЦЕЛЬНЫЙ СИЛУЭТ БЕЗ КАРМАНОВ ДЛЯ ЗЕРКАЛ — тент аккуратно ложится по контуру автомобиля, меньше цепляется при хранении и удобен для регулярного использования.
4. ДЛЯ УЛИЦЫ И ГАРАЖА — подходит для двора, открытой парковки, дачи, длительной стоянки и гаража; помогает уменьшить количество пыли, снега и следов осадков на кузове.
5. УСТАНОВКА И УХОД — надевайте на чистый, сухой и остывший автомобиль, расправляйте от крыши к краям; после использования просушите и сложите.",,,,,普通PEVA款,货号已与原汇总表对应,按原汇总表货号精确匹配
93,8款定制低价-lada-pirora,LADA独立,"TOZAROA автомобильный чехол-тент для Lada Priora 2013–2018, хэтчбек 5-дверный, серый однослойный PEVA, защита от дождя, снега, солнца и пыли, для улицы, парковки и гаража",,,haijudingzhi-dingzhi- priora,haijudingzhi-dingzhi,30*26*6,0.8kg,C,2M,L,,PRIORA-03-C,单层PEVA,Lada Priora,,4210×1680×1435 мм,#чехол_для_автомобиля #тент_для_автомобиля #автомобильный_тент #защитный_чехол_авто #чехол_на_машину #тент_на_машину #чехол_от_дождя #чехол_от_снега #чехол_от_солнца #чехол_от_пыли #уличный_чехол_авто #всесезонный_чехол #водоотталкивающий_чехол #защита_кузова #защита_лакокрасочного #парковка_на_улице #серый_чехол_авто #чехол_PEVA #пылезащитный_тент #чехол_без_карманов #чехол_Lada_Priora #тент_Lada_Priora #Lada_Priora_2013_2018 #чехол_Priora #тент_Priora #для_Lada_Priora #авточехол_Priora #защита_Lada_Priora #чехол_хэтчбек #тент_хэтчбек,"1. ТОЧНАЯ СОВМЕСТИМОСТЬ — автомобильный чехол разработан для Lada Priora, хэтчбек 5-дверный, 2013–2018. Выберите вариант C; контрольные габариты: 4210×1680×1435 мм. Перед заказом сверьте кузов и год выпуска.
2. СЕРАЯ ОДНОСЛОЙНАЯ PEVA — лёгкий водоотталкивающий материал помогает защищать кузов от дождя, снега, пыли, пыльцы, листьев и солнечного воздействия во время стоянки.
3. ЦЕЛЬНЫЙ СИЛУЭТ БЕЗ КАРМАНОВ ДЛЯ ЗЕРКАЛ — тент аккуратно ложится по контуру автомобиля, меньше цепляется при хранении и удобен для регулярного использования.
4. ДЛЯ УЛИЦЫ И ГАРАЖА — подходит для двора, открытой парковки, дачи, длительной стоянки и гаража; помогает уменьшить количество пыли, снега и следов осадков на кузове.
5. УСТАНОВКА И УХОД — надевайте на чистый, сухой и остывший автомобиль, расправляйте от крыши к краям; после использования просушите и сложите.",,,,,普通PEVA款,货号已与原汇总表对应,按原汇总表货号精确匹配
94,8款定制低价-lada-pirora,LADA独立,"TOZAROA автомобильный чехол-тент для Lada Priora 2007–2013, хэтчбек 5-дверный, серый однослойный PEVA, защита от дождя, снега, солнца и пыли, для улицы, парковки и гаража",,,haijudingzhi-dingzhi- priora,haijudingzhi-dingzhi,30*26*6,0.8kg,D,2M,L,,PRIORA-04-D,单层PEVA,Lada Priora,,4210×1680×1420 мм,#чехол_для_автомобиля #тент_для_автомобиля #автомобильный_тент #защитный_чехол_авто #чехол_на_машину #тент_на_машину #чехол_от_дождя #чехол_от_снега #чехол_от_солнца #чехол_от_пыли #уличный_чехол_авто #всесезонный_чехол #водоотталкивающий_чехол #защита_кузова #защита_лакокрасочного #парковка_на_улице #серый_чехол_авто #чехол_PEVA #пылезащитный_тент #чехол_без_карманов #чехол_Lada_Priora #тент_Lada_Priora #Lada_Priora_2007_2013 #чехол_Priora #тент_Priora #для_Lada_Priora #авточехол_Priora #защита_Lada_Priora #чехол_хэтчбек #тент_хэтчбек,"1. ТОЧНАЯ СОВМЕСТИМОСТЬ — автомобильный чехол разработан для Lada Priora, хэтчбек 5-дверный, 2007–2013. Выберите вариант D; контрольные габариты: 4210×1680×1420 мм. Перед заказом сверьте кузов и год выпуска.
2. СЕРАЯ ОДНОСЛОЙНАЯ PEVA — лёгкий водоотталкивающий материал помогает защищать кузов от дождя, снега, пыли, пыльцы, листьев и солнечного воздействия во время стоянки.
3. ЦЕЛЬНЫЙ СИЛУЭТ БЕЗ КАРМАНОВ ДЛЯ ЗЕРКАЛ — тент аккуратно ложится по контуру автомобиля, меньше цепляется при хранении и удобен для регулярного использования.
4. ДЛЯ УЛИЦЫ И ГАРАЖА — подходит для двора, открытой парковки, дачи, длительной стоянки и гаража; помогает уменьшить количество пыли, снега и следов осадков на кузове.
5. УСТАНОВКА И УХОД — надевайте на чистый, сухой и остывший автомобиль, расправляйте от крыши к краям; после использования просушите и сложите.",,,,,普通PEVA款,货号已与原汇总表对应,按原汇总表货号精确匹配
95,8款定制低价-lada-pirora,LADA独立,"TOZAROA автомобильный чехол-тент для Lada Priora 2013–2018, универсал 5-дверный, серый однослойный PEVA, защита от дождя, снега, солнца и пыли, для улицы, парковки и гаража",,,haijudingzhi-dingzhi- priora,haijudingzhi-dingzhi,30*26*6,0.8kg,E,2M,L,,PRIORA-05-E,单层PEVA,Lada Priora,,4340×1680×1508 мм,#чехол_для_автомобиля #тент_для_автомобиля #автомобильный_тент #защитный_чехол_авто #чехол_на_машину #тент_на_машину #чехол_от_дождя #чехол_от_снега #чехол_от_солнца #чехол_от_пыли #уличный_чехол_авто #всесезонный_чехол #водоотталкивающий_чехол #защита_кузова #защита_лакокрасочного #парковка_на_улице #серый_чехол_авто #чехол_PEVA #пылезащитный_тент #чехол_без_карманов #чехол_Lada_Priora #тент_Lada_Priora #Lada_Priora_2013_2018 #чехол_Priora #тент_Priora #для_Lada_Priora #авточехол_Priora #защита_Lada_Priora #чехол_универсал #тент_универсал,"1. ТОЧНАЯ СОВМЕСТИМОСТЬ — автомобильный чехол разработан для Lada Priora, универсал 5-дверный, 2013–2018. Выберите вариант E; контрольные габариты: 4340×1680×1508 мм. Перед заказом сверьте кузов и год выпуска.
2. СЕРАЯ ОДНОСЛОЙНАЯ PEVA — лёгкий водоотталкивающий материал помогает защищать кузов от дождя, снега, пыли, пыльцы, листьев и солнечного воздействия во время стоянки.
3. ЦЕЛЬНЫЙ СИЛУЭТ БЕЗ КАРМАНОВ ДЛЯ ЗЕРКАЛ — тент аккуратно ложится по контуру автомобиля, меньше цепляется при хранении и удобен для регулярного использования.
4. ДЛЯ УЛИЦЫ И ГАРАЖА — подходит для двора, открытой парковки, дачи, длительной стоянки и гаража; помогает уменьшить количество пыли, снега и следов осадков на кузове.
5. УСТАНОВКА И УХОД — надевайте на чистый, сухой и остывший автомобиль, расправляйте от крыши к краям; после использования просушите и сложите.",,,,,普通PEVA款,货号已与原汇总表对应,按原汇总表货号精确匹配
96,8款定制低价-lada-pirora,LADA独立,"TOZAROA автомобильный чехол-тент для Lada Priora 2007–2013, универсал 5-дверный, серый однослойный PEVA, защита от дождя, снега, солнца и пыли, для улицы, парковки и гаража",,,haijudingzhi-dingzhi- priora,haijudingzhi-dingzhi,30*26*6,0.8kg,F,2M,L,,PRIORA-06-F,单层PEVA,Lada Priora,,4330×1680×1508 мм,#чехол_для_автомобиля #тент_для_автомобиля #автомобильный_тент #защитный_чехол_авто #чехол_на_машину #тент_на_машину #чехол_от_дождя #чехол_от_снега #чехол_от_солнца #чехол_от_пыли #уличный_чехол_авто #всесезонный_чехол #водоотталкивающий_чехол #защита_кузова #защита_лакокрасочного #парковка_на_улице #серый_чехол_авто #чехол_PEVA #пылезащитный_тент #чехол_без_карманов #чехол_Lada_Priora #тент_Lada_Priora #Lada_Priora_2007_2013 #чехол_Priora #тент_Priora #для_Lada_Priora #авточехол_Priora #защита_Lada_Priora #чехол_универсал #тент_универсал,"1. ТОЧНАЯ СОВМЕСТИМОСТЬ — автомобильный чехол разработан для Lada Priora, универсал 5-дверный, 2007–2013. Выберите вариант F; контрольные габариты: 4330×1680×1508 мм. Перед заказом сверьте кузов и год выпуска.
2. СЕРАЯ ОДНОСЛОЙНАЯ PEVA — лёгкий водоотталкивающий материал помогает защищать кузов от дождя, снега, пыли, пыльцы, листьев и солнечного воздействия во время стоянки.
3. ЦЕЛЬНЫЙ СИЛУЭТ БЕЗ КАРМАНОВ ДЛЯ ЗЕРКАЛ — тент аккуратно ложится по контуру автомобиля, меньше цепляется при хранении и удобен для регулярного использования.
4. ДЛЯ УЛИЦЫ И ГАРАЖА — подходит для двора, открытой парковки, дачи, длительной стоянки и гаража; помогает уменьшить количество пыли, снега и следов осадков на кузове.
5. УСТАНОВКА И УХОД — надевайте на чистый, сухой и остывший автомобиль, расправляйте от крыши к краям; после использования просушите и сложите.",,,,,普通PEVA款,货号已与原汇总表对应,按原汇总表货号精确匹配
97,8款定制低价-lada-pirora,LADA独立,"TOZAROA автомобильный чехол-тент для Lada Priora 2013–2018, хэтчбек 3-дверный, серый однослойный PEVA, защита от дождя, снега, солнца и пыли, для улицы, парковки и гаража",,,haijudingzhi-dingzhi- priora,haijudingzhi-dingzhi,30*26*6,0.8kg,K,2M,L,,PRIORA-07-K,单层PEVA,Lada Priora,,4243×1680×1435 мм,#чехол_для_автомобиля #тент_для_автомобиля #автомобильный_тент #защитный_чехол_авто #чехол_на_машину #тент_на_машину #чехол_от_дождя #чехол_от_снега #чехол_от_солнца #чехол_от_пыли #уличный_чехол_авто #всесезонный_чехол #водоотталкивающий_чехол #защита_кузова #защита_лакокрасочного #парковка_на_улице #серый_чехол_авто #чехол_PEVA #пылезащитный_тент #чехол_без_карманов #чехол_Lada_Priora #тент_Lada_Priora #Lada_Priora_2013_2018 #чехол_Priora #тент_Priora #для_Lada_Priora #авточехол_Priora #защита_Lada_Priora #чехол_хэтчбек #тент_хэтчбек,"1. ТОЧНАЯ СОВМЕСТИМОСТЬ — автомобильный чехол разработан для Lada Priora, хэтчбек 3-дверный, 2013–2018. Выберите вариант K; контрольные габариты: 4243×1680×1435 мм. Перед заказом сверьте кузов и год выпуска.
2. СЕРАЯ ОДНОСЛОЙНАЯ PEVA — лёгкий водоотталкивающий материал помогает защищать кузов от дождя, снега, пыли, пыльцы, листьев и солнечного воздействия во время стоянки.
3. ЦЕЛЬНЫЙ СИЛУЭТ БЕЗ КАРМАНОВ ДЛЯ ЗЕРКАЛ — тент аккуратно ложится по контуру автомобиля, меньше цепляется при хранении и удобен для регулярного использования.
4. ДЛЯ УЛИЦЫ И ГАРАЖА — подходит для двора, открытой парковки, дачи, длительной стоянки и гаража; помогает уменьшить количество пыли, снега и следов осадков на кузове.
5. УСТАНОВКА И УХОД — надевайте на чистый, сухой и остывший автомобиль, расправляйте от крыши к краям; после использования просушите и сложите.",,,,,普通PEVA款,货号已与原汇总表对应,按原汇总表货号精确匹配
98,8款定制低价-lada-pirora,LADA独立,"TOZAROA автомобильный чехол-тент для Lada Priora 2007–2013, хэтчбек 3-дверный, серый однослойный PEVA, защита от дождя, снега, солнца и пыли, для улицы, парковки и гаража",,,haijudingzhi-dingzhi- priora,haijudingzhi-dingzhi,30*26*6,0.8kg,3XS,2M,L,,PRIORA-08-3XS,单层PEVA,Lada Priora,,4210×1680×1435 мм,#чехол_для_автомобиля #тент_для_автомобиля #автомобильный_тент #защитный_чехол_авто #чехол_на_машину #тент_на_машину #чехол_от_дождя #чехол_от_снега #чехол_от_солнца #чехол_от_пыли #уличный_чехол_авто #всесезонный_чехол #водоотталкивающий_чехол #защита_кузова #защита_лакокрасочного #парковка_на_улице #серый_чехол_авто #чехол_PEVA #пылезащитный_тент #чехол_без_карманов #чехол_Lada_Priora #тент_Lada_Priora #Lada_Priora_2007_2013 #чехол_Priora #тент_Priora #для_Lada_Priora #авточехол_Priora #защита_Lada_Priora #чехол_хэтчбек #тент_хэтчбек,"1. ТОЧНАЯ СОВМЕСТИМОСТЬ — автомобильный чехол разработан для Lada Priora, хэтчбек 3-дверный, 2007–2013. Выберите вариант 3XS; контрольные габариты: 4210×1680×1435 мм. Перед заказом сверьте кузов и год выпуска.
2. СЕРАЯ ОДНОСЛОЙНАЯ PEVA — лёгкий водоотталкивающий материал помогает защищать кузов от дождя, снега, пыли, пыльцы, листьев и солнечного воздействия во время стоянки.
3. ЦЕЛЬНЫЙ СИЛУЭТ БЕЗ КАРМАНОВ ДЛЯ ЗЕРКАЛ — тент аккуратно ложится по контуру автомобиля, меньше цепляется при хранении и удобен для регулярного использования.
4. ДЛЯ УЛИЦЫ И ГАРАЖА — подходит для двора, открытой парковки, дачи, длительной стоянки и гаража; помогает уменьшить количество пыли, снега и следов осадков на кузове.
5. УСТАНОВКА И УХОД — надевайте на чистый, сухой и остывший автомобиль, расправляйте от крыши к краям; после использования просушите и сложите.",,,,,普通PEVA款,货号已与原汇总表对应,按原汇总表货号精确匹配
99,6款定制低价-lada- Largus Wagon,LADA独立,"TOZAROA автомобильный чехол-тент для Lada Largus Wagon 2021–2026, серый однослойный PEVA, защита от дождя, снега, солнца и пыли, для улицы и гаража",,,haijudingzhi-dingzhi-  Largus Wagon,haijudingzhi-dingzhi,30*26*6,0.8kg,A,2M,L,,LARGUS-01-A,单层PEVA,"Lada Largus Wagon 5-door, 2021–2026",,4470×1750×1670 мм(2M),#чехол_для_автомобиля #тент_для_автомобиля #автомобильный_тент #защитный_чехол_авто #чехол_на_машину #тент_на_машину #чехол_от_дождя #чехол_от_снега #чехол_от_солнца #чехол_от_пыли #уличный_чехол_авто #всесезонный_чехол #водоотталкивающий_чехол #защита_кузова #защита_лакокрасочного #парковка_на_улице #серый_чехол_авто #чехол_PEVA #пылезащитный_тент #чехол_без_карманов #чехол_Lada_Largus #тент_Lada_Largus #Lada_Largus_2021_2026 #чехол_Largus_2021_2026 #тент_Largus_2021_2026 #чехол_Wagon #тент_Wagon #чехол_универсал #тент_универсал #для_Lada_Largus,"1. ТОЧНАЯ СОВМЕСТИМОСТЬ — чехол изготовлен для Lada Largus Wagon, кузов универсал, 2021–2026. Индивидуальный SKU: A; габариты автомобиля: 4470×1750×1670 мм. Перед заказом сверьте модель, кузов и год выпуска.
2. СЕРАЯ ОДНОСЛОЙНАЯ PEVA — лёгкий водоотталкивающий материал помогает защитить кузов от дождя, снега, пыли, пыльцы, листьев и солнечного воздействия.
3. ЦЕЛЬНЫЙ КРОЙ БЕЗ КАРМАНОВ ДЛЯ ЗЕРКАЛ — аккуратно закрывает кузов по контуру автомобиля и меньше цепляется при хранении.
4. ДЛЯ УЛИЦЫ И ГАРАЖА — подходит для двора, открытой парковки, дачи, длительной стоянки и гаража; помогает сократить частоту мойки.
5. ПРОСТОЙ УХОД — надевайте на чистый сухой и остывший автомобиль, надёжно фиксируйте, после использования просушите и сложите.",,,167,,普通PEVA款,货号已与原汇总表对应,按原汇总表货号精确匹配
100,6款定制低价-lada- Largus Wagon,LADA独立,"TOZAROA автомобильный чехол-тент для Lada Largus Wagon 2012–2021, серый однослойный PEVA, защита от дождя, снега, солнца и пыли, для улицы и гаража",,,haijudingzhi-dingzhi-  Largus Wagon,haijudingzhi-dingzhi,30*26*6,0.8kg,B,2M,L,,LARGUS-02-B,单层PEVA,"Lada Largus Wagon 5-door, 2012–2021",,4470×1750×1636 мм(2M),#чехол_для_автомобиля #тент_для_автомобиля #автомобильный_тент #защитный_чехол_авто #чехол_на_машину #тент_на_машину #чехол_от_дождя #чехол_от_снега #чехол_от_солнца #чехол_от_пыли #уличный_чехол_авто #всесезонный_чехол #водоотталкивающий_чехол #защита_кузова #защита_лакокрасочного #парковка_на_улице #серый_чехол_авто #чехол_PEVA #пылезащитный_тент #чехол_без_карманов #чехол_Lada_Largus #тент_Lada_Largus #Lada_Largus_2012_2021 #чехол_Largus_2012_2021 #тент_Largus_2012_2021 #чехол_Wagon #тент_Wagon #чехол_универсал #тент_универсал #для_Lada_Largus,"1. ТОЧНАЯ СОВМЕСТИМОСТЬ — чехол изготовлен для Lada Largus Wagon, кузов универсал, 2012–2021. Индивидуальный SKU: B; габариты автомобиля: 4470×1750×1636 мм. Перед заказом сверьте модель, кузов и год выпуска.
2. СЕРАЯ ОДНОСЛОЙНАЯ PEVA — лёгкий водоотталкивающий материал помогает защитить кузов от дождя, снега, пыли, пыльцы, листьев и солнечного воздействия.
3. ЦЕЛЬНЫЙ КРОЙ БЕЗ КАРМАНОВ ДЛЯ ЗЕРКАЛ — аккуратно закрывает кузов по контуру автомобиля и меньше цепляется при хранении.
4. ДЛЯ УЛИЦЫ И ГАРАЖА — подходит для двора, открытой парковки, дачи, длительной стоянки и гаража; помогает сократить частоту мойки.
5. ПРОСТОЙ УХОД — надевайте на чистый сухой и остывший автомобиль, надёжно фиксируйте, после использования просушите и сложите.",,,,,普通PEVA款,货号已与原汇总表对应,按原汇总表货号精确匹配
101,6款定制低价-lada- Largus Wagon,LADA独立,"TOZAROA автомобильный чехол-тент для Lada Largus Cross 2021–2026, серый однослойный PEVA, защита от дождя, снега, солнца и пыли, для улицы и гаража",,,haijudingzhi-dingzhi-  Largus Wagon,haijudingzhi-dingzhi,30*26*6,0.8kg,C,2M,L,,LARGUS-03-C,单层PEVA,"Lada Largus Cross Wagon 5-door, 2021–2026",,4470×1756×1682 мм(2M),#чехол_для_автомобиля #тент_для_автомобиля #автомобильный_тент #защитный_чехол_авто #чехол_на_машину #тент_на_машину #чехол_от_дождя #чехол_от_снега #чехол_от_солнца #чехол_от_пыли #уличный_чехол_авто #всесезонный_чехол #водоотталкивающий_чехол #защита_кузова #защита_лакокрасочного #парковка_на_улице #серый_чехол_авто #чехол_PEVA #пылезащитный_тент #чехол_без_карманов #чехол_Lada_Largus #тент_Lada_Largus #Lada_Largus_2021_2026 #чехол_Largus_2021_2026 #тент_Largus_2021_2026 #чехол_Cross #тент_Cross #чехол_универсал #тент_универсал #для_Lada_Largus,"1. ТОЧНАЯ СОВМЕСТИМОСТЬ — чехол изготовлен для Lada Largus Cross, кузов универсал, 2021–2026. Индивидуальный SKU: C; габариты автомобиля: 4470×1756×1682 мм. Перед заказом сверьте модель, кузов и год выпуска.
2. СЕРАЯ ОДНОСЛОЙНАЯ PEVA — лёгкий водоотталкивающий материал помогает защитить кузов от дождя, снега, пыли, пыльцы, листьев и солнечного воздействия.
3. ЦЕЛЬНЫЙ КРОЙ БЕЗ КАРМАНОВ ДЛЯ ЗЕРКАЛ — аккуратно закрывает кузов по контуру автомобиля и меньше цепляется при хранении.
4. ДЛЯ УЛИЦЫ И ГАРАЖА — подходит для двора, открытой парковки, дачи, длительной стоянки и гаража; помогает сократить частоту мойки.
5. ПРОСТОЙ УХОД — надевайте на чистый сухой и остывший автомобиль, надёжно фиксируйте, после использования просушите и сложите.",,,,,普通PEVA款,货号已与原汇总表对应,按原汇总表货号精确匹配
102,6款定制低价-lada- Largus Wagon,LADA独立,"TOZAROA автомобильный чехол-тент для Lada Largus Cross 2012–2021, серый однослойный PEVA, защита от дождя, снега, солнца и пыли, для улицы и гаража",,,haijudingzhi-dingzhi-  Largus Wagon,haijudingzhi-dingzhi,30*26*6,0.8kg,D,2M,L,,LARGUS-04-D,单层PEVA,"Lada Largus Cross Wagon 5-door, 2012–2021",,4470×1756×1682 мм(2M),#чехол_для_автомобиля #тент_для_автомобиля #автомобильный_тент #защитный_чехол_авто #чехол_на_машину #тент_на_машину #чехол_от_дождя #чехол_от_снега #чехол_от_солнца #чехол_от_пыли #уличный_чехол_авто #всесезонный_чехол #водоотталкивающий_чехол #защита_кузова #защита_лакокрасочного #парковка_на_улице #серый_чехол_авто #чехол_PEVA #пылезащитный_тент #чехол_без_карманов #чехол_Lada_Largus #тент_Lada_Largus #Lada_Largus_2012_2021 #чехол_Largus_2012_2021 #тент_Largus_2012_2021 #чехол_Cross #тент_Cross #чехол_универсал #тент_универсал #для_Lada_Largus,"1. ТОЧНАЯ СОВМЕСТИМОСТЬ — чехол изготовлен для Lada Largus Cross, кузов универсал, 2012–2021. Индивидуальный SKU: D; габариты автомобиля: 4470×1756×1682 мм. Перед заказом сверьте модель, кузов и год выпуска.
2. СЕРАЯ ОДНОСЛОЙНАЯ PEVA — лёгкий водоотталкивающий материал помогает защитить кузов от дождя, снега, пыли, пыльцы, листьев и солнечного воздействия.
3. ЦЕЛЬНЫЙ КРОЙ БЕЗ КАРМАНОВ ДЛЯ ЗЕРКАЛ — аккуратно закрывает кузов по контуру автомобиля и меньше цепляется при хранении.
4. ДЛЯ УЛИЦЫ И ГАРАЖА — подходит для двора, открытой парковки, дачи, длительной стоянки и гаража; помогает сократить частоту мойки.
5. ПРОСТОЙ УХОД — надевайте на чистый сухой и остывший автомобиль, надёжно фиксируйте, после использования просушите и сложите.",,,,,普通PEVA款,货号已与原汇总表对应,按原汇总表货号精确匹配
103,6款定制低价-lada- Largus Wagon,LADA独立,"TOZAROA автомобильный чехол-тент для Lada Largus Cargo Van 2021–2026, серый однослойный PEVA, защита от дождя, снега, солнца и пыли, для улицы и гаража",,,haijudingzhi-dingzhi-  Largus Wagon,haijudingzhi-dingzhi,30*26*6,0.8kg,E,2M,L,,LARGUS-05-E,单层PEVA,"Lada Largus Cargo Van, 2021–2026",,4470×1750×1670 мм(2M),#чехол_для_автомобиля #тент_для_автомобиля #автомобильный_тент #защитный_чехол_авто #чехол_на_машину #тент_на_машину #чехол_от_дождя #чехол_от_снега #чехол_от_солнца #чехол_от_пыли #уличный_чехол_авто #всесезонный_чехол #водоотталкивающий_чехол #защита_кузова #защита_лакокрасочного #парковка_на_улице #серый_чехол_авто #чехол_PEVA #пылезащитный_тент #чехол_без_карманов #чехол_Lada_Largus #тент_Lada_Largus #Lada_Largus_2021_2026 #чехол_Largus_2021_2026 #тент_Largus_2021_2026 #чехол_Cargo_Van #тент_Cargo_Van #чехол_фургон #тент_фургон #для_Lada_Largus,"1. ТОЧНАЯ СОВМЕСТИМОСТЬ — чехол изготовлен для Lada Largus Cargo Van, кузов фургон, 2021–2026. Индивидуальный SKU: E; габариты автомобиля: 4470×1750×1670 мм. Перед заказом сверьте модель, кузов и год выпуска.
2. СЕРАЯ ОДНОСЛОЙНАЯ PEVA — лёгкий водоотталкивающий материал помогает защитить кузов от дождя, снега, пыли, пыльцы, листьев и солнечного воздействия.
3. ЦЕЛЬНЫЙ КРОЙ БЕЗ КАРМАНОВ ДЛЯ ЗЕРКАЛ — аккуратно закрывает кузов по контуру автомобиля и меньше цепляется при хранении.
4. ДЛЯ УЛИЦЫ И ГАРАЖА — подходит для двора, открытой парковки, дачи, длительной стоянки и гаража; помогает сократить частоту мойки.
5. ПРОСТОЙ УХОД — надевайте на чистый сухой и остывший автомобиль, надёжно фиксируйте, после использования просушите и сложите.",,,,,普通PEVA款,货号已与原汇总表对应,按原汇总表货号精确匹配
104,6款定制低价-lada- Largus Wagon,LADA独立,"TOZAROA автомобильный чехол-тент для Lada Largus Cargo Van 2012–2021, серый однослойный PEVA, защита от дождя, снега, солнца и пыли, для улицы и гаража",,,haijudingzhi-dingzhi-  Largus Wagon,haijudingzhi-dingzhi,30*26*6,0.8kg,F,2M,L,,LARGUS-06-F,单层PEVA,"Lada Largus Cargo Van, 2012–2021",,4470×1750×1650 мм(2M),#чехол_для_автомобиля #тент_для_автомобиля #автомобильный_тент #защитный_чехол_авто #чехол_на_машину #тент_на_машину #чехол_от_дождя #чехол_от_снега #чехол_от_солнца #чехол_от_пыли #уличный_чехол_авто #всесезонный_чехол #водоотталкивающий_чехол #защита_кузова #защита_лакокрасочного #парковка_на_улице #серый_чехол_авто #чехол_PEVA #пылезащитный_тент #чехол_без_карманов #чехол_Lada_Largus #тент_Lada_Largus #Lada_Largus_2012_2021 #чехол_Largus_2012_2021 #тент_Largus_2012_2021 #чехол_Cargo_Van #тент_Cargo_Van #чехол_фургон #тент_фургон #для_Lada_Largus,"1. ТОЧНАЯ СОВМЕСТИМОСТЬ — чехол изготовлен для Lada Largus Cargo Van, кузов фургон, 2012–2021. Индивидуальный SKU: F; габариты автомобиля: 4470×1750×1650 мм. Перед заказом сверьте модель, кузов и год выпуска.
2. СЕРАЯ ОДНОСЛОЙНАЯ PEVA — лёгкий водоотталкивающий материал помогает защитить кузов от дождя, снега, пыли, пыльцы, листьев и солнечного воздействия.
3. ЦЕЛЬНЫЙ КРОЙ БЕЗ КАРМАНОВ ДЛЯ ЗЕРКАЛ — аккуратно закрывает кузов по контуру автомобиля и меньше цепляется при хранении.
4. ДЛЯ УЛИЦЫ И ГАРАЖА — подходит для двора, открытой парковки, дачи, длительной стоянки и гаража; помогает сократить частоту мойки.
5. ПРОСТОЙ УХОД — надевайте на чистый сухой и остывший автомобиль, надёжно фиксируйте, после использования просушите и сложите.",,,,,普通PEVA款,货号已与原汇总表对应,按原汇总表货号精确匹配
105,6款定制低价-lada- 2131,LADA独立,"TOZAROA автомобильный чехол-тент для Lada 4x4 2131 Standard 2019–2021, серый однослойный PEVA, защита от дождя, снега, солнца и пыли, для улицы и гаража",,,haijudingzhi-dingzhi-2131,haijudingzhi-dingzhi,30*26*6,0.8kg,A,S,YM,,LADA2131-01-A,单层PEVA,"Lada 4x4 2131 Standard, SUV 5-door, 2019–2021",,4220×1680×1640 мм,#чехол_для_автомобиля #тент_для_автомобиля #автомобильный_тент #защитный_чехол_авто #чехол_на_машину #тент_на_машину #чехол_от_дождя #чехол_от_снега #чехол_от_солнца #чехол_от_пыли #уличный_чехол_авто #всесезонный_чехол #водоотталкивающий_чехол #защита_кузова #защита_лакокрасочного #парковка_на_улице #серый_чехол_авто #чехол_PEVA #пылезащитный_тент #чехол_без_карманов #чехол_Lada_2131 #тент_Lada_2131 #Lada_4x4_2131 #чехол_Lada_4x4 #тент_Lada_4x4 #чехол_внедорожник #тент_внедорожник #чехол_5_дверей #чехол_Standard #Lada_2131_2019_2021,"1. ТОЧНАЯ СОВМЕСТИМОСТЬ — чехол изготовлен для Lada 4x4 2131 Standard, кузов внедорожник 5 дверей, 2019–2021. Индивидуальный SKU: A; габариты автомобиля: 4220×1680×1640 мм. Перед заказом сверьте модель, версию и год выпуска.
2. СЕРАЯ ОДНОСЛОЙНАЯ PEVA — лёгкий водоотталкивающий материал помогает защитить кузов от дождя, снега, пыли, пыльцы, листьев и солнечного воздействия.
3. ЦЕЛЬНЫЙ КРОЙ БЕЗ КАРМАНОВ ДЛЯ ЗЕРКАЛ — аккуратно закрывает кузов по контуру автомобиля и меньше цепляется при хранении.
4. ДЛЯ УЛИЦЫ И ГАРАЖА — подходит для двора, открытой парковки, дачи, длительной стоянки и гаража; помогает сократить частоту мойки.
5. ПРОСТОЙ УХОД — надевайте на чистый сухой и остывший автомобиль, надёжно фиксируйте, после использования просушите и сложите.",,,167,,普通PEVA款,货号已与原汇总表对应,按原汇总表货号精确匹配
106,6款定制低价-lada- 2131,LADA独立,"TOZAROA автомобильный чехол-тент для Lada 4x4 2131 Standard 1993–2019, серый однослойный PEVA, защита от дождя, снега, солнца и пыли, для улицы и гаража",,,haijudingzhi-dingzhi-2131,haijudingzhi-dingzhi,30*26*6,0.8kg,B,S,YM,,LADA2131-02-B,单层PEVA,"Lada 4x4 2131 Standard, SUV 5-door, 1993–2019",,4220×1680×1640 мм,#чехол_для_автомобиля #тент_для_автомобиля #автомобильный_тент #защитный_чехол_авто #чехол_на_машину #тент_на_машину #чехол_от_дождя #чехол_от_снега #чехол_от_солнца #чехол_от_пыли #уличный_чехол_авто #всесезонный_чехол #водоотталкивающий_чехол #защита_кузова #защита_лакокрасочного #парковка_на_улице #серый_чехол_авто #чехол_PEVA #пылезащитный_тент #чехол_без_карманов #чехол_Lada_2131 #тент_Lada_2131 #Lada_4x4_2131 #чехол_Lada_4x4 #тент_Lada_4x4 #чехол_внедорожник #тент_внедорожник #чехол_5_дверей #чехол_Standard #Lada_2131_1993_2019,"1. ТОЧНАЯ СОВМЕСТИМОСТЬ — чехол изготовлен для Lada 4x4 2131 Standard, кузов внедорожник 5 дверей, 1993–2019. Индивидуальный SKU: B; габариты автомобиля: 4220×1680×1640 мм. Перед заказом сверьте модель, версию и год выпуска.
2. СЕРАЯ ОДНОСЛОЙНАЯ PEVA — лёгкий водоотталкивающий материал помогает защитить кузов от дождя, снега, пыли, пыльцы, листьев и солнечного воздействия.
3. ЦЕЛЬНЫЙ КРОЙ БЕЗ КАРМАНОВ ДЛЯ ЗЕРКАЛ — аккуратно закрывает кузов по контуру автомобиля и меньше цепляется при хранении.
4. ДЛЯ УЛИЦЫ И ГАРАЖА — подходит для двора, открытой парковки, дачи, длительной стоянки и гаража; помогает сократить частоту мойки.
5. ПРОСТОЙ УХОД — надевайте на чистый сухой и остывший автомобиль, надёжно фиксируйте, после использования просушите и сложите.",,,,,普通PEVA款,货号已与原汇总表对应,按原汇总表货号精确匹配
107,6款定制低价-lada- 2131,LADA独立,"TOZAROA автомобильный чехол-тент для Lada 4x4 2131 Рысь 1993–2019, серый однослойный PEVA, защита от дождя, снега, солнца и пыли, для улицы и гаража",,,haijudingzhi-dingzhi-2131,haijudingzhi-dingzhi,30*26*6,0.8kg,C,S,YM,,LADA2131-03-C,单层PEVA,"Lada 4x4 2131 Рысь, SUV 5-door, 1993–2019",,4240×1713×1665 мм,#чехол_для_автомобиля #тент_для_автомобиля #автомобильный_тент #защитный_чехол_авто #чехол_на_машину #тент_на_машину #чехол_от_дождя #чехол_от_снега #чехол_от_солнца #чехол_от_пыли #уличный_чехол_авто #всесезонный_чехол #водоотталкивающий_чехол #защита_кузова #защита_лакокрасочного #парковка_на_улице #серый_чехол_авто #чехол_PEVA #пылезащитный_тент #чехол_без_карманов #чехол_Lada_2131 #тент_Lada_2131 #Lada_4x4_2131 #чехол_Lada_4x4 #тент_Lada_4x4 #чехол_внедорожник #тент_внедорожник #чехол_5_дверей #чехол_Рысь #Lada_2131_1993_2019,"1. ТОЧНАЯ СОВМЕСТИМОСТЬ — чехол изготовлен для Lada 4x4 2131 Рысь, кузов внедорожник 5 дверей, 1993–2019. Индивидуальный SKU: C; габариты автомобиля: 4240×1713×1665 мм. Перед заказом сверьте модель, версию и год выпуска.
2. СЕРАЯ ОДНОСЛОЙНАЯ PEVA — лёгкий водоотталкивающий материал помогает защитить кузов от дождя, снега, пыли, пыльцы, листьев и солнечного воздействия.
3. ЦЕЛЬНЫЙ КРОЙ БЕЗ КАРМАНОВ ДЛЯ ЗЕРКАЛ — аккуратно закрывает кузов по контуру автомобиля и меньше цепляется при хранении.
4. ДЛЯ УЛИЦЫ И ГАРАЖА — подходит для двора, открытой парковки, дачи, длительной стоянки и гаража; помогает сократить частоту мойки.
5. ПРОСТОЙ УХОД — надевайте на чистый сухой и остывший автомобиль, надёжно фиксируйте, после использования просушите и сложите.",,,,,普通PEVA款,货号已与原汇总表对应,按原汇总表货号精确匹配
108,6款定制低价-lada- 2131,LADA独立,"TOZAROA автомобильный чехол-тент для Lada 4x4 2131 Бронто-213102 1993–2019, серый однослойный PEVA, защита от дождя, снега, солнца и пыли, для улицы и гаража",,,haijudingzhi-dingzhi-2131,haijudingzhi-dingzhi,30*26*6,0.8kg,D,S,YM,,LADA2131-04-D,单层PEVA,"Lada 4x4 2131 Бронто-213102, SUV 5-door, 1993–2019",,4240×1713×1665 мм,#чехол_для_автомобиля #тент_для_автомобиля #автомобильный_тент #защитный_чехол_авто #чехол_на_машину #тент_на_машину #чехол_от_дождя #чехол_от_снега #чехол_от_солнца #чехол_от_пыли #уличный_чехол_авто #всесезонный_чехол #водоотталкивающий_чехол #защита_кузова #защита_лакокрасочного #парковка_на_улице #серый_чехол_авто #чехол_PEVA #пылезащитный_тент #чехол_без_карманов #чехол_Lada_2131 #тент_Lada_2131 #Lada_4x4_2131 #чехол_Lada_4x4 #тент_Lada_4x4 #чехол_внедорожник #тент_внедорожник #чехол_5_дверей #чехол_Бронто_213102 #Lada_2131_1993_2019,"1. ТОЧНАЯ СОВМЕСТИМОСТЬ — чехол изготовлен для Lada 4x4 2131 Бронто-213102, кузов внедорожник 5 дверей, 1993–2019. Индивидуальный SKU: D; габариты автомобиля: 4240×1713×1665 мм. Перед заказом сверьте модель, версию и год выпуска.
2. СЕРАЯ ОДНОСЛОЙНАЯ PEVA — лёгкий водоотталкивающий материал помогает защитить кузов от дождя, снега, пыли, пыльцы, листьев и солнечного воздействия.
3. ЦЕЛЬНЫЙ КРОЙ БЕЗ КАРМАНОВ ДЛЯ ЗЕРКАЛ — аккуратно закрывает кузов по контуру автомобиля и меньше цепляется при хранении.
4. ДЛЯ УЛИЦЫ И ГАРАЖА — подходит для двора, открытой парковки, дачи, длительной стоянки и гаража; помогает сократить частоту мойки.
5. ПРОСТОЙ УХОД — надевайте на чистый сухой и остывший автомобиль, надёжно фиксируйте, после использования просушите и сложите.",,,,,普通PEVA款,货号已与原汇总表对应,按原汇总表货号精确匹配
109,6款定制低价-lada- 2131,LADA独立,"TOZAROA автомобильный чехол-тент для Lada 4x4 2131 Urban 2019–2021, серый однослойный PEVA, защита от дождя, снега, солнца и пыли, для улицы и гаража",,,haijudingzhi-dingzhi-2131,haijudingzhi-dingzhi,30*26*6,0.8kg,E,S,YM,,LADA2131-05-E,单层PEVA,"Lada 4x4 2131 Urban, SUV 5-door, 2019–2021",,4140×1680×1640 мм,#чехол_для_автомобиля #тент_для_автомобиля #автомобильный_тент #защитный_чехол_авто #чехол_на_машину #тент_на_машину #чехол_от_дождя #чехол_от_снега #чехол_от_солнца #чехол_от_пыли #уличный_чехол_авто #всесезонный_чехол #водоотталкивающий_чехол #защита_кузова #защита_лакокрасочного #парковка_на_улице #серый_чехол_авто #чехол_PEVA #пылезащитный_тент #чехол_без_карманов #чехол_Lada_2131 #тент_Lada_2131 #Lada_4x4_2131 #чехол_Lada_4x4 #тент_Lada_4x4 #чехол_внедорожник #тент_внедорожник #чехол_5_дверей #чехол_Urban #Lada_2131_2019_2021,"1. ТОЧНАЯ СОВМЕСТИМОСТЬ — чехол изготовлен для Lada 4x4 2131 Urban, кузов внедорожник 5 дверей, 2019–2021. Индивидуальный SKU: E; габариты автомобиля: 4140×1680×1640 мм. Перед заказом сверьте модель, версию и год выпуска.
2. СЕРАЯ ОДНОСЛОЙНАЯ PEVA — лёгкий водоотталкивающий материал помогает защитить кузов от дождя, снега, пыли, пыльцы, листьев и солнечного воздействия.
3. ЦЕЛЬНЫЙ КРОЙ БЕЗ КАРМАНОВ ДЛЯ ЗЕРКАЛ — аккуратно закрывает кузов по контуру автомобиля и меньше цепляется при хранении.
4. ДЛЯ УЛИЦЫ И ГАРАЖА — подходит для двора, открытой парковки, дачи, длительной стоянки и гаража; помогает сократить частоту мойки.
5. ПРОСТОЙ УХОД — надевайте на чистый сухой и остывший автомобиль, надёжно фиксируйте, после использования просушите и сложите.",,,,,普通PEVA款,货号已与原汇总表对应,按原汇总表货号精确匹配
110,6款定制低价-lada- 2131,LADA独立,"TOZAROA автомобильный чехол-тент для Lada 4x4 2131 Urban 1993–2019, серый однослойный PEVA, защита от дождя, снега, солнца и пыли, для улицы и гаража",,,haijudingzhi-dingzhi-2131,haijudingzhi-dingzhi,30*26*6,0.8kg,F,S,YM,,LADA2131-06-F,单层PEVA,"Lada 4x4 2131 Urban, SUV 5-door, 1993–2019",,4140×1680×1640 мм,#чехол_для_автомобиля #тент_для_автомобиля #автомобильный_тент #защитный_чехол_авто #чехол_на_машину #тент_на_машину #чехол_от_дождя #чехол_от_снега #чехол_от_солнца #чехол_от_пыли #уличный_чехол_авто #всесезонный_чехол #водоотталкивающий_чехол #защита_кузова #защита_лакокрасочного #парковка_на_улице #серый_чехол_авто #чехол_PEVA #пылезащитный_тент #чехол_без_карманов #чехол_Lada_2131 #тент_Lada_2131 #Lada_4x4_2131 #чехол_Lada_4x4 #тент_Lada_4x4 #чехол_внедорожник #тент_внедорожник #чехол_5_дверей #чехол_Urban #Lada_2131_1993_2019,"1. ТОЧНАЯ СОВМЕСТИМОСТЬ — чехол изготовлен для Lada 4x4 2131 Urban, кузов внедорожник 5 дверей, 1993–2019. Индивидуальный SKU: F; габариты автомобиля: 4140×1680×1640 мм. Перед заказом сверьте модель, версию и год выпуска.
2. СЕРАЯ ОДНОСЛОЙНАЯ PEVA — лёгкий водоотталкивающий материал помогает защитить кузов от дождя, снега, пыли, пыльцы, листьев и солнечного воздействия.
3. ЦЕЛЬНЫЙ КРОЙ БЕЗ КАРМАНОВ ДЛЯ ЗЕРКАЛ — аккуратно закрывает кузов по контуру автомобиля и меньше цепляется при хранении.
4. ДЛЯ УЛИЦЫ И ГАРАЖА — подходит для двора, открытой парковки, дачи, длительной стоянки и гаража; помогает сократить частоту мойки.
5. ПРОСТОЙ УХОД — надевайте на чистый сухой и остывший автомобиль, надёжно фиксируйте, после использования просушите и сложите.",,,,,普通PEVA款,货号已与原汇总表对应,按原汇总表货号精确匹配
111,通用车型低价部分,通用汽车车罩 跨界车/越野车 S 4600×2000×1800mm,"Авточехол-тент TOZAROA для кроссовера и внедорожника, S (4600×2000×1800 мм), водонепроницаемый от снега, дождя, солнца и пыли, для Toyota Land Cruiser Prado, Volkswagen Tiguan, Land Rover Range Rover",,"Toyota
Volkswagen
Land Rover
Lexus
Suzuki
BMW
LADA (ВАЗ)
Hyundai
Jeep
Mercedes-Benz
Kia
Audi
Mini
Subaru
Mitsubishi
Honda
ТагАЗ
Skoda
Nissan
Opel",haijudingzhi-tongyong-rexiao,haijudingzhi-tongyong,30*26*6,0.8kg,S,M,YL,,2026080301,单层PEVA,"Land Cruiser Prado
Tiguan
Range Rover
RAV4
RX
Grand Vitara
X1
2131 (4x4)
Range Rover Evoque
Santa Fe
Grand Cherokee
G-Класс
Tucson
Sportage
Tayron
Q2
Countryman
Forester
Pajero
CR-V
HR-V
X3
Jimny
Tager
Wrangler
Freelander
T-Roc
Kamiq
Terrano
Frontera","   
越野车
 
 ","   
4597×2000×1800 → 4600×2000×1800
 
 ",#авточехолS #тентдлякроссовера #тентдлявнедорожника #4600x2000x1800 #ToyotaLandCruiserPrado #VolkswagenTiguan #LandRoverRangeRover #чехолнаавтомобиль #тентдляавтомобиля #тентнамашину #накидканаавто #водонепроницаемый #отсолнца #отснега #всесезонный #защитаавто #авточехол #чехолдлямашины #чехлынаавтомобиль #тентчехол #защитныйтент #чехолотдождя #автомобильныйчехол #чехолнакузов #зимнийчехол #летнийчехол #чехолотпыли #чехолуниверсальный #PEVA #Tozaroacover,"🎯 Точная посадка и широкий выбор размеров (S: 4600×2000×1800 мм): Универсальный чехол-тент TOZAROA разработан специально для небольших кроссоверов и внедорожников. Идеально подходит для популярных моделей, таких как Toyota Land Cruiser Prado, Volkswagen Tiguan, Land Rover Range Rover и аналогичных по габаритам авто.
🛡️ Всесезонная защита 360°: Надежный барьер для кузова 365 дней в году: эффективно защищает от зимних сугробов, льда, летнего зноя, палящего солнца, осенних дождей, грязи, пыли, древесной смолы и птичьего помета.
💧 100% Водонепроницаемость (PEVA): Чехол выполнен из высококачественного однослойного материала PEVA. Обладает абсолютной водонепроницаемостью, эффективно отталкивает влагу и предотвращает образование ржавчины и коррозии.
☀️ Защита от УФ-лучей и перегрева: Отражает ультрафиолетовые лучи, защищая лакокрасочное покрытие от выгорания, а салон — от чрезмерного нагрева, растрескивания пластика и старения обивки.
⏱️ Легкая установка и компактное хранение: Чехол невероятно легкий — его легко надеть и снять самостоятельно всего за 1 минуту. Не требователен к уходу, моется обычной водой и не занимает много места в багажнике.",150,171,180,888,普通PEVA款,货号已与原汇总表对应,按原汇总表货号精确匹配
112,通用车型低价部分,通用汽车车罩 跨界车/越野车 M 4800×2000×1800mm,"Авточехол-тент TOZAROA для кроссовера и внедорожника, M (4800×2000×1800 мм), водонепроницаемый от снега, дождя, солнца и пыли, для Toyota Land Cruiser, Toyota Land Cruiser Prado, Volkswagen Tiguan",,"Toyota
Volkswagen
BMW
Tank
Land Rover
Mitsubishi
Lexus
Audi
Porsche
Hyundai
Jeep
Mercedes-Benz
Kia
Haval
УАЗ
Nissan
KGM
Subaru
Honda",haijudingzhi-tongyong-rexiao,haijudingzhi-tongyong,30*26*6,0.8kg,M,M,YL,,2026080302,单层PEVA,"Land Cruiser
Land Cruiser Prado
Tiguan
X5
300
Range Rover
RAV4
Pajero
RX
Q5
X1
Cayenne
LX
Santa Fe
Grand Cherokee
G-Класс
Tucson
Sportage
Dargo
GLC
Wrangler
Патриот
Tayron
G-Класс AMG
Murano
Patrol
Defender
Torres
Forester
CR-V",越野车,4826×2000×1800 → 4800×2000×1800,#авточехолM #тентдлякроссовера #тентдлявнедорожника #4800x2000x1800 #ToyotaLandCruiser #ToyotaPrado #VolkswagenTiguan #чехолнаавтомобиль #тентдляавтомобиля #тентнамашину #накидканаавто #водонепроницаемый #отсолнца #отснега #всесезонный #защитаавто #авточехол #чехолдлямашины #чехлынаавтомобиль #тентчехол #защитныйтент #чехолотдождя #автомобильныйчехол #чехолнакузов #зимнийчехол #летнийчехол #чехолотпыли #чехолуниверсальный #PEVA #Tozaroacover,"🎯 Точная посадка и широкий выбор размеров (M: 4800×2000×1800 мм): Чехол TOZAROA размер M идеален для среднеразмерных кроссоверов и внедорожников. Отлично подбирается для Toyota Land Cruiser, Toyota Land Cruiser Prado, Volkswagen Tiguan и других авто соответствующего размера.
🛡️ Всесезонная защита 360°: Эффективно защищает кузов от утреннего снега и наледи зимой, выгорания краски под солнцем летом, проливных дождей, грязи, пыли и мелких царапин круглый год.
💧 100% Водонепроницаемость (PEVA): Однослойный PEVA материал высокого качества обеспечивает 100% водонепроницаемость, надежно предохраняя металлические элементы кузова от коррозии.
☀️ Защита салона и ЛКП: Блокирует УФ-излучение, предотвращая выгорание родной краски, растрескивание торпедо и выцветание кожаной и тканевой обивки сидений.
⏱️ Простая эксплуатация: Надевается и фиксируется за 60 секунд. Легко очищается от грязи влажной тканью и удобно хранится в багажнике.",150,171,180,888,普通PEVA款,货号已与原汇总表对应,按原汇总表货号精确匹配
113,通用车型低价部分,通用汽车车罩 跨界车/越野车 L 5100×2000×1800mm,"Авточехол-тент TOZAROA для кроссовера и внедорожника, размер L, 5100×2000×1800 мм, водонепроницаемый от снега, дождя, солнца и пыли, подходит для Toyota Land Cruiser, Toyota Land Cruiser Prado, BMW X5",,"Toyota
BMW
Land Rover
Mitsubishi
Tank
Lexus
GAC
Audi
Porsche
Hyundai
Jeep
Mercedes-Benz
Cadillac
C
Zeekr
Volkswagen
Voyah
Chevrolet
Ford
GMC",haijudingzhi-tongyong-rexiao,haijudingzhi-tongyong,30*26*6,0.8kg,L,M,YL,,2026080303,单层PEVA,"Land Cruiser
Land Cruiser Prado
X5
Range Rover
Pajero
X3
500
RX
GS8
Q5
Cayenne
LX
Santa Fe
Grand Cherokee
GLC
Escalade
Wrangler
G-Класс AMG
Murano
Patrol
8X
Defender
Teramont
Free
TrailBlazer
Montero
Explorer
Yukon
Pajero Sport
Blazer",越野车,5105×2000×1800 → 5100×2000×1800,#авточехолL #тентдлякроссовера #тентдлявнедорожника #5100x2000x1800 #ToyotaLandCruiser #ToyotaPrado #BMWX5 #чехолнаавтомобиль #тентдляавтомобиля #тентнамашину #накидканаавто #водонепроницаемый #отсолнца #отснега #всесезонный #защитаавто #авточехол #чехолдлямашины #чехлынаавтомобиль #тентчехол #защитныйтент #чехолотдождя #автомобильныйчехол #чехолнакузов #зимнийчехол #летнийчехол #чехолотпыли #чехолуниверсальный #PEVA #Tozaroacover,"🎯 Точная посадка и широкий выбор размеров (L: 5100×2000×1800 мм): Размер L создан для полноразмерных кроссоверов и внедорожников. Подходит для Toyota Land Cruiser, Toyota Land Cruiser Prado, BMW X5 и других автомобилей длиной до 5.1 метра.
🛡️ Всесезонная защита 360°: Безупречная защита 365 дней в году от снежных заносов, сильного града, утреннего льда, палящего солнца, осенней грязи и пыли.
💧 100% Водонепроницаемость (PEVA): Изготовлен из плотного однослойного материала PEVA. Материал полностью гидрофобен, не пропускает влагу к кузову, защищая от сырости и ржавчины.
☀️ Сохранение салона от жары: Не допускает сильного нагревания салона летом, защищая кожаный салон, пластик и электронику от воздействия ультрафиолета.
⏱️ Удобство ежедневного использования: Легко надевается без помощи других людей, складывается в компактный чехол, мытье занимает пару минут.",150,171,180,888,普通PEVA款,货号已与原汇总表对应,按原汇总表货号精确匹配
114,通用车型低价部分,通用汽车车罩 越野车 XL 5300×2000×1900mm,"Авточехол-тент TOZAROA для кроссовера и внедорожника, XL (5300×2000×1900 мм), водонепроницаемый от снега, дождя, солнца и пыли, для Toyota Land Cruiser, Cadillac Escalade, Land Rover Range Rover",,"Toyota
Cadillac
Land Rover
Nissan
Bentley
Zeekr
Lamborghini
GMC
Lincoln
GAC
Jeep
Dodge
Chevrolet
Ford
Aion
Aito
Alpina
BMW
Lynk & Co
Mercedes-Benz
Haval
Li Auto (Lixiang)
BAIC",haijudingzhi-tongyong-rexiao,haijudingzhi-tongyong,30*26*6,0.8kg,XL,L,YXL,,2026080304,单层PEVA,"Land Cruiser
Escalade
Range Rover
Patrol
Bentayga
8X
Sequoia
Urus
Yukon
Navigator
GS8
Grand Cherokee
Durango
Tahoe
Expedition
Pathfinder
Armada
Hummer EV
Hyptec HL
M8
M9
XB7
X7
900
GLS
GL-Класс
H5
L9
BJ90
XM",越野车,5258×2000×1905 → 5300×2000×1900,#авточехолXL #тентдлявнедорожника #5300x2000x1900 #ToyotaLandCruiser #CadillacEscalade #LandRoverRangeRover #чехолнаавтомобиль #тентдляавтомобиля #тентнамашину #накидканаавто #водонепроницаемый #отсолнца #отснега #всесезонный #защитаавто #авточехол #чехолдлямашины #чехлынаавтомобиль #тентчехол #защитныйтент #чехолотдождя #автомобильныйчехол #чехолнакузов #зимнийчехол #летнийчехол #чехолотпыли #чехолуниверсальный #PEVA #Tozaroacover #TOZAROA,"🎯 Точная посадка и широкий выбор размеров (XL: 5300×2000×1900 мм): Размер XL разработан для больших и высоких внедорожников. Идеально накрывает Toyota Land Cruiser, Cadillac Escalade, Land Rover Range Rover и аналогичные крупные авто.
🛡️ Всесезонная защита 360°: Надежный щит кузова от любых капризов погоды: от суровых зимних метелей и наледи до летнего зноя, проливного дождя и пылевых бурь.
💧 100% Водонепроницаемость (PEVA): Качественный однослойный PEVA гарантирует абсолютную водонепроницаемость, надежно оберегая ЛКП от ржавчины и коррозии.
☀️ Защита от УФ и высокой температуры: Отталкивает вредные солнечные лучи, предотвращает выгорание краски и растрескивание элементов торпедо и сидений.
⏱️ Компактность и простота: Несмотря на большой размер, чехол легкий, надевается за 1 минуту, легко чистится и компактно хранятся в багажнике.",150,171,180,888,普通PEVA款,货号已与原汇总表对应,按原汇总表货号精确匹配
115,通用车型低价部分,通用汽车车罩 大型越野车 XXL 5400×2000×2000mm,"Авточехол-тент TOZAROA для кроссовера и внедорожника, размер XXL, 5400×2000×2000 мм, водонепроницаемый от снега, дождя, солнца и пыли, подходит для Cadillac Escalade, Nissan Patrol, Toyota Sequoia",,"Cadillac
Nissan
Toyota
GMC
Lincoln
Chevrolet
BYD
Ford
Land Rover
Bentley
Aito
Buick
Infiniti
Denza
Dodge
Rolls-Royce
Rox
IM Motors (Zhiji)
Isuzu
Mercedes-Benz
Nio",haijudingzhi-tongyong-rexiao,haijudingzhi-tongyong,30*26*6,0.8kg,XXL,XL,YXL,,2026080305,单层PEVA,"Escalade
Patrol
Sequoia
Yukon
Navigator
TrailBlazer
Tahoe
Yangwang U8
Escalade-V
Expedition
Armada
Defender
Bentayga
M9
Enclave
QX80
Datang
QX56
N9
WC series
Cullinan
01
Adamas
Envoy
LS9
Ascender
MKT
Maybach G 650 Landaulet
ES8
ES9",越野车,5436×2000×2000 → 5400×2000×2000,#авточехолXXL #большойвнедорожник #5400x2000x2000 #CadillacEscalade #NissanPatrol #ToyotaSequoia #чехолнаавтомобиль #тентдляавтомобиля #тентнамашину #накидканаавто #водонепроницаемый #отсолнца #отснега #всесезонный #защитаавто #авточехол #чехолдлямашины #чехлынаавтомобиль #тентчехол #защитныйтент #чехолотдождя #автомобильныйчехол #чехолнакузов #зимнийчехол #летнийчехол #чехолотпыли #чехолуниверсальный #PEVA #Tozaroacover #TOZAROA,"🎯 Точная посадка и широкий выбор размеров (XXL: 5400×2000×2000 мм): Размер XXL предназначен для очень больших внедорожников и внедорожников с высокой крышей. Подходит для Cadillac Escalade, Nissan Patrol, Toyota Sequoia и др.
🛡️ Всесезонная защита 360°: 365 дней в году предохраняет кузов от зимних сугробов, наледи, палящего солнца, осенних дождей, птичьего помета и мелкого мусора.
💧 100% Водонепроницаемость (PEVA): Однослойный PEVA премиум-уровня абсолютно не пропускает воду, защищая кузов от влаги и коррозии.
☀️ Защита от солнца: Исключает перегрев салона, предотвращает порчу дорогостоящей кожаной обивки и панели от ультрафиолета.
⏱️ Практичность и удобство: Быстро надевается и снимается, легко мыть влажной тряпкой, не требует особого ухода.",150,171,180,888,普通PEVA款,货号已与原汇总表对应,按原汇总表货号精确匹配
116,通用车型低价部分,通用汽车车罩 加长型越野车 XXXL 5800×2000×2000mm,"Авточехол-тент TOZAROA для кроссовера и внедорожника, XXXL (5800×2000×2000 мм), водонепроницаемый от снега, дождя, солнца и пыли, подходит для Cadillac Escalade, Cadillac Escalade-V, Lincoln Navigator",,"Cadillac
Lincoln
GMC
Ford
Chevrolet
Hongqi
Jeep
Комбат",haijudingzhi-tongyong-rexiao,haijudingzhi-tongyong,30*26*6,0.8kg,XXXL,XL,YXL,,2026080306,单层PEVA,"Escalade
Escalade-V
Navigator
Yukon
Escalade iQ
Expedition
Suburban
Excursion
LS7
Wagoneer
Т98",越野车,5842×2000×2000 → 5800×2000×2000,#авточехолXXXL #удлиненныйвнедорожник #5800x2000x2000 #CadillacEscaladeV #LincolnNavigator #EscaladeESV #чехолнаавтомобиль #тентдляавтомобиля #тентнамашину #накидканаавто #водонепроницаемый #отсолнца #отснега #всесезонный #защитаавто #авточехол #чехолдлямашины #чехлынаавтомобиль #тентчехол #защитныйтент #чехолотдождя #автомобильныйчехол #чехолнакузов #зимнийчехол #летнийчехол #чехолотпыли #чехолуниверсальный #PEVA #Tozaroacover #TOZAROA,"🎯 Точная посадка и широкий выбор размеров (XXXL: 5800×2000×2000 мм): Самый большой размер XXXL создан для длиннобазных и удлиненных внедорожников. Идеален для Cadillac Escalade, Cadillac Escalade-V, Lincoln Navigator и длинных авто.
🛡️ Всесезонная защита 360°: Максимальная защита длинного кузова круглый год: от зимних снегопадов, обледенения, летнего зноя, дождя, грязи и пыли.
💧 100% Водонепроницаемость (PEVA): Выполнен из плотного однослойного PEVA. Полностью блокирует воду, предохраняя лакокрасочное покрытие от влаги.
☀️ Защита премиального салона: Защищает роскошный салон от выгорания под открытым солнцем, сохраняя кожаные элементы и пластик.
⏱️ Легкий уход: Чехол удобно хранить в багажнике, а при загрязнении достаточно протереть влажной тряпкой.",150,171,180,888,普通PEVA款,货号已与原汇总表对应,按原汇总表货号精确匹配
117,通用车型低价部分,通用汽车车罩 紧凑型三厢车 3S 4200×1700×1500mm,"Авточехол-тент TOZAROA для седана и спорткара, размер 3S, 4200×1700×1500 мм, водонепроницаемый от снега, дождя, солнца и пыли, подходит для Volkswagen Polo, Toyota Corolla, Mitsubishi Lancer",,"Volkswagen
Toyota
Mitsubishi
Hyundai
LADA (ВАЗ)
Honda
Peugeot
Audi
Nissan
Mazda
Opel
Kia
Ford
Москвич
SEAT
Chevrolet
Alfa Romeo
Isuzu
Suzuki
Fiat",haijudingzhi-tongyong-rexiao,haijudingzhi-tongyong,30*26*6,0.8kg,3S,3L,L,,2026080307,单层PEVA,"Polo
Corolla
Lancer
Accent
Kalina
Civic
206
80
Sunny
Sprinter
323
Carina
Corsa
Echo
Mirage
Tercel
Kadett
Ascona
Avella
Escort
Laser
400
Cordoba
Metro
33
Pony
Gemini
Cultus
850
Anglia",三厢车/跑车,4191×1700×1500 → 4200×1700×1500,#авточехол3S #тентдляседана #компактныйседан #4200x1700x1500 #VolkswagenPolo #ToyotaCorolla #MitsubishiLancer #чехолнаавтомобиль #тентдляавтомобиля #тентнамашину #накидканаавто #водонепроницаемый #отсолнца #отснега #всесезонный #защитаавто #авточехол #чехолдлямашины #чехлынаавтомобиль #тентчехол #защитныйтент #чехолотдождя #автомобильныйчехол #чехолнакузов #зимнийчехол #летнийчехол #чехолотпыли #чехолуниверсальный #PEVA #Tozaroacover,"🎯 Точная посадка и широкий выбор размеров (3S: 4200×1700×1500 мм): Размер 3S разработан для компактных седанов и купе. Отлично подходит для Volkswagen Polo, Toyota Corolla, Mitsubishi Lancer и аналогичных авто.
🛡️ Всесезонная защита 360°: Надежный барьер 365 дней в году: предотвращает замерзание стекол зимой, выгорание краски летом, защищает от дождя, пыли и грязи.
💧 100% Водонепроницаемость (PEVA): Высококачественный однослойный PEVA отталкивает воду, не позволяя влаге воздействовать на металлический кузов.
☀️ Защита салона: Отражает солнечные лучи, не позволяя торпедо и сиденьям перегреваться и растрескиваться в жаркие летние дни.
⏱️ Легкий и компактный: Надевается за 1 минуту одним человеком, легко очищается от пыли и занимает минимум места в багажнике.",150,171,180,888,普通PEVA款,货号已与原汇总表对应,按原汇总表货号精确匹配
118,通用车型低价部分,通用汽车车罩 三厢车 3M 4500×1700×1500mm,"Авточехол-тент TOZAROA для седана и спорткара, размер 3M, 4500×1700×1500 мм, водонепроницаемый от снега, дождя, солнца и пыли, подходит для LADA Granta, Kia Rio, LADA Vesta",,"LADA (ВАЗ)
Kia
Ford
Volkswagen
BMW
Hyundai
Toyota
Mitsubishi
Renault
C
Audi
Mazda
Chevrolet
Opel
Honda
Daewoo",haijudingzhi-tongyong-rexiao,haijudingzhi-tongyong,30*26*6,0.8kg,3M,3M,L,,2026080308,单层PEVA,"Granta
Rio
Vesta
Focus
Polo
Priora
3 серии
Solaris
Corolla
Passat
Lancer
Logan
C-Класс
2110
Accent
Mondeo
Camry
A4
3
Aveo
Elantra
Astra
Civic
Lacetti
Accord
Cerato
Avensis
Iskra
Nexia
Megane",三厢车/跑车,4521×1700×1500 → 4500×1700×1500,#авточехол3M #тентдляседана #седан #4500x1700x1500 #LADAGranta #KiaRio #LADAVesta #ЛадаГранта #ЛадаВеста #чехолнаавтомобиль #тентдляавтомобиля #тентнамашину #накидканаавто #водонепроницаемый #отсолнца #отснега #всесезонный #защитаавто #авточехол #чехолдлямашины #чехлынаавтомобиль #тентчехол #защитныйтент #чехолотдождя #автомобильныйчехол #чехолнакузов #зимнийчехол #летнийчехол #чехолотпыли #Tozaroacover,"🎯 Точная посадка и широкий выбор размеров (3M: 4500×1700×1500 мм): Размер 3M идеально пошит для популярных седанов B-класса. Безупречно подходит для LADA Granta, Kia Rio, LADA Vesta и других седанов до 4.5 м.
🛡️ Всесезонная защита 360°: Эффективная защита от снега, льда, палящих УФ-лучей, осенней грязи, почек деревьев и птичьего помета.
💧 100% Водонепроницаемость (PEVA): Однослойный PEVA с абсолютной гидрофобностью полностью защищает ЛКП от дождевой воды и предотвращает коррозию.
☀️ Сохранение родного цвета и салона: Не даёт лакокрасочному покрытию выгорать на солнце, поддерживает комфортную температуру в салоне.
⏱️ Простая эксплуатация: Очень легкий чехол, надевается за 60 секунд, легко мыть влажной салфеткой, складывается компактно.",150,171,180,888,普通PEVA款,货号已与原汇总表对应,按原汇总表货号精确匹配
119,通用车型低价部分,通用汽车车罩 三厢车 3L 4700×1700×1500mm,"Авточехол-тент TOZAROA для седана и спорткара, размер 3L, 4700×1700×1500 мм, водонепроницаемый от снега, дождя, солнца и пыли, подходит для BMW 5 серии, Ford Focus, BMW 3 серии",,"BMW
Ford
Toyota
Volkswagen
Mitsubishi
Mazda
Mercedes-Benz
Hyundai
Audi
Chevrolet
Opel
Honda
Kia
Renault
Nissan
Citroen",haijudingzhi-tongyong-rexiao,haijudingzhi-tongyong,30*26*6,0.8kg,3L,3XXL,XLL,,2026080309,单层PEVA,"5 серии
Focus
3 серии
Corolla
Passat
Lancer
6
C-Класс
Accent
Mondeo
Camry
A4
3
Cruze
Elantra
Astra
Civic
Accord
Cerato
Avensis
Megane
Primera
CLA
Vectra
Jetta
Almera
Mark II
C4
100
A3",三厢车/跑车,4699×1700×1500 → 4700×1700×1500,#авточехол3L #тентдляседана #седан3L #4700x1700x1500 #BMW5серии #FordFocus #BMW3серии #BMW5 #BMW3 #чехолнаавтомобиль #тентдляавтомобиля #тентнамашину #накидканаавто #водонепроницаемый #отсолнца #отснега #всесезонный #защитаавто #авточехол #чехолдлямашины #чехлынаавтомобиль #тентчехол #защитныйтент #чехолотдождя #автомобильныйчехол #чехолнакузов #зимнийчехол #летнийчехол #чехолотпыли #Tozaroacover,"🎯 Точная посадка и широкий выбор размеров (3L: 4700×1700×1500 мм): Размер 3L разработан для среднеразмерных седанов. Отлично накрывает BMW 3 серии, BMW 5 серии, Ford Focus седан и авто длиной до 4.7 м.
🛡️ Всесезонная защита 360°: Надежно сохранит ваш седан в идеальном состоянии круглый год: от снежных сугробов, льда, солнца, дождей и грязи.
💧 100% Водонепроницаемость (PEVA): Однослойный материал PEVA не пропускает влагу, предохраняя металлический кузов от появления ржавчины.
☀️ Защита панелей и сидений: Отражает ультрафиолет, предотвращая растрескивание пластика и деформацию обшивки от высокой температуры.
⏱️ Удобство в быту: Чехол быстро надевается одним человеком, легко очищается водой и занимает минимум места.",150,171,180,888,普通PEVA款,货号已与原汇总表对应,按原汇总表货号精确匹配
120,通用车型低价部分,通用汽车车罩 大型三厢车 3XL 4900×1900×1500mm,"Авточехол-тент TOZAROA для седана и спорткара, размер 3XL, 4900×1900×1500 мм, водонепроницаемый от снега, дождя, солнца и пыли, подходит для BMW 5 серии, Mercedes-Benz E-Класс, BMW 3 серии",,"BMW
Mercedes-Benz
Toyota
Volkswagen
Mazda
Audi
Ford
Kia
Hyundai
Honda
Citroen
Opel
Subaru
ГАЗ
Mitsubishi",haijudingzhi-tongyong-rexiao,haijudingzhi-tongyong,30*26*6,0.8kg,3XL,3XXL,XLL,,2026080310,单层PEVA,"5 серии
E-Класс
3 серии
Corolla
Passat
6
A6
C-Класс
Mondeo
Camry
A4
Optima
Elantra
Accord
Avensis
CLA
7 серии
Jetta
i40
Mark II
C4
100
Insignia
Legacy
24 'Волга'
Galant
Crown
C5
3102 'Волга'
W124",三厢车/跑车,4874×1850×1500 → 4900×1900×1500,#авточехол3XL #большойседан #4900x1900x1500 #BMW5серии #MercedesEКласс #BMW3серии #EClass #BMW5 #чехолнаавтомобиль #тентдляавтомобиля #тентнамашину #накидканаавто #водонепроницаемый #отсолнца #отснега #всесезонный #защитаавто #авточехол #чехолдлямашины #чехлынаавтомобиль #тентчехол #защитныйтент #чехолотдождя #автомобильныйчехол #чехолнакузов #зимнийчехол #летнийчехол #чехолотпыли #PEVA #Tozaroacover,"🎯 Точная посадка и широкий выбор размеров (3XL: 4900×1900×1500 мм): Размер 3XL создан для бизнес-седанов и спортивных авто. Идеально сидит на BMW 5 серии, Mercedes-Benz E-Класс, BMW 3 серии и авто до 4.9 м.
🛡️ Всесезонная защита 360°: Полная защита длинного кузова 365 дней в году: от снега, наледи, палящих лучей солнца, дождей, грязи и помета.
💧 100% Водонепроницаемость (PEVA): Качественный PEVA материал не отсыревает, полностью удерживает воду, защищая родное ЛКП.
☀️ Защита салона бизнес-класса: Не дает салону нагреваться, оберегает кожаные сиденья и деревянные/пластиковые вставки от старения.
⏱️ Компактный и легкий: Быстро надевается и снимается, складывается в небольшой чехол для хранения в багажнике.",150,171,180,888,普通PEVA款,货号已与原汇总表对应,按原汇总表货号精确匹配
121,通用车型低价部分,通用汽车车罩 行政级三厢车 3XXL 5300×2000×1500mm,"Авточехол-тент TOZAROA для седана и спорткара, размер 3XXL, 5300×2000×1500 мм, водонепроницаемый от снега, дождя, солнца и пыли, подходит для BMW 5 серии, Mercedes-Benz E-Класс, Audi A6",,"BMW
Mercedes-Benz
Audi
Ford
Toyota
Honda
ГАЗ
Jaguar
Opel
Chrysler
Hongqi
Lexus
Volvo
Porsche
Cadillac
Genesis",haijudingzhi-tongyong-rexiao,haijudingzhi-tongyong,30*26*6,0.8kg,3XXL,3XXL,XLL,,20260803011,单层PEVA,"5 серии
E-Класс
A6
C-Класс
Mondeo
Camry
S-Класс
Accord
7 серии
A8
31105 'Волга'
XF
Crown
CLS
E-Класс AMG
Omega
300C
H9
LS
8 серии
XJ
S90
S-Класс AMG
M5
Taycan
A5
A7
CTS
G90
6 серии",三厢车/跑车,5283×2000×1500 → 5300×2000×1500,#авточехол3XXL #представительскийседан #5300x2000x1500 #BMW5серии #MercedesEКласс #AudiA6 #AudiA6L #EClass #чехолнаавтомобиль #тентдляавтомобиля #тентнамашину #накидканаавто #водонепроницаемый #отсолнца #отснега #всесезонный #защитаавто #авточехол #чехолдлямашины #чехлынаавтомобиль #тентчехол #защитныйтент #чехолотдождя #автомобильныйчехол #чехолнакузов #зимнийчехол #летнийчехол #чехолотпыли #PEVA #Tozaroacover,"🎯 Точная посадка и широкий выбор размеров (3XXL: 5300×2000×1500 мм): Размер 3XXL пошит под представительские и полноразмерные седаны. Подходит для BMW 5 серии, Mercedes-Benz E-Класс, Audi A6 и удлиненных авто.
🛡️ Всесезонная защита 360°: Предотвращает образование наледи зимой, защищает от утреннего снега, палящего солнца, проливного дождя и пыли.
💧 100% Водонепроницаемость (PEVA): Однослойный PEVA премиум-качества гарантирует 100% водонепроницаемость, спасая кузов от коррозии.
☀️ Защита люксового салона: Предохраняет дорогие материалы отделки салона от растрескивания и выгорания под ярким солнцем.
⏱️ Легкий монтаж: Несмотря на большой габарит, надевается за 1 минуту, чистится влажной салфеткой за секунды.",150,171,180,888,普通PEVA款,货号已与原汇总表对应,按原汇总表货号精确匹配
122,通用车型低价部分,通用汽车车罩 加长型三厢车 3XXXL 5500×2000×1500mm,"Авточехол-тент TOZAROA для седана и спорткара, размер 3XXXL, 5500×2000×1500 мм, водонепроницаемый от снега, дождя, солнца и пыли, подходит для Mercedes-Benz S-Класс, BMW 7 серии, Audi A8",,"Mercedes-Benz
BMW
Audi
Rolls-Royce
Genesis
Lincoln
Chevrolet
Bentley
Buick
Hyundai
Hongqi
Ford
Mercury
Aston Martin",haijudingzhi-tongyong-rexiao,haijudingzhi-tongyong,30*26*6,0.8kg,K(3XXXL),3XXL,XLL,,20260803012,单层PEVA,"S-Класс
7 серии
A8
Maybach S-Класс
S-Класс AMG
Ghost
G90
S8
Town Car
Caprice
Arnage
Regal
LeSabre
Equus
S
Impala
Roadmaster
H9
Galaxie
W123
Grand Marquis
Marquis
Lagonda
Lagonda Taraf
Malibu
Brooklands
Continental Flying Spur
Eight
Flying Spur
Turbo R",三厢车/跑车,5537×2000×1500 → 5500×2000×1500,#авточехол3XXXL #удлиненныйседан #5500x2000x1500 #MercedesSКласс #BMW7серии #AudiA8 #SClass #BMW7 #AudiA8L #чехолнаавтомобиль #тентдляавтомобиля #тентнамашину #накидканаавто #водонепроницаемый #отсолнца #отснега #всесезонный #защитаавто #авточехол #чехолдлямашины #чехлынаавтомобиль #тентчехол #защитныйтент #чехолотдождя #автомобильныйчехол #чехолнакузов #зимнийчехол #летнийчехол #чехолотпыли #Tozaroacover,"🎯 Точная посадка и широкий выбор размеров (3XXXL: 5500×2000×1500 мм): Самый длинный размер 3XXXL разработан для длиннобазных флагманских седанов. Идеален для Mercedes-Benz S-Класс, BMW 7 серии, Audi A8 и др.
🛡️ Всесезонная защита 360°: Круглогодичный надежный щит: от заносов снега, обледенения, летней жары, дождя, грязи и следов от птиц.
💧 100% Водонепроницаемость (PEVA): Плотный однослойный PEVA не пропускает воду, защищая кузов от сырости и коррозии.
☀️ Защита флагманского салона: Исключает выгорание премиальной кожи, торпедо и дисплеев под прямым солнечным светом.
⏱️ Удобство использования: Чехол легко складывается, не занимает много места и легко очищается простым смывом воды.",150,171,180,888,普通PEVA款,货号已与原汇总表对应,按原汇总表货号精确匹配
123,通用车型低价部分,通用汽车车罩 紧凑型两厢车 2S 3600×1900×1500mm,"Авточехол-тент TOZAROA для хэтчбека и универсала, размер 2S, 3600×1900×1500 мм, водонепроницаемый от снега, дождя, солнца и пыли, подходит для Daewoo Matiz, Honda Civic, Toyota Yaris",,"Daewoo
Honda
Toyota
LADA (ВАЗ)
Kia
Mercedes-Benz
Peugeot
Volkswagen
Daihatsu
Fiat
Citroen
Suzuki
Geely
Mitsubishi
Wuling
Abarth",haijudingzhi-tongyong-rexiao,haijudingzhi-tongyong,30*26*6,0.8kg,2S,2S,S,,20260803013,单层PEVA,"Matiz
Civic
Yaris
1111 Ока
Picanto
A-Класс
107
Polo
Hijet
Panda
C1
500
Mira
Life
Acty
Aygo
Atrai
Alto
Minicab
Minica
Kei
Mini EV
595
N-One
106
up!
Avella
Vamos",两厢车,3607×1850×1500 → 3600×1900×1500,#авточехол2S #тентдляхэтчбека #компактныйхэтчбек #3600x1900x1500 #DaewooMatiz #HondaCivic #ToyotaYaris #Matiz #чехолнаавтомобиль #тентдляавтомобиля #тентнамашину #накидканаавто #водонепроницаемый #отсолнца #отснега #всесезонный #защитаавто #авточехол #чехолдлямашины #чехлынаавтомобиль #тентчехол #защитныйтент #чехолотдождя #автомобильныйчехол #чехолнакузов #зимнийчехол #летнийчехол #чехолотпыли #чехолуниверсальный #Tozaroacover,"🎯 Точная посадка и широкий выбор размеров (2S: 3600×1900×1500 мм): Размер 2S пошит специально для мини-хэтчбеков и малолитражек. Отлично подходит для Daewoo Matiz, Honda Civic (3dr), Toyota Yaris и компактных авто.
🛡️ Всесезонная защита 360°: Эффективная защита авто 365 дней в году: от снега, льда, летнего зноя, дождя, пыли и грязи.
💧 100% Водонепроницаемость (PEVA): Качественный PEVA материал не пропускает воду, надежно предохраняя кузов от коррозии.
☀️ Защита салона: Защищает маленький салон от моментального превращения в ""парилку"" на солнце, сохраняя пластик.
⏱️ Компактный и легкий: Надевается за несколько секунд, занимает очень мало места, моется простым протиранием.",150,171,180,888,普通PEVA款,货号已与原汇总表对应,按原汇总表货号精确匹配
124,通用车型低价部分,通用汽车车罩 两厢车 2XS 4100×1900×1500mm,"Авточехол-тент TOZAROA для хэтчбека и универсала, размер 2XS, 4100×1900×1500 мм, водонепроницаемый от снега, дождя, солнца и пыли, подходит для Opel Astra, LADA Kalina, Volkswagen Golf",,"Opel
LADA (ВАЗ)
Volkswagen
Hyundai
Skoda
Kia
Nissan
Ford
Toyota
Honda
Chevrolet
Mini
Mitsubishi
Peugeot
Mercedes-Benz
Citroen",haijudingzhi-tongyong-rexiao,haijudingzhi-tongyong,30*26*6,0.9kg,2XS,2XS,M,,20260803014,单层PEVA,"Astra
Kalina
Golf
Getz
2109
Fabia
Solaris
Rio
2104
Note
Corsa
Fiesta
Vitz
Civic
Aveo
Yaris
Hatch
2108
Corolla
Colt
Granta
Polo
206
207
Fit
A-Класс
March
Micra
Lancer
C3",两厢车,4140×1850×1500 → 4100×1900×1500,#авточехол2XS #тентдляхэтчбека #хэтчбек #4100x1900x1500 #OpelAstra #LADAKalina #VolkswagenGolf #Golf #ЛадаКалина #чехолнаавтомобиль #тентдляавтомобиля #тентнамашину #накидканаавто #водонепроницаемый #отсолнца #отснега #всесезонный #защитаавто #авточехол #чехолдлямашины #чехлынаавтомобиль #тентчехол #защитныйтент #чехолотдождя #автомобильныйчехол #чехолнакузов #зимнийчехол #летнийчехол #чехолотпыли #Tozaroacover,"🎯 Точная посадка и широкий выбор размеров (2XS: 4100×1900×1500 мм): Размер 2XS идеален для стандартных городских хэтчбеков. Отлично накрывает Opel Astra, LADA Kalina, Volkswagen Golf и подобные авто до 4.1 м.
🛡️ Всесезонная защита 360°: Полная защита круглый год: от зимних сугробов, наледи, палящего солнца, проливного дождя и грязи.
💧 100% Водонепроницаемость (PEVA): Однослойный PEVA отталкивает влагу, защищая элементы кузова от сырости и ржавчины.
☀️ Сохранение салона: Не допускает перегрева торпедо и сидений, защищая пластик от растрескивания на солнце.
⏱️ Простая эксплуатация: Надевается за 1 минуту, компактно складывается, легко моется обыкновенной водой.",150,171,180,888,普通PEVA款,货号已与原汇总表对应,按原汇总表货号精确匹配
125,通用车型低价部分,通用汽车车罩 两厢车/掀背车 2M 4500×1900×1500mm,"Авточехол-тент TOZAROA для хэтчбека и универсала, размер 2M, 4500×1900×1500 мм, водонепроницаемый от снега, дождя, солнца и пыли, подходит для Skoda Octavia, LADA Granta, Ford Focus",,"Skoda
LADA (ВАЗ)
Ford
Opel
Volkswagen
Kia
Peugeot
Chevrolet
Mazda
Toyota
BMW
Audi
Citroen
Nissan
Hyundai
Honda
Renault",haijudingzhi-tongyong-rexiao,haijudingzhi-tongyong,30*26*6,0.10kg,2M,2L,L,,20260803015,单层PEVA,"Octavia
Granta
Focus
Largus
Astra
Priora
Rapid
Golf
2112
Ceed
Vesta
308
Passat
Lacetti
XRAY
3
Corolla
1 серии
A3
C4
2111
Cruze
Rio
Tiida
i30
Auris
Civic
Iskra
Aveo
Megane",两厢车,4521×1850×1500 → 4500×1900×1500,#авточехол2M #тентдляхэтчбека #хэтчбек2M #4500x1900x1500 #SkodaOctavia #LADAGranta #FordFocus #ЛадаГранта #Октавия #чехолнаавтомобиль #тентдляавтомобиля #тентнамашину #накидканаавто #водонепроницаемый #отсолнца #отснега #всесезонный #защитаавто #авточехол #чехолдлямашины #чехлынаавтомобиль #тентчехол #защитныйтент #чехолотдождя #автомобильныйчехол #чехолнакузов #зимнийчехол #летнийчехол #чехолотпыли #Tozaroacover,"🎯 Точная посадка и широкий выбор размеров (2M: 4500×1900×1500 мм): Размер 2M пошит под среднеразмерные хэтчбеки и лифтбеки. Идеален для Skoda Octavia, LADA Granta (хэтчбек/лифтбек), Ford Focus и авто до 4.5 м.
🛡️ Всесезонная защита 360°: Надежно защитит кузов от снега, обледенения, палящих солнечных лучей, проливного дождя и грязи.
💧 100% Водонепроницаемость (PEVA): Высококачественный PEVA гарантирует абсолютную водонепроницаемость, отталкивая дождевую воду.
☀️ Защита от УФ: Предотвращает выгорание родной краски и растрескивание пластика приборной панели на солнце.
⏱️ Практичность: Легкий и удобный, надевается за 60 секунд, легко очищается от грязи влажной салфеткой.",150,171,180,888,普通PEVA款,货号已与原汇总表对应,按原汇总表货号精确匹配
126,通用车型低价部分,通用汽车车罩 掀背车/旅行车 2L 4800×1900×1600mm,"Авточехол-тент TOZAROA для хэтчбека и универсала, размер 2L, 4800×1900×1600 мм, водонепроницаемый от снега, дождя, солнца и пыли, подходит для Skoda Octavia, Ford Focus, Kia Ceed",,"Skoda
Ford
Kia
Volkswagen
Opel
Honda
Audi
Chevrolet
Toyota
Renault
BMW
Mazda
Citroen
Peugeot
Mercedes-Benz
Subaru
Nissan
Fiat",haijudingzhi-tongyong-rexiao,haijudingzhi-tongyong,30*26*6,0.11kg,2L,2L,L,,20260803016,单层PEVA,"Octavia
Focus
Ceed
Passat
Astra
Stepwgn
Civic
A5
Lacetti
Prius
Megane
5 серии
Touran
A6
A4
3 серии
6
Berlingo
Golf
Partner
Laguna
C-Класс
308
4 серии
Mondeo
Kangoo
Legacy
NV200
Doblo
E-Класс",两厢车,4826×1850×1600 → 4800×1900×1600,#авточехол2L #тентдляуниверсала #универсал #4800x1900x1600 #SkodaOctavia #FordFocus #KiaCeed #Ceed #Октавия #чехолнаавтомобиль #тентдляавтомобиля #тентнамашину #накидканаавто #водонепроницаемый #отсолнца #отснега #всесезонный #защитаавто #авточехол #чехолдлямашины #чехлынаавтомобиль #тентчехол #защитныйтент #чехолотдождя #автомобильныйчехол #чехолнакузов #зимнийчехол #летнийчехол #чехолотпыли #Tozaroacover,"🎯 Точная посадка и широкий выбор размеров (2L: 4800×1900×1600 мм): Размер 2L создан для универсалов и длинных лифтбеков. Подходит для Skoda Octavia Combi, Ford Focus Wagon, Kia Ceed SW и авто до 4.8 м.
🛡️ Всесезонная защита 360°: Всесезонный защитник кузова: от сугробов и наледи зимой, солнечного зноя летом, дождей, грязи и пыли.
💧 100% Водонепроницаемость (PEVA): Однослойный PEVA полностью отталкивает влагу, предотвращая коррозию металла и рейлингов.
☀️ Защита салона: Не даёт салону и багажному отсеку нагреваться, предохраняет обшивки от выгорания на солнце.
⏱️ Удобство: Быстрый монтаж за 1 минуту, легкий уход, не занимает много места при хранении в багажнике.",150,171,180,888,普通PEVA款,货号已与原汇总表对应,按原汇总表货号精确匹配
127,通用车型低价部分,通用汽车车罩 大型旅行车 2XL 5100×1900×1600mm,"Авточехол-тент TOZAROA для хэтчбека и универсала, размер 2XL, 5100×1900×1600 мм, водонепроницаемый от снега, дождя, солнца и пыли, подходит для Volkswagen Passat, Skoda Superb, Honda Stepwgn",,"Volkswagen
Skoda
Honda
Mercedes-Benz
Porsche
BMW
Audi
Opel
Ford
Subaru
Chrysler
Renault
Citroen
Dodge
Peugeot
Kia
Toyota",haijudingzhi-tongyong-rexiao,haijudingzhi-tongyong,30*26*6,0.12kg,2XL,3XL,XL,,20260803017,单层PEVA,"Passat
Superb
Stepwgn
V-Класс
Panamera
5 серии
A6
Insignia
A5
Mondeo
A7
E-Класс
Vito
Outback
Vectra
Viano
Voyager
Talisman
C5
Omega
Caddy
CLS
Caravan
Espace
Arteon
R-Класс
508
Carnival
Passat CC
Crown",两厢车,5080×1850×1600 → 5100×1900×1600,#авточехол2XL #большойуниверсал #5100x1900x1600 #VolkswagenPassat #SkodaSuperb #HondaStepwgn #Passat #Superb #чехолнаавтомобиль #тентдляавтомобиля #тентнамашину #накидканаавто #водонепроницаемый #отсолнца #отснега #всесезонный #защитаавто #авточехол #чехолдлямашины #чехлынаавтомобиль #тентчехол #защитныйтент #чехолотдождя #автомобильныйчехол #чехолнакузов #зимнийчехол #летнийчехол #чехолотпыли #PEVA #Tozaroacover,"🎯 Точная посадка и широкий выбор размеров (2XL: 5100×1900×1600 мм): Размер 2XL пошит для больших универсалов и минивэнов. Идеален для Volkswagen Passat Variant, Skoda Superb Combi, Honda Stepwgn и авто до 5.1 м.
🛡️ Всесезонная защита 360°: Надежный щит круглый год: от снежных заносов, наледи, палящего солнца, осенних дождей, грязи и пыли.
💧 100% Водонепроницаемость (PEVA): Качественный PEVA абсолютно водонепроницаем, защищая всю поверхность кузова от коррозии.
☀️ Защита салона: Отражает ультрафиолетовые лучи, поддерживая комфортную температуру в огромном салоне в жаркую погоду.
⏱️ Легкий уход: Чехол быстро надевается, легко чистится от загрязнений простой водой, компактно хранится.",150,171,180,888,普通PEVA款,货号已与原汇总表对应,按原汇总表货号精确匹配
128,通用车型低价部分,通用汽车车罩 MPV/厢式车 2XXL 5200×2000×1800mm,"Авточехол-тент TOZAROA для хэтчбека и универсала, 2XXL (5200×2000×1800 мм), водонепроницаемый от снега, дождя, солнца и пыли, для Hyundai Grand Starex, Mercedes-Benz V-Класс, Volkswagen Transporter",,"Hyundai
Mercedes-Benz
Volkswagen
Peugeot
Toyota
Fiat
Chrysler
Renault
Opel
Sollers
Porsche
Dodge
Citroen
Wey
Ford
Kia
BMW
Mazda",haijudingzhi-tongyong-rexiao,haijudingzhi-tongyong,30*26*6,0.13kg,2XXL,2XXL,2XXXL525,,20260803018,单层PEVA,"Grand Starex
V-Класс
Transporter
H-1
Partner
HiAce
Caravelle
Vito
Starex
Doblo
Voyager
Trafic
Traveller
Vivaro
Expert
R-Класс
SF1
Panamera
Caravan
SpaceTourer
80
Viano
Tourneo Custom
Carnival
Scudo
M5
Town & Country
Zafira Life
Transit Custom
Bongo",两厢车,5232×1950×1800 → 5200×2000×1800,#авточехол2XXL #тентдляминивэна #5200x2000x1800 #HyundaiGrandStarex #MercedesVКласс #VolkswagenTransporter #Starex #VClass #Transporter #чехолнаавтомобиль #тентдляавтомобиля #тентнамашину #накидканаавто #водонепроницаемый #отсолнца #отснега #всесезонный #защитаавто #авточехол #чехолдлямашины #чехлынаавтомобиль #тентчехол #защитныйтент #чехолотдождя #автомобильныйчехол #чехолнакузов #зимнийчехол #летнийчехол #чехолотпыли #Tozaroacover,"🎯 Точная посадка и широкий выбор размеров (2XXL: 5200×2000×1800 мм): Размер 2XXL пошит специально для минивэнов и микроавтобусов. Идеально закрывает Hyundai Grand Starex, Mercedes-Benz V-Класс, Volkswagen Transporter и высокое авто.
🛡️ Всесезонная защита 360°: Эффективная защита высокого кузова от зимних метелей, наледи, палящего солнца, ливней, пыли и древесной смолы.
💧 100% Водонепроницаемость (PEVA): Однослойный PEVA высокой плотности полностью блокирует воду, спасая кузов и сдвижные двери от коррозии.
☀️ Защита микроавтобуса от жары: Блокирует УФ-лучи, не позволяя нагреваться большому пассажирскому салону и защищая сиденья и торпедо.
⏱️ Удобство использования: Несмотря на размеры для минивэна, чехол легко надевается за счет легкого веса, моется салфеткой, компактен при хранении.",150,171,180,888,普通PEVA款,货号已与原汇总表对应,按原汇总表货号精确匹配
129,通用带耳朵，中客单,通用汽车车罩 跨界车/越野车 S 4600×2000×1800mm,"Авточехол-тент TOZAROA для кроссовера и внедорожника, размер S, 4600×2000×1800 мм, всесезонный водонепроницаемый чехол на автомобиль от снега, дождя, солнца и пыли, подходит для Toyota Land Cruiser Prado, Volkswagen Tiguan, Land Rover Range Rover",,"Toyota
Volkswagen
Land Rover
Lexus
Suzuki
BMW
LADA (ВАЗ)
Hyundai
Jeep
Mercedes-Benz
Kia
Audi
Mini
Subaru
Mitsubishi
Honda
ТагАЗ
Skoda
Nissan
Opel",haijudingzhi-tongyong-daierduo,haijudingzhi-tongyong,48*35*7.5,1.4kg,S,M,YL,,2026081101,PEVA加铝膜（带后视镜耳朵）,"Land Cruiser Prado
Tiguan
Range Rover
RAV4
RX
Grand Vitara
X1
2131 (4x4)
Range Rover Evoque
Santa Fe
Grand Cherokee
G-Класс
Tucson
Sportage
Tayron
Q2
Countryman
Forester
Pajero
CR-V
HR-V
X3
Jimny
Tager
Wrangler
Freelander
T-Roc
Kamiq
Terrano
Frontera",越野车,4597×2000×1800 → 4600×2000×1800,#пылезащитаавто #защита_авто_от_пыли #чехол_на_автомобиль_от_солнца #чехолнамашинуотдождяиснега #чехол_на_автомобиль_от_снега #водонепроницаемый_авто_чехол #чехол_с_зеркалами #авточехолсветоотражающий #чехол_peva #чехол_на_машину_кроссовер #тент_для_кроссовера #чехол_на_кроссовер #тент_для_автомобиля_кроссовер #тентнамашину #тентдляавтомобиля #чехол_зимний_на_машину #чехол_автомобильный_от_снега #чехол_на_авто_зимний #чехол_для_машины_на_кузов #чехол_для_машины_от_дождя #чехол_автомобильный_на_кузов #чехолдляавтозимний #чехолнаавтомобиль #чехол_на_автомобиль_тент #чехолдлямашины #чехол_на_автомобиль_зимний #чехол_для_авто #чехолнамашинууниверсальный #чехолдляавтомобиля #тентыдлямашин,"1. 🛡️ ЗАЩИТА ОТ ЕЖЕДНЕВНЫХ ПРОБЛЕМ. Снег по утрам, пыль после стоянки, следы дождя и перегретый салон больше не должны отнимать ваше время. Этот чехол на автомобиль размера S работает как всесезонный тент для автомобиля при уличной и гаражной стоянке.

2. 💧 ВОДА, СНЕГ, ПЫЛЬ И СОЛНЦЕ. Водонепроницаемый авточехол закрывает кузов от дождя, снега и пыли; такой чехол на машину от дождя и снега также служит как чехол на автомобиль от солнца.

3. ✨ КАРМАНЫ ДЛЯ ЗЕРКАЛ И СВЕТООТРАЖАЮЩИЕ ПОЛОСЫ. Выступающие карманы — «ушки» — повторяют форму боковых зеркал и улучшают посадку, а отражающие полосы делают накрытый автомобиль заметнее в темноте. Это практичное отличие от обычного бесформенного универсального полотна.

4. 📏 РАЗМЕР S ДЛЯ КРОССОВЕРОВ И ВНЕДОРОЖНИКОВ. Габариты чехла 4600×2000×1800 мм; среди подходящих моделей: Land Cruiser Prado, Tiguan, Range Rover. Запрос «чехол на автомобиль кроссовер» соответствует этой группе кузовов, но перед заказом обязательно сравните размеры своего автомобиля с указанными габаритами.

5. ☀️ PEVA С АЛЮМИНИЗИРОВАННЫМ ПОКРЫТИЕМ. Алюминизированный слой отражает солнечные лучи и помогает уменьшить нагрев салона. Материал помогает не пропускать воду и пыль, легко очищается влажной салфеткой и подходит для регулярного всесезонного использования.",160,,165,695,铝膜款（带后视镜耳朵）,货号已与原汇总表对应,按原汇总表货号精确匹配
130,通用带耳朵，中客单,通用汽车车罩 跨界车/越野车 M 4800×2000×1800mm,"Авточехол-тент TOZAROA для кроссовера и внедорожника, размер M, 4800×2000×1800 мм, всесезонный водонепроницаемый чехол на автомобиль от снега, дождя, солнца и пыли, подходит для Toyota Land Cruiser, Toyota Land Cruiser Prado, Volkswagen Tiguan",,"Toyota
Volkswagen
BMW
Tank
Land Rover
Mitsubishi
Lexus
Audi
Porsche
Hyundai
Jeep
Mercedes-Benz
Kia
Haval
УАЗ
Nissan
KGM
Subaru
Honda",haijudingzhi-tongyong-daierduo,haijudingzhi-tongyong,48*35*7.5,1.4kg,M,M,YL,,2026081102,PEVA加铝膜（带后视镜耳朵）,"Land Cruiser
Land Cruiser Prado
Tiguan
X5
300
Range Rover
RAV4
Pajero
RX
Q5
X1
Cayenne
LX
Santa Fe
Grand Cherokee
G-Класс
Tucson
Sportage
Dargo
GLC
Wrangler
Patriot
Tayron
G-Class AMG
Murano
Patrol
Defender
Torres
Forester
CR-V",越野车,4826×2000×1800 → 4800×2000×1800,#пылезащитаавто #защита_авто_от_пыли #чехол_на_автомобиль_от_солнца #чехолнамашинуотдождяиснега #чехол_на_автомобиль_от_снега #водонепроницаемый_авто_чехол #чехол_с_зеркалами #авточехолсветоотражающий #чехол_peva #тент_для_кроссовера #чехол_на_кроссовер #тент_для_автомобиля_кроссовер #на_внедорожник #чехол_автомобильный_от_снега #чехол_на_авто_зимний #чехол_для_машины_на_кузов #чехол_для_машины_от_дождя #чехол_автомобильный_на_кузов #чехолдляавтозимний #чехолнаавтомобиль #чехол_на_автомобиль_тент #чехолдлямашины #чехол_на_автомобиль_зимний #чехол_для_авто #чехолнамашинууниверсальный #чехолдляавтомобиля #тентыдлямашин #чехолдляавто #тент_для_автомобиля #накидканаавтомобиль,"1. 🛡️ ЗАЩИТА ОТ ЕЖЕДНЕВНЫХ ПРОБЛЕМ. Открытая парковка ежедневно оставляет кузов под дождём, снегом, пылью и палящим солнцем. Этот чехол на автомобиль размера M работает как всесезонный тент для автомобиля при уличной и гаражной стоянке.

2. 💧 ВОДА, СНЕГ, ПЫЛЬ И СОЛНЦЕ. Водонепроницаемый авточехол укрывает кузов от дождя, снега и пыли; такой чехол на машину от дождя и снега также служит как чехол на автомобиль от солнца.

3. ✨ КАРМАНЫ ДЛЯ ЗЕРКАЛ И СВЕТООТРАЖАЮЩИЕ ПОЛОСЫ. Выступающие карманы — «ушки» — повторяют форму боковых зеркал и улучшают посадку, а отражающие полосы делают накрытый автомобиль заметнее в темноте. Это практичное отличие от обычного бесформенного универсального полотна.

4. 📏 РАЗМЕР M ДЛЯ КРОССОВЕРОВ И ВНЕДОРОЖНИКОВ. Габариты чехла 4800×2000×1800 мм; среди подходящих моделей: Land Cruiser, Land Cruiser Prado, Tiguan. Запрос «чехол на автомобиль кроссовер» соответствует этой группе кузовов, но перед заказом обязательно сравните размеры своего автомобиля с указанными габаритами.

5. ☀️ PEVA С АЛЮМИНИЗИРОВАННЫМ ПОКРЫТИЕМ. Светоотражающая поверхность снижает воздействие прямого солнца и помогает сохранять салон прохладнее. Материал помогает не пропускать воду и пыль, легко очищается влажной салфеткой и подходит для регулярного всесезонного использования.",,,,,铝膜款（带后视镜耳朵）,货号已与原汇总表对应,按原汇总表货号精确匹配
131,通用带耳朵，中客单,通用汽车车罩 跨界车/越野车 L 5100×2000×1800mm,"Авточехол-тент TOZAROA для кроссовера и внедорожника, размер L, 5100×2000×1800 мм, всесезонный водонепроницаемый чехол на автомобиль от снега, дождя, солнца и пыли, подходит для Toyota Land Cruiser, Toyota Land Cruiser Prado, BMW X5",,"Toyota
BMW
Land Rover
Mitsubishi
Tank
Lexus
GAC
Audi
Porsche
Hyundai
Jeep
Mercedes-Benz
Cadillac
Nissan
Zeekr
Volkswagen
Voyah
Chevrolet
Ford
GMC",haijudingzhi-tongyong-daierduo,haijudingzhi-tongyong,48*35*7.5,1.4kg,L,M,YL,,2026081103,PEVA加铝膜（带后视镜耳朵）,"Land Cruiser
Land Cruiser Prado
X5
Range Rover
Pajero
X3
500
RX
GS8
Q5
Cayenne
LX
Santa Fe
Grand Cherokee
GLC
Escalade
Wrangler
G-Class AMG
Murano
Patrol
8X
Defender
Teramont
Free
TrailBlazer
Montero
Explorer
Yukon
Pajero Sport
Blazer",越野车,5105×2000×1800 → 5100×2000×1800,#пылезащитаавто #защита_авто_от_пыли #чехол_на_автомобиль_от_солнца #чехолнамашинуотдождяиснега #чехол_на_автомобиль_от_снега #водонепроницаемый_авто_чехол #чехол_с_зеркалами #авточехолсветоотражающий #чехол_peva #чехол_на_кроссовер #тент_для_автомобиля_кроссовер #на_внедорожник #чехолнавнедорожник #чехол_для_машины_от_дождя #чехол_автомобильный_на_кузов #чехолдляавтозимний #чехолнаавтомобиль #чехол_на_автомобиль_тент #чехолдлямашины #чехол_на_автомобиль_зимний #чехол_для_авто #чехолнамашинууниверсальный #чехолдляавтомобиля #тентыдлямашин #чехолдляавто #тент_для_автомобиля #накидканаавтомобиль #всесезонныйчехол #тентдлямашины #чехолнаавто,"1. 🛡️ ЗАЩИТА ОТ ЕЖЕДНЕВНЫХ ПРОБЛЕМ. Переменная погода быстро загрязняет кузов и заставляет чаще мыть автомобиль и очищать его от снега. Этот чехол на автомобиль размера L работает как всесезонный тент для автомобиля при уличной и гаражной стоянке.

2. 💧 ВОДА, СНЕГ, ПЫЛЬ И СОЛНЦЕ. Водонепроницаемый авточехол защищает кузов от дождя, снега и пыли; такой чехол на машину от дождя и снега также служит как чехол на автомобиль от солнца.

3. ✨ КАРМАНЫ ДЛЯ ЗЕРКАЛ И СВЕТООТРАЖАЮЩИЕ ПОЛОСЫ. Выступающие карманы — «ушки» — повторяют форму боковых зеркал и улучшают посадку, а отражающие полосы делают накрытый автомобиль заметнее в темноте. Это практичное отличие от обычного бесформенного универсального полотна.

4. 📏 РАЗМЕР L ДЛЯ КРОССОВЕРОВ И ВНЕДОРОЖНИКОВ. Габариты чехла 5100×2000×1800 мм; среди подходящих моделей: Land Cruiser, Land Cruiser Prado, X5. Запрос «чехол на автомобиль кроссовер» соответствует этой группе кузовов, но перед заказом обязательно сравните размеры своего автомобиля с указанными габаритами.

5. ☀️ PEVA С АЛЮМИНИЗИРОВАННЫМ ПОКРЫТИЕМ. Алюминиевое покрытие отражает солнечное тепло, а PEVA не пропускает дождевую влагу. Материал помогает не пропускать воду и пыль, легко очищается влажной салфеткой и подходит для регулярного всесезонного использования.",,,,,铝膜款（带后视镜耳朵）,货号已与原汇总表对应,按原汇总表货号精确匹配
132,通用带耳朵，中客单,通用汽车车罩 越野车 XL 5300×2000×1900mm,"Авточехол-тент TOZAROA для кроссовера и внедорожника, размер XL, 5300×2000×1900 мм, всесезонный водонепроницаемый чехол на автомобиль от снега, дождя, солнца и пыли, подходит для Toyota Land Cruiser, Cadillac Escalade, Land Rover Range Rover",,"Toyota
Cadillac
Land Rover
Nissan
Bentley
Zeekr
Lamborghini
GMC
Lincoln
GAC
Jeep
Dodge
Chevrolet
Ford
Aion
Aito
Alpina
BMW
Lynk & Co
Mercedes-Benz
Haval
Li Auto (Lixiang)
BAIC",haijudingzhi-tongyong-daierduo,haijudingzhi-tongyong,48*35*7.5,1.4kg,XL,L,YXL,,2026081104,PEVA加铝膜（带后视镜耳朵）,"Land Cruiser
Escalade
Range Rover
Patrol
Bentayga
8X
Sequoia
Urus
Yukon
Navigator
GS8
Grand Cherokee
Durango
Tahoe
Expedition
Pathfinder
Armada
Hummer EV
Hyptec HL
M8
M9
XB7
X7
900
GLS
GL-Класс
H5
L9
BJ90
XM",越野车,5258×2000×1905 → 5300×2000×1900,#пылезащитаавто #защита_авто_от_пыли #чехол_на_автомобиль_от_солнца #чехолнамашинуотдождяиснега #чехол_на_автомобиль_от_снега #водонепроницаемый_авто_чехол #чехол_с_зеркалами #авточехолсветоотражающий #чехол_peva #тент_для_автомобиля_кроссовер #на_внедорожник #чехолнавнедорожник #чехол_на_машину_кроссовер #чехолнаавтомобиль #чехол_на_автомобиль_тент #чехолдлямашины #чехол_на_автомобиль_зимний #чехол_для_авто #чехолнамашинууниверсальный #чехолдляавтомобиля #тентыдлямашин #чехолдляавто #тент_для_автомобиля #накидканаавтомобиль #всесезонныйчехол #тентдлямашины #чехолнаавто #чехол_на_кузов_автомобиля #чехол_для_автомобиля_уличный #всесезонный_чехол_на_машину,"1. 🛡️ ЗАЩИТА ОТ ЕЖЕДНЕВНЫХ ПРОБЛЕМ. Длительная стоянка на улице означает влагу, дорожную пыль, снег и прямые солнечные лучи на лакокрасочном покрытии. Этот чехол на автомобиль размера XL работает как всесезонный тент для автомобиля при уличной и гаражной стоянке.

2. 💧 ВОДА, СНЕГ, ПЫЛЬ И СОЛНЦЕ. Водонепроницаемый авточехол создаёт защитный барьер для кузов от дождя, снега и пыли; такой чехол на машину от дождя и снега также служит как чехол на автомобиль от солнца.

3. ✨ КАРМАНЫ ДЛЯ ЗЕРКАЛ И СВЕТООТРАЖАЮЩИЕ ПОЛОСЫ. Выступающие карманы — «ушки» — повторяют форму боковых зеркал и улучшают посадку, а отражающие полосы делают накрытый автомобиль заметнее в темноте. Это практичное отличие от обычного бесформенного универсального полотна.

4. 📏 РАЗМЕР XL ДЛЯ КРОССОВЕРОВ И ВНЕДОРОЖНИКОВ. Габариты чехла 5300×2000×1900 мм; среди подходящих моделей: Land Cruiser, Escalade, Range Rover. Запрос «чехол на автомобиль кроссовер» соответствует этой группе кузовов, но перед заказом обязательно сравните размеры своего автомобиля с указанными габаритами.

5. ☀️ PEVA С АЛЮМИНИЗИРОВАННЫМ ПОКРЫТИЕМ. Комбинация PEVA и алюминиевого слоя объединяет влагозащиту с защитой от прямого солнца. Материал помогает не пропускать воду и пыль, легко очищается влажной салфеткой и подходит для регулярного всесезонного использования.",,,,,铝膜款（带后视镜耳朵）,货号已与原汇总表对应,按原汇总表货号精确匹配
133,通用带耳朵，中客单,通用汽车车罩 大型越野车 XXL 5400×2000×2000mm,"Авточехол-тент TOZAROA для кроссовера и внедорожника, размер XXL, 5400×2000×2000 мм, всесезонный водонепроницаемый чехол на автомобиль от снега, дождя, солнца и пыли, подходит для Cadillac Escalade, Nissan Patrol, Toyota Sequoia",,"Cadillac
Nissan
Toyota
GMC
Lincoln
Chevrolet
BYD
Ford
Land Rover
Bentley
Aito
Buick
Infiniti
Denza
Dodge
Rolls-Royce
Rox
IM Motors (Zhiji)
Isuzu
Mercedes-Benz
Nio",haijudingzhi-tongyong-daierduo,haijudingzhi-tongyong,48*35*7.5,1.4kg,XXL,XL,YXL,,2026081105,PEVA加铝膜（带后视镜耳朵）,"Escalade
Patrol
Sequoia
Yukon
Navigator
TrailBlazer
Tahoe
Yangwang U8
Escalade-V
Expedition
Armada
Defender
Bentayga
M9
Enclave
QX80
Datang
QX56
N9
WC series
Cullinan
01
Adamas
Envoy
LS9
Ascender
MKT
Maybach G 650 Landaulet
ES8
ES9",越野车,5436×2000×2000 → 5400×2000×2000,#пылезащитаавто #защита_авто_от_пыли #чехол_на_автомобиль_от_солнца #чехолнамашинуотдождяиснега #чехол_на_автомобиль_от_снега #водонепроницаемый_авто_чехол #чехол_с_зеркалами #авточехолсветоотражающий #чехол_peva #на_внедорожник #чехолнавнедорожник #чехол_на_машину_кроссовер #тент_для_кроссовера #чехол_на_автомобиль_зимний #чехол_для_авто #чехолнамашинууниверсальный #чехолдляавтомобиля #тентыдлямашин #чехолдляавто #тент_для_автомобиля #накидканаавтомобиль #всесезонныйчехол #тентдлямашины #чехолнаавто #чехол_на_кузов_автомобиля #чехол_для_автомобиля_уличный #всесезонный_чехол_на_машину #чехол_для_авто_кузова #тентнаавто #чехолнамашину,"1. 🛡️ ЗАЩИТА ОТ ЕЖЕДНЕВНЫХ ПРОБЛЕМ. Осадки и пыль оседают на кузове даже во время короткой стоянки, а солнце заметно нагревает салон. Этот чехол на автомобиль размера XXL работает как всесезонный тент для автомобиля при уличной и гаражной стоянке.

2. 💧 ВОДА, СНЕГ, ПЫЛЬ И СОЛНЦЕ. Водонепроницаемый авточехол помогает сохранить чистым кузов от дождя, снега и пыли; такой чехол на машину от дождя и снега также служит как чехол на автомобиль от солнца.

3. ✨ КАРМАНЫ ДЛЯ ЗЕРКАЛ И СВЕТООТРАЖАЮЩИЕ ПОЛОСЫ. Выступающие карманы — «ушки» — повторяют форму боковых зеркал и улучшают посадку, а отражающие полосы делают накрытый автомобиль заметнее в темноте. Это практичное отличие от обычного бесформенного универсального полотна.

4. 📏 РАЗМЕР XXL ДЛЯ КРОССОВЕРОВ И ВНЕДОРОЖНИКОВ. Габариты чехла 5400×2000×2000 мм; среди подходящих моделей: Escalade, Patrol, Sequoia. Запрос «чехол на автомобиль кроссовер» соответствует этой группе кузовов, но перед заказом обязательно сравните размеры своего автомобиля с указанными габаритами.

5. ☀️ PEVA С АЛЮМИНИЗИРОВАННЫМ ПОКРЫТИЕМ. Наружное алюминизированное покрытие отражает свет и помогает ограничить перегрев автомобиля. Материал помогает не пропускать воду и пыль, легко очищается влажной салфеткой и подходит для регулярного всесезонного использования.",,,,,铝膜款（带后视镜耳朵）,货号已与原汇总表对应,按原汇总表货号精确匹配
134,通用带耳朵，中客单,通用汽车车罩 加长型越野车 XXXL 5800×2000×2000mm,"Авточехол-тент TOZAROA для кроссовера и внедорожника, размер XXXL, 5800×2000×2000 мм, всесезонный водонепроницаемый чехол на автомобиль от снега, дождя, солнца и пыли, подходит для Cadillac Escalade, Cadillac Escalade-V, Lincoln Navigator",,"Cadillac
Lincoln
GMC
Ford
Chevrolet
Hongqi
Jeep
Комбат",haijudingzhi-tongyong-daierduo,haijudingzhi-tongyong,48*35*7.5,1.4kg,XXXL,XL,YXL,,2026081106,PEVA加铝膜（带后视镜耳朵）,"Escalade
Escalade-V
Navigator
Yukon
Escalade iQ
Expedition
Suburban
Excursion
LS7
Wagoneer
Т98",越野车,5842×2000×2000 → 5800×2000×2000,#пылезащитаавто #защита_авто_от_пыли #чехол_на_автомобиль_от_солнца #чехолнамашинуотдождяиснега #чехол_на_автомобиль_от_снега #водонепроницаемый_авто_чехол #чехол_с_зеркалами #авточехолсветоотражающий #чехол_peva #чехолнавнедорожник #чехол_на_машину_кроссовер #тент_для_кроссовера #чехол_на_кроссовер #чехолдляавтомобиля #тентыдлямашин #чехолдляавто #тент_для_автомобиля #накидканаавтомобиль #всесезонныйчехол #тентдлямашины #чехолнаавто #чехол_на_кузов_автомобиля #чехол_для_автомобиля_уличный #всесезонный_чехол_на_машину #чехол_для_авто_кузова #тентнаавто #чехолнамашину #чехол_на_машину_всесезонный #зимний_чехол_на_машину #тент_на_автомобиль,"1. 🛡️ ЗАЩИТА ОТ ЕЖЕДНЕВНЫХ ПРОБЛЕМ. Зимой приходится убирать снег, летом — бороться с перегревом, а между сезонами кузов покрывают дождевые следы и пыль. Этот чехол на автомобиль размера XXXL работает как всесезонный тент для автомобиля при уличной и гаражной стоянке.

2. 💧 ВОДА, СНЕГ, ПЫЛЬ И СОЛНЦЕ. Водонепроницаемый авточехол предохраняет кузов от дождя, снега и пыли; такой чехол на машину от дождя и снега также служит как чехол на автомобиль от солнца.

3. ✨ КАРМАНЫ ДЛЯ ЗЕРКАЛ И СВЕТООТРАЖАЮЩИЕ ПОЛОСЫ. Выступающие карманы — «ушки» — повторяют форму боковых зеркал и улучшают посадку, а отражающие полосы делают накрытый автомобиль заметнее в темноте. Это практичное отличие от обычного бесформенного универсального полотна.

4. 📏 РАЗМЕР XXXL ДЛЯ КРОССОВЕРОВ И ВНЕДОРОЖНИКОВ. Габариты чехла 5800×2000×2000 мм; среди подходящих моделей: Escalade, Escalade-V, Navigator. Запрос «чехол на автомобиль кроссовер» соответствует этой группе кузовов, но перед заказом обязательно сравните размеры своего автомобиля с указанными габаритами.

5. ☀️ PEVA С АЛЮМИНИЗИРОВАННЫМ ПОКРЫТИЕМ. PEVA образует водостойкий слой, а алюминизированная сторона отражает солнечные лучи. Материал помогает не пропускать воду и пыль, легко очищается влажной салфеткой и подходит для регулярного всесезонного использования.",,,,,铝膜款（带后视镜耳朵）,货号已与原汇总表对应,按原汇总表货号精确匹配
135,通用带耳朵，中客单,通用汽车车罩 紧凑型三厢车 3S 4200×1700×1500mm,"Авточехол-тент TOZAROA для седана и спорткара, размер 3S, 4200×1700×1500 мм, всесезонный водонепроницаемый чехол на автомобиль от снега, дождя, солнца и пыли, подходит для Volkswagen Polo, Toyota Corolla, Mitsubishi Lancer",,"Volkswagen
Toyota
Mitsubishi
Hyundai
LADA (ВАЗ)
Honda
Peugeot
Audi
Nissan
Mazda
Opel
Kia
Ford
Москвич
SEAT
Chevrolet
Alfa Romeo
Isuzu
Suzuki
Fiat",haijudingzhi-tongyong-daierduo,haijudingzhi-tongyong,48*35*7.5,1.4kg,3S,3L,L,,2026081107,PEVA加铝膜（带后视镜耳朵）,"Polo
Corolla
Lancer
Accent
Kalina
Civic
206
80
Sunny
Sprinter
323
Carina
Corsa
Echo
Mirage
Tercel
Kadett
Ascona
Avella
Escort
Laser
400
Cordoba
Metro
33
Pony
Gemini
Cultus
850
Anglia",三厢车/跑车,4191×1700×1500 → 4200×1700×1500,#пылезащитаавто #защита_авто_от_пыли #чехол_на_автомобиль_от_солнца #чехолнамашинуотдождяиснега #чехол_на_автомобиль_от_снега #водонепроницаемый_авто_чехол #чехол_с_зеркалами #авточехолсветоотражающий #чехол_peva #тент_для_седана #чехолдляседана #тент_для_автомобиля_седан #тентдляседана #тент_для_автомобиля #накидканаавтомобиль #всесезонныйчехол #тентдлямашины #чехолнаавто #чехол_на_кузов_автомобиля #чехол_для_автомобиля_уличный #всесезонный_чехол_на_машину #чехол_для_авто_кузова #тентнаавто #чехолнамашину #чехол_на_машину_всесезонный #зимний_чехол_на_машину #тент_на_автомобиль #чехол_на_автомобиль #авточехолвсесезонный #чехол_тент_для_автомобиля,"1. 🛡️ ЗАЩИТА ОТ ЕЖЕДНЕВНЫХ ПРОБЛЕМ. Снег по утрам, пыль после стоянки, следы дождя и перегретый салон больше не должны отнимать ваше время. Этот чехол на автомобиль размера 3S работает как всесезонный тент для автомобиля при уличной и гаражной стоянке.

2. 💧 ВОДА, СНЕГ, ПЫЛЬ И СОЛНЦЕ. Водонепроницаемый авточехол закрывает кузов от дождя, снега и пыли; такой чехол на машину от дождя и снега также служит как чехол на автомобиль от солнца.

3. ✨ КАРМАНЫ ДЛЯ ЗЕРКАЛ И СВЕТООТРАЖАЮЩИЕ ПОЛОСЫ. Выступающие карманы — «ушки» — повторяют форму боковых зеркал и улучшают посадку, а отражающие полосы делают накрытый автомобиль заметнее в темноте. Это практичное отличие от обычного бесформенного универсального полотна.

4. 📏 РАЗМЕР 3S ДЛЯ СЕДАНОВ И СПОРТКАРОВ. Габариты чехла 4200×1700×1500 мм; среди подходящих моделей: Polo, Corolla, Lancer. Запрос «чехол для автомобиля седан» соответствует этой группе кузовов, но перед заказом обязательно сравните размеры своего автомобиля с указанными габаритами.

5. ☀️ PEVA С АЛЮМИНИЗИРОВАННЫМ ПОКРЫТИЕМ. Алюминизированный слой отражает солнечные лучи и помогает уменьшить нагрев салона. Материал помогает не пропускать воду и пыль, легко очищается влажной салфеткой и подходит для регулярного всесезонного использования.",,,,,铝膜款（带后视镜耳朵）,货号已与原汇总表对应,按原汇总表货号精确匹配
136,通用带耳朵，中客单,通用汽车车罩 三厢车 3M 4500×1700×1500mm,"Авточехол-тент TOZAROA для седана и спорткара, размер 3M, 4500×1700×1500 мм, всесезонный водонепроницаемый чехол на автомобиль от снега, дождя, солнца и пыли, подходит для LADA Granta, Kia Rio, LADA Vesta",,"LADA (ВАЗ)
Kia
Ford
Volkswagen
BMW
Hyundai
Toyota
Mitsubishi
Renault
Mercedes-Benz
Audi
Mazda
Chevrolet
Opel
Honda
Daewoo",haijudingzhi-tongyong-daierduo,haijudingzhi-tongyong,48*35*7.5,1.4kg,3M,3M,L,,2026081108,PEVA加铝膜（带后视镜耳朵）,"Granta
Rio
Vesta
Focus
Polo
Priora
3 серии
Solaris
Corolla
Passat
Lancer
Logan
C-Класс
2110
Accent
Mondeo
Camry
A4
3
Aveo
Elantra
Astra
Civic
Lacetti
Accord
Cerato
Avensis
Iskra
Nexia
Megane",三厢车/跑车,4521×1700×1500 → 4500×1700×1500,#пылезащитаавто #защита_авто_от_пыли #чехол_на_автомобиль_от_солнца #чехолнамашинуотдождяиснега #чехол_на_автомобиль_от_снега #водонепроницаемый_авто_чехол #чехол_с_зеркалами #авточехолсветоотражающий #чехол_peva #чехолдляседана #тент_для_автомобиля_седан #тентдляседана #Чехолнаседан #тентдлямашины #чехолнаавто #чехол_на_кузов_автомобиля #чехол_для_автомобиля_уличный #всесезонный_чехол_на_машину #чехол_для_авто_кузова #тентнаавто #чехолнамашину #чехол_на_машину_всесезонный #зимний_чехол_на_машину #тент_на_автомобиль #чехол_на_автомобиль #авточехолвсесезонный #чехол_тент_для_автомобиля #накидканаавто #тентдляавто #чехол_на_машину,"1. 🛡️ ЗАЩИТА ОТ ЕЖЕДНЕВНЫХ ПРОБЛЕМ. Открытая парковка ежедневно оставляет кузов под дождём, снегом, пылью и палящим солнцем. Этот чехол на автомобиль размера 3M работает как всесезонный тент для автомобиля при уличной и гаражной стоянке.

2. 💧 ВОДА, СНЕГ, ПЫЛЬ И СОЛНЦЕ. Водонепроницаемый авточехол укрывает кузов от дождя, снега и пыли; такой чехол на машину от дождя и снега также служит как чехол на автомобиль от солнца.

3. ✨ КАРМАНЫ ДЛЯ ЗЕРКАЛ И СВЕТООТРАЖАЮЩИЕ ПОЛОСЫ. Выступающие карманы — «ушки» — повторяют форму боковых зеркал и улучшают посадку, а отражающие полосы делают накрытый автомобиль заметнее в темноте. Это практичное отличие от обычного бесформенного универсального полотна.

4. 📏 РАЗМЕР 3M ДЛЯ СЕДАНОВ И СПОРТКАРОВ. Габариты чехла 4500×1700×1500 мм; среди подходящих моделей: Granta, Rio, Vesta. Запрос «чехол для автомобиля седан» соответствует этой группе кузовов, но перед заказом обязательно сравните размеры своего автомобиля с указанными габаритами.

5. ☀️ PEVA С АЛЮМИНИЗИРОВАННЫМ ПОКРЫТИЕМ. Светоотражающая поверхность снижает воздействие прямого солнца и помогает сохранять салон прохладнее. Материал помогает не пропускать воду и пыль, легко очищается влажной салфеткой и подходит для регулярного всесезонного использования.",,,,,铝膜款（带后视镜耳朵）,货号已与原汇总表对应,按原汇总表货号精确匹配
137,通用带耳朵，中客单,通用汽车车罩 三厢车 3L 4700×1700×1500mm,"Авточехол-тент TOZAROA для седана и спорткара, размер 3L, 4700×1700×1500 мм, всесезонный водонепроницаемый чехол на автомобиль от снега, дождя, солнца и пыли, подходит для BMW 5 серии, Ford Focus, BMW 3 серии",,"BMW
Ford
Toyota
Volkswagen
Mitsubishi
Mazda
Mercedes-Benz
Hyundai
Audi
Chevrolet
Opel
Honda
Kia
Renault
Nissan
Citroen",haijudingzhi-tongyong-daierduo,haijudingzhi-tongyong,48*35*7.5,1.4kg,3L,3XXL,XLL,,2026081109,PEVA加铝膜（带后视镜耳朵）,"5 серии
Focus
3 серии
Corolla
Passat
Lancer
6
C-Класс
Accent
Mondeo
Camry
A4
3
Cruze
Elantra
Astra
Civic
Accord
Cerato
Avensis
Megane
Primera
CLA
Vectra
Jetta
Almera
Mark II
C4
100
A3",三厢车/跑车,4699×1700×1500 → 4700×1700×1500,#пылезащитаавто #защита_авто_от_пыли #чехол_на_автомобиль_от_солнца #чехолнамашинуотдождяиснега #чехол_на_автомобиль_от_снега #водонепроницаемый_авто_чехол #чехол_с_зеркалами #авточехолсветоотражающий #чехол_peva #тент_для_автомобиля_седан #тентдляседана #Чехолнаседан #тент_на_седан #чехол_для_автомобиля_уличный #всесезонный_чехол_на_машину #чехол_для_авто_кузова #тентнаавто #чехолнамашину #чехол_на_машину_всесезонный #зимний_чехол_на_машину #тент_на_автомобиль #чехол_на_автомобиль #авточехолвсесезонный #чехол_тент_для_автомобиля #накидканаавто #тентдляавто #чехол_на_машину #тентчехолнаавтомобиль #всесезонный_чехол #тент_чехол_на_автомобиль,"1. 🛡️ ЗАЩИТА ОТ ЕЖЕДНЕВНЫХ ПРОБЛЕМ. Переменная погода быстро загрязняет кузов и заставляет чаще мыть автомобиль и очищать его от снега. Этот чехол на автомобиль размера 3L работает как всесезонный тент для автомобиля при уличной и гаражной стоянке.

2. 💧 ВОДА, СНЕГ, ПЫЛЬ И СОЛНЦЕ. Водонепроницаемый авточехол защищает кузов от дождя, снега и пыли; такой чехол на машину от дождя и снега также служит как чехол на автомобиль от солнца.

3. ✨ КАРМАНЫ ДЛЯ ЗЕРКАЛ И СВЕТООТРАЖАЮЩИЕ ПОЛОСЫ. Выступающие карманы — «ушки» — повторяют форму боковых зеркал и улучшают посадку, а отражающие полосы делают накрытый автомобиль заметнее в темноте. Это практичное отличие от обычного бесформенного универсального полотна.

4. 📏 РАЗМЕР 3L ДЛЯ СЕДАНОВ И СПОРТКАРОВ. Габариты чехла 4700×1700×1500 мм; среди подходящих моделей: 5 серии, Focus, 3 серии. Запрос «чехол для автомобиля седан» соответствует этой группе кузовов, но перед заказом обязательно сравните размеры своего автомобиля с указанными габаритами.

5. ☀️ PEVA С АЛЮМИНИЗИРОВАННЫМ ПОКРЫТИЕМ. Алюминиевое покрытие отражает солнечное тепло, а PEVA не пропускает дождевую влагу. Материал помогает не пропускать воду и пыль, легко очищается влажной салфеткой и подходит для регулярного всесезонного использования.",,,,,铝膜款（带后视镜耳朵）,货号已与原汇总表对应,按原汇总表货号精确匹配
138,通用带耳朵，中客单,通用汽车车罩 大型三厢车 3XL 4900×1900×1500mm,"Авточехол-тент TOZAROA для седана и спорткара, размер 3XL, 4900×1900×1500 мм, всесезонный водонепроницаемый чехол на автомобиль от снега, дождя, солнца и пыли, подходит для BMW 5 серии, Mercedes-Benz E-Класс, BMW 3 серии",,"BMW
Mercedes-Benz
Toyota
Volkswagen
Mazda
Audi
Ford
Kia
Hyundai
Honda
Citroen
Opel
Subaru
ГАЗ
Mitsubishi",haijudingzhi-tongyong-daierduo,haijudingzhi-tongyong,48*35*7.5,1.4kg,3XL,3XXL,XLL,,2026081110,PEVA加铝膜（带后视镜耳朵）,"5 серии
E-Класс
3 серии
Corolla
Passat
6
A6
C-Класс
Mondeo
Camry
A4
Optima
Elantra
Accord
Avensis
CLA
7 серии
Jetta
i40
Mark II
C4
100
Insignia
Legacy
24 'Волга'
Galant
Crown
C5
3102 'Волга'
W124",三厢车/跑车,4874×1850×1500 → 4900×1900×1500,#пылезащитаавто #защита_авто_от_пыли #чехол_на_автомобиль_от_солнца #чехолнамашинуотдождяиснега #чехол_на_автомобиль_от_снега #водонепроницаемый_авто_чехол #чехол_с_зеркалами #авточехолсветоотражающий #чехол_peva #тентдляседана #Чехолнаседан #тент_на_седан #тент_для_седана #тентнаавто #чехолнамашину #чехол_на_машину_всесезонный #зимний_чехол_на_машину #тент_на_автомобиль #чехол_на_автомобиль #авточехолвсесезонный #чехол_тент_для_автомобиля #накидканаавто #тентдляавто #чехол_на_машину #тентчехолнаавтомобиль #всесезонный_чехол #тент_чехол_на_автомобиль #чехол_автомобильный_тент #тентнамашину #тентдляавтомобиля,"1. 🛡️ ЗАЩИТА ОТ ЕЖЕДНЕВНЫХ ПРОБЛЕМ. Длительная стоянка на улице означает влагу, дорожную пыль, снег и прямые солнечные лучи на лакокрасочном покрытии. Этот чехол на автомобиль размера 3XL работает как всесезонный тент для автомобиля при уличной и гаражной стоянке.

2. 💧 ВОДА, СНЕГ, ПЫЛЬ И СОЛНЦЕ. Водонепроницаемый авточехол создаёт защитный барьер для кузов от дождя, снега и пыли; такой чехол на машину от дождя и снега также служит как чехол на автомобиль от солнца.

3. ✨ КАРМАНЫ ДЛЯ ЗЕРКАЛ И СВЕТООТРАЖАЮЩИЕ ПОЛОСЫ. Выступающие карманы — «ушки» — повторяют форму боковых зеркал и улучшают посадку, а отражающие полосы делают накрытый автомобиль заметнее в темноте. Это практичное отличие от обычного бесформенного универсального полотна.

4. 📏 РАЗМЕР 3XL ДЛЯ СЕДАНОВ И СПОРТКАРОВ. Габариты чехла 4900×1900×1500 мм; среди подходящих моделей: 5 серии, E-Класс, 3 серии. Запрос «чехол для автомобиля седан» соответствует этой группе кузовов, но перед заказом обязательно сравните размеры своего автомобиля с указанными габаритами.

5. ☀️ PEVA С АЛЮМИНИЗИРОВАННЫМ ПОКРЫТИЕМ. Комбинация PEVA и алюминиевого слоя объединяет влагозащиту с защитой от прямого солнца. Материал помогает не пропускать воду и пыль, легко очищается влажной салфеткой и подходит для регулярного всесезонного использования.",,,,,铝膜款（带后视镜耳朵）,货号已与原汇总表对应,按原汇总表货号精确匹配
139,通用带耳朵，中客单,通用汽车车罩 行政级三厢车 3XXL 5300×2000×1500mm,"Авточехол-тент TOZAROA для седана и спорткара, размер 3XXL, 5300×2000×1500 мм, всесезонный водонепроницаемый чехол на автомобиль от снега, дождя, солнца и пыли, подходит для BMW 5 серии, Mercedes-Benz E-Класс, Audi A6",,"BMW
Mercedes-Benz
Audi
Ford
Toyota
Honda
ГАЗ
Jaguar
Opel
Chrysler
Hongqi
Lexus
Volvo
Porsche
Cadillac
Genesis",haijudingzhi-tongyong-daierduo,haijudingzhi-tongyong,48*35*7.5,1.4kg,3XXL,3XXL,XLL,,2026081111,PEVA加铝膜（带后视镜耳朵）,"5 серии
E-Класс
A6
C-Класс
Mondeo
Camry
S-Класс
Accord
7 серии
A8
31105 'Волга'
XF
Crown
CLS
E-Класс AMG
Omega
300C
H9
LS
8 серии
XJ
S90
S-Класс AMG
M5
Taycan
A5
A7
CTS
G90
6 серии",三厢车/跑车,5283×2000×1500 → 5300×2000×1500,#пылезащитаавто #защита_авто_от_пыли #чехол_на_автомобиль_от_солнца #чехолнамашинуотдождяиснега #чехол_на_автомобиль_от_снега #водонепроницаемый_авто_чехол #чехол_с_зеркалами #авточехолсветоотражающий #чехол_peva #Чехолнаседан #тент_на_седан #тент_для_седана #чехолдляседана #зимний_чехол_на_машину #тент_на_автомобиль #чехол_на_автомобиль #авточехолвсесезонный #чехол_тент_для_автомобиля #накидканаавто #тентдляавто #чехол_на_машину #тентчехолнаавтомобиль #всесезонный_чехол #тент_чехол_на_автомобиль #чехол_автомобильный_тент #тентнамашину #тентдляавтомобиля #чехол_зимний_на_машину #чехол_автомобильный_от_снега #чехол_на_авто_зимний,"1. 🛡️ ЗАЩИТА ОТ ЕЖЕДНЕВНЫХ ПРОБЛЕМ. Осадки и пыль оседают на кузове даже во время короткой стоянки, а солнце заметно нагревает салон. Этот чехол на автомобиль размера 3XXL работает как всесезонный тент для автомобиля при уличной и гаражной стоянке.

2. 💧 ВОДА, СНЕГ, ПЫЛЬ И СОЛНЦЕ. Водонепроницаемый авточехол помогает сохранить чистым кузов от дождя, снега и пыли; такой чехол на машину от дождя и снега также служит как чехол на автомобиль от солнца.

3. ✨ КАРМАНЫ ДЛЯ ЗЕРКАЛ И СВЕТООТРАЖАЮЩИЕ ПОЛОСЫ. Выступающие карманы — «ушки» — повторяют форму боковых зеркал и улучшают посадку, а отражающие полосы делают накрытый автомобиль заметнее в темноте. Это практичное отличие от обычного бесформенного универсального полотна.

4. 📏 РАЗМЕР 3XXL ДЛЯ СЕДАНОВ И СПОРТКАРОВ. Габариты чехла 5300×2000×1500 мм; среди подходящих моделей: 5 серии, E-Класс, A6. Запрос «чехол для автомобиля седан» соответствует этой группе кузовов, но перед заказом обязательно сравните размеры своего автомобиля с указанными габаритами.

5. ☀️ PEVA С АЛЮМИНИЗИРОВАННЫМ ПОКРЫТИЕМ. Наружное алюминизированное покрытие отражает свет и помогает ограничить перегрев автомобиля. Материал помогает не пропускать воду и пыль, легко очищается влажной салфеткой и подходит для регулярного всесезонного использования.",,,,,铝膜款（带后视镜耳朵）,货号已与原汇总表对应,按原汇总表货号精确匹配
140,通用带耳朵，中客单,通用汽车车罩 加长型三厢车 3XXXL 5500×2000×1500mm,"Авточехол-тент TOZAROA для седана и спорткара, размер 3XXXL, 5500×2000×1500 мм, всесезонный водонепроницаемый чехол на автомобиль от снега, дождя, солнца и пыли, подходит для Mercedes-Benz S-Класс, BMW 7 серии, Audi A8",,"Mercedes-Benz
BMW
Audi
Rolls-Royce
Genesis
Lincoln
Chevrolet
Bentley
Buick
Hyundai
Hongqi
Ford
Mercury
Aston Martin",haijudingzhi-tongyong-daierduo,haijudingzhi-tongyong,48*35*7.5,1.4kg,3XXXL,3XXL,XLL,,2026081112,PEVA加铝膜（带后视镜耳朵）,"S-Класс
7 серии
A8
Maybach S-Класс
S-Класс AMG
Ghost
G90
S8
Town Car
Caprice
Arnage
Regal
LeSabre
Equus
S
Impala
Roadmaster
H9
Galaxie
W123
Grand Marquis
Marquis
Lagonda
Lagonda Taraf
Malibu
Brooklands
Continental Flying Spur
Eight
Flying Spur
Turbo R",三厢车/跑车,5537×2000×1500 → 5500×2000×1500,#пылезащитаавто #защита_авто_от_пыли #чехол_на_автомобиль_от_солнца #чехолнамашинуотдождяиснега #чехол_на_автомобиль_от_снега #водонепроницаемый_авто_чехол #чехол_с_зеркалами #авточехолсветоотражающий #чехол_peva #тент_на_седан #тент_для_седана #чехолдляседана #тент_для_автомобиля_седан #авточехолвсесезонный #чехол_тент_для_автомобиля #накидканаавто #тентдляавто #чехол_на_машину #тентчехолнаавтомобиль #всесезонный_чехол #тент_чехол_на_автомобиль #чехол_автомобильный_тент #тентнамашину #тентдляавтомобиля #чехол_зимний_на_машину #чехол_автомобильный_от_снега #чехол_на_авто_зимний #чехол_для_машины_на_кузов #чехол_для_машины_от_дождя #чехол_автомобильный_на_кузов,"1. 🛡️ ЗАЩИТА ОТ ЕЖЕДНЕВНЫХ ПРОБЛЕМ. Зимой приходится убирать снег, летом — бороться с перегревом, а между сезонами кузов покрывают дождевые следы и пыль. Этот чехол на автомобиль размера 3XXXL работает как всесезонный тент для автомобиля при уличной и гаражной стоянке.

2. 💧 ВОДА, СНЕГ, ПЫЛЬ И СОЛНЦЕ. Водонепроницаемый авточехол предохраняет кузов от дождя, снега и пыли; такой чехол на машину от дождя и снега также служит как чехол на автомобиль от солнца.

3. ✨ КАРМАНЫ ДЛЯ ЗЕРКАЛ И СВЕТООТРАЖАЮЩИЕ ПОЛОСЫ. Выступающие карманы — «ушки» — повторяют форму боковых зеркал и улучшают посадку, а отражающие полосы делают накрытый автомобиль заметнее в темноте. Это практичное отличие от обычного бесформенного универсального полотна.

4. 📏 РАЗМЕР 3XXXL ДЛЯ СЕДАНОВ И СПОРТКАРОВ. Габариты чехла 5500×2000×1500 мм; среди подходящих моделей: S-Класс, 7 серии, A8. Запрос «чехол для автомобиля седан» соответствует этой группе кузовов, но перед заказом обязательно сравните размеры своего автомобиля с указанными габаритами.

5. ☀️ PEVA С АЛЮМИНИЗИРОВАННЫМ ПОКРЫТИЕМ. PEVA образует водостойкий слой, а алюминизированная сторона отражает солнечные лучи. Материал помогает не пропускать воду и пыль, легко очищается влажной салфеткой и подходит для регулярного всесезонного использования.",,,,,铝膜款（带后视镜耳朵）,货号已与原汇总表对应,按原汇总表货号精确匹配
141,通用带耳朵，中客单,通用汽车车罩 紧凑型两厢车 2S 3600×1900×1500mm,"Авточехол-тент TOZAROA для хэтчбека, лифтбека и универсала, размер 2S, 3600×1900×1500 мм, всесезонный водонепроницаемый чехол на автомобиль от снега, дождя, солнца и пыли, подходит для Daewoo Matiz, Honda Civic, Toyota Yaris",,"Daewoo
Honda
Toyota
LADA (ВАЗ)
Kia
Mercedes-Benz
Peugeot
Volkswagen
Daihatsu
Fiat
Citroen
Suzuki
Geely
Mitsubishi
Wuling
Abarth",haijudingzhi-tongyong-daierduo,haijudingzhi-tongyong,48*35*7.5,1.4kg,2S,2S,S,,2026081113,PEVA加铝膜（带后视镜耳朵）,"Matiz
Civic
Yaris
1111 Ока
Picanto
A-Класс
107
Polo
Hijet
Panda
C1
500
Mira
Life
Acty
Aygo
Atrai
Alto
Minicab
Minica
Kei
Mini EV
595
N-One
106
up!
Avella
Vamos",两厢车,3607×1850×1500 → 3600×1900×1500,#пылезащитаавто #защита_авто_от_пыли #чехол_на_автомобиль_от_солнца #чехолнамашинуотдождяиснега #чехол_на_автомобиль_от_снега #водонепроницаемый_авто_чехол #чехол_с_зеркалами #авточехолсветоотражающий #чехол_peva #тент_на_хэтчбек #тентчехолнаавтомобильхэтчбек #хэтчбек_чехол_для_авто #Чехол_для_хэтчбека #тентдляавто #чехол_на_машину #тентчехолнаавтомобиль #всесезонный_чехол #тент_чехол_на_автомобиль #чехол_автомобильный_тент #тентнамашину #тентдляавтомобиля #чехол_зимний_на_машину #чехол_автомобильный_от_снега #чехол_на_авто_зимний #чехол_для_машины_на_кузов #чехол_для_машины_от_дождя #чехол_автомобильный_на_кузов #чехолдляавтозимний #чехолнаавтомобиль #чехол_на_автомобиль_тент,"1. 🛡️ ЗАЩИТА ОТ ЕЖЕДНЕВНЫХ ПРОБЛЕМ. Снег по утрам, пыль после стоянки, следы дождя и перегретый салон больше не должны отнимать ваше время. Этот чехол на автомобиль размера 2S работает как всесезонный тент для автомобиля при уличной и гаражной стоянке.

2. 💧 ВОДА, СНЕГ, ПЫЛЬ И СОЛНЦЕ. Водонепроницаемый авточехол закрывает кузов от дождя, снега и пыли; такой чехол на машину от дождя и снега также служит как чехол на автомобиль от солнца.

3. ✨ КАРМАНЫ ДЛЯ ЗЕРКАЛ И СВЕТООТРАЖАЮЩИЕ ПОЛОСЫ. Выступающие карманы — «ушки» — повторяют форму боковых зеркал и улучшают посадку, а отражающие полосы делают накрытый автомобиль заметнее в темноте. Это практичное отличие от обычного бесформенного универсального полотна.

4. 📏 РАЗМЕР 2S ДЛЯ ХЭТЧБЕКОВ, ЛИФТБЕКОВ И УНИВЕРСАЛОВ. Габариты чехла 3600×1900×1500 мм; среди подходящих моделей: Matiz, Civic, Yaris. Запрос «тент для автомобиля хэтчбек» соответствует этой группе кузовов, но перед заказом обязательно сравните размеры своего автомобиля с указанными габаритами.

5. ☀️ PEVA С АЛЮМИНИЗИРОВАННЫМ ПОКРЫТИЕМ. Алюминизированный слой отражает солнечные лучи и помогает уменьшить нагрев салона. Материал помогает не пропускать воду и пыль, легко очищается влажной салфеткой и подходит для регулярного всесезонного использования.",,,,,铝膜款（带后视镜耳朵）,货号已与原汇总表对应,按原汇总表货号精确匹配
142,通用带耳朵，中客单,通用汽车车罩 两厢车 2XS 4100×1900×1500mm,"Авточехол-тент TOZAROA для хэтчбека, лифтбека и универсала, размер 2XS, 4100×1900×1500 мм, всесезонный водонепроницаемый чехол на автомобиль от снега, дождя, солнца и пыли, подходит для Opel Astra, LADA Kalina, Volkswagen Golf",,"Opel
LADA (ВАЗ)
Volkswagen
Hyundai
Skoda
Kia
Nissan
Ford
Toyota
Honda
Chevrolet
Mini
Mitsubishi
Peugeot
Mercedes-Benz
Citroen",haijudingzhi-tongyong-daierduo,haijudingzhi-tongyong,48*35*7.5,1.4kg,2XS,2XS,M,,2026081114,PEVA加铝膜（带后视镜耳朵）,"Astra
Kalina
Golf
Getz
2109
Fabia
Solaris
Rio
2104
Note
Corsa
Fiesta
Vitz
Civic
Aveo
Yaris
Hatch
2108
Corolla
Colt
Granta
Polo
206
207
Fit
A-Класс
March
Micra
Lancer
C3",两厢车,4140×1850×1500 → 4100×1900×1500,#пылезащитаавто #защита_авто_от_пыли #чехол_на_автомобиль_от_солнца #чехолнамашинуотдождяиснега #чехол_на_автомобиль_от_снега #водонепроницаемый_авто_чехол #чехол_с_зеркалами #авточехолсветоотражающий #чехол_peva #тентчехолнаавтомобильхэтчбек #хэтчбек_чехол_для_авто #Чехол_для_хэтчбека #чехол_для_универсала #всесезонный_чехол #тент_чехол_на_автомобиль #чехол_автомобильный_тент #тентнамашину #тентдляавтомобиля #чехол_зимний_на_машину #чехол_автомобильный_от_снега #чехол_на_авто_зимний #чехол_для_машины_на_кузов #чехол_для_машины_от_дождя #чехол_автомобильный_на_кузов #чехолдляавтозимний #чехолнаавтомобиль #чехол_на_автомобиль_тент #чехолдлямашины #чехол_на_автомобиль_зимний #чехол_для_авто,"1. 🛡️ ЗАЩИТА ОТ ЕЖЕДНЕВНЫХ ПРОБЛЕМ. Открытая парковка ежедневно оставляет кузов под дождём, снегом, пылью и палящим солнцем. Этот чехол на автомобиль размера 2XS работает как всесезонный тент для автомобиля при уличной и гаражной стоянке.

2. 💧 ВОДА, СНЕГ, ПЫЛЬ И СОЛНЦЕ. Водонепроницаемый авточехол укрывает кузов от дождя, снега и пыли; такой чехол на машину от дождя и снега также служит как чехол на автомобиль от солнца.

3. ✨ КАРМАНЫ ДЛЯ ЗЕРКАЛ И СВЕТООТРАЖАЮЩИЕ ПОЛОСЫ. Выступающие карманы — «ушки» — повторяют форму боковых зеркал и улучшают посадку, а отражающие полосы делают накрытый автомобиль заметнее в темноте. Это практичное отличие от обычного бесформенного универсального полотна.

4. 📏 РАЗМЕР 2XS ДЛЯ ХЭТЧБЕКОВ, ЛИФТБЕКОВ И УНИВЕРСАЛОВ. Габариты чехла 4100×1900×1500 мм; среди подходящих моделей: Astra, Kalina, Golf. Запрос «тент для автомобиля хэтчбек» соответствует этой группе кузовов, но перед заказом обязательно сравните размеры своего автомобиля с указанными габаритами.

5. ☀️ PEVA С АЛЮМИНИЗИРОВАННЫМ ПОКРЫТИЕМ. Светоотражающая поверхность снижает воздействие прямого солнца и помогает сохранять салон прохладнее. Материал помогает не пропускать воду и пыль, легко очищается влажной салфеткой и подходит для регулярного всесезонного использования.",,,,,铝膜款（带后视镜耳朵）,货号已与原汇总表对应,按原汇总表货号精确匹配
143,通用带耳朵，中客单,通用汽车车罩 两厢车/掀背车 2M 4500×1900×1500mm,"Авточехол-тент TOZAROA для хэтчбека, лифтбека и универсала, размер 2M, 4500×1900×1500 мм, всесезонный водонепроницаемый чехол на автомобиль от снега, дождя, солнца и пыли, подходит для Skoda Octavia, LADA Granta, Ford Focus",,"Skoda
LADA (ВАЗ)
Ford
Opel
Volkswagen
Kia
Peugeot
Chevrolet
Mazda
Toyota
BMW
Audi
Citroen
Nissan
Hyundai
Honda
Renault",haijudingzhi-tongyong-daierduo,haijudingzhi-tongyong,48*35*7.5,1.4kg,2M,2L,L,,2026081115,PEVA加铝膜（带后视镜耳朵）,"Octavia
Granta
Focus
Largus
Astra
Priora
Rapid
Golf
2112
Ceed
Vesta
308
Passat
Lacetti
XRAY
3
Corolla
1 серии
A3
C4
2111
Cruze
Rio
Tiida
i30
Auris
Civic
Iskra
Aveo
Megane",两厢车,4521×1850×1500 → 4500×1900×1500,#пылезащитаавто #защита_авто_от_пыли #чехол_на_автомобиль_от_солнца #чехолнамашинуотдождяиснега #чехол_на_автомобиль_от_снега #водонепроницаемый_авто_чехол #чехол_с_зеркалами #авточехолсветоотражающий #чехол_peva #хэтчбек_чехол_для_авто #Чехол_для_хэтчбека #чехол_для_универсала #тентдляуниверсала #тентнамашину #тентдляавтомобиля #чехол_зимний_на_машину #чехол_автомобильный_от_снега #чехол_на_авто_зимний #чехол_для_машины_на_кузов #чехол_для_машины_от_дождя #чехол_автомобильный_на_кузов #чехолдляавтозимний #чехолнаавтомобиль #чехол_на_автомобиль_тент #чехолдлямашины #чехол_на_автомобиль_зимний #чехол_для_авто #чехолнамашинууниверсальный #чехолдляавтомобиля #тентыдлямашин,"1. 🛡️ ЗАЩИТА ОТ ЕЖЕДНЕВНЫХ ПРОБЛЕМ. Переменная погода быстро загрязняет кузов и заставляет чаще мыть автомобиль и очищать его от снега. Этот чехол на автомобиль размера 2M работает как всесезонный тент для автомобиля при уличной и гаражной стоянке.

2. 💧 ВОДА, СНЕГ, ПЫЛЬ И СОЛНЦЕ. Водонепроницаемый авточехол защищает кузов от дождя, снега и пыли; такой чехол на машину от дождя и снега также служит как чехол на автомобиль от солнца.

3. ✨ КАРМАНЫ ДЛЯ ЗЕРКАЛ И СВЕТООТРАЖАЮЩИЕ ПОЛОСЫ. Выступающие карманы — «ушки» — повторяют форму боковых зеркал и улучшают посадку, а отражающие полосы делают накрытый автомобиль заметнее в темноте. Это практичное отличие от обычного бесформенного универсального полотна.

4. 📏 РАЗМЕР 2M ДЛЯ ХЭТЧБЕКОВ, ЛИФТБЕКОВ И УНИВЕРСАЛОВ. Габариты чехла 4500×1900×1500 мм; среди подходящих моделей: Octavia, Granta, Focus. Запрос «тент для автомобиля хэтчбек» соответствует этой группе кузовов, но перед заказом обязательно сравните размеры своего автомобиля с указанными габаритами.

5. ☀️ PEVA С АЛЮМИНИЗИРОВАННЫМ ПОКРЫТИЕМ. Алюминиевое покрытие отражает солнечное тепло, а PEVA не пропускает дождевую влагу. Материал помогает не пропускать воду и пыль, легко очищается влажной салфеткой и подходит для регулярного всесезонного использования.",,,,,铝膜款（带后视镜耳朵）,货号已与原汇总表对应,按原汇总表货号精确匹配
144,通用带耳朵，中客单,通用汽车车罩 掀背车/旅行车 2L 4800×1900×1600mm,"Авточехол-тент TOZAROA для хэтчбека, лифтбека и универсала, размер 2L, 4800×1900×1600 мм, всесезонный водонепроницаемый чехол на автомобиль от снега, дождя, солнца и пыли, подходит для Skoda Octavia, Ford Focus, Kia Ceed",,"Skoda
Ford
Kia
Volkswagen
Opel
Honda
Audi
Chevrolet
Toyota
Renault
BMW
Mazda
Citroen
Peugeot
Mercedes-Benz
Subaru
Nissan
Fiat",haijudingzhi-tongyong-daierduo,haijudingzhi-tongyong,48*35*7.5,1.4kg,2L,2L,L,,2026081116,PEVA加铝膜（带后视镜耳朵）,"Octavia
Focus
Ceed
Passat
Astra
Stepwgn
Civic
A5
Lacetti
Prius
Megane
5 серии
Touran
A6
A4
3 серии
6
Berlingo
Golf
Partner
Laguna
C-Класс
308
4 серии
Mondeo
Kangoo
Legacy
NV200
Doblo
E-Класс",两厢车,4826×1850×1600 → 4800×1900×1600,#пылезащитаавто #защита_авто_от_пыли #чехол_на_автомобиль_от_солнца #чехолнамашинуотдождяиснега #чехол_на_автомобиль_от_снега #водонепроницаемый_авто_чехол #чехол_с_зеркалами #авточехолсветоотражающий #чехол_peva #Чехол_для_хэтчбека #чехол_для_универсала #тентдляуниверсала #тент_на_хэтчбек #чехол_автомобильный_от_снега #чехол_на_авто_зимний #чехол_для_машины_на_кузов #чехол_для_машины_от_дождя #чехол_автомобильный_на_кузов #чехолдляавтозимний #чехолнаавтомобиль #чехол_на_автомобиль_тент #чехолдлямашины #чехол_на_автомобиль_зимний #чехол_для_авто #чехолнамашинууниверсальный #чехолдляавтомобиля #тентыдлямашин #чехолдляавто #тент_для_автомобиля #накидканаавтомобиль,"1. 🛡️ ЗАЩИТА ОТ ЕЖЕДНЕВНЫХ ПРОБЛЕМ. Длительная стоянка на улице означает влагу, дорожную пыль, снег и прямые солнечные лучи на лакокрасочном покрытии. Этот чехол на автомобиль размера 2L работает как всесезонный тент для автомобиля при уличной и гаражной стоянке.

2. 💧 ВОДА, СНЕГ, ПЫЛЬ И СОЛНЦЕ. Водонепроницаемый авточехол создаёт защитный барьер для кузов от дождя, снега и пыли; такой чехол на машину от дождя и снега также служит как чехол на автомобиль от солнца.

3. ✨ КАРМАНЫ ДЛЯ ЗЕРКАЛ И СВЕТООТРАЖАЮЩИЕ ПОЛОСЫ. Выступающие карманы — «ушки» — повторяют форму боковых зеркал и улучшают посадку, а отражающие полосы делают накрытый автомобиль заметнее в темноте. Это практичное отличие от обычного бесформенного универсального полотна.

4. 📏 РАЗМЕР 2L ДЛЯ ХЭТЧБЕКОВ, ЛИФТБЕКОВ И УНИВЕРСАЛОВ. Габариты чехла 4800×1900×1600 мм; среди подходящих моделей: Octavia, Focus, Ceed. Запрос «тент для автомобиля хэтчбек» соответствует этой группе кузовов, но перед заказом обязательно сравните размеры своего автомобиля с указанными габаритами.

5. ☀️ PEVA С АЛЮМИНИЗИРОВАННЫМ ПОКРЫТИЕМ. Комбинация PEVA и алюминиевого слоя объединяет влагозащиту с защитой от прямого солнца. Материал помогает не пропускать воду и пыль, легко очищается влажной салфеткой и подходит для регулярного всесезонного использования.",,,,,铝膜款（带后视镜耳朵）,货号已与原汇总表对应,按原汇总表货号精确匹配
145,通用带耳朵，中客单,通用汽车车罩 大型旅行车 2XL 5100×1900×1600mm,"Авточехол-тент TOZAROA для хэтчбека, лифтбека и универсала, размер 2XL, 5100×1900×1600 мм, всесезонный водонепроницаемый чехол на автомобиль от снега, дождя, солнца и пыли, подходит для Volkswagen Passat, Skoda Superb, Honda Stepwgn",,"Volkswagen
Skoda
Honda
Mercedes-Benz
Porsche
BMW
Audi
Opel
Ford
Subaru
Chrysler
Renault
Citroen
Dodge
Peugeot
Kia
Toyota",haijudingzhi-tongyong-daierduo,haijudingzhi-tongyong,48*35*7.5,1.4kg,2XL,3XL,XL,,2026081117,PEVA加铝膜（带后视镜耳朵）,"Passat
Superb
Stepwgn
V-Класс
Panamera
5 серии
A6
Insignia
A5
Mondeo
A7
E-Класс
Vito
Outback
Vectra
Viano
Voyager
Talisman
C5
Omega
Caddy
CLS
Caravan
Espace
Arteon
R-Класс
508
Carnival
Passat CC
Crown",两厢车,5080×1850×1600 → 5100×1900×1600,#пылезащитаавто #защита_авто_от_пыли #чехол_на_автомобиль_от_солнца #чехолнамашинуотдождяиснега #чехол_на_автомобиль_от_снега #водонепроницаемый_авто_чехол #чехол_с_зеркалами #авточехолсветоотражающий #чехол_peva #чехол_для_универсала #тентдляуниверсала #тент_на_хэтчбек #тентчехолнаавтомобильхэтчбек #чехол_для_машины_от_дождя #чехол_автомобильный_на_кузов #чехолдляавтозимний #чехолнаавтомобиль #чехол_на_автомобиль_тент #чехолдлямашины #чехол_на_автомобиль_зимний #чехол_для_авто #чехолнамашинууниверсальный #чехолдляавтомобиля #тентыдлямашин #чехолдляавто #тент_для_автомобиля #накидканаавтомобиль #всесезонныйчехол #тентдлямашины #чехолнаавто,"1. 🛡️ ЗАЩИТА ОТ ЕЖЕДНЕВНЫХ ПРОБЛЕМ. Осадки и пыль оседают на кузове даже во время короткой стоянки, а солнце заметно нагревает салон. Этот чехол на автомобиль размера 2XL работает как всесезонный тент для автомобиля при уличной и гаражной стоянке.

2. 💧 ВОДА, СНЕГ, ПЫЛЬ И СОЛНЦЕ. Водонепроницаемый авточехол помогает сохранить чистым кузов от дождя, снега и пыли; такой чехол на машину от дождя и снега также служит как чехол на автомобиль от солнца.

3. ✨ КАРМАНЫ ДЛЯ ЗЕРКАЛ И СВЕТООТРАЖАЮЩИЕ ПОЛОСЫ. Выступающие карманы — «ушки» — повторяют форму боковых зеркал и улучшают посадку, а отражающие полосы делают накрытый автомобиль заметнее в темноте. Это практичное отличие от обычного бесформенного универсального полотна.

4. 📏 РАЗМЕР 2XL ДЛЯ ХЭТЧБЕКОВ, ЛИФТБЕКОВ И УНИВЕРСАЛОВ. Габариты чехла 5100×1900×1600 мм; среди подходящих моделей: Passat, Superb, Stepwgn. Запрос «тент для автомобиля хэтчбек» соответствует этой группе кузовов, но перед заказом обязательно сравните размеры своего автомобиля с указанными габаритами.

5. ☀️ PEVA С АЛЮМИНИЗИРОВАННЫМ ПОКРЫТИЕМ. Наружное алюминизированное покрытие отражает свет и помогает ограничить перегрев автомобиля. Материал помогает не пропускать воду и пыль, легко очищается влажной салфеткой и подходит для регулярного всесезонного использования.",,,,,铝膜款（带后视镜耳朵）,货号已与原汇总表对应,按原汇总表货号精确匹配
146,通用带耳朵，中客单,通用汽车车罩 MPV/厢式车 2XXL 5200×2000×1800mm,"Авточехол-тент TOZAROA для хэтчбека, лифтбека и универсала, размер 2XXL, 5200×2000×1800 мм, всесезонный водонепроницаемый чехол на автомобиль от снега, дождя, солнца и пыли, подходит для Hyundai Grand Starex, Mercedes-Benz V-Класс, Volkswagen Transporter",,"Hyundai
Mercedes-Benz
Volkswagen
Peugeot
Toyota
Fiat
Chrysler
Renault
Opel
Sollers
Porsche
Dodge
Citroen
Wey
Ford
Kia
BMW
Mazda",haijudingzhi-tongyong-daierduo,haijudingzhi-tongyong,48*35*7.5,1.4kg,2XXL,2XXL,2XXL-525,,2026081118,PEVA加铝膜（带后视镜耳朵）,"Grand Starex
V-Класс
Transporter
H-1
Partner
HiAce
Caravelle
Vito
Starex
Doblo
Voyager
Trafic
Traveller
Vivaro
Expert
R-Класс
SF1
Panamera
Caravan
SpaceTourer
80
Viano
Tourneo Custom
Carnival
ScudCarnivalo
M5
Town & Country
Zafira Life
Transit Custom
Bongo",两厢车,5232×1950×1800 → 5200×2000×1800,#пылезащитаавто #защита_авто_от_пыли #чехол_на_автомобиль_от_солнца #чехолнамашинуотдождяиснега #чехол_на_автомобиль_от_снега #водонепроницаемый_авто_чехол #чехол_с_зеркалами #авточехолсветоотражающий #чехол_peva #тентдляуниверсала #тент_на_хэтчбек #тентчехолнаавтомобильхэтчбек #хэтчбек_чехол_для_авто #чехолнаавтомобиль #чехол_на_автомобиль_тент #чехолдлямашины #чехол_на_автомобиль_зимний #чехол_для_авто #чехолнамашинууниверсальный #чехолдляавтомобиля #тентыдлямашин #чехолдляавто #тент_для_автомобиля #накидканаавтомобиль #всесезонныйчехол #тентдлямашины #чехолнаавто #чехол_на_кузов_автомобиля #чехол_для_автомобиля_уличный #всесезонный_чехол_на_машину,"1. 🛡️ ЗАЩИТА ОТ ЕЖЕДНЕВНЫХ ПРОБЛЕМ. Зимой приходится убирать снег, летом — бороться с перегревом, а между сезонами кузов покрывают дождевые следы и пыль. Этот чехол на автомобиль размера 2XXL работает как всесезонный тент для автомобиля при уличной и гаражной стоянке.

2. 💧 ВОДА, СНЕГ, ПЫЛЬ И СОЛНЦЕ. Водонепроницаемый авточехол предохраняет кузов от дождя, снега и пыли; такой чехол на машину от дождя и снега также служит как чехол на автомобиль от солнца.

3. ✨ КАРМАНЫ ДЛЯ ЗЕРКАЛ И СВЕТООТРАЖАЮЩИЕ ПОЛОСЫ. Выступающие карманы — «ушки» — повторяют форму боковых зеркал и улучшают посадку, а отражающие полосы делают накрытый автомобиль заметнее в темноте. Это практичное отличие от обычного бесформенного универсального полотна.

4. 📏 РАЗМЕР 2XXL ДЛЯ МИНИВЭНОВ И ФУРГОНОВ. Габариты чехла 5200×2000×1800 мм; среди подходящих моделей: Grand Starex, V-Класс, Transporter. Запрос «тент для автомобиля универсальный» соответствует этой группе кузовов, но перед заказом обязательно сравните размеры своего автомобиля с указанными габаритами.

5. ☀️ PEVA С АЛЮМИНИЗИРОВАННЫМ ПОКРЫТИЕМ. PEVA образует водостойкий слой, а алюминизированная сторона отражает солнечные лучи. Материал помогает не пропускать воду и пыль, легко очищается влажной салфеткой и подходит для регулярного всесезонного использования.",,,,,铝膜款（带后视镜耳朵）,货号已与原汇总表对应,按原汇总表货号精确匹配
147,定制低价分尺码COROLLA,ToyotaCorolla,"TOZAROA чехол на автомобиль Toyota Corolla / Тойота Королла седан 2025–2026, индивидуальный подбор 3XL, тент на машину для осени и зимы, защита от дождя, снега и пыли, для уличной парковки",,Toyota,Toyota-Corolla,Toyota,30*26*6,0.8kg,3XL,3XL,XL,,ToyotaCorolla-3XL,单层PEVA（灰色无耳）,Toyota Corolla Sedan,三厢车,,"#защитаавто
#тентнамашину
#тентдляавтомобиля
#чехол_зимний_на_машину
#чехол_автомобильный_от_снега
#чехол_на_авто_зимний
#чехол_автомобильный_на_кузов
#чехолдляавтозимний
#чехолнаавтомобиль
#чехлы_на_автомобиль
#авточехол
#чехол_для_авто
#чехолдляавтомобиля
#тентыдлямашин
#чехолдляавто
#автотент
#тент_для_автомобиля
#накидканаавтомобиль
#тенты_для_автомобилях
#тент_дляавтомобилях
#тент_на_автомобильх
#тентдляавтомобилях
#всесезонныйчехол
#чехолнаавто
#чехол_для_автомобиля_уличный
#всесезонный_чехол_на_машину
#чехол_для_авто_кузова
#тентнаавто
#пылезащитаавто
#чехолнамашину","1. ТОЧНЫЙ ПОДБОР ПО МОДЕЛИ: чехол на автомобиль Toyota Corolla / Тойота Королла для седан 2025–2026. Код 3XL относится к указанным вариантам кузова и годам: Corolla Sedan 2025–2026. Перед заказом сверьте модель, кузов и год выпуска с таблицей совместимости.
2. ДЛЯ ОСЕНИ И ЗИМЫ: вариант 3XL для Toyota Corolla Sedan помогает прикрыть кузов во время уличной парковки от дождя, снега, пыли и опавших листьев. Подходит для стоянки или двора; после осадков снимайте и просушивайте чехол.
3. ЧЕСТНЫЙ МАТЕРИАЛ: для комплектации 3XL поставляется серый гладкий однослойный PEVA без хлопковой подкладки и без алюминиевой фольги. Это легкий защитный чехол на машину, а не утепленный многослойный тент; не заявляем теплоизоляцию, защиту от града или светоотражающие полосы.
4. БЕЗ КАРМАНОВ ДЛЯ ЗЕРКАЛ: на варианте 3XL нет отдельных «ушек». Перед установкой на Toyota Corolla Sedan сложите зеркала внутрь и накройте машину цельным полотном; небольшая естественная форма зеркал может оставаться под тканью. Ручки дверей и боковые стекла должны быть закрыты.
5. УСТАНОВКА И УХОД: для кузова седан 2025–2026 надевайте чехол на чистый сухой автомобиль, начните с передней части и распределите ткань по крыше к корме. Снимайте осторожно после снега и дождя, не допускайте трения грязи о лакокрасочное покрытие; храните сухим.",,,,,普通PEVA款,新上架表已并入一店,按后台尺寸码及一店现有发货尺码映射
148,定制低价分尺码COROLLA,ToyotaCorolla,"TOZAROA чехол на автомобиль Toyota Corolla / Тойота Королла седан / Sporty, индивидуальный подбор 3L, тент на машину для осени и зимы, защита от дождя, снега и пыли, для уличной парковки",,Toyota,Toyota-Corolla,Toyota,30*26*6,0.8kg,3L,3L,L,,ToyotaCorolla-3L,单层PEVA（灰色无耳）,Toyota Corolla Sedan / Sporty,三厢车,,"#накидканаавтомобиль
#тенты_для_автомобилях
#тент_дляавтомобилях
#тент_на_автомобильх
#тентдляавтомобилях
#всесезонныйчехол
#чехолнаавто
#чехол_для_автомобиля_уличный
#всесезонный_чехол_на_машину
#чехол_для_авто_кузова
#тентнаавто
#пылезащитаавто
#чехолнамашину
#всепогодныйчехол
#автопокрывало
#чехол_на_машину_всесезонный
#зимний_чехол_на_машину
#автомобильный_чехол_на_кузов
#тент_на_автомобиль
#чехол_на_автомобиль
#авточехолвсесезонный
#авто_чехол
#защитный_чехол_тент
#ТентНаМашину
#защита_авто_от_пыли
#чехол_для_автомобиля
#чехолнамашинуотсолнца
#тент_для_седана
#Защита_кузова_авто
#накидканаавто","1. ТОЧНЫЙ ПОДБОР ПО МОДЕЛИ: чехол на автомобиль Toyota Corolla / Тойота Королла для седан / Sporty. Код 3L относится к указанным вариантам кузова и годам: Corolla Sedan 2000–2004, 2006–2010, 2008–2013, 2012–2016, 2015–2019, 2018–2026; Corolla Sporty Sedan 2018–2026, 2022–2026. Перед заказом сверьте модель, кузов и год выпуска с таблицей совместимости.
2. ДЛЯ ОСЕНИ И ЗИМЫ: вариант 3L для Toyota Corolla Sedan / Sporty помогает прикрыть кузов во время уличной парковки от дождя, снега, пыли и опавших листьев. Подходит для стоянки или двора; после осадков снимайте и просушивайте чехол.
3. ЧЕСТНЫЙ МАТЕРИАЛ: для комплектации 3L поставляется серый гладкий однослойный PEVA без хлопковой подкладки и без алюминиевой фольги. Это легкий защитный чехол на машину, а не утепленный многослойный тент; не заявляем теплоизоляцию, защиту от града или светоотражающие полосы.
4. БЕЗ КАРМАНОВ ДЛЯ ЗЕРКАЛ: на варианте 3L нет отдельных «ушек». Перед установкой на Toyota Corolla Sedan / Sporty сложите зеркала внутрь и накройте машину цельным полотном; небольшая естественная форма зеркал может оставаться под тканью. Ручки дверей и боковые стекла должны быть закрыты.
5. УСТАНОВКА И УХОД: для кузова седан / Sporty надевайте чехол на чистый сухой автомобиль, начните с передней части и распределите ткань по крыше к корме. Снимайте осторожно после снега и дождя, не допускайте трения грязи о лакокрасочное покрытие; храните сухим.",,,,,普通PEVA款,新上架表已并入一店,按后台尺寸码及一店现有发货尺码映射
149,定制低价分尺码COROLLA,ToyotaCorolla,"TOZAROA чехол на автомобиль Toyota Corolla / Тойота Королла седан / Axio / Ceres, индивидуальный подбор 3M, тент на машину для осени и зимы, защита от дождя, снега и пыли, для уличной парковки",,Toyota,Toyota-Corolla,Toyota,30*26*6,0.8kg,3M,3M,L,,ToyotaCorolla-3M,单层PEVA（灰色无耳）,Toyota Corolla Sedan / Axio / Ceres,三厢车,,"#автомобильный_чехол_на_кузов
#тент_на_автомобиль
#чехол_на_автомобиль
#авточехолвсесезонный
#авто_чехол
#защитный_чехол_тент
#ТентНаМашину
#защита_авто_от_пыли
#чехол_для_автомобиля
#чехолнамашинуотсолнца
#тент_для_седана
#Защита_кузова_авто
#накидканаавто
#чехол_на_авто
#чехолотдождя
#автомобильныйчехол
#чехолдляседана
#тентдляавто
#Водостойкий_авточехол
#Повседневная_защита_авто
#чехол_на_машину
#АвтоЧехол
#защищающая_от_дождя
#зимний_чехол
#тент_для_авто
#чехол_от_снега_и_дождя
#чехол_для_автомобиля_на_зиму
#тентчехолнаавтомобиль
#Защитаотснега
#всесезонныйтент","1. ТОЧНЫЙ ПОДБОР ПО МОДЕЛИ: чехол на автомобиль Toyota Corolla / Тойота Королла для седан / Axio / Ceres. Код 3M относится к указанным вариантам кузова и годам: Corolla Sedan 1987–1993, 1991–2002, 1995–2000, 1997–2002, 2003–2007; Corolla Axio Sedan 2006–2010, 2008–2013, 2012–2016, 2015–2019, 2017–2025; Corolla Ceres Sedan-hardtop 1991–2002. Перед заказом сверьте модель, кузов и год выпуска с таблицей совместимости.
2. ДЛЯ ОСЕНИ И ЗИМЫ: вариант 3M для Toyota Corolla Sedan / Axio / Ceres помогает прикрыть кузов во время уличной парковки от дождя, снега, пыли и опавших листьев. Подходит для стоянки или двора; после осадков снимайте и просушивайте чехол.
3. ЧЕСТНЫЙ МАТЕРИАЛ: для комплектации 3M поставляется серый гладкий однослойный PEVA без хлопковой подкладки и без алюминиевой фольги. Это легкий защитный чехол на машину, а не утепленный многослойный тент; не заявляем теплоизоляцию, защиту от града или светоотражающие полосы.
4. БЕЗ КАРМАНОВ ДЛЯ ЗЕРКАЛ: на варианте 3M нет отдельных «ушек». Перед установкой на Toyota Corolla Sedan / Axio / Ceres сложите зеркала внутрь и накройте машину цельным полотном; небольшая естественная форма зеркал может оставаться под тканью. Ручки дверей и боковые стекла должны быть закрыты.
5. УСТАНОВКА И УХОД: для кузова седан / Axio / Ceres надевайте чехол на чистый сухой автомобиль, начните с передней части и распределите ткань по крыше к корме. Снимайте осторожно после снега и дождя, не допускайте трения грязи о лакокрасочное покрытие; храните сухим.",,,,,普通PEVA款,新上架表已并入一店,按后台尺寸码及一店现有发货尺码映射
150,定制低价分尺码COROLLA,ToyotaCorolla,"TOZAROA чехол на автомобиль Toyota Corolla / Тойота Королла классический седан, индивидуальный подбор 3S, тент на машину для осени и зимы, защита от дождя, снега и пыли, для уличной парковки",,Toyota,Toyota-Corolla,Toyota,30*26*6,0.8kg,3S,3S,M,,ToyotaCorolla-3S,单层PEVA（灰色无耳）,Toyota Corolla Sedan,三厢车,,"#тентдляавто
#Водостойкий_авточехол
#Повседневная_защита_авто
#чехол_на_машину
#АвтоЧехол
#защищающая_от_дождя
#зимний_чехол
#тент_для_авто
#чехол_от_снега_и_дождя
#чехол_для_автомобиля_на_зиму
#тентчехолнаавтомобиль
#Защитаотснега
#всесезонныйтент
#защитаавто
#тентнамашину
#тентдляавтомобиля
#чехол_зимний_на_машину
#чехол_автомобильный_от_снега
#чехол_на_авто_зимний
#чехол_автомобильный_на_кузов
#чехолдляавтозимний
#чехолнаавтомобиль
#чехлы_на_автомобиль
#авточехол
#чехол_для_авто
#чехолдляавтомобиля
#тентыдлямашин
#чехолдляавто
#автотент
#тент_для_автомобиля","1. ТОЧНЫЙ ПОДБОР ПО МОДЕЛИ: чехол на автомобиль Toyota Corolla / Тойота Королла для классический седан. Код 3S относится к указанным вариантам кузова и годам: Corolla Sedan 1966–1970, 1970–1974, 1972–1980, 1979–1987, 1983–1988. Перед заказом сверьте модель, кузов и год выпуска с таблицей совместимости.
2. ДЛЯ ОСЕНИ И ЗИМЫ: вариант 3S для Toyota Corolla Sedan помогает прикрыть кузов во время уличной парковки от дождя, снега, пыли и опавших листьев. Подходит для стоянки или двора; после осадков снимайте и просушивайте чехол.
3. ЧЕСТНЫЙ МАТЕРИАЛ: для комплектации 3S поставляется серый гладкий однослойный PEVA без хлопковой подкладки и без алюминиевой фольги. Это легкий защитный чехол на машину, а не утепленный многослойный тент; не заявляем теплоизоляцию, защиту от града или светоотражающие полосы.
4. БЕЗ КАРМАНОВ ДЛЯ ЗЕРКАЛ: на варианте 3S нет отдельных «ушек». Перед установкой на Toyota Corolla Sedan сложите зеркала внутрь и накройте машину цельным полотном; небольшая естественная форма зеркал может оставаться под тканью. Ручки дверей и боковые стекла должны быть закрыты.
5. УСТАНОВКА И УХОД: для кузова классический седан надевайте чехол на чистый сухой автомобиль, начните с передней части и распределите ткань по крыше к корме. Снимайте осторожно после снега и дождя, не допускайте трения грязи о лакокрасочное покрытие; храните сухим.",,,,,普通PEVA款,新上架表已并入一店,按后台尺寸码及一店现有发货尺码映射
151,定制低价分尺码COROLLA,ToyotaCorolla,"TOZAROA чехол на автомобиль Toyota Corolla / Тойота Королла хэтчбек / универсал, индивидуальный подбор 2M, тент на машину для осени и зимы, защита от дождя, снега и пыли, для уличной парковки",,Toyota,Toyota-Corolla,Toyota,30*26*6,0.8kg,2M,2M,L,,ToyotaCorolla-2M,单层PEVA（灰色无耳）,Toyota Corolla Fielder / Hatchback / Wagon / Runx / Liftback / GR / iM,两厢车,,"#чехол_автомобильный_от_снега
#чехол_на_авто_зимний
#чехол_автомобильный_на_кузов
#чехолдляавтозимний
#чехолнаавтомобиль
#чехлы_на_автомобиль
#авточехол
#чехол_для_авто
#чехолдляавтомобиля
#тентыдлямашин
#чехолдляавто
#автотент
#тент_для_автомобиля
#накидканаавтомобиль
#тенты_для_автомобилях
#тент_дляавтомобилях
#тент_на_автомобильх
#тентдляавтомобилях
#всесезонныйчехол
#чехолнаавто
#чехол_для_автомобиля_уличный
#всесезонный_чехол_на_машину
#чехол_для_авто_кузова
#тентнаавто
#пылезащитаавто
#чехолнамашину
#всепогодныйчехол
#автопокрывало
#чехол_на_машину_всесезонный
#зимний_чехол_на_машину","1. ТОЧНЫЙ ПОДБОР ПО МОДЕЛИ: чехол на автомобиль Toyota Corolla / Тойота Королла для хэтчбек / универсал. Код 2M относится к указанным вариантам кузова и годам: Corolla Fielder Wagon 2000–2025各截图行; Corolla Wagon 1987–2007各截图行; Corolla Hatchback 5-door 2000–2007, 2018–2026, 2022–2026; Hatchback 3-door 1983–1988, 1995–2000, 2000–2004, 2003–2007; Runx 2000–2007; Liftback 1987–2002; GR Hatchback 2022–2026; iM Hatchback 2015–2019. Перед заказом сверьте модель, кузов и год выпуска с таблицей совместимости.
2. ДЛЯ ОСЕНИ И ЗИМЫ: вариант 2M для Toyota Corolla Fielder / Hatchback / Wagon / Runx / Liftback / GR / iM помогает прикрыть кузов во время уличной парковки от дождя, снега, пыли и опавших листьев. Подходит для стоянки или двора; после осадков снимайте и просушивайте чехол.
3. ЧЕСТНЫЙ МАТЕРИАЛ: для комплектации 2M поставляется серый гладкий однослойный PEVA без хлопковой подкладки и без алюминиевой фольги. Это легкий защитный чехол на машину, а не утепленный многослойный тент; не заявляем теплоизоляцию, защиту от града или светоотражающие полосы.
4. БЕЗ КАРМАНОВ ДЛЯ ЗЕРКАЛ: на варианте 2M нет отдельных «ушек». Перед установкой на Toyota Corolla Fielder / Hatchback / Wagon / Runx / Liftback / GR / iM сложите зеркала внутрь и накройте машину цельным полотном; небольшая естественная форма зеркал может оставаться под тканью. Ручки дверей и боковые стекла должны быть закрыты.
5. УСТАНОВКА И УХОД: для кузова хэтчбек / универсал надевайте чехол на чистый сухой автомобиль, начните с передней части и распределите ткань по крыше к корме. Снимайте осторожно после снега и дождя, не допускайте трения грязи о лакокрасочное покрытие; храните сухим.",,,,,普通PEVA款,新上架表已并入一店,按后台尺寸码及一店现有发货尺码映射
152,定制低价分尺码COROLLA,ToyotaCorolla,"TOZAROA чехол на автомобиль Toyota Corolla / Тойота Королла универсал Touring, индивидуальный подбор 2L, тент на машину для осени и зимы, защита от дождя, снега и пыли, для уличной парковки",,Toyota,Toyota-Corolla,Toyota,30*26*6,0.8kg,2L,2L,L,,ToyotaCorolla-2L,单层PEVA（灰色无耳）,Toyota Corolla Touring,两厢车,,"#тентдляавтомобилях
#всесезонныйчехол
#чехолнаавто
#чехол_для_автомобиля_уличный
#всесезонный_чехол_на_машину
#чехол_для_авто_кузова
#тентнаавто
#пылезащитаавто
#чехолнамашину
#всепогодныйчехол
#автопокрывало
#чехол_на_машину_всесезонный
#зимний_чехол_на_машину
#автомобильный_чехол_на_кузов
#тент_на_автомобиль
#чехол_на_автомобиль
#авточехолвсесезонный
#авто_чехол
#защитный_чехол_тент
#ТентНаМашину
#защита_авто_от_пыли
#чехол_для_автомобиля
#чехолнамашинуотсолнца
#тент_для_седана
#Защита_кузова_авто
#накидканаавто
#чехол_на_авто
#чехолотдождя
#автомобильныйчехол
#чехолдляседана","1. ТОЧНЫЙ ПОДБОР ПО МОДЕЛИ: чехол на автомобиль Toyota Corolla / Тойота Королла для универсал Touring. Код 2L относится к указанным вариантам кузова и годам: Corolla Touring Wagon 2018–2026, 2022–2026. Перед заказом сверьте модель, кузов и год выпуска с таблицей совместимости.
2. ДЛЯ ОСЕНИ И ЗИМЫ: вариант 2L для Toyota Corolla Touring помогает прикрыть кузов во время уличной парковки от дождя, снега, пыли и опавших листьев. Подходит для стоянки или двора; после осадков снимайте и просушивайте чехол.
3. ЧЕСТНЫЙ МАТЕРИАЛ: для комплектации 2L поставляется серый гладкий однослойный PEVA без хлопковой подкладки и без алюминиевой фольги. Это легкий защитный чехол на машину, а не утепленный многослойный тент; не заявляем теплоизоляцию, защиту от града или светоотражающие полосы.
4. БЕЗ КАРМАНОВ ДЛЯ ЗЕРКАЛ: на варианте 2L нет отдельных «ушек». Перед установкой на Toyota Corolla Touring сложите зеркала внутрь и накройте машину цельным полотном; небольшая естественная форма зеркал может оставаться под тканью. Ручки дверей и боковые стекла должны быть закрыты.
5. УСТАНОВКА И УХОД: для кузова универсал Touring надевайте чехол на чистый сухой автомобиль, начните с передней части и распределите ткань по крыше к корме. Снимайте осторожно после снега и дождя, не допускайте трения грязи о лакокрасочное покрытие; храните сухим.",,,,,普通PEVA款,新上架表已并入一店,按后台尺寸码及一店现有发货尺码映射
153,定制低价分尺码COROLLA,ToyotaCorolla,"TOZAROA чехол на автомобиль Toyota Corolla / Тойота Королла компактный хэтчбек / универсал, индивидуальный подбор 2XS, тент на машину для осени и зимы, защита от дождя, снега и пыли, для двора",,Toyota,Toyota-Corolla,Toyota,30*26*6,0.8kg,2XS,2XS,M,,ToyotaCorolla-2XS,单层PEVA（灰色无耳）,Toyota Corolla Hatchback / Wagon / Liftback / FX,两厢车,,"#авто_чехол
#защитный_чехол_тент
#ТентНаМашину
#защита_авто_от_пыли
#чехол_для_автомобиля
#чехолнамашинуотсолнца
#тент_для_седана
#Защита_кузова_авто
#накидканаавто
#чехол_на_авто
#чехолотдождя
#автомобильныйчехол
#чехолдляседана
#тентдляавто
#Водостойкий_авточехол
#Повседневная_защита_авто
#чехол_на_машину
#АвтоЧехол
#защищающая_от_дождя
#зимний_чехол
#тент_для_авто
#чехол_от_снега_и_дождя
#чехол_для_автомобиля_на_зиму
#тентчехолнаавтомобиль
#Защитаотснега
#всесезонныйтент
#защитаавто
#тентнамашину
#тентдляавтомобиля
#чехол_зимний_на_машину","1. ТОЧНЫЙ ПОДБОР ПО МОДЕЛИ: чехол на автомобиль Toyota Corolla / Тойота Королла для компактный хэтчбек / универсал. Код 2XS относится к указанным вариантам кузова и годам: Corolla Hatchback 5-door 1983–1988, 1987–1993, 1991–2002; Hatchback 3-door 1979–1987, 1987–1993, 1991–2002, 1997–2002; Wagon 5-door 1979–1987; Wagon 3-door 1966–1970, 1970–1974; Liftback 1972–1980; FX Hatchback 1983–1988. Перед заказом сверьте модель, кузов и год выпуска с таблицей совместимости.
2. ДЛЯ ОСЕНИ И ЗИМЫ: вариант 2XS для Toyota Corolla Hatchback / Wagon / Liftback / FX помогает прикрыть кузов во время уличной парковки от дождя, снега, пыли и опавших листьев. Подходит для стоянки или двора; после осадков снимайте и просушивайте чехол.
3. ЧЕСТНЫЙ МАТЕРИАЛ: для комплектации 2XS поставляется серый гладкий однослойный PEVA без хлопковой подкладки и без алюминиевой фольги. Это легкий защитный чехол на машину, а не утепленный многослойный тент; не заявляем теплоизоляцию, защиту от града или светоотражающие полосы.
4. БЕЗ КАРМАНОВ ДЛЯ ЗЕРКАЛ: на варианте 2XS нет отдельных «ушек». Перед установкой на Toyota Corolla Hatchback / Wagon / Liftback / FX сложите зеркала внутрь и накройте машину цельным полотном; небольшая естественная форма зеркал может оставаться под тканью. Ручки дверей и боковые стекла должны быть закрыты.
5. УСТАНОВКА И УХОД: для кузова компактный хэтчбек / универсал надевайте чехол на чистый сухой автомобиль, начните с передней части и распределите ткань по крыше к корме. Снимайте осторожно после снега и дождя, не допускайте трения грязи о лакокрасочное покрытие; храните сухим.",,,,,普通PEVA款,新上架表已并入一店,按后台尺寸码及一店现有发货尺码映射
154,定制低价分尺码COROLLA,ToyotaCorolla,"TOZAROA чехол на автомобиль Toyota Corolla / Тойота Королла купе, индивидуальный подбор 4M, тент на машину для осени и зимы, защита от дождя, снега и пыли, для уличной парковки, для парковки во дворе",,Toyota,Toyota-Corolla,Toyota,30*26*6,0.8kg,4M,4M,L,,ToyotaCorolla-4M,单层PEVA（灰色无耳）,Toyota Corolla Coupe,跑车,,"#АвтоЧехол
#защищающая_от_дождя
#зимний_чехол
#тент_для_авто
#чехол_от_снега_и_дождя
#чехол_для_автомобиля_на_зиму
#тентчехолнаавтомобиль
#Защитаотснега
#всесезонныйтент
#защитаавто
#тентнамашину
#тентдляавтомобиля
#чехол_зимний_на_машину
#чехол_автомобильный_от_снега
#чехол_на_авто_зимний
#чехол_автомобильный_на_кузов
#чехолдляавтозимний
#чехолнаавтомобиль
#чехлы_на_автомобиль
#авточехол
#чехол_для_авто
#чехолдляавтомобиля
#тентыдлямашин
#чехолдляавто
#автотент
#тент_для_автомобиля
#накидканаавтомобиль
#тенты_для_автомобилях
#тент_дляавтомобилях
#тент_на_автомобильх","1. ТОЧНЫЙ ПОДБОР ПО МОДЕЛИ: чехол на автомобиль Toyota Corolla / Тойота Королла для купе. Код 4M относится к указанным вариантам кузова и годам: Corolla Coupe 1987–1993. Перед заказом сверьте модель, кузов и год выпуска с таблицей совместимости.
2. ДЛЯ ОСЕНИ И ЗИМЫ: вариант 4M для Toyota Corolla Coupe помогает прикрыть кузов во время уличной парковки от дождя, снега, пыли и опавших листьев. Подходит для стоянки или двора; после осадков снимайте и просушивайте чехол.
3. ЧЕСТНЫЙ МАТЕРИАЛ: для комплектации 4M поставляется серый гладкий однослойный PEVA без хлопковой подкладки и без алюминиевой фольги. Это легкий защитный чехол на машину, а не утепленный многослойный тент; не заявляем теплоизоляцию, защиту от града или светоотражающие полосы.
4. БЕЗ КАРМАНОВ ДЛЯ ЗЕРКАЛ: на варианте 4M нет отдельных «ушек». Перед установкой на Toyota Corolla Coupe сложите зеркала внутрь и накройте машину цельным полотном; небольшая естественная форма зеркал может оставаться под тканью. Ручки дверей и боковые стекла должны быть закрыты.
5. УСТАНОВКА И УХОД: для кузова купе надевайте чехол на чистый сухой автомобиль, начните с передней части и распределите ткань по крыше к корме. Снимайте осторожно после снега и дождя, не допускайте трения грязи о лакокрасочное покрытие; храните сухим.",,,,,普通PEVA款,新上架表已并入一店,按后台尺寸码及一店现有发货尺码映射
155,定制低价分尺码COROLLA,ToyotaCorolla,"TOZAROA чехол на автомобиль Toyota Corolla / Тойота Королла классическое купе, индивидуальный подбор 4S, тент на машину для осени и зимы, защита от дождя, снега и пыли, для уличной парковки",,Toyota,Toyota-Corolla,Toyota,30*26*6,0.8kg,4S,4S,M,,ToyotaCorolla-4S,单层PEVA（灰色无耳）,Toyota Corolla Coupe,跑车,,"#чехолнаавтомобиль
#чехлы_на_автомобиль
#авточехол
#чехол_для_авто
#чехолдляавтомобиля
#тентыдлямашин
#чехолдляавто
#автотент
#тент_для_автомобиля
#накидканаавтомобиль
#тенты_для_автомобилях
#тент_дляавтомобилях
#тент_на_автомобильх
#тентдляавтомобилях
#всесезонныйчехол
#чехолнаавто
#чехол_для_автомобиля_уличный
#всесезонный_чехол_на_машину
#чехол_для_авто_кузова
#тентнаавто
#пылезащитаавто
#чехолнамашину
#всепогодныйчехол
#автопокрывало
#чехол_на_машину_всесезонный
#зимний_чехол_на_машину
#автомобильный_чехол_на_кузов
#тент_на_автомобиль
#чехол_на_автомобиль
#авточехолвсесезонный","1. ТОЧНЫЙ ПОДБОР ПО МОДЕЛИ: чехол на автомобиль Toyota Corolla / Тойота Королла для классическое купе. Код 4S относится к указанным вариантам кузова и годам: Corolla Coupe 1966–1970, 1970–1974, 1972–1980, 1983–1988. Перед заказом сверьте модель, кузов и год выпуска с таблицей совместимости.
2. ДЛЯ ОСЕНИ И ЗИМЫ: вариант 4S для Toyota Corolla Coupe помогает прикрыть кузов во время уличной парковки от дождя, снега, пыли и опавших листьев. Подходит для стоянки или двора; после осадков снимайте и просушивайте чехол.
3. ЧЕСТНЫЙ МАТЕРИАЛ: для комплектации 4S поставляется серый гладкий однослойный PEVA без хлопковой подкладки и без алюминиевой фольги. Это легкий защитный чехол на машину, а не утепленный многослойный тент; не заявляем теплоизоляцию, защиту от града или светоотражающие полосы.
4. БЕЗ КАРМАНОВ ДЛЯ ЗЕРКАЛ: на варианте 4S нет отдельных «ушек». Перед установкой на Toyota Corolla Coupe сложите зеркала внутрь и накройте машину цельным полотном; небольшая естественная форма зеркал может оставаться под тканью. Ручки дверей и боковые стекла должны быть закрыты.
5. УСТАНОВКА И УХОД: для кузова классическое купе надевайте чехол на чистый сухой автомобиль, начните с передней части и распределите ткань по крыше к корме. Снимайте осторожно после снега и дождя, не допускайте трения грязи о лакокрасочное покрытие; храните сухим.",,,,,普通PEVA款,新上架表已并入一店,按后台尺寸码及一店现有发货尺码映射
156,定制低价分尺码SOLARIS,HyundaiSolaris,"TOZAROA чехол на автомобиль Hyundai Solaris, Хендай Солярис седан 2010-2022, индивидуальный подбор, тент для осени и зимы от дождя, снега, пыли и листьев, для парковки во дворе и хранения на улице",,Hyundai,Hyundai-Solaris,Hyundai,30*26*6,0.8kg,3M,3M,L,,Hyundai_Solaris_3M,单层PEVA（灰色无耳）,Hyundai Solaris,三厢车,,#чехолдляhyundai #тент_для_седана #чехолдляседана #зимний_чехол_для_седана #защитаавто #тентнамашину #тентдляавтомобиля #чехол_зимний_на_машину #чехол_автомобильный_от_снега #чехол_на_авто_зимний #чехол_для_машины_на_кузов #чехол_для_машины_от_дождя #чехол_автомобильный_на_кузов #чехолдляавтозимний #чехолнаавтомобиль #чехол_на_автомобиль_тент #чехлы_на_автомобиль #чехолдлямашины #чехол_на_автомобиль_зимний #чехол_для_авто #чехолдляавтомобиля #чехолдлядворовойпарковки #тентыдлямашин #чехолдляавто #автотент #тент_для_автомобиля #накидканаавтомобиль #тентдлямашины #чехолнаавто #чехол_на_кузов_автомобиля,"1. Индивидуальный подбор для Hyundai Solaris Sedan 2010–2022 — Хендай Солярис седан. Код 3M объединяет указанные в таблице версии 2010–2014, 2014–2017, 2017–2020 и 2020–2022. Этот вариант предназначен для трёхобъёмного кузова, а не для хэтчбека. Перед заказом сверьте кузов и год автомобиля.

2. Тент для седана на осень и зиму. Чехол на автомобиль помогает укрыть кузов от дождя, выпадающего снега, пыли и опавших листьев во время парковки во дворе. Подходит для наружного укрытия машины в перерывах между поездками и при сезонном хранении.

3. Серый однослойный PEVA. Гладкое лёгкое полотно без хлопковой подкладки, утеплителя и светоотражающих полос. Это наружный чехол для машины на кузов, а не термочехол. Расправляйте материал свободно, не натягивая его за отдельный угол.

4. Без отдельных карманов для зеркал. Сложите штатные зеркала внутрь предусмотренным для автомобиля способом: они остаются под общим полотном. Разложите чехол на крыше, накройте переднюю и заднюю части, затем опустите бока. Устанавливайте на чистый сухой остывший автомобиль.

5. Уход после уличной парковки. Удалите листья и снег перед снятием, загрязнения протрите мягкой влажной тканью. Мокрый тент просушите перед складыванием и храните в сухом месте. Снимайте покрытие перед поездкой. Для Solaris Hatchback 5-door выбирайте отдельный вариант 2XS.",,,,,普通PEVA款,新上架表已并入一店,按后台尺寸码及一店现有发货尺码映射
157,定制低价分尺码SOLARIS,HyundaiSolaris,"TOZAROA чехол для автомобиля Hyundai Solaris, Хендай Солярис хэтчбек 2010-2017, индивидуальный подбор, тент от дождя, снега, пыли и листьев, для осенней и зимней стоянки во дворе и хранения машины",,Hyundai,Hyundai-Solaris,Hyundai,30*26*6,0.8kg,2XS,2XS,M,,Hyundai_Solaris_2XS,单层PEVA（灰色无耳）,Hyundai Solaris,两厢车,,#чехолдляhyundai #чехол_для_хетчбэка #тент_для_хетчбэка_зимний #тент_на_хэтчбек #тент_на_автомобиль #чехол_на_автомобиль #авто_чехол #защитный_чехол_тент #чехол_тент_для_автомобиля #защита_авто_от_пыли #чехол_для_автомобиля #Защита_кузова_авто #накидканаавто #чехол_на_авто #чехолотдождя #автомобильныйчехол #защитамашины #накидка_на_машину_зимняя #автозабота #тентдляавто #Повседневная_защита_авто #чехол_на_машину #чехолнамашинуотдождяиснега #зимний_чехол #тент_для_авто #чехол_от_снега_и_дождя #чехол_для_автомобиля_на_зиму #тентчехолнаавтомобиль #чехол_для_автомобиля_уличный #чехолавтомобильныйтент,"1. Подбор для Hyundai Solaris Hatchback 5-door 2010–2017 — Хендай Солярис хэтчбек. Код 2XS относится к пятидверному кузову с короткой задней частью: версии 2010–2014 и 2014–2017. Седан не входит в эту группу. Сопоставьте кузов и год с таблицей совместимости до оформления заказа.

2. Чехол для хэтчбека на открытой стоянке. Тент на машину помогает уменьшить попадание дождя, снега, пыли и осенних листьев непосредственно на кузов. Удобен для парковки возле дома осенью и зимой, когда автомобиль остаётся на улице между поездками.

3. Лёгкое серое покрытие из PEVA. Однослойный материал имеет гладкую поверхность и не содержит тёплой подкладки. В этой модели нет алюминиевого утепляющего слоя или отражающих полос. Аккуратно распределяйте полотно по крыше и короткой багажной части хэтчбека.

4. Зеркала закрываются общим полотном. Отдельные боковые ушки и зеркальные карманы отсутствуют. Сначала сложите зеркала, затем разложите покрытие на крыше и расправьте его спереди, сзади и по бокам без резких рывков. Кузов перед установкой должен быть чистым, сухим и остывшим.

5. Хранение и повторное использование. После осадков очистите поверхность мягкой влажной тканью, уберите листья и дайте чехлу высохнуть. Складывайте сухое полотно без сильного сжатия, снимайте перед движением. Для Hyundai Solaris Sedan предусмотрен другой код — 3M.",,,,,普通PEVA款,新上架表已并入一店,按后台尺寸码及一店现有发货尺码映射
158,定制低价分尺码FORD FOCUS,FordFocus,"Чехол на автомобиль Ford Focus / Форд Фокус седан 2011–2025, индивидуальный подбор для модели, тент на машину для осени и зимы, защита кузова от дождя, снега, пыли, солнца и листьев, серый, TOZAROA",,Ford,Ford-Focus,Ford,30*26*6,0.8kg,3L,3L,L,,FordFocus-3L,单层PEVA（灰色无耳）,Ford Focus Sedan / Форд Фокус седан，2011–2025,三厢车,,#ford_focus_чехол_для_авто #тент_на_FordFocus #тент_для_седана #чехолдляседана #тент_на_седан #тент_на_ФордФокус #защитаавто #тентнамашину #тентдляавтомобиля #чехол_зимний_на_машину #чехол_автомобильный_от_снега #чехол_на_авто_зимний #чехол_для_машины_на_кузов #чехол_для_машины_от_дождя #чехол_автомобильный_на_кузов #чехолдляавтозимний #чехолнаавтомобиль #чехол_на_автомобиль_тент #чехлы_на_автомобиль #чехолдлямашины #чехол_на_автомобиль_зимний #авточехол #чехол_для_авто #чехолдляавтомобиля #чехолдлядворовойпарковки #тентгараж #тентыдлямашин #автотент #всесезонныйчехол #тентдлямашины,"1. ИНДИВИДУАЛЬНЫЙ ПОДБОР ПО МОДЕЛИ. Код 3L: Ford Focus / Форд Фокус седан 2011–2025. Сверьте поколение, кузов Sedan и год выпуска.
2. ПРОВЕРКА ПЕРЕД ЗАКАЗОМ. Разные поколения Ford Focus имеют разные пропорции кузова; перед заказом проверьте кузов и год, а не только название модели. Код размера различает варианты карточки и не заменяет проверку совместимости.
3. СЕРЫЙ ОДНОСЛОЙНЫЙ PEVA. Лёгкий гладкий материал свободно лежит на кузове и образует естественные складки. Чехол без наружных карманов для зеркал: перед установкой сложите зеркала, затем закройте их сплошным полотном.
4. ДЛЯ ОСЕНИ, ЗИМЫ И УЛИЧНОЙ ПАРКОВКИ. Автомобильный чехол помогает закрыть кузов от дождя, обычного снега, пыли, солнца и листьев во дворе, на улице или открытой стоянке. Подходит для повседневного хранения автомобиля между поездками.
5. УСТАНОВКА И УХОД. Надевайте тент на чистый остывший автомобиль: найдите переднюю часть, расправьте по крыше и опустите края к низу кузова. После дождя или снега снимите, полностью просушите и только затем сложите для хранения.",,,,,普通PEVA款,新上架表已并入一店,按用户提供发货尺码表：显示尺码对应发货尺码L
159,定制低价分尺码FORD FOCUS,FordFocus,"Чехол для автомобиля Ford Focus / Форд Фокус седан 1998–2011, индивидуальный подбор по модели и году, автомобильный тент для осени и зимы, от дождя, снега, пыли, солнца и листьев, серый, TOZAROA",,Ford,Ford-Focus,Ford,30*26*6,0.8kg,3M,3M,L,,FordFocus-3M,单层PEVA（灰色无耳）,Ford Focus Sedan / Форд Фокус седан，1998–2011,三厢车,,#ford_focus_чехол_для_авто #тент_на_ФордФокус #чехол_для_седана #седан_чехол_для_авто #Чехол_для_седана #автотент #всесезонныйчехол #тентдлямашины #чехолнаавто #пылезащитаавто #защита_авто_от_пыли #чехолотдождя #Защитаотснега #чехолнамашину #всепогодныйчехол #автопокрывало #тент_для_авто #Защита_кузова_авто #чехол_на_кузов_автомобиля #чехол_для_автомобиля_уличный #всесезонный_чехол_на_машину #чехол_для_авто_кузова #автомобильный_чехол_на_кузов #тент_на_автомобиль #чехол_на_автомобиль #авточехолвсесезонный #чехол_на_автомобиль_от_солнца #защитный_чехол_тент #ТентНаМашину #чехол_тент_для_автомобиля,"1. ПОДБОР ДЛЯ СЕДАНА ПО ГОДУ. Код 3M: Ford Focus / Форд Фокус седан 1998–2011. Для более позднего седана предусмотрен другой код.
2. ПРОВЕРКА ПЕРЕД ЗАКАЗОМ. Разные поколения Ford Focus имеют разные пропорции кузова; перед заказом проверьте кузов и год, а не только название модели. Код размера различает варианты карточки и не заменяет проверку совместимости.
3. СЕРЫЙ ОДНОСЛОЙНЫЙ PEVA. Лёгкий гладкий материал свободно лежит на кузове и образует естественные складки. Чехол без наружных карманов для зеркал: перед установкой сложите зеркала, затем закройте их сплошным полотном.
4. ДЛЯ ОСЕНИ, ЗИМЫ И УЛИЧНОЙ ПАРКОВКИ. Автомобильный чехол помогает закрыть кузов от дождя, обычного снега, пыли, солнца и листьев во дворе, на улице или открытой стоянке. Подходит для повседневного хранения автомобиля между поездками.
5. УСТАНОВКА И УХОД. Надевайте тент на чистый остывший автомобиль: найдите переднюю часть, расправьте по крыше и опустите края к низу кузова. После дождя или снега снимите, полностью просушите и только затем сложите для хранения.",,,,,普通PEVA款,新上架表已并入一店,按用户提供发货尺码表：显示尺码对应发货尺码L
160,定制低价分尺码FORD FOCUS,FordFocus,"Чехол на машину Ford Focus / Форд Фокус хэтчбек 3 и 5 дверей, Focus ST, RS, Active 1998–2025, индивидуальный подбор, тент для осени и зимы от дождя, снега, пыли, солнца и листьев, серый, TOZAROA",,Ford,Ford-Focus,Ford,30*26*6,0.8kg,2M,2M,L,,FordFocus-2M,单层PEVA（灰色无耳）,Ford Focus Hatchback 3/5-door，Focus ST Hatchback，Focus RS Hatchback，Focus Active Hatchback；另含原尺码表指定的1998–2011部分Wagon,两厢车,,#ford_focus_чехол_для_авто #тент_на_FordFocus #тент_на_хэтчбек #Чехол_для_хэтчбека #хэтчбек_чехол_для_авто #чехол_тент_для_автомобиля #чехол_для_автомобиля #чехолнамашинуотсолнца #автомобильныйчехол #защитамашины #тентдляавто #чехол_на_машину #чехолнамашинуотдождяиснега #АвтоЧехол #защищающая_от_дождя #зимний_чехол #чехол_от_снега_и_дождя #чехол_для_автомобиля_на_зиму #тентчехолнаавтомобиль #Чехолавтомобильныйтент #Чехолнаавтомобиль #чехолавтомобильныйтент #тент_для_машины_универсальный #чехол_на_автомобиль_защитный #всесезонныйтент #чехол_автомобильный #авто_тент #тент_защита_авто_от_солнца #чехолдлякузова #Защита_от_пыли_и_грязи,"1. ВАРИАНТ ДЛЯ ХЭТЧБЕКА. Код 2M: Ford Focus / Форд Фокус хэтчбек 3/5 дверей, Focus ST, Focus RS и Focus Active 1998–2025; также отдельные универсалы 1998–2011 по таблице совместимости.
2. ПРОВЕРКА ПЕРЕД ЗАКАЗОМ. У хэтчбеков и универсалов встречаются близкие годы выпуска, поэтому проверьте тип кузова, версию и год по отдельной схеме совместимости. Код размера различает варианты карточки и не заменяет проверку совместимости.
3. СЕРЫЙ ОДНОСЛОЙНЫЙ PEVA. Лёгкий гладкий материал свободно лежит на кузове и образует естественные складки. Чехол без наружных карманов для зеркал: перед установкой сложите зеркала, затем закройте их сплошным полотном.
4. ДЛЯ ОСЕНИ, ЗИМЫ И УЛИЧНОЙ ПАРКОВКИ. Автомобильный чехол помогает закрыть кузов от дождя, обычного снега, пыли, солнца и листьев во дворе, на улице или открытой стоянке. Подходит для повседневного хранения автомобиля между поездками.
5. УСТАНОВКА И УХОД. Надевайте тент на чистый остывший автомобиль: найдите переднюю часть, расправьте по крыше и опустите края к низу кузова. После дождя или снега снимите, полностью просушите и только затем сложите для хранения.",,,,,普通PEVA款,新上架表已并入一店,按用户提供发货尺码表：显示尺码对应发货尺码L
161,定制低价分尺码FORD FOCUS,FordFocus,"Тент для автомобиля Ford Focus / Форд Фокус универсал, Focus Active, Focus ST 1999–2025, индивидуальный подбор, чехол на машину для осени и зимы от дождя, снега, пыли, солнца и листьев, TOZAROA",,Ford,Ford-Focus,Ford,30*26*6,0.8kg,2L,2L,L,,FordFocus-2L,单层PEVA（灰色无耳）,Ford Focus Wagon / Универсал，Focus Active Wagon，Focus ST Wagon；对应1999–2007及2011–2025相关版本,两厢车,,#ford_focus_чехол_для_авто #тент_на_ФордФокус #чехол_для_универсала #тентдляуниверсала #Чехолдляуниверсала #Защита_от_пыли_и_грязи #чехол_на_автомобиль_от_снега #чехолотснега #чехолнаавтомобильотсолнца #тент_на_авто #тент_чехол #всесезонный_чехол #тент_на_машину_универсальный #чехол_гараж_для_машины_зимний #тент_для_автомобиля_зимний #тент_для_машины #Чехолдляавтомобиля #чехол_автомобильный_тент #ЗащитаОтСнега #чехолотсолнца #защитадлямашины #чехол_для_автомобиля_от_снега #Защитаавтомобиляотпыли #тент_чехол_на_автомобиль #защита_автомобиля_от_солнца #АвтоТент #машинаподзащитой #Солнцезащитныйчехол #Защитаавтокузова #тент_автомобильный,"1. ВАРИАНТ ДЛЯ УНИВЕРСАЛА. Код 2L: Ford Focus / Форд Фокус универсал, Focus Active Wagon и Focus ST Wagon 1999–2025 по таблице совместимости.
2. ПРОВЕРКА ПЕРЕД ЗАКАЗОМ. У хэтчбеков и универсалов встречаются близкие годы выпуска, поэтому проверьте тип кузова, версию и год по отдельной схеме совместимости. Код размера различает варианты карточки и не заменяет проверку совместимости.
3. СЕРЫЙ ОДНОСЛОЙНЫЙ PEVA. Лёгкий гладкий материал свободно лежит на кузове и образует естественные складки. Чехол без наружных карманов для зеркал: перед установкой сложите зеркала, затем закройте их сплошным полотном.
4. ДЛЯ ОСЕНИ, ЗИМЫ И УЛИЧНОЙ ПАРКОВКИ. Автомобильный чехол помогает закрыть кузов от дождя, обычного снега, пыли, солнца и листьев во дворе, на улице или открытой стоянке. Подходит для повседневного хранения автомобиля между поездками.
5. УСТАНОВКА И УХОД. Надевайте тент на чистый остывший автомобиль: найдите переднюю часть, расправьте по крыше и опустите края к низу кузова. После дождя или снега снимите, полностью просушите и только затем сложите для хранения.",,,,,普通PEVA款,新上架表已并入一店,按用户提供发货尺码表：显示尺码对应发货尺码L
162,定制低价分尺码FORD FOCUS,FordFocus,"Чехол на автомобиль Ford Focus / Форд Фокус купе, купе-кабриолет 2007–2011, индивидуальный подбор, тент на машину с закрытой крышей для осени и зимы от дождя, снега, пыли и листьев, TOZAROA",,Ford,Ford-Focus,Ford,30*26*6,0.8kg,4M,4M,L,,FordFocus-4M,单层PEVA（灰色无耳）,Ford Focus Coupe 2007–2010；Ford Focus Coupe-Cabriolet 2007–2011（仅闭合车顶使用）,跑车,,#ford_focus_чехол_для_авто #тент_на_FordFocus #тент_автомобильный #чехол_тент_на_автомобиль #тентнаавтомобиль #ВсесезонныйТент #Защита_от_снега #тент_для_машины_от_солнца #ЧехолДляМашины #чехол_на_машину_от_дождя #тентавто #тент_на_кузов #тентавтомобильный #чехолнаавтомобильтент #защитный_тент_на_автомобиль #чехолдляавтоотсолнца #Защитаавтомобиляотдождя #тент_на_автомобиль_защитный #Защитаотдождяиснега #Уличнаяпарковка #чехолавтомобильноготента #автомобильный_тент #чехол_на_машину_от_снега #от_листьев #Чехол_на_автомобиль #чехолтентнаавтомобиль #чехол_на_кузов #чехол_для_машины_от_солнца #ЗащитныйТент #Тентавто,"1. ПОДБОР ДЛЯ КУПЕ. Код 4M: Ford Focus / Форд Фокус купе 2007–2010 и купе-кабриолет 2007–2011. Кабриолет накрывают только при полностью закрытой крыше.
2. ПРОВЕРКА ПЕРЕД ЗАКАЗОМ. Разные поколения Ford Focus имеют разные пропорции кузова; перед заказом проверьте кузов и год, а не только название модели. Код размера различает варианты карточки и не заменяет проверку совместимости.
3. СЕРЫЙ ОДНОСЛОЙНЫЙ PEVA. Лёгкий гладкий материал свободно лежит на кузове и образует естественные складки. Чехол без наружных карманов для зеркал: перед установкой сложите зеркала, затем закройте их сплошным полотном.
4. ДЛЯ ОСЕНИ, ЗИМЫ И УЛИЧНОЙ ПАРКОВКИ. Автомобильный чехол помогает закрыть кузов от дождя, обычного снега, пыли, солнца и листьев во дворе, на улице или открытой стоянке. Подходит для повседневного хранения автомобиля между поездками.
5. УСТАНОВКА И УХОД. Надевайте тент на чистый остывший автомобиль: найдите переднюю часть, расправьте по крыше и опустите края к низу кузова. После дождя или снега снимите, полностью просушите и только затем сложите для хранения.",,,,,普通PEVA款,新上架表已并入一店,按用户提供发货尺码表：显示尺码对应发货尺码L
163,定制低价分尺码TOYOTA RAV4,ToyotaRAV4,"Чехол на автомобиль Tozaroa для Toyota RAV4 SUV 5 дверей и Long 2005–2026, серый всесезонный тент на машину для парковки от дождя, снега, солнца, пыли и листьев, без карманов для зеркал",,Toyota,Toyota-RAV4,Toyota,30*26*6,0.8kg,M,M,M,,ToyotaRAV4-M,单层PEVA（灰色无耳）,"2025–2026 · SUV 5 дверей; 2018–2026 · SUV 5 дверей; 2015–2019 · SUV 5 дверей; 2010–2016 · Long, 5 дверей; 2005–2010 · Long, 5 дверей",越野车,,#защитаавто #тентнамашину #тентдляавтомобиля #чехолнаавтомобиль #авточехол #чехолдлямашины #чехол_для_авто #автотент #тент_для_автомобиля #чехолнаавто #тентдлямашины #пылезащитаавто #чехолнамашину #всепогодныйчехол #автопокрывало #тентнаавто #чехол_на_машину_кроссовер #защитный_чехол_тент,"1. СОВМЕСТИМОСТЬ. Чехол подготовлен для Toyota RAV4 размера M; перед заказом обязательно сопоставьте год выпуска, тип кузова и версию автомобиля со списком на отдельном изображении совместимости. 2. МАТЕРИАЛ. Лёгкое однослойное полотно PEVA серого цвета имеет гладкую поверхность, мягкий матово-сатиновый блеск, естественно драпируется и не имитирует утеплённый или стёганый чехол. 3. КОНСТРУКЦИЯ БЕЗ КАРМАНОВ. Перед установкой сложите штатные зеркала; затем цельное полотно закрывает зеркала, кузов, стёкла, фары, дверные ручки и верхнюю часть колёс. Отдельных ушек и светоотражающих полос нет. 4. ДЛЯ ЕЖЕДНЕВНОЙ ПАРКОВКИ. Чехол помогает закрыть автомобиль от обычного дождя и снега, дорожной пыли, солнечного света и опавших листьев. Не заявляются утепление, защита от града или экстремального ветра. 5. УСТАНОВКА И УХОД. Используйте на чистом остывшем автомобиле: сложите зеркала, расправьте полотно по крыше и опустите края. После использования протрите загрязнения, полностью просушите и аккуратно сложите чехол.",301,,301,888,普通PEVA款,新上架表已并入一店,用户提供尺码：M、S；无可用尺码统一归YS
164,定制低价分尺码TOYOTA RAV4,ToyotaRAV4,"Чехол на автомобиль Tozaroa для Toyota RAV4 SUV 5 дверей 1994–2016, серый всесезонный тент на машину для уличной парковки от дождя, снега, солнца, пыли и листьев, без карманов для зеркал",,Toyota,Toyota-RAV4,Toyota,30*26*6,0.8kg,S,S,S,,ToyotaRAV4-S,单层PEVA（灰色无耳）,2012–2015 · SUV 5 дверей; 2010–2016 · SUV 5 дверей; 2005–2010 · SUV 5 дверей; 2003–2006 · SUV 5 дверей; 2000–2003 · SUV 5 дверей; 1994–2000 · SUV 5 дверей,越野车,,#защитаавто #тентнамашину #тентдляавтомобиля #чехолнаавтомобиль #авточехол #чехолдлямашины #чехол_для_авто #автотент #тент_для_автомобиля #чехолнаавто #тентдлямашины #пылезащитаавто #чехолнамашину #всепогодныйчехол #автопокрывало #тентнаавто #чехол_на_машину_кроссовер #защитный_чехол_тент,"1. СОВМЕСТИМОСТЬ. Чехол подготовлен для Toyota RAV4 размера S; перед заказом обязательно сопоставьте год выпуска, тип кузова и версию автомобиля со списком на отдельном изображении совместимости. 2. МАТЕРИАЛ. Лёгкое однослойное полотно PEVA серого цвета имеет гладкую поверхность, мягкий матово-сатиновый блеск, естественно драпируется и не имитирует утеплённый или стёганый чехол. 3. КОНСТРУКЦИЯ БЕЗ КАРМАНОВ. Перед установкой сложите штатные зеркала; затем цельное полотно закрывает зеркала, кузов, стёкла, фары, дверные ручки и верхнюю часть колёс. Отдельных ушек и светоотражающих полос нет. 4. ДЛЯ ЕЖЕДНЕВНОЙ ПАРКОВКИ. Чехол помогает закрыть автомобиль от обычного дождя и снега, дорожной пыли, солнечного света и опавших листьев. Не заявляются утепление, защита от града или экстремального ветра. 5. УСТАНОВКА И УХОД. Используйте на чистом остывшем автомобиле: сложите зеркала, расправьте полотно по крыше и опустите края. После использования протрите загрязнения, полностью просушите и аккуратно сложите чехол.",301,,301,888,普通PEVA款,新上架表已并入一店,用户提供尺码：M、S；无可用尺码统一归YS
165,定制低价分尺码TOYOTA RAV4,ToyotaRAV4,"Чехол на автомобиль Tozaroa для Toyota RAV4 SUV 3 двери и короткой базы 1994–2006, серый всесезонный тент на машину от дождя, снега, солнца, пыли и листьев, без карманов для зеркал",,Toyota,Toyota-RAV4,Toyota,30*26*6,0.8kg,YS,YS,YS,,ToyotaRAV4-YS,单层PEVA（灰色无耳）,"2003–2006 · SUV 3 двери; 2000–2003 · SUV 3 двери; 1994–2000 · SUV 3 двери; 1994–2000 · SUV, короткая база",越野车,,#защитаавто #тентнамашину #тентдляавтомобиля #чехолнаавтомобиль #авточехол #чехолдлямашины #чехол_для_авто #автотент #тент_для_автомобиля #чехолнаавто #тентдлямашины #пылезащитаавто #чехолнамашину #всепогодныйчехол #автопокрывало #тентнаавто #чехол_на_машину_кроссовер #защитный_чехол_тент,"1. СОВМЕСТИМОСТЬ. Чехол подготовлен для Toyota RAV4 размера YS; перед заказом обязательно сопоставьте год выпуска, тип кузова и версию автомобиля со списком на отдельном изображении совместимости. 2. МАТЕРИАЛ. Лёгкое однослойное полотно PEVA серого цвета имеет гладкую поверхность, мягкий матово-сатиновый блеск, естественно драпируется и не имитирует утеплённый или стёганый чехол. 3. КОНСТРУКЦИЯ БЕЗ КАРМАНОВ. Перед установкой сложите штатные зеркала; затем цельное полотно закрывает зеркала, кузов, стёкла, фары, дверные ручки и верхнюю часть колёс. Отдельных ушек и светоотражающих полос нет. 4. ДЛЯ ЕЖЕДНЕВНОЙ ПАРКОВКИ. Чехол помогает закрыть автомобиль от обычного дождя и снега, дорожной пыли, солнечного света и опавших листьев. Не заявляются утепление, защита от града или экстремального ветра. 5. УСТАНОВКА И УХОД. Используйте на чистом остывшем автомобиле: сложите зеркала, расправьте полотно по крыше и опустите края. После использования протрите загрязнения, полностью просушите и аккуратно сложите чехол.",301,,301,888,普通PEVA款,新上架表已并入一店,用户提供尺码：M、S；无可用尺码统一归YS
